Num_Acc,an,mois,jour,lum,agg,int,atm,col,senc,catv,occutc,obs,obsm,manv,catu,secu,catr,circ,nbv,prof,lartpc,larrout,surf,infra,situ,nb_veh,grav_simpl,Homme,Femme,Arrière,Autre_x,Avant,Conducteur,Autre_y,Inconnu,Loisirs,Professionnel,Travail,Adulte,Enfant,Jeune,Senior,choc_avant,choc_arriere,choc_lateral,choc_multiple,grav_order_max,heure,minute
201000026619,10,1,25,1,2,1,1.0,2.0,0.0,7.0,0.0,0.0,9.0,2.0,1,1,4.0,0.0,1.0,0.0,0.0,70.0,-1,0.0,1.0,2,1,2,2,0,0,0,4,0,4,0,0,0,0,2,0,2,1,0,0,0,2,8,0
201700018863,17,3,3,1,1,1,1.0,6.0,2.0,7.0,0.0,13.0,0.0,13.0,1,1,3.0,2.0,2.0,1.0,0.0,50.0,1,0.0,3.0,1,3,0,1,0,0,0,1,0,0,0,1,0,1,0,0,0,1,0,0,0,3,16,50
200500029501,5,5,3,1,2,2,1.0,3.0,0.0,7.0,0.0,0.0,2.0,1.0,1,1,4.0,1.0,3.0,1.0,0.0,100.0,1,0.0,1.0,2,2,2,2,0,0,0,4,0,4,0,0,0,2,0,0,2,1,0,1,0,2,20,25
200800071877,8,12,11,5,1,2,1.0,2.0,0.0,7.0,0.0,0.0,2.0,0.0,1,-1,4.0,1.0,1.0,1.0,0.0,0.0,1,0.0,1.0,2,1,4,0,0,0,0,4,2,0,0,0,2,2,0,0,2,1,1,0,0,3,7,45
201100027300,11,2,27,1,2,3,1.0,2.0,0.0,7.0,0.0,0.0,0.0,15.0,1,-1,4.0,2.0,4.0,1.0,0.0,130.0,1,0.0,1.0,2,2,4,2,2,0,0,4,0,0,6,0,0,4,2,0,0,1,1,0,0,2,16,25
200900069375,9,9,21,1,2,2,1.0,3.0,0.0,34.0,0.0,0.0,0.0,0.0,1,2,3.0,2.0,2.0,1.0,0.0,0.0,1,0.0,1.0,2,2,4,0,0,0,0,4,0,0,0,2,2,2,0,2,0,1,0,0,0,2,7,35
201700037013,17,7,18,1,2,2,1.0,3.0,0.0,7.0,0.0,0.0,2.0,19.0,1,1,4.0,3.0,2.0,1.0,0.0,0.0,1,0.0,1.0,2,2,2,2,0,0,0,4,0,4,0,0,0,2,0,2,0,1,0,1,0,2,14,20
201100041155,11,7,20,1,2,1,1.0,6.0,0.0,30.0,0.0,1.0,0.0,13.0,1,2,4.0,3.0,3.0,1.0,0.0,90.0,-1,0.0,1.0,1,3,1,0,0,0,0,1,0,0,0,0,1,0,0,1,0,1,0,0,0,3,7,10
201000062829,10,6,9,1,2,1,2.0,1.0,0.0,10.0,0.0,0.0,2.0,1.0,1,-1,4.0,2.0,2.0,2.0,12.0,100.0,1,0.0,1.0,2,1,2,2,0,0,0,4,0,0,2,0,2,0,0,4,0,1,0,1,0,2,10,0
200800063703,8,11,8,5,1,1,1.0,3.0,0.0,7.0,0.0,0.0,2.0,15.0,1,1,3.0,2.0,0.0,0.0,0.0,103.0,1,5.0,1.0,2,3,2,6,2,0,2,4,0,4,4,0,0,0,2,2,4,1,0,0,0,3,17,45
201600042302,16,6,15,1,2,1,1.0,1.0,0.0,7.0,0.0,0.0,2.0,1.0,1,1,4.0,2.0,2.0,1.0,0.0,0.0,1,0.0,1.0,2,1,0,4,0,0,0,4,0,4,0,0,0,0,0,2,2,1,0,0,0,2,12,40
201300035346,13,4,5,1,2,1,1.0,6.0,0.0,7.0,0.0,0.0,1.0,1.0,1,-1,4.0,2.0,2.0,1.0,0.0,80.0,1,0.0,1.0,1,1,2,0,0,1,0,1,1,0,0,0,1,1,1,0,0,0,0,1,0,2,13,0
201300051756,13,5,2,1,2,2,1.0,3.0,0.0,7.0,0.0,0.0,2.0,15.0,1,1,4.0,1.0,2.0,1.0,0.0,0.0,1,0.0,1.0,2,1,2,2,0,0,0,4,2,0,0,2,0,0,0,4,0,1,0,0,0,2,10,35
200700028234,7,5,26,1,2,1,1.0,1.0,0.0,10.0,0.0,0.0,2.0,15.0,1,1,4.0,2.0,2.0,1.0,0.0,105.0,1,0.0,1.0,2,2,4,0,0,0,0,4,0,0,4,0,0,2,0,0,2,1,0,0,0,2,11,30
200600066793,6,11,12,5,2,1,5.0,6.0,0.0,33.0,0.0,8.0,0.0,1.0,1,2,4.0,2.0,1.0,1.0,0.0,142.0,1,0.0,1.0,1,4,2,0,0,0,1,1,0,1,1,0,0,0,2,0,0,0,0,1,0,4,5,10
200900004851,9,2,11,1,2,1,1.0,3.0,0.0,10.0,0.0,0.0,2.0,15.0,1,1,4.0,2.0,3.0,1.0,0.0,0.0,1,0.0,1.0,2,1,4,0,0,0,0,4,2,0,0,2,0,4,0,0,0,1,0,0,0,2,18,5
200600025959,6,5,2,1,2,3,1.0,3.0,0.0,2.0,0.0,0.0,2.0,1.0,1,2,4.0,2.0,0.0,1.0,0.0,35.0,1,0.0,1.0,2,2,2,2,0,0,0,4,0,0,4,0,0,2,2,0,0,1,0,0,0,2,7,50
200800025373,8,5,29,1,2,3,1.0,3.0,0.0,7.0,0.0,0.0,2.0,15.0,1,1,4.0,1.0,10.0,1.0,0.0,0.0,1,0.0,0.0,2,1,4,0,0,0,0,4,0,0,4,0,0,0,0,0,4,1,0,0,1,2,15,10
200600012978,6,3,15,1,2,1,1.0,2.0,0.0,7.0,0.0,0.0,2.0,1.0,1,1,4.0,2.0,2.0,1.0,0.0,44.0,1,0.0,1.0,2,1,4,2,0,0,2,4,0,2,2,2,0,2,0,4,0,1,1,0,0,3,19,0
201200002935,12,4,29,1,1,1,1.0,7.0,0.0,1.0,0.0,12.0,0.0,1.0,1,2,3.0,2.0,0.0,0.0,0.0,0.0,1,0.0,1.0,1,4,1,0,0,0,0,1,0,0,1,0,0,0,0,0,1,1,0,0,0,4,11,15
200900009510,9,3,12,1,2,1,1.0,3.0,0.0,33.0,0.0,0.0,2.0,1.0,1,2,3.0,2.0,0.0,1.0,0.0,61.0,1,0.0,1.0,2,3,4,0,0,0,0,4,0,0,2,0,2,4,0,0,0,1,0,1,0,3,8,45
200500058831,5,9,12,1,2,1,1.0,5.0,0.0,7.0,0.0,0.0,2.0,1.0,1,1,4.0,2.0,0.0,0.0,0.0,0.0,-1,0.0,1.0,3,2,9,3,0,0,3,9,0,3,3,0,6,3,0,9,0,1,1,0,1,2,16,35
201500035175,15,4,15,1,2,1,8.0,6.0,0.0,7.0,0.0,0.0,1.0,1.0,1,1,3.0,3.0,2.0,2.0,0.0,30.0,1,0.0,1.0,1,1,1,1,0,1,0,1,0,1,0,0,1,1,0,0,1,1,0,0,0,3,7,50
201700004772,17,2,23,1,2,4,1.0,2.0,1.0,7.0,0.0,0.0,2.0,15.0,1,1,3.0,2.0,2.0,2.0,0.0,73.0,1,0.0,1.0,2,2,2,2,0,0,0,4,0,0,4,0,0,0,0,2,2,1,1,0,0,2,16,5
200500017128,5,3,25,1,2,1,1.0,3.0,0.0,7.0,0.0,0.0,2.0,15.0,1,1,4.0,2.0,2.0,1.0,0.0,60.0,1,0.0,1.0,2,1,4,0,0,0,0,4,0,0,0,0,4,0,0,4,0,1,0,0,0,3,6,50
201700021096,17,2,2,5,2,3,2.0,3.0,1.0,7.0,0.0,0.0,2.0,10.0,1,1,4.0,1.0,2.0,1.0,0.0,61.0,1,0.0,5.0,2,1,4,0,0,0,0,4,0,0,2,0,2,2,0,0,2,0,0,1,0,2,7,55
201200036515,12,6,15,1,2,2,1.0,3.0,0.0,32.0,0.0,0.0,2.0,2.0,1,2,4.0,3.0,3.0,1.0,0.0,0.0,1,0.0,1.0,2,2,0,4,0,0,0,4,0,2,0,0,2,4,0,0,0,1,0,1,0,2,10,15
201400002072,14,3,23,1,1,1,4.0,1.0,0.0,7.0,0.0,0.0,2.0,11.0,1,1,2.0,2.0,2.0,1.0,0.0,74.0,1,0.0,1.0,2,3,6,4,4,0,2,4,2,6,0,0,2,4,0,6,0,1,0,0,0,3,13,45
200600071329,6,11,8,3,1,1,2.0,6.0,0.0,7.0,0.0,2.0,0.0,0.0,1,1,3.0,2.0,0.0,2.0,0.0,80.0,1,0.0,3.0,1,3,1,0,0,0,0,1,0,0,1,0,0,1,0,0,0,0,0,0,1,3,19,45
201100055758,11,11,18,1,1,1,1.0,2.0,0.0,7.0,0.0,0.0,2.0,0.0,1,-1,1.0,3.0,4.0,1.0,20.0,70.0,1,0.0,1.0,2,1,2,2,0,0,0,4,0,4,0,0,0,0,0,4,0,0,0,0,0,2,19,45
200500021472,5,4,14,1,2,3,2.0,1.0,0.0,7.0,0.0,0.0,2.0,15.0,1,1,4.0,2.0,2.0,1.0,0.0,70.0,1,0.0,1.0,2,1,4,0,0,0,0,4,0,0,4,0,0,2,0,2,0,1,0,0,0,3,16,40
200900054410,9,11,17,1,2,3,1.0,3.0,0.0,1.0,0.0,0.0,2.0,5.0,1,-1,4.0,1.0,1.0,1.0,0.0,0.0,1,0.0,1.0,2,2,0,4,0,0,0,4,0,0,0,0,4,2,0,2,0,1,0,0,0,2,8,55
200500005568,5,1,4,5,2,3,9.0,3.0,0.0,7.0,0.0,0.0,2.0,15.0,1,1,4.0,2.0,2.0,1.0,0.0,69.0,-1,0.0,1.0,2,1,2,2,0,0,0,4,0,0,2,0,2,0,2,2,0,0,0,1,0,3,19,40
201200043044,12,6,8,1,2,3,8.0,3.0,0.0,31.0,0.0,0.0,2.0,15.0,1,2,4.0,2.0,2.0,0.0,0.0,81.0,-1,0.0,1.0,2,2,0,4,0,0,0,4,0,0,0,4,0,4,0,0,0,1,1,0,0,2,8,50
201000032508,10,12,15,1,2,1,1.0,6.0,0.0,7.0,0.0,0.0,1.0,1.0,1,1,4.0,2.0,2.0,1.0,0.0,0.0,1,0.0,1.0,1,1,1,1,0,1,0,1,2,0,0,0,0,1,1,0,0,1,0,0,0,2,8,5
200900042687,9,5,1,1,1,1,1.0,6.0,0.0,7.0,0.0,16.0,0.0,1.0,1,1,3.0,2.0,0.0,1.0,0.0,79.0,1,0.0,3.0,1,4,1,0,0,0,0,1,0,0,1,0,0,0,0,1,0,1,0,0,0,4,20,30
201000038289,10,11,2,1,2,2,9.0,3.0,0.0,7.0,0.0,0.0,2.0,1.0,1,1,4.0,2.0,2.0,1.0,0.0,60.0,-1,5.0,1.0,2,2,0,4,0,0,0,4,0,0,2,2,0,0,0,2,2,1,0,0,0,2,12,30
200500052404,5,8,2,1,2,3,1.0,3.0,0.0,4.0,0.0,0.0,2.0,7.0,1,2,4.0,2.0,3.0,1.0,0.0,90.0,1,0.0,1.0,2,2,2,2,0,0,0,4,0,0,0,4,0,4,0,0,0,1,0,0,0,2,10,35
201700037326,17,5,9,5,2,1,1.0,7.0,2.0,33.0,0.0,14.0,0.0,1.0,1,2,3.0,2.0,2.0,1.0,0.0,80.0,1,0.0,1.0,1,3,1,0,0,0,0,1,0,1,0,0,0,1,0,0,0,1,0,0,0,3,21,20
201300044084,13,1,8,1,2,1,1.0,3.0,0.0,33.0,0.0,0.0,2.0,3.0,1,2,2.0,2.0,0.0,2.0,0.0,0.0,1,0.0,1.0,2,3,2,2,0,0,0,4,0,0,0,0,4,2,0,2,0,1,0,0,0,3,8,30
201200025784,12,8,6,3,2,1,1.0,6.0,0.0,7.0,0.0,0.0,2.0,2.0,1,0,4.0,2.0,1.0,0.0,0.0,0.0,-1,0.0,1.0,3,2,9,0,0,0,3,6,0,0,9,0,0,3,0,6,0,1,1,0,0,2,22,10
201200038367,12,9,22,1,2,1,1.0,2.0,0.0,7.0,0.0,0.0,2.0,23.0,1,1,3.0,3.0,2.0,1.0,25.0,105.0,1,0.0,1.0,2,2,2,4,0,0,2,4,2,2,0,0,2,4,2,0,0,1,1,0,0,2,12,40
200700035953,7,6,12,2,2,2,1.0,3.0,0.0,7.0,0.0,0.0,2.0,1.0,1,1,4.0,2.0,2.0,3.0,0.0,0.0,1,2.0,1.0,2,2,4,0,0,0,0,4,0,0,2,0,2,4,0,0,0,1,0,0,0,2,5,0
201000053613,10,6,9,1,2,1,2.0,6.0,0.0,32.0,0.0,0.0,1.0,1.0,1,2,2.0,2.0,2.0,1.0,0.0,0.0,1,0.0,1.0,1,2,1,1,0,1,0,1,0,0,1,0,1,0,1,0,1,1,0,0,0,2,19,0
201600013739,16,11,7,1,2,1,1.0,2.0,2.0,33.0,0.0,0.0,2.0,1.0,1,2,3.0,3.0,2.0,0.0,0.0,113.0,1,0.0,1.0,2,2,2,2,0,0,0,4,0,4,0,0,0,2,0,2,0,0,1,0,0,2,8,55
201300010920,13,4,16,1,2,1,1.0,3.0,0.0,7.0,0.0,0.0,2.0,15.0,1,1,4.0,2.0,1.0,1.0,0.0,0.0,1,0.0,1.0,2,1,4,2,0,0,2,4,0,4,2,0,0,0,0,6,0,1,0,0,0,2,18,30
201300046233,13,7,7,1,1,1,1.0,2.0,0.0,7.0,0.0,0.0,2.0,2.0,1,1,1.0,3.0,3.0,1.0,15.0,140.0,1,0.0,1.0,2,2,2,2,0,0,0,4,0,4,0,0,0,2,0,2,0,1,1,0,0,2,18,0
200500029453,5,5,27,2,2,1,1.0,6.0,0.0,7.0,0.0,1.0,0.0,1.0,1,1,4.0,2.0,2.0,2.0,0.0,0.0,1,0.0,1.0,1,2,1,0,0,0,0,1,0,0,1,0,0,0,0,0,1,1,0,0,0,2,19,20
201700048244,17,12,17,1,1,1,5.0,6.0,2.0,7.0,0.0,4.0,0.0,14.0,1,1,1.0,1.0,2.0,2.0,0.0,-1.0,1,3.0,1.0,1,2,0,1,0,0,0,1,0,0,1,0,0,0,0,0,1,1,0,0,0,2,9,45
200800037631,8,7,15,1,1,1,1.0,7.0,0.0,34.0,0.0,0.0,0.0,14.0,1,2,3.0,2.0,2.0,1.0,0.0,60.0,1,0.0,3.0,1,3,1,0,0,0,0,1,0,0,0,0,1,1,0,0,0,0,0,1,0,3,14,0
201600055535,16,7,11,1,2,2,1.0,3.0,2.0,7.0,0.0,0.0,2.0,1.0,1,1,4.0,2.0,2.0,2.0,0.0,0.0,1,0.0,1.0,2,2,2,2,0,0,0,4,2,2,0,0,0,2,0,0,2,1,0,1,0,2,8,45
200900047683,9,3,5,1,1,1,1.0,6.0,0.0,7.0,0.0,3.0,0.0,12.0,1,1,2.0,3.0,2.0,1.0,0.0,60.0,1,0.0,0.0,1,2,0,1,0,0,0,1,0,0,1,0,0,1,0,0,0,0,0,0,1,2,12,20
200600024924,6,5,2,1,1,1,1.0,7.0,0.0,7.0,0.0,13.0,0.0,1.0,1,1,4.0,2.0,2.0,1.0,0.0,0.0,1,0.0,3.0,1,3,0,1,0,0,0,1,0,0,1,0,0,0,0,0,1,1,0,0,0,3,10,30
201400044920,14,1,22,2,2,2,2.0,3.0,0.0,33.0,0.0,0.0,2.0,1.0,1,2,3.0,2.0,2.0,1.0,0.0,97.0,1,0.0,1.0,2,2,2,2,0,0,0,4,0,0,0,0,4,4,0,0,0,0,0,1,0,2,18,30
200600013716,6,3,20,1,2,4,2.0,3.0,0.0,7.0,0.0,0.0,2.0,10.0,1,1,4.0,2.0,2.0,1.0,0.0,60.0,1,0.0,1.0,2,1,4,2,0,0,2,4,0,2,4,0,0,2,0,4,0,1,0,1,0,2,11,50
201600025714,16,3,4,1,2,6,2.0,7.0,0.0,2.0,0.0,0.0,0.0,15.0,1,2,4.0,2.0,4.0,1.0,0.0,0.0,1,0.0,1.0,1,2,0,1,0,0,0,1,1,0,0,0,0,1,0,0,0,0,1,0,0,2,12,10
201400038647,14,4,9,1,2,1,1.0,3.0,0.0,10.0,0.0,0.0,2.0,11.0,1,1,4.0,2.0,2.0,1.0,0.0,0.0,1,0.0,1.0,2,1,4,0,0,0,0,4,0,2,0,2,0,2,0,2,0,0,0,1,0,2,12,40
200600021719,6,4,9,1,2,1,1.0,4.0,0.0,7.0,0.0,0.0,2.0,2.0,1,1,4.0,3.0,3.0,1.0,15.0,90.0,1,0.0,1.0,4,1,16,4,0,0,4,16,0,4,16,0,0,8,0,12,0,1,1,0,0,2,15,20
201500040357,15,12,9,5,2,1,1.0,7.0,0.0,7.0,0.0,0.0,0.0,2.0,1,-1,3.0,1.0,2.0,1.0,0.0,0.0,1,5.0,1.0,1,3,1,0,0,0,0,1,0,1,0,0,0,0,0,1,0,1,0,0,0,3,5,10
200800038717,8,7,15,1,2,2,1.0,3.0,0.0,7.0,0.0,0.0,2.0,1.0,1,1,9.0,0.0,2.0,0.0,0.0,0.0,-1,0.0,1.0,2,2,4,4,0,0,4,4,0,4,4,0,0,4,0,4,0,1,0,0,0,2,19,50
201100015894,11,5,18,1,2,1,1.0,6.0,0.0,7.0,0.0,0.0,1.0,1.0,1,1,3.0,1.0,2.0,1.0,0.0,0.0,1,0.0,1.0,1,1,2,0,0,1,0,1,0,0,1,0,1,1,0,1,0,0,0,1,0,3,20,10
200800060775,8,10,20,5,2,1,1.0,3.0,0.0,7.0,0.0,0.0,2.0,15.0,1,1,3.0,2.0,2.0,1.0,0.0,170.0,1,0.0,1.0,2,1,4,0,0,0,0,4,0,2,2,0,0,4,0,0,0,1,1,0,0,2,22,30
201200028117,12,12,15,3,1,1,2.0,2.0,0.0,7.0,0.0,0.0,2.0,2.0,1,1,4.0,2.0,2.0,1.0,0.0,0.0,1,0.0,1.0,2,1,0,4,0,0,0,4,4,0,0,0,0,4,0,0,0,1,1,0,0,2,17,50
201600000531,16,6,30,1,1,1,1.0,1.0,1.0,7.0,0.0,0.0,2.0,0.0,1,-1,3.0,2.0,2.0,0.0,0.0,43.0,1,0.0,0.0,2,2,4,0,0,0,0,4,0,4,0,0,0,0,0,4,0,1,0,0,0,2,16,0
200800050493,8,9,13,1,2,1,1.0,2.0,0.0,2.0,0.0,0.0,2.0,2.0,1,2,4.0,2.0,2.0,0.0,0.0,0.0,1,0.0,1.0,2,2,2,4,0,0,2,4,0,6,0,0,0,0,2,4,0,0,1,0,0,2,17,0
201600025751,16,4,14,1,2,1,2.0,7.0,0.0,31.0,0.0,0.0,0.0,1.0,1,2,4.0,2.0,2.0,1.0,0.0,0.0,1,0.0,1.0,1,3,1,0,0,0,0,1,0,0,0,0,1,0,0,1,0,0,0,1,0,3,13,45
200500013237,5,3,23,1,2,1,1.0,1.0,0.0,7.0,0.0,0.0,0.0,13.0,1,1,3.0,2.0,0.0,1.0,61.0,0.0,1,0.0,1.0,2,1,2,2,0,0,0,4,2,0,0,0,2,0,0,4,0,1,0,0,0,2,17,30
200700072197,7,11,14,2,2,2,1.0,3.0,0.0,31.0,0.0,0.0,2.0,7.0,1,2,4.0,1.0,1.0,1.0,0.0,50.0,1,0.0,1.0,2,2,4,0,0,0,0,4,0,0,0,2,2,4,0,0,0,1,1,0,0,2,16,57
200500048459,5,8,2,1,1,1,1.0,3.0,0.0,7.0,0.0,0.0,2.0,1.0,1,1,4.0,2.0,2.0,2.0,0.0,50.0,1,0.0,1.0,2,2,4,0,0,0,0,4,0,0,2,0,2,2,0,2,0,1,0,0,0,2,16,45
201300024737,13,6,7,1,2,6,1.0,3.0,0.0,7.0,0.0,0.0,2.0,14.0,1,1,4.0,1.0,2.0,1.0,0.0,60.0,1,3.0,1.0,2,1,2,2,0,0,0,4,0,0,0,0,4,2,0,2,0,1,1,0,0,2,15,40
201600001301,16,7,28,1,1,1,1.0,6.0,2.0,30.0,0.0,13.0,0.0,1.0,1,2,3.0,2.0,2.0,2.0,0.0,67.0,1,0.0,3.0,1,3,1,0,0,0,0,1,0,0,1,0,0,0,1,0,0,0,0,1,0,3,10,0
200700072272,7,11,19,5,2,3,2.0,3.0,0.0,7.0,0.0,0.0,2.0,1.0,1,1,4.0,2.0,2.0,1.0,0.0,120.0,1,0.0,1.0,2,1,2,4,0,0,2,4,0,2,2,2,0,2,0,4,0,1,0,0,0,2,18,45
201500014619,15,3,13,5,2,2,1.0,3.0,0.0,7.0,0.0,0.0,2.0,19.0,1,-1,4.0,2.0,2.0,1.0,0.0,0.0,1,0.0,1.0,2,2,4,2,0,0,2,4,0,0,4,2,0,2,0,4,0,1,0,0,0,2,20,0
201300011412,13,12,10,5,2,1,1.0,6.0,0.0,7.0,0.0,6.0,0.0,1.0,1,1,4.0,2.0,2.0,3.0,0.0,0.0,1,0.0,1.0,1,2,2,0,0,0,1,1,0,0,2,0,0,2,0,0,0,1,0,0,0,3,20,0
201700044278,17,4,4,1,2,1,1.0,3.0,0.0,31.0,0.0,0.0,2.0,17.0,1,2,4.0,2.0,2.0,1.0,0.0,60.0,1,0.0,1.0,2,2,4,0,0,0,0,4,0,0,0,0,4,4,0,0,0,1,1,0,0,2,18,10
201100056273,11,12,8,2,1,1,1.0,5.0,1.0,15.0,0.0,0.0,2.0,0.0,1,1,1.0,3.0,6.0,1.0,5.0,210.0,1,0.0,1.0,3,1,9,0,0,0,0,9,0,0,3,6,0,9,0,0,0,0,1,1,0,2,8,15
200500050708,5,8,10,1,2,2,2.0,3.0,0.0,7.0,0.0,0.0,2.0,16.0,1,-1,4.0,1.0,0.0,1.0,0.0,60.0,1,0.0,1.0,2,2,2,2,0,0,0,4,0,0,4,0,0,2,0,0,2,1,0,1,0,2,17,20
201400052979,14,8,7,1,2,1,2.0,7.0,0.0,31.0,0.0,0.0,0.0,1.0,1,2,4.0,2.0,8.0,2.0,0.0,240.0,1,0.0,1.0,1,2,0,1,0,0,0,1,0,0,0,0,1,1,0,0,0,1,0,0,0,2,14,30
200600024571,6,5,31,1,1,1,8.0,1.0,0.0,10.0,0.0,0.0,2.0,1.0,1,1,3.0,2.0,2.0,1.0,0.0,65.0,1,0.0,1.0,2,1,10,0,2,0,4,4,0,6,0,2,2,6,0,2,2,1,0,0,0,2,17,0
201000028865,10,2,23,1,2,3,1.0,3.0,0.0,30.0,0.0,0.0,2.0,1.0,1,-1,4.0,2.0,0.0,1.0,0.0,100.0,1,0.0,1.0,2,2,2,2,0,0,0,4,0,4,0,0,0,0,0,4,0,1,1,0,0,2,13,0
201300024637,13,3,27,1,2,1,1.0,3.0,1.0,7.0,0.0,0.0,2.0,10.0,1,1,4.0,2.0,3.0,1.0,0.0,108.0,1,0.0,1.0,2,1,4,0,0,0,0,4,0,0,2,2,0,0,0,4,0,1,0,1,0,2,14,20
201200041121,12,6,30,1,2,1,1.0,3.0,0.0,1.0,0.0,0.0,2.0,1.0,1,2,4.0,2.0,2.0,1.0,0.0,0.0,1,0.0,1.0,2,3,2,2,0,0,0,4,0,2,2,0,0,0,0,2,2,1,0,0,0,3,16,10
200500025031,5,5,3,1,2,1,2.0,2.0,0.0,7.0,0.0,0.0,0.0,2.0,1,1,9.0,2.0,1.0,1.0,0.0,63.0,1,0.0,1.0,2,1,4,0,0,0,0,4,0,2,0,2,0,2,2,0,0,1,1,0,0,2,17,15
200800029006,8,5,31,1,2,1,1.0,3.0,0.0,7.0,0.0,0.0,0.0,0.0,1,1,3.0,2.0,0.0,1.0,0.0,0.0,1,0.0,0.0,2,1,4,0,0,0,0,4,0,0,4,0,0,2,2,0,0,1,0,0,0,2,13,30
200800004848,8,1,16,5,1,1,1.0,5.0,0.0,15.0,0.0,0.0,0.0,0.0,1,1,1.0,1.0,2.0,1.0,0.0,40.0,1,1.0,1.0,3,1,12,0,0,0,3,9,3,3,0,6,0,3,0,9,0,0,0,0,0,2,20,45
201600035040,16,6,2,1,2,1,1.0,6.0,1.0,7.0,0.0,0.0,2.0,15.0,1,1,3.0,2.0,1.0,1.0,0.0,128.0,1,0.0,1.0,2,1,4,0,0,0,0,4,0,0,2,0,2,2,0,2,0,1,0,1,0,3,15,45
201300001244,13,9,14,1,2,6,1.0,3.0,0.0,7.0,0.0,0.0,2.0,1.0,1,1,4.0,1.0,1.0,1.0,0.0,104.0,1,5.0,1.0,2,1,6,0,0,0,2,4,0,2,4,0,0,0,4,0,2,1,0,0,0,3,17,30
201100000435,11,4,14,5,2,1,1.0,6.0,0.0,7.0,0.0,2.0,0.0,14.0,1,1,4.0,2.0,2.0,1.0,0.0,45.0,1,0.0,3.0,1,2,2,0,1,0,0,1,0,1,1,0,0,0,0,2,0,1,0,0,0,3,2,0
201200057222,12,7,24,5,2,2,1.0,2.0,0.0,30.0,0.0,0.0,2.0,2.0,1,-1,4.0,3.0,1.0,1.0,80.0,50.0,1,5.0,1.0,2,2,4,0,0,0,0,4,0,4,0,0,0,0,0,4,0,1,1,0,0,2,22,39
201100015517,11,1,7,1,2,1,1.0,4.0,0.0,7.0,0.0,0.0,2.0,2.0,1,1,4.0,3.0,3.0,1.0,0.0,0.0,1,0.0,1.0,3,2,3,6,0,0,0,9,0,9,0,0,0,3,0,6,0,1,1,0,0,2,9,50
201500010536,15,3,17,5,2,1,2.0,6.0,0.0,7.0,0.0,0.0,1.0,1.0,1,-1,3.0,2.0,2.0,1.0,0.0,0.0,1,0.0,1.0,1,1,2,0,0,1,0,1,0,0,0,0,2,1,0,0,1,1,0,0,0,2,5,25
201000025583,10,4,22,3,1,1,1.0,1.0,0.0,7.0,0.0,0.0,2.0,21.0,1,-1,3.0,2.0,3.0,2.0,0.0,0.0,1,0.0,1.0,2,3,2,2,0,0,0,4,0,0,2,2,0,2,0,2,0,1,0,0,0,3,22,40
200900050991,9,6,6,5,2,3,1.0,3.0,0.0,2.0,0.0,0.0,2.0,0.0,1,0,9.0,2.0,2.0,1.0,0.0,0.0,1,0.0,1.0,2,3,4,0,0,0,0,4,0,0,2,0,2,2,0,2,0,1,0,1,0,3,4,40
201200009052,12,1,25,1,2,1,1.0,3.0,0.0,38.0,0.0,0.0,2.0,1.0,1,1,3.0,2.0,0.0,0.0,0.0,38.0,1,0.0,1.0,2,1,4,0,0,0,0,4,0,0,0,2,2,2,2,0,0,0,1,0,1,4,16,45
201600049867,16,10,10,1,1,1,1.0,7.0,2.0,33.0,0.0,0.0,9.0,1.0,1,2,1.0,3.0,6.0,1.0,10.0,210.0,1,0.0,0.0,2,2,4,0,0,0,0,4,2,0,0,0,2,4,0,0,0,1,0,0,0,2,14,47
200800034268,8,6,17,1,2,1,1.0,5.0,0.0,32.0,0.0,0.0,2.0,17.0,1,2,3.0,1.0,2.0,1.0,0.0,92.0,1,0.0,1.0,3,2,9,0,0,0,0,9,0,0,0,3,6,6,0,3,0,1,1,1,0,2,7,30
200500027715,5,5,10,5,2,3,1.0,3.0,0.0,7.0,0.0,0.0,2.0,15.0,1,-1,2.0,2.0,1.0,1.0,0.0,70.0,1,0.0,1.0,2,2,2,2,0,0,0,4,0,0,4,0,0,2,0,2,0,1,0,0,0,2,22,30
201400051221,14,2,4,3,1,1,3.0,7.0,0.0,7.0,0.0,0.0,0.0,1.0,1,1,1.0,1.0,2.0,1.0,25.0,70.0,1,0.0,1.0,1,3,1,0,0,0,0,1,0,0,1,0,0,0,0,1,0,0,0,0,1,3,4,55
201300010193,13,8,12,1,2,2,1.0,3.0,0.0,7.0,0.0,0.0,2.0,1.0,1,1,4.0,1.0,3.0,0.0,0.0,0.0,1,0.0,1.0,2,2,2,2,0,0,0,4,0,0,4,0,0,4,0,0,0,1,0,0,0,2,18,40
200900026016,9,8,8,1,2,9,1.0,3.0,0.0,1.0,0.0,0.0,2.0,16.0,1,0,3.0,2.0,2.0,1.0,0.0,63.0,1,0.0,1.0,2,3,4,0,0,0,0,4,0,0,2,0,2,2,2,0,0,1,0,0,0,3,17,0
201400016466,14,1,26,2,2,2,1.0,3.0,0.0,7.0,0.0,0.0,2.0,9.0,1,1,3.0,1.0,1.0,2.0,0.0,60.0,1,0.0,1.0,2,1,10,2,4,0,4,4,0,0,12,0,0,2,0,8,2,1,0,0,0,3,17,45
200500079944,5,12,28,1,2,3,1.0,3.0,0.0,7.0,0.0,0.0,2.0,15.0,1,1,4.0,2.0,2.0,1.0,0.0,91.0,1,0.0,1.0,2,1,4,0,0,0,0,4,0,0,0,0,4,4,0,0,0,1,0,0,0,3,13,45