Num_Acc,an,mois,jour,lum,agg,int,atm,col,senc,catv,occutc,obs,obsm,manv,catu,secu,catr,circ,nbv,prof,lartpc,larrout,surf,infra,situ,nb_veh,grav_simpl,Homme,Femme,Arrière,Autre_x,Avant,Conducteur,Autre_y,Inconnu,Loisirs,Professionnel,Travail,Adulte,Enfant,Jeune,Senior,choc_avant,choc_arriere,choc_lateral,choc_multiple,grav_order_max,heure,minute
201000033202,10,6,29,1,2,1,1.0,6.0,0.0,1.0,0.0,0.0,1.0,1.0,1,0,4.0,3.0,2.0,1.0,10.0,40.0,1,0.0,5.0,1,2,1,1,0,1,0,1,0,0,2,0,0,2,0,0,0,1,0,0,0,2,10,55
201100006457,11,5,19,1,1,9,1.0,5.0,0.0,33.0,0.0,0.0,2.0,1.0,1,2,3.0,2.0,0.0,1.0,0.0,56.0,1,0.0,1.0,3,3,3,6,0,0,0,9,0,0,9,0,0,6,0,0,3,1,0,1,0,3,17,45
200700040810,7,7,7,1,1,1,1.0,6.0,0.0,2.0,0.0,4.0,0.0,1.0,1,2,3.0,3.0,4.0,1.0,20.0,150.0,1,0.0,1.0,1,3,1,0,0,0,0,1,0,0,1,0,0,1,0,0,0,1,0,0,0,3,11,45
200900052443,9,6,17,1,2,1,1.0,3.0,0.0,7.0,0.0,0.0,2.0,0.0,1,1,4.0,2.0,2.0,1.0,0.0,50.0,1,0.0,1.0,2,1,2,2,0,0,0,4,0,0,4,0,0,4,0,0,0,1,0,1,0,2,16,45
201000045536,10,9,20,3,1,1,1.0,7.0,0.0,33.0,0.0,0.0,0.0,0.0,1,2,3.0,2.0,2.0,2.0,0.0,80.0,1,0.0,1.0,1,4,1,0,0,0,0,1,0,0,0,0,1,1,0,0,0,0,1,0,0,4,6,35
200800053093,8,9,12,5,2,1,2.0,6.0,0.0,7.0,0.0,1.0,0.0,13.0,1,1,2.0,2.0,0.0,1.0,0.0,0.0,1,0.0,4.0,1,2,1,0,0,0,0,1,1,0,0,0,0,0,0,1,0,1,0,0,0,2,0,15
201100014697,11,10,28,1,1,1,1.0,3.0,0.0,33.0,0.0,0.0,2.0,1.0,1,2,3.0,3.0,4.0,1.0,0.0,130.0,1,0.0,1.0,2,3,4,0,0,0,0,4,0,2,2,0,0,0,0,2,2,1,0,1,0,3,16,45
201400026635,14,11,29,5,2,2,1.0,3.0,0.0,7.0,0.0,0.0,2.0,1.0,1,1,4.0,2.0,2.0,1.0,0.0,70.0,1,0.0,1.0,2,1,4,2,0,0,2,4,0,0,6,0,0,2,2,2,0,1,1,0,0,2,17,50
201000039123,10,9,18,1,2,1,1.0,6.0,0.0,34.0,0.0,0.0,2.0,0.0,1,2,4.0,2.0,2.0,1.0,0.0,0.0,1,0.0,1.0,2,1,4,0,0,0,0,4,2,2,0,0,0,0,0,2,2,0,0,1,0,2,11,45
201600053807,16,3,11,5,2,1,1.0,3.0,1.0,10.0,0.0,0.0,2.0,15.0,1,1,4.0,2.0,4.0,2.0,0.0,150.0,1,0.0,1.0,2,1,6,0,0,0,2,4,0,0,2,2,2,2,0,4,0,1,0,0,0,2,21,15
201600027595,16,6,13,5,2,1,1.0,7.0,1.0,1.0,0.0,12.0,0.0,1.0,1,2,4.0,2.0,2.0,1.0,0.0,80.0,1,4.0,1.0,1,2,1,0,0,0,0,1,0,0,1,0,0,1,0,0,0,1,0,0,0,2,4,0
200900015288,9,5,6,1,2,9,1.0,3.0,0.0,7.0,0.0,0.0,9.0,15.0,1,1,4.0,2.0,1.0,1.0,0.0,10.0,1,0.0,1.0,2,1,4,0,0,0,0,4,0,4,0,0,0,2,2,0,0,1,0,0,0,2,10,14
201200058593,12,10,11,2,2,5,2.0,6.0,1.0,33.0,0.0,0.0,1.0,1.0,3,-1,4.0,1.0,1.0,2.0,90.0,90.0,1,0.0,1.0,1,2,0,1,0,1,0,0,0,1,0,0,0,0,0,0,1,0,0,0,0,2,19,10
200600036834,6,6,1,1,2,1,1.0,6.0,0.0,1.0,0.0,0.0,0.0,19.0,1,-1,4.0,2.0,2.0,1.0,0.0,60.0,1,0.0,1.0,2,2,2,2,0,0,0,4,0,4,0,0,0,0,0,4,0,1,0,0,0,2,17,15
201400056616,14,12,14,1,2,2,8.0,2.0,0.0,7.0,0.0,0.0,2.0,22.0,1,1,4.0,2.0,0.0,1.0,0.0,100.0,1,0.0,1.0,2,1,2,2,0,0,0,4,2,0,2,0,0,4,0,0,0,1,0,1,0,2,14,50
200500057391,5,9,22,1,2,1,1.0,6.0,0.0,7.0,0.0,0.0,1.0,1.0,1,-1,4.0,2.0,6.0,1.0,0.0,160.0,1,0.0,1.0,1,2,1,1,0,1,0,1,0,1,0,0,1,2,0,0,0,1,0,0,0,2,9,10
201500046249,15,2,9,5,1,1,1.0,2.0,0.0,32.0,0.0,0.0,2.0,3.0,1,2,1.0,1.0,2.0,1.0,0.0,70.0,1,1.0,1.0,2,2,2,0,0,0,0,2,0,0,0,0,2,2,0,0,0,1,0,0,0,2,7,32
201200044161,12,8,8,1,2,1,1.0,6.0,0.0,7.0,0.0,0.0,1.0,1.0,1,1,3.0,1.0,1.0,1.0,0.0,30.0,1,0.0,1.0,1,1,1,1,0,1,0,1,0,2,0,0,0,1,0,1,0,1,0,0,0,3,17,8
201000066700,10,3,23,1,2,4,1.0,6.0,0.0,2.0,0.0,12.0,0.0,13.0,1,2,4.0,1.0,4.0,1.0,15.0,140.0,1,3.0,1.0,1,2,1,0,0,0,0,1,0,0,1,0,0,0,1,0,0,0,1,0,0,2,13,30
201600003390,16,5,14,1,1,1,1.0,7.0,2.0,30.0,0.0,16.0,0.0,1.0,1,2,3.0,2.0,2.0,0.0,0.0,51.0,1,0.0,3.0,1,3,1,0,0,0,0,1,0,0,1,0,0,0,1,0,0,0,0,0,0,3,18,30
201500027480,15,5,13,1,2,1,1.0,3.0,0.0,1.0,0.0,0.0,0.0,1.0,1,4,4.0,2.0,4.0,1.0,0.0,89.0,1,0.0,0.0,2,2,2,2,0,0,0,4,4,0,0,0,0,2,0,0,2,1,1,0,0,2,16,51
200800019027,8,4,6,1,2,1,1.0,2.0,0.0,30.0,0.0,0.0,0.0,2.0,1,2,4.0,2.0,2.0,2.0,0.0,0.0,1,0.0,1.0,2,2,4,0,0,0,0,4,0,4,0,0,0,0,0,4,0,1,1,0,0,2,15,30
201000057407,10,8,30,2,1,9,1.0,3.0,0.0,7.0,0.0,4.0,0.0,1.0,1,1,1.0,4.0,4.0,1.0,15.0,140.0,1,3.0,1.0,2,2,4,0,0,0,0,4,0,0,0,0,4,4,0,0,0,1,0,0,0,2,6,15
200500063982,5,10,15,2,2,1,1.0,1.0,0.0,7.0,0.0,1.0,2.0,10.0,1,1,4.0,2.0,2.0,1.0,0.0,80.0,1,0.0,1.0,2,1,4,0,0,0,0,4,0,2,2,0,0,2,0,0,2,1,0,1,0,2,7,15
200900071065,9,11,23,5,2,3,2.0,1.0,0.0,32.0,0.0,0.0,2.0,1.0,1,2,4.0,2.0,1.0,1.0,0.0,0.0,1,0.0,1.0,2,2,4,0,0,0,0,4,0,0,0,0,4,4,0,0,0,1,0,1,0,2,18,50
200600034552,6,6,7,1,2,1,1.0,2.0,0.0,7.0,0.0,0.0,2.0,20.0,1,1,4.0,2.0,2.0,1.0,0.0,60.0,1,0.0,1.0,2,1,2,2,0,0,0,4,0,0,4,0,0,2,2,0,0,1,0,0,0,2,18,50
200700026194,7,5,8,1,1,1,2.0,3.0,0.0,7.0,0.0,0.0,2.0,1.0,1,1,3.0,2.0,2.0,2.0,0.0,0.0,1,0.0,1.0,2,2,2,2,0,0,0,4,0,0,4,0,0,2,0,2,0,1,0,1,0,3,16,30
201600040056,16,6,16,1,2,1,1.0,6.0,0.0,7.0,0.0,0.0,1.0,1.0,1,1,4.0,2.0,0.0,1.0,0.0,0.0,1,0.0,1.0,1,1,1,3,0,3,0,1,3,0,0,1,0,1,3,0,0,1,0,0,0,3,7,30
201600016573,16,12,17,1,2,1,1.0,2.0,0.0,7.0,0.0,0.0,0.0,2.0,1,1,3.0,3.0,1.0,1.0,10.0,50.0,1,0.0,1.0,2,2,4,4,2,0,2,4,8,0,0,0,0,2,2,4,0,1,1,0,0,2,14,55
201500018255,15,12,14,1,1,1,1.0,7.0,0.0,7.0,0.0,13.0,0.0,13.0,1,1,3.0,2.0,2.0,1.0,0.0,0.0,1,0.0,3.0,1,4,1,0,0,0,0,1,1,0,0,0,0,0,0,0,1,1,0,0,0,4,10,0
201100025110,11,12,18,1,1,1,4.0,6.0,0.0,7.0,0.0,13.0,0.0,1.0,1,1,1.0,0.0,2.0,1.0,0.0,0.0,0,0.0,3.0,1,3,0,1,0,0,0,1,0,0,0,0,1,1,0,0,0,1,0,0,0,3,7,45
201600034684,16,1,27,5,2,1,2.0,6.0,2.0,7.0,0.0,0.0,1.0,0.0,1,1,4.0,1.0,2.0,2.0,0.0,58.0,1,0.0,1.0,1,1,1,1,0,1,0,1,0,2,0,0,0,0,0,1,1,0,0,0,0,2,7,45
200900040173,9,9,13,1,2,1,1.0,3.0,0.0,2.0,0.0,0.0,2.0,17.0,1,2,3.0,2.0,2.0,0.0,0.0,0.0,1,0.0,1.0,2,2,4,2,0,0,2,4,0,2,4,0,0,0,0,6,0,1,1,0,0,2,17,45
200900009794,9,4,12,3,1,1,2.0,7.0,0.0,7.0,0.0,13.0,0.0,1.0,1,1,3.0,2.0,2.0,1.0,0.0,51.0,1,0.0,3.0,1,3,1,0,0,0,0,1,0,0,1,0,0,0,0,1,0,1,0,0,0,3,5,30
201200034152,12,9,20,1,2,1,1.0,4.0,0.0,7.0,0.0,0.0,2.0,2.0,1,-1,4.0,2.0,0.0,1.0,0.0,0.0,1,0.0,1.0,3,2,6,3,0,0,0,9,0,9,0,0,0,6,0,3,0,1,1,0,0,2,17,37
200500020243,5,4,21,1,2,3,1.0,3.0,0.0,2.0,0.0,0.0,2.0,1.0,1,2,4.0,2.0,2.0,1.0,0.0,0.0,1,0.0,1.0,2,3,4,0,0,0,0,4,0,0,4,0,0,2,0,2,0,1,0,0,0,3,12,0
201600049081,16,3,17,1,2,9,1.0,3.0,2.0,7.0,0.0,0.0,2.0,1.0,1,1,4.0,2.0,1.0,1.0,0.0,0.0,1,0.0,1.0,2,1,2,2,0,0,0,4,2,0,2,0,0,2,0,0,2,1,1,0,0,2,11,50
201500035752,15,7,23,1,2,1,1.0,1.0,0.0,30.0,0.0,0.0,2.0,15.0,1,2,4.0,2.0,2.0,1.0,0.0,70.0,1,0.0,1.0,2,3,2,4,0,0,2,4,2,0,4,0,0,4,0,2,0,1,0,0,0,3,14,25
201100027568,11,5,19,1,2,2,1.0,6.0,0.0,30.0,0.0,0.0,2.0,1.0,1,-1,4.0,1.0,1.0,1.0,0.0,0.0,1,0.0,1.0,1,2,0,1,0,0,0,1,1,0,0,0,0,0,1,0,0,1,0,0,0,2,18,30
201600050731,16,6,26,3,1,1,1.0,6.0,2.0,34.0,0.0,13.0,0.0,19.0,1,2,1.0,3.0,3.0,1.0,15.0,105.0,1,0.0,3.0,1,3,1,0,0,0,0,1,0,1,0,0,0,1,0,0,0,1,0,0,0,3,5,15
201600008794,16,10,22,1,2,1,1.0,6.0,1.0,7.0,0.0,6.0,0.0,1.0,1,1,3.0,2.0,0.0,1.0,0.0,0.0,1,0.0,3.0,1,3,1,0,0,0,0,1,0,0,1,0,0,0,0,1,0,1,0,0,0,3,8,15
201500033791,15,12,5,4,1,1,1.0,6.0,0.0,33.0,0.0,4.0,0.0,0.0,1,2,2.0,3.0,5.0,3.0,0.0,111.0,1,0.0,1.0,1,4,1,0,0,0,0,1,0,0,1,0,0,0,0,1,0,1,0,0,0,4,2,25
200900006721,9,2,5,5,2,1,1.0,3.0,0.0,7.0,0.0,0.0,2.0,15.0,1,1,3.0,2.0,2.0,1.0,0.0,0.0,1,0.0,1.0,2,1,2,2,0,0,0,4,2,0,2,0,0,4,0,0,0,1,0,0,0,2,19,50
201500046264,15,2,20,1,1,1,2.0,2.0,0.0,7.0,0.0,4.0,2.0,2.0,1,1,1.0,3.0,2.0,1.0,0.0,35.0,1,0.0,1.0,2,2,2,2,0,0,0,4,0,0,2,0,2,4,0,0,0,1,1,0,0,2,8,19
201500034386,15,12,8,1,1,1,1.0,6.0,0.0,7.0,0.0,8.0,0.0,0.0,1,1,3.0,2.0,2.0,1.0,0.0,0.0,1,0.0,3.0,1,3,1,0,0,0,0,1,0,0,1,0,0,0,0,0,1,0,0,0,1,3,12,10
200900039395,9,9,9,1,2,1,1.0,6.0,0.0,1.0,0.0,0.0,1.0,18.0,1,2,4.0,2.0,3.0,1.0,0.0,135.0,1,5.0,1.0,2,2,4,2,0,0,2,4,0,0,4,2,0,6,0,0,0,1,0,0,0,2,14,23
200700010121,7,2,27,1,2,3,8.0,3.0,0.0,4.0,0.0,0.0,2.0,15.0,1,2,4.0,2.0,4.0,1.0,0.0,120.0,1,0.0,1.0,2,2,4,0,0,0,0,4,0,0,0,4,0,2,0,2,0,1,0,0,0,2,12,0
201700000594,17,8,27,1,1,3,1.0,3.0,1.0,7.0,0.0,0.0,0.0,15.0,1,1,2.0,1.0,1.0,2.0,0.0,0.0,1,3.0,1.0,2,1,2,2,0,0,0,4,0,0,4,0,0,4,0,0,0,1,0,0,0,3,13,50
201000034771,10,9,21,1,2,6,1.0,2.0,0.0,1.0,0.0,0.0,2.0,1.0,1,9,4.0,2.0,1.0,1.0,0.0,0.0,1,5.0,1.0,2,3,2,0,0,0,0,2,0,0,2,0,0,0,0,0,2,0,1,0,0,3,11,20
201500036488,15,6,4,1,2,1,1.0,4.0,0.0,7.0,0.0,0.0,2.0,1.0,1,1,2.0,3.0,4.0,2.0,0.0,0.0,1,0.0,1.0,3,1,9,0,0,0,0,9,0,9,0,0,0,9,0,0,0,1,1,0,1,2,7,5
201500009971,15,2,6,5,2,2,1.0,3.0,0.0,10.0,0.0,0.0,2.0,15.0,1,1,4.0,2.0,2.0,0.0,0.0,0.0,1,0.0,1.0,2,1,2,2,0,0,0,4,0,0,4,0,0,2,0,0,2,1,0,0,0,2,21,40
201300052807,13,7,28,1,2,1,1.0,2.0,0.0,30.0,0.0,0.0,2.0,12.0,1,2,4.0,1.0,7.0,1.0,0.0,200.0,1,2.0,1.0,2,2,4,0,0,0,0,4,2,0,2,0,0,4,0,0,0,0,1,0,0,2,20,49
200600014996,6,3,1,1,1,1,1.0,2.0,0.0,17.0,0.0,2.0,2.0,2.0,1,1,2.0,1.0,2.0,1.0,15.0,70.0,1,0.0,1.0,2,2,4,0,0,0,0,4,0,0,0,4,0,2,0,2,0,1,1,0,0,2,13,0
201100058946,11,1,11,1,2,1,1.0,2.0,0.0,7.0,0.0,0.0,2.0,2.0,1,1,4.0,2.0,2.0,1.0,1.0,80.0,1,0.0,1.0,2,1,2,2,0,0,0,4,0,0,4,0,0,2,0,0,2,1,1,0,0,2,13,30
201700031132,17,8,13,1,2,1,1.0,3.0,1.0,7.0,0.0,4.0,2.0,15.0,1,1,3.0,2.0,3.0,2.0,0.0,120.0,1,0.0,1.0,2,1,4,0,0,0,0,4,2,2,0,0,0,4,0,0,0,1,0,0,0,3,14,43
200900033491,9,1,10,1,1,4,1.0,7.0,0.0,32.0,0.0,0.0,0.0,1.0,2,2,4.0,2.0,4.0,2.0,0.0,0.0,0,0.0,1.0,1,2,1,1,0,0,1,1,0,0,0,2,0,2,0,0,0,0,0,0,0,2,9,25
201000054713,10,11,3,2,2,1,2.0,6.0,0.0,7.0,0.0,0.0,1.0,1.0,1,1,3.0,2.0,2.0,1.0,0.0,75.0,1,0.0,1.0,1,1,1,1,0,1,0,1,0,0,0,0,2,0,0,1,1,1,0,0,0,2,7,10
200800012982,8,3,31,1,1,1,1.0,2.0,0.0,7.0,0.0,0.0,2.0,2.0,1,-1,4.0,2.0,2.0,1.0,0.0,0.0,1,0.0,1.0,2,1,2,2,0,0,0,4,4,0,0,0,0,2,0,2,0,0,1,0,1,3,17,15
200500072071,5,11,24,1,1,1,1.0,2.0,0.0,7.0,0.0,1.0,0.0,14.0,1,1,1.0,3.0,3.0,1.0,30.0,145.0,1,0.0,1.0,2,1,6,0,0,0,2,4,0,2,2,2,0,2,0,0,4,1,1,0,0,3,15,5
200900031486,9,8,5,5,2,3,1.0,3.0,0.0,30.0,0.0,0.0,2.0,1.0,1,2,4.0,3.0,2.0,1.0,18.0,86.0,1,0.0,1.0,2,2,4,0,0,0,0,4,0,0,0,4,0,0,0,4,0,1,0,0,0,2,5,50
201700008840,17,1,1,5,2,1,1.0,6.0,1.0,7.0,0.0,6.0,0.0,1.0,1,-1,4.0,2.0,2.0,1.0,30.0,60.0,1,0.0,4.0,1,1,2,0,0,0,1,1,0,1,1,0,0,0,0,2,0,1,0,0,0,3,5,30
201400026000,14,12,25,5,2,1,1.0,2.0,0.0,7.0,0.0,0.0,2.0,23.0,1,1,4.0,2.0,2.0,2.0,0.0,0.0,1,0.0,1.0,2,2,2,4,0,0,2,4,0,0,6,0,0,4,2,0,0,1,1,0,0,2,18,16
200500025348,5,5,26,1,2,1,1.0,6.0,0.0,2.0,0.0,8.0,0.0,1.0,1,2,4.0,2.0,2.0,1.0,0.0,75.0,1,0.0,4.0,1,2,1,0,0,0,0,1,0,0,0,0,1,0,0,1,0,1,0,0,0,2,8,45
201500041362,15,7,11,1,2,1,1.0,3.0,0.0,7.0,0.0,0.0,0.0,0.0,1,-1,3.0,1.0,3.0,1.0,0.0,0.0,1,0.0,1.0,2,1,4,0,0,0,0,4,0,4,0,0,0,4,0,0,0,1,0,0,0,3,19,30
201500013598,15,3,20,1,2,1,1.0,3.0,0.0,2.0,0.0,0.0,2.0,2.0,1,-1,4.0,2.0,2.0,1.0,0.0,60.0,1,0.0,1.0,2,2,4,0,0,0,0,4,0,0,4,0,0,4,0,0,0,1,0,1,0,2,13,55
201000061630,10,10,30,5,2,5,2.0,6.0,0.0,30.0,0.0,0.0,1.0,15.0,1,2,4.0,0.0,4.0,1.0,0.0,120.0,1,0.0,1.0,1,1,2,0,0,1,0,1,0,0,2,0,0,0,0,2,0,1,0,0,0,2,6,15
201100010902,11,4,12,2,2,1,1.0,6.0,0.0,30.0,0.0,12.0,0.0,1.0,1,0,9.0,2.0,2.0,2.0,0.0,48.0,1,0.0,4.0,1,3,1,0,0,0,0,1,0,0,1,0,0,1,0,0,0,1,0,0,0,3,21,0
200700028659,7,5,3,1,2,1,1.0,6.0,0.0,37.0,1.0,0.0,2.0,17.0,1,1,4.0,2.0,2.0,1.0,0.0,62.0,1,0.0,1.0,2,1,4,0,0,0,0,4,0,0,2,2,0,2,0,2,0,0,0,1,0,2,12,59
201200032464,12,10,7,5,2,1,8.0,4.0,0.0,7.0,0.0,0.0,2.0,1.0,1,1,4.0,1.0,1.0,1.0,0.0,0.0,1,0.0,1.0,4,1,12,4,0,0,0,16,0,0,16,0,0,12,0,4,0,1,1,0,0,2,0,35
200700046346,7,7,24,1,2,1,3.0,6.0,0.0,7.0,0.0,3.0,0.0,1.0,1,1,4.0,1.0,2.0,3.0,0.0,70.0,1,3.0,1.0,1,2,0,1,0,0,0,1,0,0,0,1,0,1,0,0,0,1,0,0,0,2,8,15
200800069060,8,12,7,1,1,1,1.0,6.0,0.0,7.0,0.0,0.0,6.0,1.0,1,1,3.0,2.0,2.0,0.0,0.0,56.0,1,0.0,1.0,1,3,2,1,1,0,1,1,0,2,1,0,0,0,0,0,3,1,0,0,0,4,14,15
201500036109,15,11,11,1,2,2,1.0,6.0,0.0,7.0,0.0,0.0,1.0,16.0,1,1,4.0,2.0,0.0,2.0,0.0,60.0,1,0.0,1.0,1,1,0,2,0,1,0,1,0,0,2,0,0,1,0,0,1,1,0,0,0,2,12,7
200700010376,7,2,12,5,1,1,2.0,6.0,0.0,7.0,0.0,16.0,0.0,0.0,1,1,3.0,3.0,0.0,0.0,0.0,0.0,1,0.0,1.0,1,2,1,0,0,0,0,1,0,0,0,1,0,0,0,1,0,0,0,0,1,2,1,45
201500001684,15,4,1,1,2,2,8.0,3.0,0.0,31.0,0.0,0.0,2.0,1.0,1,2,4.0,2.0,2.0,1.0,0.0,-1.0,1,0.0,1.0,2,3,2,2,0,0,0,4,0,0,4,0,0,2,0,0,2,1,0,1,0,3,10,15
201000048228,10,9,20,1,2,3,1.0,3.0,0.0,30.0,0.0,0.0,0.0,1.0,1,2,4.0,1.0,1.0,1.0,0.0,0.0,1,0.0,1.0,2,2,4,0,0,0,0,4,2,0,0,0,2,2,2,0,0,1,0,0,0,2,8,10
200500021936,5,4,5,1,2,1,1.0,2.0,0.0,7.0,0.0,0.0,2.0,10.0,1,1,2.0,3.0,0.0,1.0,0.0,200.0,1,0.0,1.0,2,1,4,0,0,0,0,4,0,0,2,0,2,0,0,2,2,1,1,0,0,2,16,15
201500044082,15,3,24,1,2,2,1.0,3.0,0.0,7.0,0.0,0.0,2.0,1.0,1,1,4.0,2.0,2.0,1.0,0.0,-1.0,1,0.0,1.0,2,1,4,0,0,0,0,4,4,0,0,0,0,2,0,0,2,1,0,0,0,2,12,20
200600031476,6,6,7,1,1,1,1.0,3.0,0.0,7.0,0.0,0.0,2.0,15.0,1,1,3.0,2.0,0.0,1.0,0.0,57.0,1,0.0,1.0,2,1,4,0,0,0,0,4,0,0,2,0,2,4,0,0,0,1,0,0,0,3,11,0
200900066233,9,10,18,2,2,2,1.0,2.0,0.0,30.0,0.0,0.0,0.0,2.0,1,2,2.0,2.0,0.0,1.0,0.0,0.0,1,0.0,1.0,2,3,6,0,0,0,2,4,4,0,0,2,0,0,0,6,0,1,1,0,0,3,19,5
201500038073,15,7,5,1,2,1,1.0,6.0,0.0,33.0,0.0,0.0,1.0,1.0,1,2,3.0,2.0,2.0,1.0,0.0,-1.0,1,0.0,1.0,1,1,2,0,0,1,0,1,0,0,2,0,0,1,1,0,0,1,0,0,0,2,20,30
200800071164,8,12,9,2,2,1,3.0,7.0,0.0,7.0,0.0,0.0,1.0,1.0,1,1,4.0,2.0,2.0,1.0,0.0,60.0,1,0.0,1.0,1,1,1,2,0,2,0,1,0,3,0,0,0,1,1,0,1,1,0,0,0,3,17,49
200900018104,9,2,5,5,2,1,2.0,6.0,0.0,7.0,0.0,0.0,1.0,1.0,4,-1,4.0,2.0,1.0,1.0,0.0,70.0,1,0.0,1.0,1,2,2,0,0,1,0,1,0,2,0,0,0,0,1,0,1,1,0,0,0,2,19,0
201500035364,15,9,11,2,2,1,1.0,1.0,0.0,7.0,0.0,0.0,2.0,1.0,1,1,4.0,2.0,2.0,1.0,0.0,70.0,1,0.0,1.0,2,2,4,0,0,0,0,4,0,2,2,0,0,0,0,4,0,1,0,0,0,2,20,0
201700044463,17,12,19,5,2,1,1.0,6.0,1.0,7.0,0.0,0.0,1.0,1.0,1,1,3.0,1.0,2.0,1.0,50.0,50.0,1,0.0,1.0,1,1,2,0,0,1,0,1,0,2,0,0,0,0,0,2,0,1,0,0,0,2,18,30
201500052840,15,8,25,1,2,1,8.0,6.0,0.0,34.0,0.0,0.0,1.0,17.0,1,2,4.0,2.0,3.0,3.0,0.0,120.0,1,0.0,1.0,1,1,1,1,0,1,0,1,1,0,0,0,1,2,0,0,0,0,0,1,0,2,18,30
201100058098,11,12,19,1,2,7,1.0,6.0,0.0,31.0,0.0,0.0,1.0,1.0,1,2,4.0,0.0,2.0,1.0,0.0,150.0,1,0.0,1.0,1,1,1,1,0,1,0,1,0,0,0,0,2,2,0,0,0,0,0,0,0,2,13,50
201400019343,14,2,4,2,1,1,1.0,6.0,0.0,7.0,0.0,7.0,0.0,1.0,1,1,3.0,2.0,2.0,1.0,0.0,65.0,1,0.0,3.0,1,3,0,1,0,0,0,1,0,0,1,0,0,0,0,0,1,1,0,0,0,3,18,0
200600079478,6,12,19,1,2,6,1.0,4.0,0.0,7.0,0.0,0.0,2.0,1.0,1,1,2.0,2.0,2.0,1.0,0.0,80.0,1,0.0,1.0,3,1,6,9,0,0,6,9,0,15,0,0,0,3,0,6,6,1,1,0,0,2,14,35
201300024472,13,7,7,1,1,1,7.0,1.0,0.0,7.0,0.0,0.0,2.0,1.0,1,1,4.0,2.0,0.0,1.0,0.0,42.0,-1,0.0,1.0,2,2,6,4,4,0,2,4,0,0,10,0,0,4,2,2,2,1,0,0,0,2,18,25
200600047191,6,8,9,5,2,3,1.0,3.0,0.0,33.0,0.0,0.0,2.0,1.0,1,2,4.0,3.0,3.0,1.0,0.0,0.0,1,0.0,1.0,2,2,4,0,0,0,0,4,4,0,0,0,0,2,0,2,0,1,0,0,0,2,0,20
200900055188,9,9,21,1,2,3,1.0,2.0,0.0,2.0,0.0,0.0,2.0,23.0,1,2,4.0,4.0,2.0,1.0,0.0,0.0,1,0.0,1.0,2,3,2,2,0,0,0,4,0,0,0,2,2,2,2,0,0,1,1,0,0,3,16,30
200800068615,8,12,8,1,2,1,1.0,1.0,0.0,7.0,0.0,0.0,2.0,20.0,1,1,4.0,2.0,0.0,2.0,60.0,0.0,1,0.0,1.0,2,1,2,2,0,0,0,4,0,0,4,0,0,0,0,4,0,1,0,0,0,2,12,0
201500011216,15,12,21,1,2,1,1.0,3.0,0.0,1.0,0.0,1.0,0.0,0.0,1,0,4.0,1.0,1.0,1.0,0.0,40.0,1,0.0,1.0,2,3,4,0,0,0,0,4,0,0,4,0,0,4,0,0,0,1,0,0,0,3,14,30
201300004899,13,7,21,3,1,1,1.0,7.0,0.0,7.0,0.0,2.0,0.0,1.0,1,1,3.0,0.0,0.0,1.0,0.0,58.0,1,0.0,3.0,1,4,0,1,0,0,0,1,0,0,1,0,0,0,0,1,0,1,0,0,0,4,0,45
200800007286,8,2,28,5,2,2,1.0,6.0,0.0,30.0,0.0,0.0,1.0,2.0,1,2,4.0,2.0,2.0,1.0,0.0,70.0,1,0.0,1.0,1,1,2,1,0,1,1,1,0,1,2,0,0,1,0,2,0,1,0,0,0,3,21,55
200900067726,9,9,27,1,2,2,1.0,3.0,0.0,2.0,0.0,0.0,2.0,7.0,1,-1,4.0,1.0,2.0,1.0,0.0,0.0,1,0.0,1.0,2,2,2,2,0,0,0,4,0,4,0,0,0,0,0,4,0,1,0,1,0,2,18,30
201100052336,11,3,12,5,2,1,1.0,6.0,0.0,7.0,0.0,8.0,0.0,14.0,1,1,4.0,2.0,2.0,1.0,0.0,-1.0,1,0.0,1.0,1,2,1,0,0,0,0,1,0,0,1,0,0,1,0,0,0,1,0,0,0,2,6,5
200500059903,5,9,13,1,2,3,1.0,6.0,0.0,7.0,0.0,1.0,0.0,1.0,1,0,4.0,1.0,2.0,1.0,0.0,60.0,1,0.0,1.0,1,3,1,0,0,0,0,1,1,0,0,0,0,1,0,0,0,1,0,0,0,3,13,40
200700054779,7,9,6,5,2,1,1.0,3.0,0.0,7.0,0.0,6.0,2.0,17.0,1,1,3.0,2.0,2.0,1.0,0.0,74.0,1,0.0,1.0,2,2,4,0,0,0,0,4,0,0,0,0,4,2,0,2,0,0,0,1,0,2,3,30
200600032572,6,6,16,1,2,2,1.0,6.0,0.0,7.0,0.0,0.0,1.0,4.0,1,-1,4.0,1.0,1.0,1.0,0.0,90.0,1,0.0,1.0,1,1,1,1,0,1,0,1,1,1,0,0,0,1,1,0,0,0,1,0,0,2,18,15
201700044457,17,12,8,1,2,1,2.0,2.0,1.0,7.0,0.0,0.0,2.0,1.0,1,1,3.0,3.0,3.0,1.0,15.0,100.0,1,5.0,1.0,2,1,2,2,0,0,0,4,0,0,4,0,0,4,0,0,0,1,1,0,0,2,13,10