Num_Acc,an,mois,jour,lum,agg,int,atm,col,senc,catv,occutc,obs,obsm,manv,catu,secu,catr,circ,nbv,prof,lartpc,larrout,surf,infra,situ,nb_veh,grav_simpl,Homme,Femme,Arrière,Autre_x,Avant,Conducteur,Autre_y,Inconnu,Loisirs,Professionnel,Travail,Adulte,Enfant,Jeune,Senior,choc_avant,choc_arriere,choc_lateral,choc_multiple,grav_order_max,heure,minute
200500040078,5,6,25,1,1,1,1.0,7.0,0.0,7.0,0.0,0.0,0.0,1.0,1,1,1.0,3.0,0.0,1.0,40.0,54.0,1,0.0,3.0,1,2,0,1,0,0,0,1,0,0,1,0,0,1,0,0,0,0,0,0,0,2,19,0
200600058231,6,10,29,3,1,1,1.0,6.0,0.0,2.0,0.0,0.0,1.0,1.0,1,2,3.0,2.0,1.0,1.0,0.0,47.0,1,0.0,1.0,1,1,3,1,0,3,0,1,0,0,4,0,0,0,1,3,0,1,0,0,0,3,19,15
200700065493,7,10,15,5,2,1,1.0,2.0,0.0,7.0,0.0,0.0,2.0,2.0,1,1,3.0,3.0,4.0,1.0,0.0,120.0,1,0.0,1.0,2,1,2,2,0,0,0,4,0,0,4,0,0,2,2,0,0,1,1,0,0,2,20,35
201300027330,13,5,14,1,2,2,1.0,2.0,0.0,2.0,0.0,0.0,2.0,15.0,1,0,4.0,2.0,2.0,1.0,0.0,0.0,1,0.0,1.0,2,2,4,0,0,0,0,4,0,0,4,0,0,0,2,2,0,1,1,0,0,2,19,45
200600055804,6,9,7,1,2,2,1.0,3.0,0.0,5.0,0.0,0.0,2.0,1.0,1,2,4.0,1.0,1.0,1.0,0.0,30.0,1,0.0,1.0,2,2,4,0,0,0,0,4,0,0,4,0,0,2,0,0,2,1,0,0,0,2,11,35
200900058516,9,12,24,5,2,2,1.0,6.0,0.0,7.0,0.0,1.0,2.0,1.0,2,1,4.0,1.0,1.0,2.0,0.0,71.0,1,0.0,1.0,2,3,6,2,2,0,2,4,0,0,0,6,2,4,0,4,0,1,0,0,0,3,5,0
200700044815,7,7,20,1,2,1,1.0,2.0,0.0,7.0,0.0,0.0,0.0,2.0,1,1,2.0,3.0,2.0,1.0,0.0,60.0,1,0.0,1.0,2,2,6,0,0,0,2,4,0,2,2,2,0,4,0,2,0,1,1,0,0,2,15,40
200800066504,8,11,10,2,2,1,1.0,2.0,0.0,30.0,0.0,0.0,2.0,2.0,1,2,4.0,2.0,3.0,1.0,0.0,0.0,1,0.0,1.0,2,2,6,0,0,0,2,4,0,2,4,0,0,0,2,4,0,1,1,0,0,2,17,0
200500012019,5,2,26,3,1,1,1.0,7.0,0.0,5.0,0.0,0.0,0.0,1.0,1,2,3.0,0.0,2.0,1.0,0.0,60.0,1,0.0,1.0,1,2,1,1,0,0,1,1,0,1,1,0,0,0,1,1,0,0,0,1,0,2,18,45
200500049464,5,8,29,1,1,1,1.0,6.0,0.0,7.0,0.0,4.0,0.0,1.0,1,1,1.0,1.0,3.0,1.0,3.0,105.0,1,0.0,1.0,1,1,3,3,4,0,1,1,0,5,1,0,0,2,4,0,0,1,0,0,0,2,6,45
200800046610,8,8,2,1,1,1,2.0,2.0,0.0,7.0,0.0,0.0,2.0,17.0,1,1,3.0,2.0,2.0,1.0,0.0,0.0,1,0.0,0.0,2,1,4,0,0,0,0,4,0,0,2,0,2,0,0,4,0,1,1,0,0,3,12,15
200500068762,5,10,21,2,2,2,8.0,3.0,0.0,7.0,0.0,0.0,2.0,15.0,1,1,9.0,2.0,2.0,1.0,0.0,110.0,1,0.0,1.0,2,1,4,0,0,0,0,4,2,0,0,0,2,4,0,0,0,1,0,0,0,2,19,30
201600021087,16,1,20,5,2,1,9.0,6.0,1.0,10.0,0.0,0.0,1.0,0.0,1,1,3.0,2.0,2.0,1.0,0.0,0.0,1,0.0,1.0,1,1,2,0,0,1,0,1,0,2,0,0,0,0,0,1,1,1,0,0,0,3,19,50
201300001772,13,7,2,1,1,1,1.0,1.0,0.0,7.0,0.0,0.0,2.0,1.0,1,1,3.0,2.0,2.0,1.0,0.0,70.0,1,0.0,1.0,2,4,2,2,0,0,0,4,0,0,2,2,0,2,0,0,2,1,0,0,0,4,15,45
201300042038,13,8,21,2,2,1,1.0,6.0,0.0,7.0,0.0,1.0,0.0,0.0,1,0,4.0,2.0,2.0,2.0,70.0,50.0,1,0.0,4.0,1,2,0,1,0,0,0,1,0,0,1,0,0,1,0,0,0,1,0,0,0,2,21,5
201000050647,10,9,20,1,2,3,1.0,3.0,0.0,7.0,0.0,0.0,2.0,2.0,1,1,4.0,1.0,1.0,1.0,0.0,50.0,1,0.0,0.0,2,1,4,0,0,0,0,4,0,2,0,2,0,2,0,2,0,1,0,0,0,2,18,35
201000062346,10,4,22,1,2,1,1.0,3.0,0.0,7.0,0.0,0.0,2.0,10.0,1,1,4.0,2.0,2.0,1.0,0.0,100.0,1,0.0,1.0,2,1,4,2,2,0,0,4,0,0,6,0,0,0,0,6,0,1,0,0,0,2,15,5
201400022001,14,4,9,1,1,1,1.0,7.0,0.0,7.0,0.0,13.0,0.0,1.0,1,1,2.0,1.0,2.0,2.0,10.0,75.0,1,3.0,1.0,1,2,1,0,0,0,0,1,0,0,1,0,0,1,0,0,0,0,0,0,1,2,15,45
201300009955,13,6,26,1,2,1,1.0,7.0,0.0,32.0,0.0,12.0,0.0,2.0,1,2,4.0,1.0,2.0,1.0,68.0,64.0,1,0.0,1.0,2,3,4,0,0,0,0,4,0,0,0,0,4,2,0,2,0,0,0,0,0,3,13,5
201000013778,10,6,27,1,1,4,1.0,3.0,0.0,7.0,0.0,0.0,0.0,19.0,1,1,3.0,2.0,2.0,1.0,0.0,0.0,1,5.0,-1.0,2,1,2,2,0,0,0,4,0,0,4,0,0,2,0,0,2,1,0,1,0,3,18,0
200600028656,6,5,9,1,2,1,1.0,6.0,0.0,2.0,0.0,0.0,1.0,3.0,1,2,4.0,2.0,2.0,1.0,0.0,77.0,1,0.0,1.0,1,2,1,1,0,1,0,1,0,2,0,0,0,1,1,0,0,1,0,0,0,3,16,55
201600003334,16,11,2,1,1,3,1.0,3.0,2.0,2.0,0.0,0.0,0.0,2.0,1,2,3.0,2.0,2.0,1.0,37.0,79.0,1,0.0,1.0,2,3,4,0,0,0,0,4,2,0,2,0,0,2,2,0,0,1,0,0,0,3,17,45
201300045153,13,6,15,1,2,1,7.0,6.0,0.0,7.0,0.0,0.0,1.0,1.0,1,1,3.0,3.0,4.0,2.0,0.0,-1.0,1,0.0,1.0,1,1,1,1,0,1,0,1,0,0,2,0,0,0,1,1,0,1,0,0,0,2,11,45
200500036485,5,6,10,5,2,1,1.0,1.0,0.0,7.0,0.0,0.0,2.0,1.0,1,1,4.0,2.0,2.0,1.0,0.0,70.0,1,0.0,1.0,2,1,6,0,0,0,2,4,0,2,2,2,0,2,0,2,2,1,0,0,0,2,22,5
200800031367,8,6,7,4,2,1,1.0,3.0,0.0,34.0,0.0,0.0,2.0,15.0,1,2,9.0,2.0,0.0,2.0,0.0,104.0,-1,0.0,1.0,2,2,2,2,0,0,0,4,0,4,0,0,0,4,0,0,0,1,0,0,0,2,5,50
201100042099,11,8,9,1,2,2,1.0,2.0,0.0,7.0,0.0,0.0,0.0,2.0,1,1,3.0,2.0,2.0,1.0,60.0,120.0,1,0.0,1.0,2,2,0,4,0,0,0,4,0,0,2,0,2,4,0,0,0,1,1,0,0,2,18,25
200500050272,5,8,27,5,2,1,1.0,6.0,0.0,14.0,0.0,0.0,1.0,1.0,1,1,2.0,4.0,3.0,1.0,0.0,100.0,1,0.0,1.0,1,1,2,0,0,1,0,1,1,0,0,1,0,1,0,1,0,0,1,0,0,3,5,30
201300037348,13,10,24,1,2,1,1.0,6.0,0.0,7.0,0.0,0.0,1.0,4.0,1,1,6.0,1.0,1.0,0.0,0.0,30.0,1,0.0,1.0,1,1,2,0,0,1,0,1,1,0,1,0,0,1,0,0,1,0,1,0,0,2,11,55
200500071488,5,11,18,3,1,1,1.0,6.0,0.0,5.0,0.0,0.0,0.0,1.0,1,2,3.0,2.0,2.0,0.0,0.0,70.0,1,0.0,3.0,1,3,1,0,0,0,0,1,0,0,1,0,0,0,0,1,0,1,0,0,0,3,18,35
200700029180,7,5,21,1,2,1,1.0,5.0,0.0,7.0,0.0,0.0,2.0,1.0,1,1,4.0,2.0,3.0,1.0,0.0,92.0,1,0.0,1.0,4,2,16,4,0,0,4,16,4,8,0,4,4,8,0,4,8,1,1,0,0,2,13,45
201500019478,15,11,8,5,2,1,1.0,6.0,0.0,2.0,0.0,0.0,0.0,2.0,1,2,4.0,2.0,0.0,1.0,0.0,0.0,1,0.0,1.0,1,2,1,0,0,0,0,1,0,0,1,0,0,0,1,0,0,0,0,0,1,2,23,25
200900003110,9,4,23,1,2,1,1.0,6.0,0.0,10.0,0.0,0.0,1.0,20.0,3,-1,4.0,1.0,0.0,1.0,0.0,100.0,1,0.0,1.0,1,2,1,1,0,1,0,1,0,0,1,1,0,0,0,1,1,0,1,0,0,2,13,50
200800056765,8,10,7,1,1,1,2.0,3.0,0.0,7.0,0.0,0.0,2.0,10.0,1,-1,2.0,2.0,2.0,3.0,0.0,80.0,1,0.0,1.0,2,4,6,0,0,0,2,4,0,2,2,2,0,0,0,4,2,1,0,1,0,4,8,49
200700034332,7,6,19,1,2,1,1.0,4.0,0.0,7.0,0.0,0.0,2.0,1.0,1,1,4.0,3.0,3.0,1.0,40.0,170.0,1,0.0,1.0,3,2,6,3,0,0,0,9,0,3,0,3,3,3,0,6,0,1,1,0,1,2,7,35
200800065631,8,11,4,1,2,1,1.0,6.0,0.0,7.0,0.0,0.0,1.0,1.0,1,1,4.0,1.0,2.0,1.0,0.0,60.0,1,0.0,1.0,1,1,1,1,0,1,0,1,2,0,0,0,0,0,0,0,2,1,0,0,0,3,10,15
201300017505,13,2,1,1,2,2,2.0,3.0,0.0,32.0,0.0,0.0,2.0,1.0,1,2,3.0,3.0,2.0,1.0,0.0,0.0,1,5.0,1.0,2,3,6,0,0,0,2,4,0,0,0,0,6,2,0,4,0,1,0,0,0,3,12,45
200800032748,8,6,20,1,2,1,1.0,2.0,0.0,33.0,0.0,0.0,2.0,1.0,1,2,3.0,3.0,4.0,1.0,30.0,140.0,1,0.0,0.0,2,3,4,0,0,0,0,4,0,2,2,0,0,4,0,0,0,1,1,0,0,3,18,55
200800013388,8,3,2,5,2,1,2.0,7.0,0.0,2.0,0.0,12.0,0.0,1.0,1,2,3.0,2.0,2.0,2.0,0.0,65.0,1,0.0,1.0,1,3,1,0,0,0,0,1,0,0,1,0,0,1,0,0,0,1,0,0,0,3,19,7
201100036444,11,7,8,1,2,1,1.0,4.0,0.0,7.0,0.0,0.0,2.0,1.0,1,1,4.0,2.0,2.0,1.0,0.0,0.0,1,0.0,1.0,3,2,6,3,0,0,0,9,0,6,0,0,3,3,0,6,0,1,1,0,0,2,8,5
201400014956,14,6,20,1,2,1,1.0,2.0,0.0,7.0,0.0,0.0,2.0,0.0,1,-1,4.0,2.0,0.0,1.0,0.0,0.0,1,0.0,1.0,2,2,4,0,0,0,0,4,4,0,0,0,0,2,0,2,0,1,1,0,0,2,10,30
200900027531,9,5,18,1,2,1,3.0,3.0,0.0,2.0,0.0,0.0,1.0,17.0,1,2,3.0,2.0,2.0,1.0,30.0,65.0,1,0.0,1.0,2,1,2,2,0,0,0,4,2,0,0,0,2,0,2,2,0,1,1,0,0,2,18,0
201600018967,16,9,22,1,2,1,1.0,6.0,0.0,2.0,0.0,15.0,0.0,1.0,1,2,4.0,2.0,2.0,0.0,0.0,35.0,1,0.0,4.0,1,2,1,0,0,0,0,1,0,0,1,0,0,0,1,0,0,1,0,0,0,2,18,15
201300028629,13,2,7,2,2,2,1.0,6.0,0.0,7.0,0.0,1.0,0.0,0.0,1,1,4.0,2.0,2.0,1.0,0.0,0.0,1,0.0,0.0,1,3,1,0,0,0,0,1,0,0,0,0,1,1,0,0,0,1,0,0,0,3,7,45
201700002876,17,9,3,2,2,1,5.0,2.0,2.0,7.0,0.0,0.0,2.0,1.0,1,1,3.0,2.0,2.0,2.0,0.0,56.0,1,0.0,1.0,2,1,2,4,0,0,2,4,0,0,6,0,0,4,0,2,0,1,0,0,0,2,6,30
201700042977,17,12,21,5,2,3,2.0,6.0,2.0,7.0,0.0,0.0,1.0,0.0,3,-1,4.0,2.0,2.0,1.0,0.0,50.0,1,0.0,1.0,1,2,0,1,0,1,0,0,0,1,0,0,0,0,0,1,0,1,0,0,0,2,7,45
201300039301,13,5,18,1,2,1,1.0,6.0,0.0,7.0,0.0,0.0,1.0,2.0,1,-1,4.0,2.0,4.0,1.0,200.0,120.0,1,0.0,1.0,1,1,1,1,0,1,0,1,0,0,1,0,1,2,0,0,0,1,0,0,0,2,17,45
200900003168,9,4,26,5,2,6,1.0,3.0,0.0,7.0,0.0,0.0,9.0,2.0,1,-1,4.0,1.0,1.0,1.0,0.0,60.0,1,0.0,0.0,2,1,4,0,0,0,0,4,0,0,4,0,0,2,0,2,0,1,1,0,0,2,2,20
201600020602,16,3,11,1,2,1,1.0,3.0,2.0,2.0,0.0,0.0,2.0,17.0,1,2,4.0,2.0,2.0,1.0,0.0,0.0,1,0.0,1.0,2,2,4,0,0,0,0,4,2,2,0,0,0,2,2,0,0,1,0,1,0,2,9,45
201600001423,16,11,4,5,2,1,1.0,6.0,1.0,7.0,0.0,0.0,1.0,4.0,1,-1,3.0,2.0,2.0,1.0,0.0,60.0,1,0.0,1.0,1,1,1,1,0,1,0,1,0,0,0,1,1,2,0,0,0,0,1,0,0,3,7,30
200700061343,7,10,25,2,2,1,1.0,6.0,0.0,7.0,0.0,0.0,0.0,1.0,1,1,9.0,1.0,1.0,1.0,0.0,50.0,1,0.0,1.0,1,1,1,1,0,1,0,1,1,0,0,0,1,1,1,0,0,1,0,0,0,3,18,0
200900028256,9,6,11,1,1,1,1.0,6.0,0.0,14.0,0.0,0.0,1.0,1.0,3,-1,3.0,2.0,2.0,0.0,0.0,80.0,1,5.0,1.0,1,3,1,1,0,1,0,1,1,0,0,0,1,1,1,0,0,1,0,0,0,3,12,0
201100055300,11,11,8,1,1,1,8.0,2.0,0.0,10.0,0.0,4.0,2.0,23.0,1,1,1.0,3.0,4.0,3.0,15.0,140.0,1,0.0,1.0,2,2,4,0,0,0,0,4,2,0,0,2,0,0,0,4,0,1,1,0,0,2,13,5
201100010707,11,7,1,1,2,1,1.0,6.0,0.0,2.0,0.0,0.0,1.0,1.0,1,2,3.0,2.0,2.0,1.0,0.0,78.0,1,0.0,1.0,1,2,1,1,0,1,0,1,0,0,2,0,0,0,2,0,0,1,0,0,0,3,17,45
200700025177,7,2,18,3,2,1,1.0,6.0,0.0,7.0,0.0,0.0,1.0,4.0,3,-1,4.0,1.0,0.0,1.0,0.0,0.0,1,0.0,1.0,1,2,1,0,0,1,0,0,0,1,0,0,0,1,0,0,0,0,1,0,0,2,1,15
200900040405,9,4,26,1,1,2,2.0,7.0,0.0,7.0,0.0,0.0,0.0,21.0,1,1,3.0,0.0,0.0,0.0,0.0,0.0,-1,0.0,0.0,1,3,1,0,0,0,0,1,0,1,0,0,0,0,0,1,0,0,0,0,1,3,12,45
201200040310,12,11,15,5,2,2,5.0,6.0,0.0,7.0,0.0,0.0,1.0,1.0,1,1,4.0,2.0,2.0,1.0,0.0,-1.0,1,0.0,1.0,1,1,2,0,0,1,0,1,0,0,1,0,1,2,0,0,0,1,0,0,0,3,6,45
201000004374,10,2,18,3,1,1,1.0,1.0,0.0,30.0,0.0,0.0,2.0,1.0,1,2,3.0,2.0,2.0,1.0,0.0,100.0,1,5.0,1.0,2,4,4,0,0,0,0,4,0,0,2,0,2,0,2,0,2,1,0,0,0,4,19,0
201400001852,14,11,28,5,1,6,1.0,6.0,0.0,7.0,0.0,0.0,1.0,1.0,1,1,4.0,3.0,4.0,0.0,0.0,0.0,1,5.0,1.0,1,1,1,1,0,1,0,1,0,0,1,0,1,1,1,0,0,1,0,0,0,3,19,30
200600052257,6,9,11,1,1,1,1.0,1.0,0.0,17.0,0.0,0.0,2.0,1.0,1,1,3.0,2.0,2.0,0.0,0.0,73.0,1,0.0,1.0,2,1,4,2,0,0,2,4,0,2,2,2,0,4,0,2,0,0,1,1,0,3,14,20
201700021065,17,9,28,1,2,1,1.0,4.0,2.0,7.0,0.0,0.0,2.0,2.0,1,1,4.0,2.0,2.0,1.0,0.0,65.0,1,0.0,1.0,3,1,9,0,0,0,0,9,0,0,0,3,6,3,0,6,0,1,1,0,0,2,7,55
200700051811,7,8,29,5,1,1,1.0,6.0,0.0,7.0,0.0,0.0,0.0,2.0,1,1,2.0,3.0,6.0,1.0,15.0,210.0,1,0.0,1.0,1,1,2,3,3,0,1,1,0,4,1,0,0,2,0,3,0,0,1,0,0,2,22,40
201600045325,16,1,21,1,1,1,1.0,6.0,1.0,33.0,0.0,4.0,0.0,13.0,1,2,1.0,3.0,6.0,1.0,0.0,-1.0,1,0.0,1.0,1,2,1,0,0,0,0,1,0,0,0,0,1,1,0,0,0,1,0,0,0,2,16,30
200900068783,9,10,6,1,2,6,1.0,2.0,0.0,7.0,0.0,0.0,2.0,1.0,1,1,2.0,1.0,2.0,1.0,0.0,0.0,1,0.0,1.0,2,3,0,4,0,0,0,4,0,4,0,0,0,2,0,2,0,1,1,0,0,3,15,5
201700038491,17,6,10,1,1,1,1.0,4.0,2.0,7.0,0.0,0.0,2.0,1.0,1,1,2.0,3.0,4.0,1.0,0.0,0.0,1,0.0,1.0,3,1,9,3,0,0,3,9,3,0,3,6,0,9,0,3,0,1,1,0,0,2,12,50
200900056864,9,12,25,3,1,1,1.0,5.0,0.0,7.0,0.0,0.0,2.0,1.0,1,1,2.0,2.0,2.0,1.0,0.0,72.0,1,0.0,1.0,3,1,9,6,3,0,3,9,0,0,15,0,0,9,6,0,0,1,0,1,0,4,22,30
201300054601,13,5,9,1,2,2,1.0,3.0,0.0,7.0,0.0,0.0,2.0,1.0,1,1,4.0,1.0,1.0,1.0,0.0,0.0,1,0.0,1.0,2,1,4,2,0,0,2,4,0,0,6,0,0,0,0,4,2,1,0,1,0,2,17,0
201300018002,13,7,13,3,2,2,1.0,6.0,0.0,7.0,0.0,14.0,0.0,1.0,1,1,3.0,-1.0,2.0,-1.0,0.0,-1.0,-1,0.0,-1.0,1,1,2,2,2,0,1,1,0,3,1,0,0,0,3,1,0,1,0,0,0,3,23,45
201000000172,10,7,11,4,2,1,1.0,6.0,0.0,7.0,0.0,6.0,0.0,1.0,1,1,3.0,2.0,3.0,1.0,0.0,110.0,1,0.0,1.0,1,3,1,0,0,0,0,1,0,0,1,0,0,0,0,1,0,1,0,0,0,3,3,30
201600027506,16,3,25,1,2,6,1.0,6.0,0.0,7.0,0.0,0.0,2.0,0.0,1,1,4.0,2.0,2.0,1.0,0.0,54.0,1,0.0,1.0,2,1,0,4,0,0,0,4,0,0,0,0,4,0,0,4,0,1,1,0,0,2,7,45
200600030624,6,6,6,1,2,1,1.0,3.0,0.0,7.0,0.0,0.0,0.0,15.0,1,1,3.0,2.0,2.0,1.0,0.0,60.0,1,0.0,1.0,2,1,0,6,0,0,2,4,0,2,4,0,0,2,0,4,0,1,0,0,0,2,18,0
200700029661,7,5,7,1,2,2,1.0,6.0,0.0,2.0,0.0,12.0,0.0,15.0,1,2,4.0,1.0,1.0,1.0,0.0,30.0,1,0.0,1.0,1,2,1,0,0,0,0,1,0,0,0,1,0,0,0,1,0,1,0,0,0,2,14,0
200800033668,8,6,18,1,2,1,1.0,5.0,0.0,7.0,0.0,0.0,2.0,13.0,1,1,4.0,2.0,3.0,1.0,0.0,90.0,1,0.0,1.0,3,3,9,3,3,0,0,9,0,3,3,6,0,9,3,0,0,1,0,0,0,3,17,40
201500027691,15,12,2,1,2,2,1.0,3.0,0.0,7.0,0.0,0.0,2.0,16.0,1,1,4.0,2.0,2.0,1.0,0.0,132.0,1,0.0,1.0,2,1,2,2,0,0,0,4,4,0,0,0,0,0,0,4,0,0,0,1,0,2,11,15
201500004120,15,2,14,2,1,2,2.0,3.0,0.0,10.0,0.0,0.0,2.0,1.0,1,1,3.0,2.0,1.0,1.0,0.0,76.0,1,0.0,1.0,2,2,4,2,0,0,2,4,0,2,4,0,0,4,0,2,0,1,0,1,0,3,17,45
200800028898,8,5,18,1,1,1,1.0,3.0,0.0,7.0,0.0,0.0,2.0,1.0,1,1,4.0,2.0,2.0,1.0,0.0,58.0,1,0.0,1.0,2,1,4,2,0,0,2,4,0,2,4,0,0,0,0,6,0,1,0,0,0,2,14,45
200600040902,6,7,12,1,2,1,1.0,7.0,0.0,32.0,0.0,0.0,0.0,1.0,1,2,4.0,2.0,2.0,1.0,0.0,62.0,1,0.0,1.0,2,2,4,0,0,0,0,4,0,0,2,0,2,4,0,0,0,0,0,0,0,2,18,10
200700056747,7,9,8,1,2,1,1.0,6.0,0.0,2.0,0.0,0.0,1.0,17.0,1,-1,4.0,3.0,2.0,1.0,15.0,120.0,1,0.0,1.0,1,1,2,0,0,1,0,1,0,0,2,0,0,0,2,0,0,1,0,0,0,2,14,30
201200048884,12,8,27,5,1,1,1.0,1.0,0.0,7.0,0.0,1.0,0.0,1.0,1,1,1.0,3.0,4.0,1.0,15.0,135.0,1,1.0,1.0,2,2,4,0,0,0,0,4,0,0,2,2,0,4,0,0,0,1,1,0,0,2,23,40
201500016564,15,9,11,1,2,2,1.0,3.0,0.0,30.0,0.0,0.0,2.0,1.0,1,2,3.0,2.0,0.0,2.0,0.0,0.0,1,0.0,0.0,2,3,2,2,0,0,0,4,2,0,0,0,2,2,2,0,0,1,0,1,0,3,8,30
201300020112,13,3,4,1,2,1,1.0,2.0,0.0,7.0,0.0,0.0,2.0,2.0,1,1,3.0,2.0,2.0,1.0,0.0,50.0,1,0.0,1.0,2,1,2,2,0,0,0,4,0,4,0,0,0,4,0,0,0,1,1,0,0,2,11,30
201500055103,15,12,8,1,2,3,3.0,6.0,0.0,7.0,0.0,0.0,1.0,1.0,1,1,4.0,1.0,0.0,2.0,0.0,0.0,1,6.0,1.0,1,1,1,1,0,1,0,1,2,0,0,0,0,2,0,0,0,1,0,0,0,2,15,0
200800054987,8,10,12,1,1,1,1.0,7.0,0.0,7.0,0.0,0.0,0.0,0.0,1,1,3.0,2.0,0.0,1.0,0.0,0.0,1,0.0,3.0,1,2,1,0,0,0,0,1,0,0,1,0,0,0,0,1,0,0,0,1,0,2,18,30
200700023967,7,4,14,1,2,1,1.0,3.0,0.0,2.0,0.0,0.0,2.0,17.0,1,2,3.0,2.0,2.0,2.0,0.0,0.0,1,2.0,1.0,2,2,0,4,0,0,0,4,0,0,4,0,0,2,0,2,0,1,0,1,0,2,13,5
201400010133,14,1,24,1,2,1,1.0,6.0,0.0,7.0,0.0,0.0,1.0,15.0,1,1,4.0,2.0,2.0,0.0,0.0,0.0,1,0.0,1.0,1,1,0,2,0,1,0,1,0,0,2,0,0,1,0,1,0,1,0,0,0,2,15,0
200500006331,5,1,4,3,1,1,1.0,2.0,0.0,7.0,0.0,0.0,0.0,4.0,1,1,3.0,3.0,4.0,1.0,10.0,150.0,1,0.0,1.0,2,1,6,2,2,0,0,6,2,6,0,0,0,4,0,4,0,1,1,0,0,2,18,15
201200011885,12,12,7,1,2,3,1.0,6.0,0.0,7.0,0.0,0.0,2.0,1.0,1,1,4.0,-1.0,2.0,-1.0,0.0,-1.0,-1,0.0,-1.0,1,1,0,2,0,1,0,1,0,1,0,1,0,1,0,1,0,1,0,0,0,2,10,10
200700009378,7,2,20,1,2,9,1.0,6.0,0.0,10.0,0.0,0.0,1.0,4.0,3,-1,4.0,2.0,2.0,1.0,0.0,90.0,1,0.0,1.0,1,3,2,0,0,1,0,1,0,0,1,1,0,1,0,0,1,0,1,0,0,3,10,12
200500050200,5,8,12,1,1,1,1.0,1.0,0.0,5.0,0.0,0.0,2.0,5.0,1,2,3.0,2.0,2.0,2.0,0.0,65.0,1,0.0,1.0,2,3,2,2,0,0,0,4,0,0,4,0,0,4,0,0,0,1,0,0,0,3,16,30
201500004582,15,8,11,3,1,1,1.0,6.0,0.0,7.0,0.0,2.0,0.0,1.0,1,-1,3.0,2.0,2.0,0.0,0.0,60.0,-1,0.0,0.0,1,4,1,0,0,0,0,1,0,1,0,0,0,0,0,1,0,0,0,1,0,4,1,30
201300043409,13,6,18,1,2,1,1.0,2.0,0.0,33.0,0.0,0.0,2.0,2.0,1,2,3.0,2.0,0.0,1.0,0.0,0.0,1,5.0,1.0,2,1,6,0,2,0,0,4,2,4,0,0,0,4,2,0,0,1,1,0,0,2,18,50
201600018942,16,10,18,5,2,1,1.0,6.0,1.0,2.0,0.0,12.0,0.0,1.0,1,2,3.0,2.0,2.0,1.0,68.0,0.0,1,0.0,4.0,1,2,1,0,0,0,0,1,1,0,0,0,0,1,0,0,0,0,0,1,0,2,22,50
200500066937,5,10,7,1,2,1,1.0,6.0,0.0,7.0,0.0,0.0,1.0,1.0,1,1,4.0,2.0,2.0,1.0,0.0,65.0,1,0.0,1.0,1,1,1,1,0,1,0,1,0,0,2,0,0,0,1,1,0,1,0,0,0,2,13,25
201000053535,10,7,8,1,2,1,1.0,6.0,0.0,30.0,0.0,0.0,1.0,3.0,1,-1,2.0,3.0,4.0,1.0,40.0,159.0,1,0.0,1.0,1,1,1,1,0,1,0,1,1,0,0,0,1,0,0,1,1,1,0,0,0,3,9,5
200800059820,8,10,4,1,2,1,1.0,4.0,0.0,10.0,0.0,0.0,0.0,2.0,1,1,3.0,2.0,1.0,1.0,0.0,50.0,1,0.0,1.0,3,1,9,0,0,0,0,9,0,3,6,0,0,6,0,3,0,1,0,1,0,3,12,20
201200018128,12,4,3,1,1,1,1.0,3.0,0.0,33.0,0.0,0.0,2.0,17.0,1,2,3.0,2.0,2.0,1.0,0.0,60.0,1,0.0,1.0,2,2,4,0,0,0,0,4,0,0,2,0,2,2,0,0,2,1,0,0,0,2,17,15
201300039933,13,8,24,5,2,4,2.0,3.0,0.0,7.0,0.0,0.0,2.0,0.0,1,1,3.0,2.0,2.0,1.0,0.0,30.0,1,0.0,1.0,2,1,6,0,2,0,0,4,0,4,2,0,0,0,0,6,0,1,0,0,0,2,0,1
200600019850,6,4,8,1,1,6,1.0,2.0,0.0,7.0,0.0,0.0,2.0,1.0,1,1,2.0,2.0,2.0,1.0,0.0,35.0,1,0.0,1.0,2,1,4,0,0,0,0,4,0,0,0,4,0,4,0,0,0,1,1,0,0,2,8,30
201400022429,14,5,8,2,1,1,2.0,6.0,0.0,7.0,0.0,13.0,0.0,1.0,1,-1,3.0,3.0,4.0,1.0,0.0,0.0,1,2.0,1.0,1,2,2,1,2,0,0,1,0,3,0,0,0,0,0,3,0,1,0,0,0,2,21,50
200900060145,9,10,2,1,2,1,1.0,6.0,0.0,7.0,0.0,0.0,1.0,1.0,3,-1,4.0,2.0,2.0,1.0,0.0,89.0,1,0.0,1.0,1,2,1,1,0,1,0,1,1,0,0,1,0,1,1,0,0,1,0,0,0,2,14,40
200700007056,7,2,4,1,1,1,1.0,3.0,0.0,7.0,0.0,0.0,0.0,1.0,1,1,3.0,2.0,0.0,1.0,0.0,41.0,1,0.0,1.0,2,2,4,4,2,0,2,4,0,4,4,0,0,2,0,0,6,1,1,0,0,3,15,30
200800025012,8,5,6,1,2,1,1.0,4.0,0.0,7.0,0.0,0.0,2.0,1.0,1,-1,4.0,2.0,2.0,1.0,0.0,0.0,1,0.0,1.0,3,1,6,3,0,0,0,9,3,0,0,0,6,9,0,0,0,1,1,0,0,2,14,50
201200023928,12,12,20,3,2,2,1.0,7.0,0.0,7.0,0.0,0.0,1.0,1.0,1,-1,4.0,1.0,1.0,1.0,0.0,31.0,1,0.0,1.0,1,1,2,0,0,1,0,1,1,1,0,0,0,1,1,0,0,0,0,0,0,2,16,50