Num_Acc,an,mois,jour,lum,agg,int,atm,col,senc,catv,occutc,obs,obsm,manv,catu,secu,catr,circ,nbv,prof,lartpc,larrout,surf,infra,situ,nb_veh,grav_simpl,Homme,Femme,Arrière,Autre_x,Avant,Conducteur,Autre_y,Inconnu,Loisirs,Professionnel,Travail,Adulte,Enfant,Jeune,Senior,choc_avant,choc_arriere,choc_lateral,choc_multiple,grav_order_max,heure,minute
200800020558,8,4,27,5,2,2,1.0,3.0,0.0,7.0,0.0,0.0,2.0,1.0,1,1,3.0,1.0,2.0,1.0,0.0,102.0,1,0.0,1.0,2,1,4,2,0,0,2,4,0,2,4,0,0,2,0,4,0,1,0,1,0,2,23,51
200800021572,8,4,13,5,2,2,1.0,3.0,0.0,7.0,0.0,0.0,2.0,9.0,1,1,4.0,2.0,2.0,1.0,0.0,62.0,1,0.0,1.0,2,2,4,0,0,0,0,4,0,4,0,0,0,0,0,4,0,0,0,0,0,2,23,40
201000059115,10,1,1,1,1,1,2.0,6.0,0.0,7.0,0.0,4.0,0.0,1.0,1,1,1.0,1.0,4.0,1.0,15.0,30.0,1,2.0,1.0,1,2,1,0,0,0,0,1,0,0,0,0,1,0,0,1,0,1,0,0,0,2,10,50
200800055780,8,10,1,2,1,1,1.0,1.0,0.0,2.0,0.0,0.0,2.0,13.0,1,2,3.0,2.0,2.0,2.0,0.0,0.0,1,0.0,1.0,2,3,2,2,0,0,0,4,0,0,4,0,0,2,2,0,0,1,0,0,0,3,18,30
200700067764,7,11,12,1,2,1,1.0,3.0,0.0,1.0,0.0,0.0,2.0,0.0,1,0,4.0,2.0,2.0,1.0,0.0,0.0,1,0.0,1.0,2,2,4,0,0,0,0,4,0,2,0,0,2,2,0,0,2,0,1,0,0,2,14,45
200900070047,9,1,9,1,2,1,1.0,6.0,0.0,7.0,0.0,0.0,1.0,1.0,1,-1,4.0,1.0,3.0,1.0,0.0,101.0,1,0.0,1.0,1,1,1,1,0,1,0,1,1,0,0,1,0,0,0,1,1,1,0,0,0,2,11,45
201600050102,16,11,14,1,1,1,1.0,6.0,1.0,7.0,0.0,1.0,1.0,2.0,1,-1,1.0,3.0,4.0,1.0,20.0,144.0,1,0.0,2.0,1,1,2,0,0,1,0,1,1,0,1,0,0,1,0,1,0,1,0,0,0,3,11,0
200600035673,6,6,22,1,2,3,1.0,6.0,0.0,4.0,0.0,0.0,1.0,7.0,1,2,4.0,3.0,2.0,1.0,10.0,60.0,1,0.0,1.0,1,1,2,0,0,1,0,1,0,0,2,0,0,1,1,0,0,1,0,0,0,2,18,45
201100026820,11,9,16,1,2,1,1.0,3.0,0.0,7.0,0.0,0.0,2.0,1.0,1,-1,4.0,2.0,2.0,1.0,0.0,95.0,1,0.0,1.0,2,2,4,0,0,0,0,4,4,0,0,0,0,2,0,2,0,1,0,0,0,2,9,50
201600022926,16,5,30,1,2,1,1.0,2.0,1.0,7.0,0.0,0.0,0.0,23.0,1,-1,4.0,2.0,3.0,1.0,0.0,0.0,1,0.0,1.0,2,1,4,0,0,0,0,4,2,2,0,0,0,0,0,4,0,1,1,0,0,2,18,0
201700046797,17,9,9,3,1,1,2.0,7.0,2.0,7.0,0.0,0.0,9.0,14.0,1,1,2.0,3.0,2.0,1.0,25.0,70.0,1,0.0,1.0,1,2,1,0,0,0,0,1,0,0,1,0,0,0,0,1,0,1,0,0,0,2,7,15
200800066894,8,11,10,1,1,1,1.0,7.0,0.0,33.0,0.0,13.0,0.0,16.0,1,2,3.0,2.0,2.0,2.0,0.0,54.0,1,0.0,1.0,1,3,1,0,0,0,0,1,0,1,0,0,0,1,0,0,0,1,0,0,0,3,12,0
201000029881,10,12,28,5,2,1,1.0,6.0,0.0,7.0,0.0,0.0,1.0,1.0,1,-1,4.0,3.0,3.0,3.0,0.0,0.0,1,0.0,1.0,1,1,1,1,0,1,0,1,0,1,1,0,0,1,0,1,0,1,0,0,0,2,18,0
201600039800,16,9,23,1,2,3,1.0,3.0,1.0,7.0,0.0,8.0,1.0,17.0,1,1,4.0,3.0,4.0,1.0,157.0,66.0,1,0.0,1.0,2,2,8,2,0,4,2,4,2,8,0,0,0,2,2,6,0,1,0,1,0,3,13,4
201600053733,16,12,22,2,2,3,3.0,6.0,1.0,7.0,0.0,0.0,1.0,1.0,1,1,4.0,2.0,3.0,1.0,0.0,90.0,1,0.0,1.0,1,1,1,1,0,1,0,1,1,0,0,0,1,2,0,0,0,1,0,0,0,3,7,50
201000001078,10,2,4,1,2,4,1.0,3.0,0.0,34.0,0.0,0.0,2.0,1.0,1,2,3.0,2.0,2.0,1.0,0.0,0.0,1,0.0,1.0,2,2,4,0,0,0,0,4,0,0,2,0,2,2,0,2,0,1,1,0,0,2,15,0
200800071085,8,12,5,1,2,1,1.0,2.0,0.0,10.0,0.0,0.0,2.0,1.0,1,-1,4.0,1.0,1.0,1.0,0.0,60.0,1,4.0,1.0,2,1,4,0,0,0,0,4,0,0,0,4,0,2,0,2,0,1,0,0,0,2,9,45
201500055626,15,10,2,1,2,1,1.0,4.0,0.0,33.0,0.0,0.0,2.0,1.0,1,2,4.0,1.0,4.0,1.0,0.0,0.0,1,0.0,1.0,3,2,9,0,0,0,0,9,0,6,0,0,3,6,0,3,0,1,0,0,0,2,17,45
200900029879,9,4,11,1,2,3,1.0,3.0,0.0,7.0,0.0,0.0,2.0,15.0,1,1,4.0,1.0,2.0,1.0,0.0,54.0,1,0.0,1.0,2,1,2,2,0,0,0,4,0,4,0,0,0,2,0,0,2,1,0,1,0,2,14,40
200600044545,6,7,16,3,1,1,1.0,6.0,0.0,7.0,0.0,4.0,0.0,21.0,1,1,1.0,3.0,3.0,1.0,6.0,138.0,1,0.0,1.0,1,3,1,1,0,0,1,1,0,1,1,0,0,0,0,2,0,1,0,0,0,3,23,45
201600016483,16,7,27,1,1,1,1.0,6.0,1.0,7.0,0.0,6.0,0.0,0.0,1,1,3.0,3.0,3.0,2.0,10.0,110.0,1,0.0,1.0,1,2,1,0,0,0,0,1,0,0,0,0,1,1,0,0,0,1,0,0,0,2,7,0
200700074976,7,12,17,1,1,1,1.0,1.0,0.0,7.0,0.0,0.0,2.0,5.0,1,1,4.0,2.0,2.0,1.0,0.0,43.0,1,0.0,1.0,2,1,4,0,0,0,0,4,4,0,0,0,0,4,0,0,0,1,0,0,0,3,11,15
201600042516,16,3,26,1,2,2,1.0,2.0,2.0,33.0,0.0,0.0,2.0,16.0,1,2,2.0,3.0,6.0,1.0,0.0,60.0,1,0.0,1.0,2,2,4,0,0,0,0,4,0,0,4,0,0,2,0,2,0,1,1,0,0,2,12,55
201100026814,11,9,9,1,2,1,1.0,6.0,0.0,7.0,0.0,0.0,1.0,1.0,1,-1,4.0,2.0,2.0,1.0,0.0,100.0,1,0.0,1.0,1,1,1,1,0,1,0,1,0,2,0,0,0,2,0,0,0,1,0,0,0,2,12,20
200600064937,6,10,4,1,2,1,1.0,6.0,0.0,7.0,0.0,0.0,9.0,24.0,1,-1,3.0,2.0,2.0,1.0,0.0,55.0,1,0.0,1.0,2,1,4,0,0,0,0,4,2,0,2,0,0,4,0,0,0,1,0,1,0,2,14,10
201300056096,13,9,21,1,2,1,1.0,3.0,0.0,7.0,0.0,0.0,2.0,12.0,1,1,4.0,1.0,3.0,1.0,0.0,105.0,1,0.0,1.0,2,1,4,0,0,0,0,4,0,2,2,0,0,2,0,2,0,0,1,1,0,3,16,0
201700021727,17,4,4,1,1,3,1.0,3.0,1.0,7.0,0.0,0.0,2.0,1.0,1,-1,2.0,2.0,2.0,1.0,70.0,0.0,1,0.0,1.0,2,1,2,2,0,0,0,4,0,0,2,0,2,0,0,2,2,1,0,0,0,2,9,0
201400046738,14,9,18,1,1,1,1.0,6.0,0.0,10.0,0.0,0.0,0.0,12.0,1,1,1.0,3.0,4.0,1.0,25.0,120.0,1,1.0,1.0,2,1,4,0,0,0,0,4,0,0,2,2,0,4,0,0,0,1,0,0,0,3,17,15
201100009432,11,7,22,1,2,1,1.0,2.0,0.0,2.0,0.0,0.0,2.0,1.0,1,2,3.0,2.0,0.0,1.0,0.0,65.0,1,0.0,1.0,2,4,4,0,0,0,0,4,4,0,0,0,0,0,0,0,4,1,1,0,0,4,13,45
201100047481,11,11,17,1,2,1,1.0,2.0,0.0,7.0,0.0,14.0,2.0,2.0,1,1,4.0,1.0,3.0,1.0,0.0,110.0,1,0.0,1.0,2,1,2,4,0,0,2,4,4,0,0,2,0,2,0,4,0,1,1,0,0,2,16,0
200800024778,8,5,20,1,1,1,1.0,2.0,0.0,7.0,0.0,0.0,2.0,2.0,1,-1,4.0,2.0,2.0,2.0,0.0,90.0,1,0.0,1.0,2,1,2,2,0,0,0,4,2,2,0,0,0,2,0,0,2,1,1,0,0,2,10,5
200900057176,9,8,19,1,2,1,1.0,6.0,0.0,7.0,0.0,0.0,2.0,15.0,1,1,4.0,2.0,2.0,1.0,0.0,61.0,1,0.0,1.0,2,1,2,2,0,0,0,4,0,4,0,0,0,2,0,2,0,0,0,1,0,2,9,5
201300033856,13,10,30,1,2,1,1.0,3.0,0.0,7.0,0.0,0.0,9.0,1.0,1,1,4.0,1.0,2.0,1.0,0.0,58.0,1,0.0,1.0,2,1,2,2,0,0,0,4,4,0,0,0,0,0,0,2,2,0,0,1,0,2,17,10
200500069757,5,10,15,1,1,1,1.0,4.0,0.0,7.0,0.0,0.0,2.0,1.0,1,1,1.0,3.0,4.0,1.0,15.0,280.0,1,0.0,1.0,3,1,9,6,0,0,6,9,0,6,9,0,0,6,0,9,0,1,1,0,0,2,15,0
200600062359,6,10,30,5,2,1,1.0,1.0,0.0,7.0,0.0,0.0,2.0,1.0,1,1,4.0,2.0,2.0,1.0,0.0,0.0,1,0.0,1.0,2,3,6,0,0,0,2,4,0,2,4,0,0,0,0,4,2,1,0,0,0,3,19,5
201100056179,11,7,5,1,1,1,1.0,2.0,0.0,7.0,0.0,0.0,0.0,2.0,1,1,1.0,3.0,4.0,1.0,80.0,140.0,1,0.0,1.0,2,2,2,2,0,0,0,4,0,0,2,2,0,0,0,2,2,1,1,0,0,2,8,40
200700068290,7,11,10,5,2,1,1.0,6.0,1.0,7.0,0.0,0.0,1.0,1.0,1,-1,3.0,2.0,0.0,1.0,0.0,0.0,-1,0.0,0.0,2,2,2,0,0,0,0,2,0,0,2,0,0,0,2,0,0,0,0,0,0,2,21,0
201300032185,13,1,17,1,2,2,1.0,6.0,0.0,30.0,0.0,0.0,2.0,15.0,1,2,4.0,2.0,2.0,1.0,0.0,0.0,1,0.0,1.0,2,2,4,0,0,0,0,4,0,2,0,0,2,0,0,2,2,1,0,1,0,2,12,55
201200030261,12,8,6,1,2,1,1.0,2.0,0.0,7.0,0.0,0.0,0.0,2.0,1,-1,3.0,2.0,2.0,1.0,0.0,60.0,1,0.0,1.0,2,1,2,4,2,0,0,4,2,2,2,0,0,0,0,6,0,1,1,0,0,2,16,10
200600061142,6,10,27,5,2,1,1.0,3.0,0.0,7.0,0.0,0.0,2.0,10.0,1,1,4.0,2.0,4.0,1.0,0.0,0.0,1,0.0,1.0,2,1,2,2,0,0,0,4,0,0,4,0,0,0,0,4,0,1,0,0,0,2,0,15
201600035235,16,8,6,1,2,1,1.0,6.0,2.0,10.0,0.0,0.0,1.0,4.0,1,1,4.0,2.0,1.0,1.0,0.0,70.0,1,6.0,1.0,1,1,1,1,0,1,0,1,0,0,1,1,0,1,0,0,1,0,1,0,0,3,7,55
201100054090,11,11,4,5,1,1,1.0,2.0,0.0,33.0,0.0,0.0,2.0,3.0,1,2,1.0,3.0,4.0,1.0,15.0,140.0,1,0.0,1.0,2,3,4,0,0,0,0,4,0,0,2,0,2,4,0,0,0,0,1,1,0,3,19,0
200900056003,9,6,2,1,2,1,1.0,3.0,0.0,7.0,0.0,0.0,2.0,0.0,1,1,3.0,3.0,0.0,2.0,0.0,0.0,1,0.0,1.0,2,1,2,2,0,0,0,4,0,0,0,2,2,2,0,2,0,1,0,0,0,2,17,15
200700070771,7,11,19,1,2,2,1.0,3.0,0.0,7.0,0.0,0.0,2.0,1.0,1,1,4.0,1.0,1.0,2.0,0.0,0.0,1,0.0,1.0,2,1,4,0,0,0,0,4,0,0,2,0,2,2,0,2,0,1,0,0,0,2,13,20
200700070355,7,11,8,1,2,1,2.0,6.0,0.0,7.0,0.0,2.0,0.0,1.0,1,-1,3.0,2.0,0.0,2.0,0.0,0.0,1,0.0,3.0,1,2,1,1,0,0,1,1,0,2,0,0,0,2,0,0,0,1,0,0,0,2,10,10
200900020694,9,9,19,1,2,2,1.0,1.0,0.0,7.0,0.0,0.0,2.0,15.0,1,1,4.0,2.0,0.0,1.0,0.0,169.0,1,5.0,1.0,2,1,4,2,0,0,2,4,0,0,2,0,4,0,0,4,2,1,0,0,0,2,15,0
200700026761,7,5,6,1,1,1,1.0,3.0,0.0,33.0,0.0,0.0,2.0,17.0,1,2,3.0,2.0,2.0,1.0,0.0,60.0,1,0.0,1.0,2,2,2,2,0,0,0,4,0,0,4,0,0,2,0,2,0,1,0,1,0,2,12,30
200800014110,8,3,30,1,2,1,2.0,6.0,0.0,30.0,0.0,0.0,1.0,2.0,1,2,4.0,1.0,1.0,2.0,0.0,0.0,1,0.0,1.0,1,1,1,1,0,1,0,1,0,2,0,0,0,0,0,1,1,1,0,0,0,3,18,10
200700048243,7,8,28,1,2,1,1.0,1.0,0.0,31.0,0.0,0.0,2.0,1.0,1,2,4.0,2.0,2.0,1.0,0.0,54.0,1,0.0,1.0,2,1,4,0,0,0,0,4,0,0,2,0,2,2,2,0,0,1,0,0,0,3,19,45
201000036676,10,11,13,5,2,1,2.0,1.0,0.0,33.0,0.0,1.0,0.0,2.0,1,2,4.0,2.0,0.0,1.0,0.0,61.0,1,0.0,1.0,2,3,4,0,0,0,0,4,0,4,0,0,0,4,0,0,0,1,0,0,0,3,20,20
200900025545,9,6,26,1,2,1,1.0,3.0,0.0,7.0,0.0,0.0,2.0,9.0,1,1,3.0,1.0,2.0,1.0,0.0,62.0,1,0.0,1.0,2,1,4,2,0,0,2,4,0,2,4,0,0,2,0,4,0,1,1,0,0,2,13,20
200500016517,5,3,16,1,2,3,1.0,3.0,0.0,7.0,0.0,0.0,2.0,15.0,1,1,4.0,2.0,2.0,1.0,0.0,60.0,1,0.0,1.0,2,1,4,0,0,0,0,4,0,0,2,0,2,2,0,2,0,1,0,0,0,2,9,30
200700013828,7,3,27,1,1,1,1.0,1.0,0.0,7.0,0.0,0.0,2.0,0.0,1,1,4.0,2.0,2.0,3.0,0.0,81.0,1,0.0,1.0,2,2,4,2,0,0,2,4,0,4,2,0,0,2,0,4,0,1,0,0,0,2,16,40
200600052977,6,6,12,1,1,4,1.0,2.0,0.0,33.0,0.0,0.0,0.0,2.0,1,2,1.0,3.0,2.0,1.0,10.0,150.0,1,0.0,1.0,2,2,4,0,0,0,0,4,0,0,2,0,2,4,0,0,0,1,1,0,0,2,18,30
200600073254,6,12,18,1,1,1,1.0,3.0,0.0,7.0,0.0,0.0,2.0,13.0,1,1,3.0,2.0,3.0,2.0,0.0,103.0,1,0.0,1.0,2,3,2,2,0,0,0,4,0,0,4,0,0,2,0,2,0,1,0,1,0,3,16,0
201000031611,10,5,26,1,2,1,1.0,2.0,0.0,7.0,0.0,0.0,2.0,16.0,1,1,4.0,1.0,2.0,1.0,50.0,70.0,1,5.0,1.0,2,1,4,0,0,0,0,4,0,4,0,0,0,2,2,0,0,0,1,0,0,2,13,48
201000017994,10,10,22,3,1,1,1.0,4.0,0.0,17.0,0.0,0.0,0.0,1.0,1,1,1.0,3.0,3.0,1.0,10.0,210.0,1,0.0,1.0,3,1,12,9,12,0,0,9,0,12,3,6,0,9,9,3,0,1,1,0,0,3,8,0
201600039911,16,1,18,5,2,1,1.0,6.0,1.0,7.0,0.0,0.0,1.0,0.0,3,-1,4.0,0.0,0.0,0.0,0.0,0.0,-1,0.0,0.0,1,3,0,1,0,1,0,0,0,1,0,0,0,0,0,1,0,1,0,0,0,3,20,30
201500051750,15,8,20,1,2,1,3.0,2.0,0.0,38.0,0.0,0.0,2.0,2.0,1,-1,4.0,2.0,8.0,1.0,0.0,240.0,1,0.0,1.0,2,1,4,0,0,0,0,4,0,0,2,2,0,4,0,0,0,1,1,0,0,2,9,55
201300005041,13,4,17,1,2,2,1.0,3.0,0.0,33.0,0.0,0.0,2.0,1.0,1,2,4.0,2.0,2.0,1.0,0.0,70.0,1,5.0,1.0,2,3,2,2,0,0,0,4,0,0,4,0,0,0,0,2,2,1,0,0,0,3,17,45
201100056673,11,2,15,2,1,1,1.0,7.0,0.0,7.0,0.0,4.0,0.0,13.0,1,1,2.0,3.0,4.0,2.0,15.0,144.0,1,0.0,1.0,1,2,1,1,1,0,0,1,0,0,2,0,0,1,1,0,0,0,0,1,0,2,18,0
201500009292,15,6,20,1,1,2,1.0,5.0,0.0,7.0,0.0,0.0,0.0,1.0,1,1,3.0,2.0,0.0,1.0,0.0,0.0,1,5.0,1.0,3,2,9,0,0,0,0,9,0,6,3,0,0,6,0,3,0,1,0,1,0,3,16,0
201600012520,16,6,15,2,1,1,1.0,1.0,2.0,7.0,0.0,0.0,2.0,1.0,1,-1,3.0,2.0,2.0,0.0,0.0,78.0,1,0.0,1.0,2,1,6,0,0,0,2,4,0,2,4,0,0,2,0,4,0,1,1,0,0,3,20,30
201700010285,17,8,30,1,2,1,1.0,3.0,1.0,7.0,0.0,0.0,2.0,21.0,1,1,3.0,2.0,4.0,1.0,0.0,100.0,1,0.0,1.0,2,1,4,0,0,0,0,4,0,2,0,0,2,4,0,0,0,1,0,0,0,3,12,20
200700038397,7,6,16,5,2,1,1.0,7.0,0.0,33.0,0.0,15.0,2.0,1.0,1,2,4.0,2.0,2.0,1.0,0.0,61.0,1,0.0,4.0,2,3,2,0,0,0,0,2,0,0,2,0,0,2,0,0,0,0,0,0,1,3,2,0
201400038418,14,11,17,5,2,1,1.0,6.0,0.0,7.0,0.0,0.0,1.0,1.0,1,1,3.0,2.0,2.0,1.0,0.0,0.0,1,0.0,1.0,1,1,2,0,0,1,0,1,0,0,2,0,0,1,0,1,0,0,0,1,0,2,18,10
201100002554,11,4,3,3,1,1,5.0,6.0,0.0,7.0,0.0,13.0,0.0,1.0,1,1,3.0,2.0,2.0,1.0,0.0,59.0,1,0.0,3.0,1,2,3,1,2,0,1,1,0,3,1,0,0,3,0,1,0,1,0,0,0,2,5,45
201200048240,12,4,27,1,2,1,8.0,6.0,0.0,7.0,0.0,0.0,1.0,9.0,1,1,3.0,2.0,4.0,1.0,0.0,-1.0,1,0.0,1.0,1,1,1,1,0,1,0,1,1,0,1,0,0,1,0,0,1,0,0,1,0,2,13,0
201100029920,11,4,16,1,2,2,1.0,3.0,0.0,7.0,0.0,0.0,2.0,1.0,1,1,4.0,2.0,2.0,1.0,0.0,60.0,1,0.0,0.0,2,2,4,4,0,0,4,4,0,0,6,2,0,8,0,0,0,1,0,1,0,2,11,50
200600025616,6,5,2,1,2,1,1.0,3.0,0.0,5.0,0.0,0.0,2.0,1.0,1,2,4.0,2.0,1.0,1.0,0.0,144.0,1,0.0,1.0,2,3,2,2,0,0,0,4,2,0,0,0,2,2,0,2,0,1,0,0,0,3,17,30
201500016952,15,6,21,2,1,1,1.0,6.0,0.0,7.0,0.0,0.0,0.0,21.0,1,0,3.0,2.0,2.0,1.0,0.0,-1.0,1,0.0,3.0,1,3,1,0,0,0,0,1,0,0,1,0,0,1,0,0,0,0,0,0,1,3,20,30
201600031972,16,10,31,1,2,1,1.0,6.0,0.0,1.0,0.0,0.0,1.0,1.0,1,2,4.0,2.0,2.0,1.0,0.0,0.0,1,0.0,1.0,1,1,2,0,0,1,0,1,0,0,2,0,0,1,0,0,1,1,0,0,0,2,14,40
200800061521,8,10,10,1,2,1,1.0,2.0,0.0,7.0,0.0,0.0,2.0,2.0,1,1,4.0,1.0,1.0,1.0,0.0,118.0,1,0.0,1.0,2,2,2,2,0,0,0,4,0,2,0,2,0,4,0,0,0,1,1,0,0,2,14,40
200600001850,6,1,27,2,2,1,1.0,6.0,0.0,7.0,0.0,0.0,1.0,1.0,1,1,3.0,2.0,2.0,1.0,0.0,60.0,1,0.0,1.0,1,1,0,2,0,1,0,1,1,1,0,0,0,2,0,0,0,1,0,0,0,2,7,55
200500021462,5,4,11,1,2,1,1.0,3.0,2.0,10.0,0.0,0.0,2.0,5.0,2,-1,4.0,1.0,2.0,1.0,0.0,64.0,1,0.0,1.0,2,2,4,0,0,0,2,2,0,2,0,0,2,4,0,0,0,1,0,0,0,2,10,50
201600002271,16,1,4,1,1,1,1.0,1.0,1.0,7.0,0.0,0.0,2.0,1.0,1,1,3.0,2.0,2.0,1.0,0.0,60.0,1,0.0,1.0,2,2,4,0,0,0,0,4,0,0,2,0,2,2,0,2,0,1,0,0,0,3,16,15
201500048324,15,4,12,1,1,1,1.0,7.0,0.0,33.0,0.0,0.0,0.0,0.0,1,2,1.0,0.0,4.0,1.0,25.0,140.0,1,0.0,1.0,1,1,2,0,0,0,1,1,0,2,0,0,0,0,0,2,0,0,0,0,0,3,19,45
201600010670,16,4,15,1,2,1,1.0,7.0,2.0,30.0,0.0,0.0,0.0,0.0,1,2,4.0,2.0,2.0,2.0,0.0,0.0,1,0.0,1.0,1,2,1,0,0,0,0,1,0,1,0,0,0,0,1,0,0,0,0,0,0,2,12,45
201200049102,12,1,18,3,1,1,2.0,7.0,0.0,7.0,0.0,4.0,0.0,2.0,1,1,1.0,3.0,3.0,0.0,15.0,115.0,1,1.0,1.0,1,2,0,1,0,0,0,1,0,0,1,0,0,0,0,1,0,1,0,0,0,2,22,20
201400017580,14,6,15,1,2,1,1.0,6.0,0.0,7.0,0.0,6.0,0.0,1.0,1,1,4.0,2.0,2.0,2.0,0.0,60.0,1,0.0,4.0,1,3,1,0,0,0,0,1,0,0,1,0,0,1,0,0,0,1,0,0,0,3,20,15
200600042535,6,7,12,1,1,1,1.0,7.0,0.0,99.0,0.0,0.0,0.0,0.0,1,-1,4.0,2.0,2.0,1.0,0.0,0.0,1,0.0,1.0,1,3,1,0,0,0,0,1,0,0,1,0,0,1,0,0,0,0,0,0,0,3,9,45
200900008968,9,6,10,1,2,1,3.0,6.0,0.0,7.0,0.0,0.0,1.0,1.0,3,-1,4.0,2.0,2.0,2.0,0.0,92.0,1,0.0,1.0,1,2,2,0,0,1,0,1,0,0,2,0,0,0,0,1,1,0,1,0,0,2,19,40
201500015682,15,12,11,1,2,1,1.0,6.0,0.0,10.0,0.0,0.0,1.0,1.0,1,1,3.0,2.0,3.0,1.0,20.0,90.0,1,0.0,1.0,1,1,2,0,0,1,0,1,1,1,0,0,0,0,0,0,2,1,0,0,0,3,14,30
201300019019,13,5,22,1,2,6,1.0,3.0,0.0,1.0,0.0,0.0,2.0,1.0,1,2,3.0,2.0,0.0,1.0,0.0,44.0,1,5.0,1.0,2,3,4,0,0,0,0,4,0,0,0,0,4,2,0,2,0,1,0,0,0,3,7,30
201200017669,12,7,28,1,1,1,1.0,6.0,0.0,7.0,0.0,6.0,0.0,1.0,1,1,3.0,2.0,2.0,1.0,0.0,55.0,1,0.0,3.0,1,3,1,0,0,0,0,1,1,0,0,0,0,0,0,0,1,1,0,0,0,3,11,15
200500056358,5,3,29,1,2,1,1.0,6.0,0.0,18.0,0.0,0.0,0.0,0.0,3,-1,4.0,1.0,1.0,1.0,0.0,50.0,1,0.0,1.0,1,2,0,1,0,1,0,0,0,1,0,0,0,0,0,0,1,0,0,0,0,2,12,40
200700044060,7,7,17,1,2,1,1.0,7.0,0.0,10.0,0.0,0.0,0.0,0.0,1,1,4.0,2.0,0.0,1.0,0.0,0.0,1,0.0,1.0,1,1,2,0,0,1,0,1,1,0,0,1,0,1,0,1,0,0,0,0,0,2,9,15
200700053006,7,9,4,1,1,1,1.0,1.0,0.0,7.0,0.0,0.0,2.0,5.0,1,1,3.0,2.0,2.0,1.0,0.0,71.0,1,0.0,1.0,2,3,4,4,2,0,2,4,0,6,2,0,0,4,0,0,4,1,0,0,0,4,16,0
201200035886,12,9,25,1,2,2,1.0,6.0,0.0,7.0,0.0,0.0,2.0,9.0,1,1,4.0,1.0,1.0,1.0,0.0,60.0,1,0.0,0.0,2,1,2,2,0,0,0,4,0,0,0,2,2,2,0,2,0,1,0,0,0,2,8,30
200500000235,5,1,18,4,2,1,2.0,3.0,0.0,7.0,0.0,0.0,2.0,10.0,1,1,3.0,2.0,2.0,1.0,0.0,73.0,1,0.0,1.0,2,2,2,4,0,0,0,6,2,2,2,0,0,2,0,0,4,1,0,1,0,2,19,30
200700064605,7,10,1,1,2,1,2.0,6.0,0.0,33.0,0.0,16.0,0.0,1.0,1,2,9.0,0.0,1.0,3.0,0.0,29.0,1,0.0,1.0,1,2,0,1,0,0,0,1,0,0,0,0,1,1,0,0,0,0,0,1,0,2,7,30
200600008282,6,2,17,1,2,3,2.0,3.0,0.0,7.0,0.0,0.0,2.0,15.0,1,1,4.0,2.0,2.0,1.0,0.0,48.0,1,0.0,1.0,2,1,2,2,0,0,0,4,0,2,2,0,0,2,0,2,0,1,0,0,0,3,16,20
200700016267,7,3,19,1,2,1,2.0,6.0,1.0,7.0,0.0,0.0,2.0,0.0,1,1,4.0,2.0,4.0,1.0,0.0,120.0,1,0.0,1.0,2,2,2,0,0,0,0,2,0,0,2,0,0,2,0,0,0,1,0,0,0,2,18,0
201200029290,12,6,8,1,2,1,1.0,6.0,0.0,7.0,0.0,0.0,1.0,1.0,1,1,4.0,2.0,1.0,1.0,0.0,68.0,1,0.0,1.0,1,1,1,1,0,1,0,1,1,0,0,0,1,0,1,1,0,0,0,1,0,3,15,40
201300020559,13,4,13,1,1,1,1.0,7.0,0.0,7.0,0.0,13.0,0.0,14.0,1,1,4.0,2.0,2.0,1.0,0.0,0.0,1,0.0,3.0,1,2,1,1,0,0,1,1,0,0,2,0,0,0,0,2,0,1,0,0,0,2,15,50
201500045707,15,7,31,1,1,1,1.0,2.0,0.0,7.0,0.0,0.0,2.0,2.0,1,1,1.0,1.0,1.0,1.0,0.0,-1.0,1,0.0,1.0,2,1,0,4,0,0,0,4,0,0,0,0,4,2,0,2,0,1,1,0,0,3,9,0
200500020819,5,4,6,1,2,4,1.0,3.0,0.0,7.0,0.0,0.0,2.0,15.0,1,1,4.0,2.0,2.0,1.0,0.0,60.0,1,0.0,1.0,2,1,4,0,0,0,0,4,0,0,4,0,0,0,0,4,0,1,0,0,0,2,16,40
201100057601,11,7,28,1,1,1,1.0,5.0,0.0,7.0,0.0,0.0,2.0,2.0,1,1,1.0,1.0,3.0,1.0,20.0,105.0,-1,0.0,0.0,3,3,6,3,0,0,0,9,0,0,6,3,0,9,0,0,0,1,1,0,0,3,18,30
200600046670,6,8,31,1,2,1,1.0,1.0,0.0,7.0,0.0,0.0,2.0,22.0,1,-1,3.0,2.0,1.0,1.0,0.0,70.0,1,0.0,1.0,2,1,2,2,0,0,0,4,0,0,4,0,0,2,0,0,2,1,0,1,0,3,17,20
200800025371,8,5,25,5,2,1,3.0,6.0,0.0,7.0,0.0,0.0,2.0,13.0,1,1,4.0,2.0,2.0,2.0,0.0,75.0,1,0.0,1.0,2,2,0,4,0,0,0,4,2,0,0,0,2,2,0,2,0,1,0,0,0,2,4,30
200700035792,7,6,28,1,2,1,1.0,6.0,0.0,10.0,0.0,0.0,1.0,1.0,1,-1,3.0,2.0,2.0,1.0,0.0,90.0,1,0.0,1.0,1,1,1,1,0,1,0,1,1,1,0,0,0,0,0,0,2,1,0,0,0,3,10,45