Num_Acc,an,mois,jour,lum,agg,int,atm,col,senc,catv,occutc,obs,obsm,manv,catu,secu,catr,circ,nbv,prof,lartpc,larrout,surf,infra,situ,nb_veh,grav_simpl,Homme,Femme,Arrière,Autre_x,Avant,Conducteur,Autre_y,Inconnu,Loisirs,Professionnel,Travail,Adulte,Enfant,Jeune,Senior,choc_avant,choc_arriere,choc_lateral,choc_multiple,grav_order_max,heure,minute
200700067460,7,10,5,5,2,1,1.0,7.0,0.0,33.0,0.0,0.0,0.0,1.0,1,2,4.0,1.0,3.0,1.0,15.0,105.0,1,3.0,1.0,1,2,1,0,0,0,0,1,0,0,1,0,0,1,0,0,0,0,0,0,0,2,19,45
201200014505,12,2,3,1,2,1,1.0,3.0,0.0,40.0,0.0,0.0,9.0,8.0,1,-1,4.0,2.0,3.0,1.0,60.0,90.0,1,4.0,0.0,2,1,2,2,0,0,0,4,2,0,0,2,0,4,0,0,0,1,0,0,0,2,12,0
201100002067,11,9,9,1,1,1,1.0,3.0,0.0,10.0,0.0,0.0,0.0,15.0,1,1,4.0,2.0,1.0,1.0,0.0,48.0,1,0.0,1.0,2,1,16,2,8,2,4,4,2,14,0,2,0,16,2,0,0,1,0,0,0,3,8,45
200600018245,6,4,29,1,1,1,1.0,1.0,0.0,7.0,0.0,8.0,2.0,17.0,1,1,2.0,2.0,2.0,0.0,0.0,73.0,1,0.0,1.0,2,4,2,2,0,0,0,4,0,0,2,0,2,2,0,2,0,1,0,1,0,4,18,0
200900055546,9,5,13,1,1,1,1.0,6.0,0.0,7.0,0.0,0.0,2.0,2.0,1,1,2.0,3.0,2.0,1.0,0.0,30.0,1,0.0,1.0,3,1,9,0,0,0,0,9,0,0,9,0,0,9,0,0,0,1,1,0,0,3,17,45
201100022036,11,9,13,1,2,1,1.0,5.0,0.0,33.0,0.0,0.0,2.0,1.0,1,2,4.0,1.0,2.0,1.0,0.0,63.0,1,0.0,1.0,3,2,6,3,0,0,0,9,0,3,0,3,3,6,0,3,0,1,1,0,0,2,18,10
201600012746,16,10,14,1,2,1,1.0,3.0,2.0,7.0,0.0,0.0,2.0,16.0,1,1,3.0,4.0,3.0,4.0,0.0,0.0,1,5.0,1.0,2,1,4,0,0,0,0,4,0,0,0,0,4,4,0,0,0,1,1,0,0,2,8,45
201200053560,12,9,16,3,2,2,1.0,3.0,0.0,7.0,0.0,0.0,2.0,7.0,1,-1,4.0,1.0,3.0,1.0,0.0,120.0,1,0.0,1.0,2,2,6,0,2,0,0,4,0,2,2,2,0,4,0,2,0,0,0,1,0,2,20,30
201200012992,12,9,11,1,1,4,1.0,3.0,0.0,7.0,0.0,0.0,2.0,15.0,1,1,3.0,2.0,2.0,1.0,20.0,30.0,1,0.0,1.0,2,1,4,0,0,0,0,4,2,0,0,2,0,4,0,0,0,1,0,1,0,3,9,15
201400048334,14,10,16,2,1,1,1.0,4.0,0.0,7.0,0.0,0.0,2.0,2.0,1,1,1.0,3.0,3.0,2.0,15.0,35.0,1,0.0,1.0,3,2,3,6,0,0,0,9,0,0,0,0,9,9,0,0,0,1,1,0,0,2,7,25
201000022161,10,9,21,1,2,1,1.0,6.0,0.0,7.0,0.0,0.0,2.0,17.0,1,1,4.0,2.0,0.0,1.0,0.0,0.0,1,0.0,1.0,2,1,4,0,0,0,0,4,0,4,0,0,0,4,0,0,0,1,0,1,0,2,7,40
200500022571,5,4,16,1,2,1,3.0,2.0,0.0,7.0,0.0,0.0,2.0,0.0,1,1,4.0,1.0,1.0,1.0,0.0,0.0,1,0.0,1.0,2,1,2,2,0,0,0,4,0,4,0,0,0,2,0,2,0,1,1,0,0,2,11,0
200900035564,9,4,24,1,1,1,1.0,4.0,1.0,7.0,0.0,0.0,0.0,0.0,1,1,2.0,3.0,2.0,1.0,15.0,70.0,1,0.0,1.0,4,1,0,8,0,0,0,8,0,8,0,0,0,0,0,4,4,0,1,0,0,2,9,17
201200009195,12,4,29,1,1,1,1.0,1.0,0.0,33.0,0.0,0.0,2.0,1.0,1,2,3.0,2.0,0.0,0.0,0.0,56.0,1,0.0,1.0,2,3,4,0,0,0,0,4,0,0,2,2,0,2,0,2,0,1,0,0,0,3,16,0
200700000016,7,1,13,3,1,1,2.0,1.0,0.0,7.0,0.0,0.0,2.0,13.0,1,1,3.0,2.0,1.0,1.0,0.0,0.0,1,0.0,1.0,2,3,8,0,2,0,2,4,0,4,2,0,2,2,0,6,0,1,0,0,0,3,6,15
200500049201,5,8,30,1,2,6,1.0,6.0,0.0,7.0,0.0,0.0,1.0,1.0,1,1,3.0,1.0,1.0,1.0,0.0,0.0,1,0.0,1.0,1,1,0,2,0,1,0,1,0,0,1,0,1,0,0,1,1,1,0,0,0,3,12,0
200800074250,8,12,10,2,1,1,4.0,4.0,1.0,10.0,0.0,0.0,2.0,2.0,1,1,3.0,1.0,3.0,2.0,0.0,105.0,1,0.0,1.0,3,2,0,6,0,0,0,6,0,0,0,3,3,6,0,0,0,1,1,0,0,2,7,10
201200020159,12,6,25,1,1,3,1.0,3.0,0.0,7.0,0.0,0.0,2.0,19.0,1,1,3.0,2.0,0.0,1.0,40.0,0.0,1,0.0,1.0,2,1,4,0,0,0,0,4,0,0,2,0,2,2,0,0,2,1,0,0,0,3,17,15
200600024671,6,5,28,1,1,1,1.0,3.0,0.0,7.0,0.0,0.0,2.0,19.0,1,1,4.0,2.0,0.0,1.0,0.0,56.0,1,0.0,1.0,2,1,6,6,4,0,4,4,0,8,4,0,0,2,2,6,2,1,0,1,0,3,18,45
200700062183,7,10,14,1,2,1,1.0,6.0,0.0,7.0,0.0,1.0,0.0,1.0,1,1,4.0,2.0,2.0,1.0,0.0,56.0,1,0.0,4.0,1,2,0,1,0,0,0,1,0,0,0,0,1,0,0,1,0,1,0,0,0,2,9,5
200600046856,6,8,1,1,1,1,1.0,1.0,0.0,7.0,0.0,0.0,2.0,1.0,1,1,3.0,2.0,2.0,0.0,0.0,58.0,1,0.0,1.0,2,1,2,2,0,0,0,4,0,0,4,0,0,4,0,0,0,1,0,0,0,4,18,30
201200001211,12,1,25,5,2,1,1.0,6.0,0.0,7.0,0.0,13.0,0.0,13.0,1,1,3.0,2.0,2.0,2.0,0.0,0.0,1,0.0,1.0,1,3,1,0,0,0,0,1,0,0,1,0,0,1,0,0,0,0,0,0,1,3,22,30
201300035667,13,7,13,1,2,3,1.0,3.0,0.0,33.0,0.0,0.0,2.0,1.0,1,2,3.0,2.0,4.0,2.0,0.0,0.0,1,0.0,1.0,2,2,4,0,0,0,0,4,0,0,0,4,0,2,0,2,0,1,0,1,0,2,21,30
201000038417,10,4,24,5,1,1,1.0,6.0,1.0,10.0,0.0,0.0,2.0,2.0,1,4,4.0,2.0,2.0,1.0,0.0,70.0,1,0.0,1.0,2,2,0,2,0,0,0,2,0,0,0,0,2,0,0,2,0,0,0,1,0,2,22,50
200800034820,8,6,27,1,1,1,1.0,6.0,0.0,33.0,0.0,0.0,2.0,3.0,1,2,1.0,3.0,3.0,1.0,20.0,35.0,1,0.0,1.0,2,3,4,0,0,0,0,4,0,0,2,0,2,4,0,0,0,1,0,0,0,3,10,40
200900038675,9,9,23,1,2,1,1.0,6.0,0.0,10.0,0.0,0.0,1.0,1.0,3,-1,4.0,1.0,1.0,1.0,0.0,50.0,1,0.0,1.0,1,3,1,1,0,1,0,1,1,0,1,0,0,0,1,1,0,1,0,0,0,3,10,50
201300000260,13,11,15,5,2,1,1.0,6.0,1.0,7.0,0.0,0.0,1.0,1.0,1,0,4.0,1.0,1.0,1.0,0.0,65.0,1,0.0,1.0,1,1,1,1,0,1,0,1,1,0,1,0,0,1,0,0,1,1,0,0,0,3,18,0
201600040930,16,6,12,1,2,1,1.0,3.0,1.0,33.0,0.0,0.0,2.0,6.0,1,2,3.0,1.0,2.0,1.0,30.0,60.0,1,0.0,1.0,2,2,4,0,0,0,0,4,0,2,2,0,0,4,0,0,0,1,0,0,0,2,8,5
201000044894,10,3,12,1,2,1,1.0,6.0,0.0,7.0,0.0,0.0,1.0,2.0,1,1,4.0,3.0,2.0,1.0,0.0,0.0,1,0.0,1.0,1,1,1,1,0,1,0,1,1,0,1,0,0,0,0,0,2,1,0,0,0,3,10,40
200800051705,8,9,15,1,2,1,1.0,1.0,0.0,2.0,0.0,0.0,2.0,5.0,1,2,4.0,2.0,2.0,1.0,0.0,60.0,1,0.0,1.0,2,2,4,0,0,0,0,4,0,0,2,2,0,2,2,0,0,1,0,1,0,2,17,50
200900008771,9,6,3,1,2,1,1.0,6.0,1.0,30.0,0.0,0.0,1.0,7.0,3,-1,4.0,1.0,2.0,1.0,0.0,0.0,1,0.0,1.0,1,2,0,1,0,1,0,0,1,0,0,0,0,0,0,1,0,1,0,0,0,2,14,40
200800053682,8,9,17,1,1,1,1.0,4.0,0.0,7.0,0.0,0.0,2.0,2.0,1,1,1.0,3.0,3.0,1.0,5.0,105.0,1,0.0,1.0,3,1,6,12,6,0,3,9,0,9,6,3,0,0,3,15,0,1,1,0,0,2,16,20
201700052434,17,8,6,3,1,1,1.0,7.0,2.0,7.0,0.0,0.0,0.0,2.0,1,1,1.0,1.0,3.0,2.0,30.0,105.0,1,0.0,2.0,1,2,3,0,1,0,1,1,0,0,3,0,0,0,0,3,0,0,0,0,0,3,4,42
201200041668,12,4,14,1,2,3,1.0,2.0,0.0,7.0,0.0,0.0,2.0,2.0,1,1,3.0,3.0,6.0,2.0,0.0,0.0,1,0.0,1.0,2,1,0,4,0,0,0,4,0,0,4,0,0,4,0,0,0,1,1,0,0,2,15,50
200900032663,9,11,30,5,2,1,1.0,6.0,0.0,7.0,0.0,0.0,2.0,14.0,1,1,4.0,1.0,4.0,1.0,15.0,140.0,1,0.0,1.0,3,1,12,0,3,0,0,9,6,3,0,0,3,6,3,3,0,1,0,1,0,2,22,0
200500069387,5,10,11,1,2,2,1.0,3.0,0.0,4.0,0.0,0.0,2.0,2.0,1,2,4.0,1.0,2.0,1.0,0.0,100.0,1,0.0,1.0,2,2,4,0,0,0,0,4,0,2,0,2,0,2,0,2,0,1,0,0,0,2,13,30
201200022542,12,6,23,1,2,3,1.0,1.0,0.0,7.0,0.0,0.0,2.0,15.0,1,1,4.0,2.0,3.0,4.0,0.0,0.0,1,0.0,1.0,2,1,4,0,0,0,0,4,0,0,4,0,0,2,0,2,0,1,0,0,0,3,19,55
200900058881,9,8,4,1,2,1,1.0,6.0,0.0,7.0,0.0,0.0,2.0,13.0,1,1,4.0,2.0,2.0,1.0,0.0,0.0,1,0.0,1.0,2,2,2,2,0,0,0,4,0,0,4,0,0,0,0,2,2,1,0,1,0,2,8,35
201500020142,15,6,16,1,2,9,1.0,2.0,0.0,7.0,0.0,0.0,2.0,2.0,1,1,3.0,2.0,3.0,1.0,0.0,0.0,1,0.0,1.0,2,1,2,2,0,0,0,4,2,0,2,0,0,2,0,2,0,1,1,0,0,2,18,45
200700028785,7,5,21,1,2,2,1.0,3.0,0.0,30.0,0.0,0.0,2.0,1.0,1,2,4.0,1.0,3.0,1.0,0.0,91.0,1,0.0,1.0,2,3,4,0,0,0,0,4,0,2,2,0,0,2,0,2,0,1,0,0,0,3,17,15
201700034811,17,7,3,2,2,1,1.0,6.0,1.0,7.0,0.0,0.0,1.0,1.0,1,-1,4.0,2.0,2.0,1.0,0.0,75.0,1,0.0,1.0,1,1,1,1,0,1,0,1,0,0,1,0,1,1,1,0,0,1,0,0,0,2,19,45
200900003005,9,4,18,1,2,1,2.0,6.0,0.0,30.0,0.0,0.0,1.0,1.0,3,-1,4.0,2.0,1.0,1.0,0.0,50.0,1,0.0,1.0,1,2,1,1,0,1,0,1,0,2,0,0,0,1,0,0,1,1,0,0,0,2,18,45
201000047627,10,9,21,1,2,2,1.0,3.0,0.0,7.0,0.0,0.0,2.0,1.0,1,1,3.0,1.0,1.0,1.0,0.0,0.0,1,0.0,1.0,2,1,4,0,0,0,0,4,0,0,0,4,0,2,2,0,0,1,1,0,0,2,8,10
200800037792,8,7,20,1,1,1,1.0,7.0,0.0,33.0,0.0,11.0,0.0,1.0,1,2,3.0,2.0,2.0,2.0,0.0,80.0,1,0.0,1.0,1,3,1,0,0,0,0,1,0,0,1,0,0,1,0,0,0,1,0,0,0,3,19,15
201400033515,14,12,16,1,2,2,2.0,3.0,0.0,7.0,0.0,0.0,2.0,15.0,1,1,4.0,2.0,3.0,1.0,0.0,240.0,1,0.0,1.0,2,1,2,2,0,0,0,4,2,0,0,0,2,0,0,2,2,1,0,0,0,2,9,36
200600064358,6,10,16,1,2,1,1.0,6.0,0.0,7.0,0.0,0.0,1.0,1.0,1,1,4.0,2.0,2.0,1.0,0.0,0.0,1,0.0,1.0,1,1,2,0,0,1,0,1,2,0,0,0,0,0,1,1,0,1,0,0,0,3,16,5
201400035342,14,5,10,1,2,1,2.0,2.0,0.0,7.0,0.0,0.0,2.0,2.0,1,1,4.0,2.0,2.0,1.0,0.0,105.0,1,0.0,1.0,2,1,8,4,4,0,4,4,10,2,0,0,0,6,4,2,0,1,1,0,0,3,14,0
201500032803,15,5,25,5,2,2,1.0,3.0,0.0,34.0,0.0,0.0,2.0,17.0,1,2,4.0,2.0,2.0,2.0,0.0,51.0,1,5.0,1.0,2,2,4,2,0,0,2,4,0,2,4,0,0,0,0,6,0,1,0,0,0,2,22,10
201200037850,12,12,6,3,1,1,1.0,2.0,0.0,7.0,0.0,0.0,2.0,13.0,1,-1,3.0,1.0,2.0,1.0,0.0,80.0,1,0.0,1.0,2,1,4,0,0,0,0,4,0,0,4,0,0,2,0,2,0,1,1,0,0,4,19,20
201600032467,16,5,25,1,2,3,1.0,1.0,1.0,7.0,0.0,0.0,2.0,16.0,1,1,4.0,2.0,2.0,1.0,0.0,72.0,1,0.0,1.0,2,1,4,0,0,0,0,4,0,4,0,0,0,2,0,0,2,1,1,0,0,2,8,10
201600013034,16,5,17,1,2,1,1.0,1.0,2.0,7.0,0.0,0.0,2.0,13.0,1,1,3.0,2.0,2.0,1.0,0.0,0.0,1,0.0,1.0,2,3,4,0,0,0,0,4,0,0,2,2,0,2,0,0,2,1,0,0,0,3,9,0
200700037542,7,6,18,1,2,1,7.0,7.0,0.0,7.0,0.0,1.0,2.0,0.0,1,-1,4.0,2.0,2.0,1.0,60.0,60.0,1,0.0,1.0,1,1,1,1,0,1,0,1,0,2,0,0,0,0,0,1,1,1,0,0,0,3,18,20
201000021945,10,7,16,1,2,1,1.0,3.0,0.0,32.0,0.0,0.0,0.0,1.0,1,2,4.0,0.0,1.0,1.0,35.0,55.0,1,0.0,1.0,2,2,4,2,0,0,2,4,0,4,2,0,0,2,0,2,2,1,0,0,0,3,20,20
201500054002,15,3,4,2,2,2,1.0,3.0,0.0,7.0,0.0,0.0,2.0,1.0,1,1,4.0,2.0,2.0,1.0,0.0,0.0,1,0.0,1.0,2,2,2,2,0,0,0,4,2,0,0,2,0,2,0,0,2,1,0,1,0,2,18,15
201000024613,10,6,26,1,1,1,1.0,6.0,0.0,7.0,0.0,3.0,0.0,14.0,2,1,1.0,3.0,2.0,1.0,30.0,70.0,1,0.0,1.0,1,3,1,1,0,0,1,1,1,1,0,0,0,0,0,0,2,1,0,0,0,3,16,15
201200034985,12,6,14,1,2,1,1.0,1.0,0.0,32.0,0.0,0.0,2.0,17.0,1,2,4.0,2.0,2.0,1.0,0.0,78.0,1,0.0,1.0,2,2,4,0,0,0,0,4,0,0,2,0,2,2,0,2,0,1,0,1,0,2,20,5
201600026012,16,9,9,1,1,1,1.0,6.0,1.0,3.0,0.0,13.0,0.0,2.0,1,1,4.0,2.0,2.0,1.0,0.0,36.0,1,0.0,3.0,1,2,0,1,0,0,0,1,0,0,1,0,0,1,0,0,0,1,0,0,0,2,17,43
201700051856,17,9,1,1,1,1,1.0,2.0,2.0,7.0,0.0,0.0,2.0,12.0,1,1,1.0,3.0,3.0,1.0,10.0,105.0,1,0.0,1.0,2,1,6,8,4,6,2,2,0,0,14,0,0,4,6,0,4,1,1,0,0,3,8,20
201200007927,12,10,4,1,2,1,1.0,6.0,0.0,7.0,0.0,0.0,1.0,1.0,1,1,9.0,2.0,0.0,1.0,0.0,60.0,1,0.0,1.0,1,2,2,0,0,1,0,1,0,0,2,0,0,1,1,0,0,1,0,0,0,3,18,0
200700074443,7,11,18,3,1,1,1.0,6.0,0.0,7.0,0.0,2.0,0.0,2.0,1,1,3.0,0.0,2.0,0.0,0.0,51.0,1,0.0,1.0,1,3,1,1,0,0,1,1,0,1,1,0,0,2,0,0,0,1,0,0,0,3,18,45
201600009043,16,7,20,1,1,1,1.0,6.0,1.0,33.0,0.0,13.0,0.0,1.0,1,2,3.0,2.0,2.0,1.0,0.0,64.0,1,0.0,3.0,1,4,1,0,0,0,0,1,0,0,1,0,0,1,0,0,0,0,0,0,1,4,16,15
201400047731,14,11,4,1,1,1,1.0,4.0,0.0,7.0,0.0,0.0,2.0,1.0,1,1,2.0,3.0,4.0,1.0,0.0,-1.0,1,0.0,1.0,4,1,16,0,0,0,0,16,0,0,4,0,12,8,0,4,4,1,1,0,1,2,20,0
201300009793,13,7,6,1,1,1,1.0,6.0,0.0,36.0,0.0,8.0,0.0,14.0,1,0,4.0,2.0,2.0,1.0,0.0,32.0,1,0.0,3.0,1,4,1,0,0,0,0,1,0,0,1,0,0,1,0,0,0,1,0,0,0,4,20,45
200600009121,6,2,25,1,2,1,8.0,4.0,0.0,4.0,0.0,0.0,2.0,1.0,1,-1,4.0,1.0,1.0,1.0,0.0,0.0,1,0.0,1.0,3,3,9,0,0,0,0,9,0,9,0,0,0,9,0,0,0,1,1,0,0,3,11,20
200700013842,7,3,25,1,2,1,1.0,1.0,0.0,7.0,0.0,0.0,2.0,9.0,1,1,3.0,2.0,2.0,0.0,0.0,35.0,1,0.0,1.0,2,1,4,0,0,0,0,4,0,4,0,0,0,0,0,2,2,1,0,0,0,2,10,15
201300045562,13,9,11,1,1,1,8.0,3.0,0.0,33.0,0.0,0.0,2.0,3.0,1,2,1.0,3.0,3.0,2.0,25.0,90.0,1,0.0,1.0,2,3,4,0,0,0,0,4,0,0,0,0,4,4,0,0,0,1,1,0,0,3,18,10
201300024591,13,2,23,5,2,1,1.0,7.0,0.0,7.0,0.0,2.0,0.0,0.0,1,1,4.0,3.0,2.0,1.0,0.0,54.0,1,0.0,1.0,1,1,6,0,3,1,1,1,0,0,6,0,0,0,0,6,0,0,1,0,0,3,1,0
201100045835,11,1,27,1,2,2,1.0,6.0,0.0,31.0,0.0,0.0,1.0,1.0,1,2,3.0,2.0,2.0,1.0,0.0,0.0,1,0.0,1.0,1,1,1,2,0,2,0,1,0,0,2,1,0,0,1,2,0,1,0,0,0,2,12,35
200500056858,5,9,18,1,2,1,2.0,2.0,0.0,7.0,0.0,0.0,0.0,23.0,1,1,4.0,1.0,2.0,1.0,3.0,60.0,1,0.0,1.0,2,2,4,2,0,0,2,4,0,4,2,0,0,4,0,2,0,1,1,0,0,2,17,45
200500052557,5,8,11,1,2,3,1.0,3.0,0.0,4.0,0.0,0.0,2.0,14.0,1,2,4.0,3.0,6.0,1.0,0.0,180.0,1,0.0,1.0,2,2,4,0,0,0,0,4,0,0,0,4,0,4,0,0,0,1,1,0,0,2,14,30
200800018640,8,4,22,1,2,2,1.0,1.0,0.0,30.0,0.0,0.0,2.0,1.0,1,2,4.0,2.0,2.0,1.0,0.0,0.0,1,0.0,1.0,2,3,2,0,0,0,0,2,0,0,2,0,0,0,0,2,0,1,0,0,0,3,18,30
200500009096,5,2,8,1,2,1,1.0,6.0,0.0,14.0,0.0,0.0,2.0,12.0,1,-1,4.0,3.0,4.0,1.0,15.0,120.0,1,0.0,1.0,2,1,4,0,0,0,0,4,0,0,0,4,0,2,0,2,0,1,0,1,0,2,10,35
200900023847,9,6,11,1,2,1,1.0,6.0,0.0,7.0,0.0,0.0,1.0,23.0,1,1,4.0,2.0,2.0,1.0,0.0,0.0,1,0.0,1.0,1,1,1,1,0,1,0,1,2,0,0,0,0,1,1,0,0,0,0,0,0,2,8,3
201500011637,15,3,7,3,1,1,1.0,4.0,0.0,3.0,0.0,3.0,0.0,1.0,1,1,1.0,3.0,3.0,1.0,15.0,135.0,0,0.0,1.0,4,1,12,4,0,0,0,16,0,0,12,4,0,8,0,8,0,1,0,1,0,2,20,45
201200038566,12,9,25,1,2,1,8.0,2.0,0.0,7.0,0.0,0.0,2.0,2.0,1,1,4.0,3.0,1.0,1.0,10.0,80.0,1,0.0,1.0,2,1,2,2,0,0,0,4,0,0,2,2,0,4,0,0,0,1,1,0,0,2,16,10
200900032354,9,11,18,1,2,2,1.0,6.0,0.0,1.0,0.0,0.0,1.0,7.0,3,-1,4.0,2.0,3.0,1.0,0.0,40.0,1,0.0,1.0,1,2,1,1,0,1,0,1,0,2,0,0,0,1,0,0,1,1,0,0,0,2,12,40
201200016351,12,10,22,1,2,2,1.0,3.0,0.0,10.0,0.0,0.0,2.0,15.0,1,1,4.0,2.0,3.0,1.0,0.0,75.0,1,0.0,1.0,2,1,2,2,0,0,0,4,0,0,0,2,2,4,0,0,0,1,0,0,0,2,8,45
200700062490,7,10,17,1,2,1,1.0,6.0,0.0,7.0,0.0,0.0,2.0,22.0,1,-1,4.0,2.0,4.0,1.0,0.0,0.0,1,2.0,1.0,2,1,4,0,0,0,0,4,0,4,0,0,0,0,0,4,0,1,0,1,0,2,8,0
201100023028,11,6,27,2,2,3,1.0,3.0,0.0,7.0,0.0,0.0,0.0,1.0,1,1,4.0,2.0,2.0,1.0,0.0,0.0,1,0.0,1.0,2,2,0,6,2,0,0,4,0,0,6,0,0,2,2,0,2,1,0,1,0,2,18,30
201300023983,13,8,25,5,2,1,1.0,3.0,0.0,7.0,0.0,0.0,2.0,10.0,1,1,4.0,3.0,6.0,1.0,0.0,0.0,1,0.0,1.0,2,1,4,0,0,0,0,4,0,2,0,2,0,0,0,2,2,1,0,0,0,3,22,55
200600017123,6,4,2,3,1,1,1.0,6.0,0.0,7.0,0.0,2.0,0.0,1.0,1,0,3.0,2.0,2.0,1.0,0.0,71.0,1,0.0,3.0,1,3,1,0,0,0,0,1,0,0,1,0,0,1,0,0,0,1,0,0,0,3,4,15
201700030592,17,9,30,1,2,4,3.0,3.0,2.0,7.0,0.0,0.0,2.0,15.0,1,1,4.0,2.0,2.0,1.0,0.0,0.0,1,0.0,1.0,2,2,4,0,0,0,0,4,0,0,2,2,0,2,0,2,0,1,0,0,0,2,12,5
201200009385,12,9,6,1,2,1,1.0,7.0,0.0,30.0,0.0,0.0,0.0,15.0,1,2,3.0,2.0,3.0,2.0,0.0,117.0,1,0.0,1.0,1,2,0,1,0,0,0,1,0,0,1,0,0,1,0,0,0,0,0,1,0,2,15,45
200500005733,5,1,19,2,2,1,2.0,3.0,0.0,7.0,0.0,0.0,2.0,15.0,1,1,3.0,2.0,2.0,2.0,0.0,100.0,1,0.0,1.0,2,1,4,2,2,0,0,4,2,2,2,0,0,0,4,2,0,1,0,0,0,3,16,45
201200047208,12,2,19,5,2,2,2.0,3.0,0.0,7.0,0.0,0.0,2.0,15.0,1,1,3.0,2.0,4.0,1.0,0.0,0.0,1,0.0,1.0,2,1,4,2,0,0,2,4,4,2,0,0,0,0,0,6,0,1,0,0,0,2,2,30
201000057546,10,11,3,3,1,1,1.0,2.0,0.0,7.0,0.0,0.0,0.0,1.0,1,1,1.0,3.0,6.0,2.0,15.0,210.0,1,0.0,1.0,2,2,2,2,0,0,0,4,4,0,0,0,0,4,0,0,0,1,1,0,0,2,19,13
201300040223,13,4,19,1,2,1,2.0,3.0,0.0,30.0,0.0,0.0,2.0,2.0,1,2,4.0,2.0,2.0,1.0,0.0,0.0,1,0.0,0.0,2,2,2,0,0,0,0,2,0,0,0,2,0,2,0,0,0,0,0,1,0,2,19,15
201300040356,13,6,21,2,2,3,1.0,3.0,0.0,30.0,0.0,0.0,2.0,1.0,1,2,4.0,1.0,1.0,1.0,0.0,28.0,1,0.0,1.0,2,1,4,0,0,0,0,4,0,0,2,0,2,2,0,2,0,1,0,1,0,2,21,50
200500048181,5,8,5,1,2,1,1.0,1.0,0.0,3.0,0.0,1.0,0.0,1.0,1,2,4.0,2.0,2.0,1.0,50.0,0.0,1,0.0,1.0,2,1,4,0,0,2,0,2,0,0,4,0,0,2,0,0,2,1,1,0,0,3,16,0
200600003848,6,1,4,1,2,1,1.0,6.0,0.0,7.0,0.0,0.0,1.0,16.0,1,-1,3.0,2.0,2.0,1.0,0.0,65.0,1,0.0,1.0,1,1,2,0,0,1,0,1,0,0,2,0,0,2,0,0,0,1,0,0,0,2,14,35
200500044466,5,7,1,5,2,1,1.0,3.0,0.0,7.0,0.0,0.0,2.0,15.0,1,0,2.0,2.0,1.0,1.0,0.0,90.0,1,0.0,1.0,2,2,4,0,0,0,0,4,0,0,2,0,2,2,0,2,0,1,0,0,0,2,4,50
200500017980,5,3,23,5,1,1,1.0,7.0,0.0,10.0,0.0,4.0,0.0,6.0,1,1,1.0,3.0,4.0,1.0,10.0,140.0,1,0.0,1.0,1,2,1,0,0,0,0,1,0,0,0,0,1,0,0,1,0,1,0,0,0,2,6,45
200600014600,6,3,20,1,2,1,1.0,7.0,0.0,5.0,0.0,0.0,0.0,1.0,1,2,4.0,2.0,2.0,2.0,0.0,52.0,1,0.0,1.0,1,3,1,0,0,0,0,1,0,0,0,0,1,0,0,0,1,0,0,0,0,3,7,55
200700032003,7,6,18,1,2,1,1.0,1.0,0.0,7.0,0.0,0.0,2.0,1.0,1,1,3.0,2.0,0.0,1.0,0.0,85.0,1,0.0,1.0,2,1,4,0,0,0,0,4,2,0,0,0,2,4,0,0,0,1,0,0,0,3,19,0
201000063144,10,4,5,5,2,2,1.0,3.0,0.0,32.0,0.0,0.0,2.0,1.0,1,2,4.0,2.0,4.0,1.0,0.0,128.0,1,0.0,1.0,2,2,2,2,0,0,0,4,0,0,0,0,4,2,0,2,0,1,1,0,0,2,21,10
201500041235,15,5,12,1,2,1,1.0,6.0,0.0,10.0,0.0,0.0,1.0,2.0,1,-1,3.0,2.0,4.0,1.0,0.0,0.0,1,0.0,1.0,1,1,1,1,0,1,0,1,0,1,0,1,0,1,0,0,1,0,0,0,0,2,14,55
200500067167,5,10,20,1,2,3,1.0,5.0,0.0,7.0,0.0,1.0,2.0,13.0,1,-1,4.0,2.0,2.0,1.0,0.0,72.0,1,0.0,1.0,3,2,12,9,0,9,3,9,0,15,0,3,3,6,9,6,0,1,0,0,0,2,8,55
201500018576,15,8,21,1,1,1,1.0,1.0,0.0,7.0,0.0,0.0,2.0,13.0,1,1,3.0,2.0,2.0,1.0,0.0,62.0,1,0.0,1.0,2,3,4,2,0,0,2,4,0,2,4,0,0,0,0,0,6,1,0,0,0,3,14,45
201400034362,14,4,1,1,1,1,1.0,6.0,0.0,7.0,0.0,0.0,2.0,1.0,1,0,4.0,2.0,3.0,1.0,0.0,80.0,1,0.0,1.0,2,2,2,2,0,0,0,4,0,2,2,0,0,2,0,0,2,1,1,0,0,2,10,30
201700030887,17,7,26,2,1,1,3.0,6.0,1.0,7.0,0.0,16.0,0.0,1.0,1,1,3.0,0.0,0.0,0.0,0.0,0.0,1,0.0,1.0,1,2,0,1,0,0,0,1,0,1,0,0,0,0,0,1,0,0,0,0,0,2,21,30
201200005222,12,6,18,3,1,1,1.0,6.0,0.0,7.0,0.0,2.0,0.0,1.0,1,1,3.0,2.0,0.0,4.0,0.0,60.0,1,0.0,3.0,1,2,4,0,2,0,1,1,0,3,1,0,0,0,0,4,0,0,0,1,0,3,22,30
200600011613,6,3,29,1,2,1,1.0,6.0,0.0,7.0,0.0,0.0,1.0,4.0,1,-1,9.0,0.0,0.0,2.0,0.0,70.0,1,0.0,1.0,1,1,1,1,0,1,0,1,0,2,0,0,0,1,0,1,0,0,1,0,0,2,8,50