Num_Acc,an,mois,jour,lum,agg,int,atm,col,senc,catv,occutc,obs,obsm,manv,catu,secu,catr,circ,nbv,prof,lartpc,larrout,surf,infra,situ,nb_veh,grav_simpl,Homme,Femme,Arrière,Autre_x,Avant,Conducteur,Autre_y,Inconnu,Loisirs,Professionnel,Travail,Adulte,Enfant,Jeune,Senior,choc_avant,choc_arriere,choc_lateral,choc_multiple,grav_order_max,heure,minute
201300014288,13,9,29,1,1,6,1.0,6.0,0.0,30.0,0.0,0.0,2.0,14.0,1,2,4.0,0.0,0.0,1.0,0.0,0.0,1,0.0,1.0,1,2,0,1,0,0,0,1,0,0,1,0,0,0,1,0,0,0,0,1,0,2,12,55
200700056768,7,9,4,1,2,2,2.0,3.0,0.0,7.0,0.0,0.0,2.0,1.0,1,1,4.0,2.0,3.0,1.0,0.0,117.0,1,5.0,1.0,2,1,2,2,0,0,0,4,0,0,4,0,0,4,0,0,0,1,0,0,0,2,10,0
200800073498,8,12,2,5,2,3,2.0,3.0,0.0,1.0,0.0,0.0,2.0,17.0,1,-1,4.0,1.0,1.0,1.0,0.0,35.0,1,0.0,0.0,2,2,0,4,0,0,0,4,0,0,2,2,0,2,0,0,2,1,0,0,0,2,18,30
201000054211,10,5,2,2,2,1,2.0,7.0,0.0,30.0,0.0,0.0,0.0,1.0,1,2,3.0,3.0,3.0,1.0,20.0,84.0,1,0.0,1.0,1,2,1,0,0,0,0,1,0,0,0,1,0,0,0,1,0,1,0,0,0,2,21,10
200700036759,7,6,3,3,1,1,1.0,3.0,0.0,7.0,0.0,0.0,0.0,1.0,1,-1,2.0,2.0,2.0,1.0,0.0,70.0,1,0.0,1.0,2,1,4,0,0,0,0,4,0,0,4,0,0,0,0,4,0,0,1,0,0,3,0,50
200500045954,5,7,4,5,2,1,1.0,6.0,0.0,7.0,0.0,0.0,1.0,1.0,1,0,4.0,1.0,4.0,1.0,0.0,120.0,1,0.0,1.0,1,1,1,1,0,1,0,1,0,0,1,1,0,1,0,1,0,1,0,0,0,2,22,11
200700074951,7,12,24,1,1,1,7.0,3.0,0.0,7.0,0.0,0.0,0.0,0.0,1,1,3.0,2.0,2.0,1.0,0.0,54.0,0,0.0,1.0,2,3,0,4,0,0,0,4,0,0,2,0,2,0,0,2,2,1,0,0,0,3,14,0
201500038079,15,9,27,5,2,1,1.0,3.0,0.0,7.0,0.0,0.0,2.0,15.0,1,1,4.0,2.0,2.0,2.0,0.0,0.0,1,0.0,1.0,2,1,4,0,0,0,0,4,0,4,0,0,0,2,0,2,0,1,0,0,0,2,21,55
201500022320,15,6,27,3,1,1,1.0,7.0,0.0,7.0,0.0,16.0,0.0,16.0,1,1,3.0,2.0,2.0,1.0,0.0,47.0,1,0.0,1.0,1,1,4,0,3,0,0,1,0,3,1,0,0,0,0,4,0,1,0,0,0,2,0,1
201400024097,14,3,27,5,2,2,1.0,3.0,0.0,10.0,0.0,0.0,2.0,15.0,1,-1,4.0,2.0,3.0,1.0,0.0,130.0,1,0.0,1.0,2,1,4,0,0,0,0,4,0,4,0,0,0,2,0,2,0,1,0,0,0,3,20,54
201300021524,13,12,15,1,2,1,1.0,2.0,0.0,7.0,0.0,0.0,2.0,2.0,1,-1,4.0,0.0,0.0,0.0,0.0,0.0,-1,0.0,1.0,2,1,2,4,2,0,0,4,0,6,0,0,0,4,2,0,0,1,1,0,0,2,13,0
200700079101,7,12,11,5,2,3,1.0,6.0,0.0,7.0,0.0,0.0,1.0,15.0,1,1,4.0,2.0,2.0,1.0,0.0,100.0,-1,0.0,1.0,1,1,1,2,0,2,0,1,0,0,3,0,0,1,1,0,1,1,0,0,0,2,18,30
201500027453,15,2,9,1,2,3,1.0,3.0,0.0,7.0,0.0,0.0,0.0,15.0,1,1,4.0,0.0,2.0,1.0,0.0,50.0,1,0.0,1.0,2,1,4,0,0,0,0,4,0,0,4,0,0,0,0,0,4,1,0,0,0,3,16,44
200800020046,8,4,16,1,2,3,1.0,5.0,0.0,2.0,0.0,0.0,9.0,19.0,1,2,3.0,2.0,3.0,1.0,0.0,0.0,1,5.0,0.0,3,3,6,3,0,0,0,9,0,0,6,3,0,6,0,0,3,1,0,1,0,3,18,50
201100059458,11,7,19,1,2,7,2.0,3.0,0.0,32.0,0.0,0.0,2.0,1.0,1,2,4.0,1.0,3.0,1.0,0.0,150.0,1,0.0,0.0,2,2,4,2,0,0,2,4,0,0,4,2,0,4,0,2,0,0,0,1,0,2,15,35
201400033558,14,8,4,1,2,2,1.0,3.0,0.0,7.0,0.0,0.0,2.0,15.0,1,1,3.0,2.0,3.0,2.0,0.0,110.0,1,0.0,1.0,2,1,2,2,0,0,0,4,4,0,0,0,0,4,0,0,0,1,0,0,0,2,11,30
201300053828,13,8,28,1,2,1,1.0,4.0,0.0,10.0,0.0,0.0,2.0,23.0,1,1,4.0,1.0,1.0,1.0,0.0,0.0,1,0.0,1.0,3,1,6,3,0,0,0,9,0,3,0,0,6,6,0,3,0,1,1,0,1,2,15,40
201600034834,16,6,21,1,1,2,1.0,7.0,2.0,7.0,0.0,16.0,0.0,19.0,1,1,3.0,2.0,2.0,1.0,0.0,0.0,1,0.0,3.0,1,2,0,1,0,0,0,1,0,0,1,0,0,1,0,0,0,0,0,0,1,2,11,30
200500072873,5,11,7,1,1,1,1.0,7.0,0.0,7.0,0.0,2.0,0.0,1.0,1,1,2.0,2.0,2.0,1.0,0.0,70.0,1,0.0,3.0,1,2,1,0,0,0,0,1,0,0,0,0,1,0,0,1,0,1,0,0,0,2,7,50
200700007188,7,2,9,3,1,1,1.0,1.0,0.0,2.0,0.0,0.0,2.0,13.0,1,-1,3.0,2.0,2.0,0.0,0.0,65.0,1,0.0,1.0,2,3,4,0,0,0,0,4,0,0,4,0,0,0,2,2,0,1,0,1,0,3,21,45
201700049879,17,11,22,5,1,1,1.0,6.0,1.0,7.0,0.0,8.0,0.0,13.0,1,1,4.0,2.0,2.0,1.0,0.0,30.0,1,0.0,3.0,1,2,0,1,0,0,0,1,0,0,1,0,0,1,0,0,0,1,0,0,0,2,21,25
201600016634,16,8,20,1,2,1,1.0,6.0,1.0,7.0,0.0,0.0,1.0,1.0,1,1,3.0,2.0,2.0,2.0,0.0,-1.0,1,0.0,1.0,1,2,2,0,0,1,0,1,0,0,2,0,0,0,1,1,0,1,0,0,0,3,15,0
201000008953,10,3,4,1,1,1,1.0,1.0,0.0,10.0,0.0,0.0,2.0,1.0,1,1,2.0,2.0,3.0,2.0,0.0,108.0,1,0.0,1.0,2,1,4,0,0,0,0,4,0,0,0,2,2,4,0,0,0,1,0,0,0,3,10,15
201300025823,13,4,16,1,2,1,1.0,6.0,0.0,7.0,0.0,0.0,1.0,9.0,1,1,4.0,2.0,2.0,2.0,0.0,80.0,1,0.0,5.0,1,1,1,1,0,1,0,1,0,1,1,0,0,1,0,0,1,1,0,0,0,2,17,15
201100053978,11,9,4,1,1,1,1.0,6.0,0.0,7.0,0.0,3.0,0.0,0.0,1,1,2.0,3.0,4.0,1.0,20.0,70.0,1,0.0,2.0,1,2,0,1,0,0,0,1,0,0,1,0,0,0,0,1,0,1,0,0,0,2,18,5
201700049364,17,7,18,1,1,1,1.0,2.0,2.0,7.0,0.0,0.0,2.0,19.0,1,1,1.0,3.0,6.0,1.0,15.0,210.0,1,0.0,1.0,2,2,4,0,0,0,0,4,2,0,0,2,0,0,0,2,2,1,1,0,0,2,10,30
201500000319,15,5,17,2,2,7,1.0,6.0,0.0,7.0,0.0,6.0,0.0,1.0,1,1,3.0,2.0,2.0,2.0,0.0,74.0,1,0.0,4.0,1,2,4,2,3,1,1,1,0,5,1,0,0,0,5,1,0,1,0,0,0,3,6,0
200900058470,9,12,7,1,1,1,8.0,7.0,0.0,7.0,0.0,0.0,0.0,0.0,1,1,3.0,2.0,2.0,2.0,0.0,59.0,1,0.0,1.0,1,3,1,0,0,0,0,1,0,1,0,0,0,0,0,1,0,0,0,0,0,3,7,10
200700070783,7,11,20,5,2,2,2.0,6.0,0.0,7.0,0.0,0.0,1.0,15.0,1,-1,4.0,2.0,2.0,1.0,0.0,66.0,1,0.0,1.0,1,1,0,2,0,1,0,1,0,0,1,0,1,1,0,0,1,1,0,0,0,2,21,15
201100031795,11,11,29,1,2,3,1.0,3.0,0.0,7.0,0.0,0.0,2.0,1.0,1,-1,4.0,2.0,2.0,0.0,0.0,0.0,-1,0.0,1.0,2,1,2,2,0,0,0,4,0,2,2,0,0,2,0,2,0,1,0,1,0,3,18,15
200700039204,7,6,1,1,2,1,1.0,3.0,0.0,10.0,0.0,0.0,2.0,12.0,1,1,4.0,1.0,4.0,1.0,15.0,140.0,1,0.0,1.0,2,1,4,0,0,0,0,4,0,0,0,0,4,4,0,0,0,1,0,0,0,2,15,55
200900037269,9,10,5,1,2,1,2.0,1.0,0.0,30.0,0.0,0.0,2.0,13.0,1,2,4.0,2.0,2.0,1.0,0.0,95.0,1,0.0,1.0,2,3,2,2,0,0,0,4,0,0,4,0,0,2,0,2,0,1,0,0,0,3,15,40
200800000233,8,1,12,3,1,1,1.0,2.0,0.0,7.0,0.0,0.0,2.0,2.0,1,1,2.0,3.0,0.0,1.0,20.0,40.0,1,5.0,1.0,2,2,6,0,0,0,2,4,0,2,2,2,0,6,0,0,0,1,1,0,0,3,17,30
201500017261,15,10,18,3,1,1,1.0,6.0,0.0,7.0,0.0,13.0,0.0,1.0,1,1,3.0,2.0,2.0,1.0,0.0,70.0,1,0.0,1.0,1,3,1,0,0,0,0,1,0,0,1,0,0,0,0,1,0,1,0,0,0,3,6,30
201200000270,12,5,13,2,1,1,1.0,6.0,0.0,7.0,0.0,2.0,0.0,1.0,1,1,3.0,2.0,0.0,0.0,0.0,76.0,1,0.0,3.0,1,3,1,1,1,0,0,1,0,1,1,0,0,1,0,0,1,0,0,1,0,3,6,15
200500002737,5,1,14,1,2,3,1.0,3.0,0.0,7.0,0.0,0.0,2.0,1.0,1,1,4.0,2.0,2.0,1.0,0.0,70.0,1,0.0,1.0,2,2,4,0,0,0,0,4,4,0,0,0,0,2,0,2,0,1,0,1,0,2,14,35
200800050280,8,9,25,1,2,1,1.0,3.0,0.0,7.0,0.0,0.0,2.0,9.0,1,1,4.0,0.0,2.0,0.0,0.0,0.0,1,0.0,1.0,2,1,4,0,0,0,0,4,0,2,2,0,0,0,2,0,2,1,0,1,0,2,12,45
200600078426,6,12,9,5,2,3,1.0,6.0,0.0,7.0,0.0,14.0,0.0,16.0,1,1,4.0,1.0,2.0,1.0,0.0,60.0,1,0.0,1.0,1,1,1,1,0,0,1,1,0,1,1,0,0,0,0,0,2,1,0,0,0,2,17,50
201000003197,10,9,3,1,2,1,1.0,1.0,0.0,7.0,0.0,0.0,2.0,1.0,1,1,3.0,2.0,2.0,2.0,0.0,79.0,1,0.0,1.0,2,1,2,4,0,0,2,4,0,2,4,0,0,2,0,4,0,1,0,1,0,3,20,0
201000041284,10,2,14,1,2,3,8.0,2.0,0.0,7.0,0.0,0.0,0.0,0.0,1,-1,4.0,2.0,2.0,0.0,0.0,0.0,-1,0.0,0.0,2,1,4,0,0,0,0,4,0,4,0,0,0,4,0,0,0,1,1,0,0,2,8,11
201300032464,13,1,17,2,2,1,1.0,3.0,0.0,7.0,0.0,7.0,2.0,1.0,1,1,4.0,2.0,2.0,1.0,0.0,50.0,1,0.0,1.0,2,2,2,2,0,0,0,4,0,0,0,2,2,4,0,0,0,1,0,0,0,2,7,40
201700032022,17,12,31,2,2,2,1.0,6.0,1.0,7.0,0.0,0.0,1.0,1.0,1,1,3.0,2.0,2.0,1.0,0.0,0.0,1,0.0,0.0,1,1,2,0,0,1,0,1,0,2,0,0,0,0,0,2,0,1,0,0,0,2,17,50
201400007103,14,8,9,1,1,9,2.0,1.0,0.0,7.0,0.0,0.0,2.0,13.0,1,1,4.0,2.0,0.0,1.0,0.0,35.0,1,0.0,1.0,2,3,4,0,0,0,0,4,0,0,2,2,0,2,0,0,2,1,0,0,0,3,9,15
201700051321,17,4,4,1,1,1,1.0,5.0,2.0,7.0,0.0,0.0,2.0,1.0,1,1,1.0,3.0,6.0,1.0,10.0,210.0,1,0.0,1.0,3,2,6,3,0,0,3,6,3,3,0,3,0,6,3,0,0,0,0,1,0,2,13,10
201700053958,17,12,13,5,2,2,2.0,6.0,2.0,32.0,0.0,0.0,1.0,21.0,1,2,4.0,2.0,4.0,1.0,0.0,200.0,1,0.0,1.0,1,1,1,1,0,1,0,1,0,0,0,0,2,1,0,0,1,0,0,0,0,2,18,30
201500002831,15,9,21,1,1,1,1.0,1.0,0.0,7.0,0.0,0.0,2.0,1.0,1,1,3.0,2.0,2.0,1.0,0.0,55.0,1,0.0,1.0,2,2,4,0,0,0,0,4,2,0,0,0,2,4,0,0,0,1,0,0,0,2,10,0
201300052461,13,9,2,1,2,1,1.0,3.0,0.0,33.0,0.0,0.0,2.0,17.0,1,2,4.0,2.0,2.0,1.0,0.0,70.0,1,0.0,1.0,2,2,4,0,0,0,0,4,0,0,2,2,0,0,0,2,2,1,0,0,0,2,14,45
200800066449,8,11,22,5,1,1,2.0,2.0,1.0,7.0,0.0,0.0,2.0,2.0,1,1,1.0,1.0,4.0,1.0,0.0,102.0,1,0.0,1.0,2,2,2,2,0,0,2,2,0,2,2,0,0,0,0,4,0,0,0,0,0,2,5,16
201400026968,14,6,17,1,2,6,1.0,3.0,0.0,7.0,0.0,0.0,2.0,9.0,1,1,3.0,1.0,1.0,1.0,0.0,0.0,1,0.0,1.0,2,1,2,2,0,0,0,4,0,0,4,0,0,2,0,2,0,1,0,0,0,2,18,0
201600014856,16,6,7,1,1,3,1.0,3.0,1.0,32.0,0.0,0.0,2.0,1.0,1,2,4.0,2.0,4.0,1.0,50.0,150.0,1,0.0,1.0,2,3,4,0,0,0,0,4,0,0,4,0,0,2,0,2,0,1,0,0,0,3,15,0
201600009757,16,7,21,1,2,1,1.0,6.0,1.0,7.0,0.0,0.0,1.0,21.0,1,1,3.0,2.0,2.0,1.0,0.0,0.0,1,0.0,1.0,1,1,1,1,0,1,0,1,0,1,1,0,0,0,1,1,0,1,0,0,0,2,19,30
200700067112,7,10,21,1,2,1,1.0,1.0,0.0,30.0,0.0,0.0,2.0,19.0,1,2,4.0,2.0,3.0,1.0,0.0,83.0,1,5.0,1.0,2,2,4,2,0,2,0,4,0,0,2,2,2,0,0,6,0,1,0,0,0,2,15,25
201400038239,14,11,19,5,2,1,1.0,5.0,0.0,7.0,0.0,0.0,2.0,1.0,1,1,2.0,2.0,2.0,3.0,0.0,0.0,-1,1.0,1.0,3,1,9,0,0,0,0,9,0,6,0,0,3,3,0,6,0,1,0,0,0,2,22,10
200800011298,8,3,4,1,2,1,1.0,6.0,0.0,2.0,0.0,0.0,1.0,17.0,3,-1,4.0,2.0,2.0,2.0,0.0,52.0,1,0.0,1.0,1,3,1,1,0,1,0,1,0,0,2,0,0,1,0,0,1,1,0,0,0,3,17,20
201600044928,16,7,24,2,1,1,1.0,6.0,2.0,7.0,0.0,0.0,0.0,0.0,1,1,2.0,0.0,2.0,0.0,0.0,0.0,-1,0.0,0.0,1,2,1,0,0,0,0,1,0,1,0,0,0,0,0,1,0,0,0,0,0,2,6,30
201100044875,11,5,11,1,2,1,1.0,3.0,0.0,10.0,0.0,0.0,2.0,9.0,1,1,3.0,1.0,1.0,1.0,0.0,0.0,1,0.0,1.0,2,1,4,0,0,0,0,4,2,0,2,0,0,0,0,0,4,1,1,0,0,2,10,30
200500025002,5,5,16,1,1,1,1.0,1.0,0.0,18.0,3.0,0.0,2.0,1.0,1,1,3.0,2.0,0.0,1.0,0.0,60.0,1,0.0,1.0,2,1,6,6,2,0,6,4,0,8,2,2,0,4,6,2,0,1,0,0,0,2,16,30
200800061042,8,10,5,1,1,1,2.0,6.0,0.0,7.0,0.0,4.0,0.0,13.0,1,1,2.0,3.0,6.0,1.0,15.0,210.0,1,0.0,1.0,1,2,1,0,0,0,0,1,0,0,1,0,0,1,0,0,0,1,0,0,0,2,9,12
200700015766,7,3,23,1,2,2,2.0,2.0,0.0,30.0,0.0,0.0,2.0,17.0,1,2,3.0,3.0,2.0,1.0,12.0,70.0,1,0.0,1.0,2,2,4,0,0,0,0,4,0,0,4,0,0,0,0,2,2,1,1,0,0,2,15,10
201600003087,16,2,28,1,1,1,8.0,3.0,1.0,7.0,0.0,0.0,0.0,10.0,1,1,3.0,2.0,0.0,1.0,0.0,0.0,1,5.0,1.0,2,1,4,0,0,0,0,4,0,2,0,0,2,4,0,0,0,1,0,0,0,3,10,45
201400046954,14,2,2,3,1,1,1.0,2.0,0.0,7.0,0.0,0.0,2.0,1.0,1,1,1.0,3.0,8.0,2.0,0.0,-1.0,1,0.0,1.0,2,1,6,2,4,0,0,4,0,0,8,0,0,4,4,0,0,1,1,0,0,2,1,45
200500035515,5,6,22,1,2,3,1.0,3.0,0.0,4.0,0.0,0.0,2.0,18.0,1,2,4.0,1.0,2.0,1.0,0.0,60.0,1,0.0,1.0,2,2,4,0,0,0,0,4,0,0,0,4,0,2,0,0,2,1,0,0,0,2,9,30
200800047941,8,8,23,1,1,1,1.0,7.0,0.0,17.0,0.0,3.0,0.0,0.0,1,1,1.0,3.0,0.0,1.0,20.0,70.0,1,3.0,3.0,1,3,1,0,0,0,0,1,0,0,0,1,0,1,0,0,0,0,0,0,0,3,8,45
200700012103,7,3,30,3,1,1,4.0,7.0,0.0,7.0,0.0,8.0,0.0,1.0,1,1,2.0,3.0,4.0,1.0,36.0,70.0,1,0.0,3.0,1,3,0,1,0,0,0,1,1,0,0,0,0,0,0,1,0,0,0,1,0,3,23,15
200900042342,9,10,23,1,1,1,1.0,6.0,0.0,7.0,0.0,2.0,0.0,1.0,1,1,3.0,2.0,0.0,1.0,0.0,67.0,1,0.0,1.0,1,4,1,0,0,0,0,1,0,0,0,1,0,0,0,1,0,0,0,1,0,4,9,30
201200046889,12,4,24,1,2,1,3.0,6.0,0.0,2.0,0.0,3.0,0.0,1.0,1,2,4.0,2.0,2.0,2.0,0.0,0.0,1,0.0,4.0,1,2,1,0,0,0,0,1,0,0,0,0,1,1,0,0,0,1,0,0,0,2,17,0
201200025097,12,5,15,1,2,2,1.0,2.0,0.0,7.0,0.0,0.0,0.0,0.0,1,-1,4.0,2.0,3.0,1.0,0.0,100.0,1,5.0,1.0,2,2,4,0,0,0,0,4,2,2,0,0,0,2,0,0,2,1,1,0,0,2,17,10
200600059927,6,10,5,2,2,6,1.0,3.0,0.0,2.0,0.0,0.0,2.0,1.0,1,2,3.0,1.0,1.0,3.0,0.0,69.0,1,0.0,1.0,2,2,4,0,0,0,0,4,0,0,0,0,4,2,2,0,0,1,1,0,0,2,7,30
201100013599,11,5,11,1,2,1,1.0,3.0,0.0,7.0,0.0,0.0,2.0,2.0,1,1,4.0,2.0,2.0,2.0,0.0,73.0,1,0.0,1.0,2,1,2,2,0,0,0,4,4,0,0,0,0,2,0,2,0,1,1,0,0,3,18,0
201300039942,13,9,4,1,2,1,7.0,6.0,0.0,10.0,0.0,0.0,1.0,1.0,1,1,4.0,2.0,2.0,1.0,0.0,60.0,1,0.0,1.0,1,1,1,1,0,1,0,1,0,2,0,0,0,1,0,0,1,0,0,0,0,2,8,15
201100040646,11,6,4,1,1,1,1.0,7.0,0.0,33.0,0.0,0.0,0.0,1.0,1,2,3.0,2.0,2.0,2.0,0.0,76.0,1,0.0,1.0,1,2,0,2,0,0,1,1,0,0,2,0,0,0,0,2,0,0,0,1,0,3,20,10
200700025939,7,5,8,1,2,1,1.0,1.0,0.0,7.0,0.0,0.0,2.0,15.0,1,1,3.0,3.0,2.0,0.0,0.0,0.0,-1,0.0,0.0,2,3,4,6,4,0,2,4,0,6,4,0,0,4,0,6,0,1,0,0,0,3,14,0
201200036109,12,12,5,5,2,2,2.0,6.0,0.0,7.0,0.0,0.0,1.0,2.0,1,-1,4.0,2.0,2.0,1.0,0.0,80.0,1,0.0,1.0,1,1,0,2,0,1,0,1,0,0,2,0,0,1,0,0,1,1,0,0,0,2,17,20
200500046855,5,7,4,1,2,1,2.0,6.0,0.0,7.0,0.0,6.0,2.0,17.0,1,1,3.0,3.0,4.0,1.0,66.0,67.0,1,2.0,1.0,3,2,9,9,9,0,3,6,6,12,0,0,0,0,9,9,0,0,0,1,0,3,10,55
200900041250,9,8,15,1,2,6,1.0,6.0,0.0,33.0,0.0,0.0,2.0,17.0,1,2,3.0,3.0,2.0,1.0,0.0,60.0,1,0.0,1.0,2,2,2,2,0,0,0,4,0,0,4,0,0,2,0,0,2,1,0,1,0,2,12,15
201700015278,17,4,9,1,2,1,1.0,7.0,1.0,7.0,0.0,13.0,0.0,1.0,1,-1,3.0,2.0,2.0,1.0,0.0,0.0,1,0.0,1.0,1,2,1,0,0,0,0,1,0,0,0,0,1,1,0,0,0,0,0,1,0,2,6,45
201100023179,11,9,21,2,2,1,1.0,7.0,0.0,2.0,0.0,0.0,0.0,0.0,1,2,4.0,2.0,1.0,0.0,0.0,40.0,1,0.0,1.0,1,3,1,0,0,0,0,1,0,1,0,0,0,0,0,1,0,0,0,0,0,3,19,30
201200029866,12,4,19,1,2,1,1.0,1.0,0.0,7.0,0.0,0.0,2.0,1.0,1,1,3.0,2.0,4.0,1.0,0.0,0.0,1,0.0,1.0,2,1,2,2,0,0,0,4,2,0,0,0,2,4,0,0,0,1,0,0,0,3,12,30
201100027716,11,7,12,1,2,1,1.0,2.0,0.0,7.0,0.0,0.0,0.0,1.0,1,1,4.0,1.0,3.0,1.0,0.0,0.0,1,0.0,1.0,2,1,2,2,0,0,0,4,0,0,0,4,0,4,0,0,0,1,1,0,0,2,18,0
200700029029,7,5,9,1,2,2,3.0,3.0,0.0,7.0,0.0,0.0,2.0,1.0,2,-1,4.0,2.0,2.0,1.0,0.0,0.0,1,0.0,1.0,2,3,2,4,2,0,0,4,4,2,0,0,0,2,2,2,0,1,0,0,0,3,18,5
200500062739,5,10,1,1,2,1,1.0,3.0,0.0,7.0,0.0,0.0,2.0,19.0,1,1,3.0,2.0,2.0,1.0,0.0,73.0,-1,5.0,1.0,2,1,0,4,0,0,0,4,4,0,0,0,0,2,0,2,0,1,0,0,0,3,10,15
201100047143,11,5,21,1,2,6,1.0,3.0,0.0,7.0,0.0,0.0,9.0,17.0,1,1,3.0,0.0,3.0,1.0,15.0,112.0,1,0.0,1.0,2,1,4,0,0,0,0,4,0,0,4,0,0,4,0,0,0,1,0,1,0,2,14,30
200800003263,8,1,15,2,2,2,2.0,3.0,0.0,7.0,0.0,0.0,2.0,1.0,1,1,4.0,1.0,2.0,1.0,0.0,0.0,1,0.0,1.0,2,1,2,2,0,0,0,4,0,4,0,0,0,2,0,2,0,1,0,0,0,3,17,25
200600041812,6,7,3,1,1,1,1.0,2.0,0.0,7.0,0.0,0.0,0.0,1.0,1,1,1.0,1.0,2.0,1.0,15.0,35.0,1,0.0,1.0,2,2,4,0,0,0,0,4,4,0,0,0,0,2,0,2,0,1,1,0,0,2,9,45
200900046209,9,9,15,1,2,1,2.0,7.0,0.0,30.0,0.0,0.0,0.0,1.0,1,2,4.0,2.0,2.0,1.0,0.0,0.0,1,0.0,1.0,1,2,0,1,0,0,0,1,1,0,0,0,0,0,1,0,0,0,0,1,0,2,17,50
200500012004,5,2,19,1,1,1,8.0,2.0,0.0,7.0,0.0,1.0,0.0,14.0,1,1,1.0,3.0,2.0,1.0,20.0,95.0,-1,0.0,2.0,2,2,0,4,0,0,0,4,0,0,4,0,0,2,0,2,0,1,1,0,0,2,18,15
201400032007,14,2,14,2,1,1,1.0,7.0,0.0,7.0,0.0,0.0,1.0,0.0,1,1,4.0,2.0,2.0,1.0,0.0,0.0,1,0.0,1.0,1,1,2,0,0,1,0,1,0,0,2,0,0,2,0,0,0,1,0,0,0,3,20,10
201100013127,11,3,10,1,1,1,1.0,1.0,0.0,7.0,0.0,0.0,2.0,17.0,1,-1,2.0,2.0,2.0,2.0,0.0,0.0,1,0.0,1.0,2,3,4,0,0,0,0,4,0,0,4,0,0,2,0,2,0,1,0,0,0,3,16,45
201000024502,10,4,14,1,2,1,1.0,6.0,0.0,7.0,0.0,6.0,0.0,0.0,1,1,4.0,2.0,2.0,0.0,0.0,50.0,1,0.0,1.0,1,3,0,1,0,0,0,1,0,1,0,0,0,1,0,0,0,1,0,0,0,3,17,45
200700061249,7,10,5,1,1,1,1.0,1.0,0.0,7.0,0.0,0.0,2.0,13.0,1,1,3.0,2.0,2.0,1.0,0.0,74.0,1,0.0,1.0,2,4,2,2,0,0,0,4,0,0,2,2,0,0,0,2,2,1,0,0,0,4,15,15
201700037897,17,6,6,5,2,1,2.0,4.0,1.0,1.0,0.0,0.0,2.0,2.0,1,-1,4.0,2.0,2.0,1.0,0.0,70.0,1,0.0,1.0,3,2,3,6,0,0,0,9,3,0,6,0,0,0,6,3,0,1,1,0,0,3,0,1
200700032396,7,6,15,3,1,1,2.0,6.0,0.0,7.0,0.0,2.0,0.0,17.0,1,1,3.0,2.0,2.0,1.0,0.0,64.0,1,0.0,1.0,1,4,1,0,0,0,0,1,0,0,1,0,0,1,0,0,0,1,0,0,0,4,23,15
201400016293,14,9,19,1,2,1,1.0,4.0,0.0,7.0,0.0,0.0,2.0,2.0,1,1,3.0,1.0,2.0,2.0,0.0,40.0,1,0.0,1.0,3,3,3,6,0,0,0,9,0,3,3,3,0,6,0,3,0,1,1,0,0,3,14,45
201200048291,12,2,15,1,2,1,1.0,6.0,0.0,7.0,0.0,0.0,1.0,1.0,1,1,4.0,2.0,2.0,1.0,90.0,70.0,1,0.0,1.0,1,1,0,2,0,1,0,1,0,0,2,0,0,0,0,1,1,1,0,0,0,3,12,40
201400005616,14,5,10,1,1,1,1.0,6.0,0.0,7.0,0.0,13.0,0.0,13.0,1,1,2.0,0.0,2.0,0.0,0.0,70.0,1,0.0,3.0,1,3,0,1,0,0,0,1,0,0,1,0,0,1,0,0,0,1,0,0,0,3,9,30
200700074367,7,11,21,3,1,1,2.0,1.0,0.0,15.0,0.0,0.0,2.0,5.0,1,1,1.0,3.0,0.0,1.0,8.0,100.0,1,0.0,1.0,2,1,4,0,0,0,0,4,0,0,0,4,0,4,0,0,0,1,0,0,0,2,1,15
200600003890,6,1,14,1,2,2,1.0,4.0,0.0,7.0,0.0,0.0,2.0,1.0,1,1,3.0,2.0,3.0,1.0,0.0,90.0,1,5.0,1.0,3,2,3,6,0,0,0,9,0,0,9,0,0,6,0,3,0,1,1,0,0,2,14,30
200600053594,6,9,27,5,2,1,1.0,5.0,0.0,7.0,0.0,0.0,2.0,5.0,1,-1,4.0,2.0,1.0,1.0,0.0,90.0,1,0.0,1.0,4,1,16,0,0,0,0,16,0,16,0,0,0,8,0,8,0,1,1,0,0,3,23,0
200500084331,5,12,3,5,2,1,1.0,2.0,0.0,7.0,0.0,0.0,1.0,1.0,1,1,4.0,2.0,2.0,1.0,0.0,0.0,1,0.0,1.0,2,1,4,0,0,0,0,4,0,0,4,0,0,4,0,0,0,1,1,0,0,3,20,0
200500015112,5,3,4,1,2,1,1.0,3.0,0.0,7.0,0.0,0.0,2.0,10.0,1,-1,4.0,2.0,4.0,1.0,13.0,120.0,1,0.0,1.0,2,1,4,0,0,0,0,4,0,0,4,0,0,4,0,0,0,0,1,1,0,2,17,50
200600040792,6,7,2,1,2,2,1.0,3.0,0.0,7.0,0.0,0.0,2.0,1.0,1,1,4.0,2.0,2.0,1.0,0.0,60.0,1,0.0,1.0,2,1,4,0,0,0,0,4,2,0,2,0,0,4,0,0,0,1,0,0,0,2,9,30