Num_Acc,an,mois,jour,lum,agg,int,atm,col,senc,catv,occutc,obs,obsm,manv,catu,secu,catr,circ,nbv,prof,lartpc,larrout,surf,infra,situ,nb_veh,grav_simpl,Homme,Femme,Arrière,Autre_x,Avant,Conducteur,Autre_y,Inconnu,Loisirs,Professionnel,Travail,Adulte,Enfant,Jeune,Senior,choc_avant,choc_arriere,choc_lateral,choc_multiple,grav_order_max,heure,minute
201000017602,10,6,4,1,1,1,1.0,2.0,0.0,7.0,0.0,0.0,2.0,2.0,2,1,1.0,3.0,6.0,1.0,15.0,108.0,1,0.0,1.0,2,3,4,2,0,0,0,6,0,2,2,2,0,2,0,0,4,1,1,0,0,3,13,0
200900026416,9,7,5,3,1,1,1.0,6.0,0.0,7.0,0.0,8.0,0.0,1.0,1,1,3.0,2.0,2.0,1.0,0.0,0.0,1,0.0,1.0,1,2,4,0,2,0,1,1,0,3,1,0,0,2,0,2,0,0,0,0,1,3,4,45
201200030031,12,1,16,1,2,1,1.0,4.0,0.0,7.0,0.0,0.0,2.0,23.0,1,1,3.0,3.0,2.0,1.0,0.0,0.0,1,0.0,1.0,4,1,4,12,0,0,0,16,4,0,12,0,0,4,4,8,0,1,1,0,0,3,17,25
200600034183,6,6,11,1,2,2,1.0,3.0,0.0,31.0,0.0,0.0,2.0,17.0,1,2,4.0,2.0,2.0,1.0,0.0,70.0,1,0.0,1.0,2,1,4,0,0,0,0,4,0,0,2,2,0,0,0,4,0,0,0,1,0,2,14,0
201700015687,17,8,6,1,1,1,1.0,7.0,2.0,7.0,0.0,13.0,0.0,1.0,1,1,3.0,2.0,2.0,3.0,0.0,50.0,-1,0.0,3.0,1,2,1,0,0,0,0,1,0,0,1,0,0,1,0,0,0,0,0,0,1,2,14,45
200800017155,8,4,15,1,2,1,1.0,1.0,0.0,30.0,0.0,2.0,0.0,13.0,1,2,4.0,2.0,0.0,0.0,0.0,43.0,1,0.0,1.0,2,3,4,0,0,0,0,4,0,0,2,0,2,2,0,2,0,1,0,0,0,3,18,30
201200026057,12,5,17,5,2,1,1.0,6.0,0.0,7.0,0.0,0.0,1.0,1.0,1,1,4.0,2.0,4.0,1.0,15.0,60.0,1,0.0,1.0,1,1,2,0,0,1,0,1,0,0,1,0,1,1,1,0,0,1,0,0,0,3,1,30
200500008446,5,2,16,1,2,1,1.0,6.0,0.0,7.0,0.0,0.0,2.0,15.0,1,1,4.0,2.0,2.0,1.0,0.0,70.0,1,0.0,1.0,2,1,4,2,0,0,0,6,0,2,2,2,0,0,2,2,2,1,0,1,0,2,11,15
200800020405,8,4,28,1,2,1,1.0,6.0,0.0,7.0,0.0,0.0,2.0,1.0,1,-1,4.0,2.0,4.0,1.0,0.0,0.0,1,0.0,2.0,2,1,2,4,2,0,0,4,0,2,4,0,0,0,0,0,6,1,1,0,0,2,13,55
200700031972,7,6,15,1,1,1,1.0,7.0,0.0,33.0,0.0,16.0,0.0,15.0,1,2,4.0,2.0,0.0,1.0,0.0,44.0,1,0.0,1.0,1,2,1,0,0,0,0,1,0,0,1,0,0,0,0,1,0,0,0,1,0,2,19,0
200600049570,6,8,28,1,2,1,3.0,6.0,0.0,7.0,0.0,8.0,0.0,2.0,2,-1,4.0,3.0,4.0,1.0,51.0,77.0,1,0.0,1.0,1,2,2,1,1,0,1,1,0,2,0,0,1,0,0,3,0,1,0,0,0,2,12,40
200600021023,6,4,1,1,2,1,1.0,2.0,0.0,7.0,0.0,0.0,2.0,14.0,1,1,3.0,1.0,3.0,1.0,0.0,102.0,1,0.0,1.0,2,2,4,2,0,0,2,4,0,2,2,2,0,2,0,4,0,1,1,0,0,2,18,35
200700051038,7,8,28,1,2,1,1.0,2.0,0.0,10.0,0.0,0.0,2.0,2.0,1,1,3.0,2.0,0.0,1.0,0.0,0.0,1,0.0,1.0,2,1,4,0,0,0,0,4,2,0,0,0,2,2,0,2,0,1,1,0,0,2,9,20
200500063697,5,10,28,1,1,1,1.0,7.0,0.0,99.0,0.0,13.0,0.0,1.0,1,1,4.0,2.0,0.0,1.0,30.0,0.0,1,0.0,1.0,1,2,2,0,1,0,0,1,0,1,1,0,0,0,0,2,0,1,0,0,0,2,9,45
201000034865,10,5,27,3,1,1,1.0,6.0,0.0,7.0,0.0,15.0,0.0,13.0,1,1,4.0,2.0,2.0,2.0,0.0,50.0,1,0.0,3.0,1,2,0,1,0,0,0,1,1,0,0,0,0,1,0,0,0,1,0,0,0,2,22,40
200600039225,6,7,20,1,1,3,1.0,2.0,0.0,7.0,0.0,0.0,2.0,9.0,1,1,3.0,2.0,2.0,1.0,0.0,100.0,1,0.0,1.0,2,3,4,0,0,0,0,4,0,0,4,0,0,0,0,2,2,1,1,0,0,3,19,55
200700011368,7,2,7,1,1,1,1.0,5.0,0.0,15.0,0.0,0.0,0.0,2.0,1,1,1.0,3.0,4.0,1.0,250.0,170.0,1,3.0,1.0,3,1,6,3,0,0,0,9,0,0,0,6,3,9,0,0,0,1,1,1,0,2,16,20
201200035933,12,6,19,1,2,1,1.0,6.0,0.0,7.0,0.0,1.0,1.0,1.0,1,0,4.0,1.0,1.0,1.0,0.0,43.0,1,0.0,1.0,1,1,2,0,0,1,0,1,0,0,2,0,0,0,1,1,0,1,0,0,0,3,17,45
200500039330,5,6,2,1,1,1,1.0,5.0,0.0,14.0,0.0,3.0,2.0,6.0,1,1,2.0,3.0,0.0,0.0,20.0,140.0,1,0.0,1.0,5,1,20,10,0,0,5,25,0,5,0,10,15,30,0,0,0,1,0,0,0,2,17,0
200600009275,6,2,3,1,2,3,1.0,6.0,0.0,7.0,0.0,0.0,1.0,15.0,1,1,4.0,1.0,1.0,1.0,0.0,30.0,1,0.0,1.0,1,1,0,2,0,1,0,1,0,0,1,1,0,2,0,0,0,1,0,0,0,3,18,30
201300003624,13,1,11,2,1,1,1.0,6.0,0.0,30.0,0.0,0.0,1.0,1.0,1,2,4.0,2.0,2.0,1.0,0.0,40.0,1,0.0,1.0,1,1,2,0,0,1,0,1,0,0,2,0,0,0,1,1,0,1,0,0,0,2,17,0
200900002733,9,4,6,1,2,1,1.0,6.0,0.0,7.0,0.0,1.0,2.0,9.0,1,-1,4.0,1.0,1.0,1.0,0.0,60.0,1,0.0,1.0,2,1,4,0,0,0,0,4,0,4,0,0,0,0,0,0,4,1,0,0,0,2,16,0
200700036476,7,6,22,3,1,1,1.0,7.0,0.0,7.0,0.0,6.0,0.0,1.0,1,1,4.0,2.0,0.0,1.0,0.0,0.0,1,0.0,1.0,1,2,2,2,2,0,1,1,0,3,1,0,0,0,2,2,0,0,0,0,1,4,0,40
200500014544,5,3,24,1,2,1,2.0,4.0,0.0,7.0,0.0,0.0,2.0,2.0,1,1,4.0,2.0,2.0,2.0,0.0,0.0,1,0.0,1.0,3,1,3,6,0,0,0,9,0,0,3,0,6,3,0,3,3,1,1,0,0,2,17,30
200600007413,6,2,7,1,2,1,1.0,6.0,0.0,5.0,0.0,0.0,1.0,1.0,1,2,4.0,2.0,2.0,2.0,0.0,88.0,1,0.0,1.0,1,2,2,0,0,1,0,1,2,0,0,0,0,2,0,0,0,1,0,0,0,3,17,5
200800036457,8,7,18,1,2,1,1.0,6.0,0.0,7.0,0.0,9.0,0.0,14.0,1,-1,3.0,2.0,2.0,1.0,0.0,75.0,1,0.0,3.0,1,2,1,1,0,0,1,1,1,1,0,0,0,0,0,0,2,1,0,0,0,3,16,0
201300035464,13,1,26,5,2,6,1.0,6.0,0.0,7.0,0.0,0.0,1.0,9.0,1,1,3.0,3.0,2.0,1.0,0.0,0.0,1,0.0,1.0,1,1,2,0,0,1,0,1,0,2,0,0,0,2,0,0,0,1,0,0,0,3,19,30
200900068601,9,12,21,5,2,1,8.0,7.0,0.0,2.0,0.0,0.0,0.0,1.0,1,2,4.0,2.0,1.0,1.0,0.0,60.0,1,0.0,0.0,1,2,1,0,0,0,0,1,0,0,1,0,0,0,0,1,0,0,0,0,0,2,17,45
200900032121,9,7,26,1,1,1,1.0,4.0,0.0,7.0,0.0,0.0,2.0,1.0,1,1,3.0,2.0,2.0,1.0,0.0,40.0,1,0.0,1.0,3,2,6,3,0,0,0,9,6,0,3,0,0,3,0,6,0,1,0,0,0,3,15,9
201100012442,11,11,10,5,2,1,2.0,6.0,0.0,7.0,0.0,7.0,0.0,13.0,1,1,3.0,2.0,2.0,1.0,0.0,70.0,1,0.0,3.0,1,3,1,0,0,0,0,1,0,0,0,0,1,1,0,0,0,1,0,0,0,3,5,30
201400011436,14,10,30,1,2,2,1.0,3.0,0.0,7.0,0.0,0.0,2.0,13.0,1,1,4.0,1.0,2.0,1.0,0.0,0.0,1,0.0,0.0,2,1,4,0,0,0,0,4,0,2,0,0,2,2,0,2,0,1,1,0,0,3,13,4
200700018106,7,3,12,1,1,1,1.0,3.0,0.0,17.0,0.0,1.0,0.0,0.0,1,1,1.0,3.0,2.0,1.0,20.0,100.0,1,0.0,2.0,2,2,2,2,0,0,0,4,0,2,0,2,0,0,0,2,2,0,0,1,0,2,14,30
200800015815,8,3,5,1,1,1,7.0,3.0,0.0,7.0,0.0,0.0,2.0,15.0,1,1,3.0,2.0,0.0,1.0,11.0,124.0,1,0.0,0.0,2,3,6,2,4,0,0,4,2,4,0,2,0,2,4,2,0,1,0,1,0,3,18,15
201200013254,12,9,3,1,2,1,1.0,3.0,0.0,7.0,0.0,0.0,2.0,15.0,1,1,4.0,2.0,2.0,1.0,0.0,-1.0,1,0.0,1.0,2,1,6,0,0,0,2,4,0,2,4,0,0,2,0,4,0,1,0,1,0,3,17,15
201200047526,12,1,3,5,2,2,9.0,3.0,0.0,7.0,0.0,0.0,2.0,1.0,1,-1,4.0,2.0,2.0,1.0,70.0,50.0,1,0.0,1.0,2,2,2,0,0,0,0,2,2,0,0,0,0,2,0,0,0,1,0,0,0,2,21,50
200800019822,8,4,26,1,2,1,1.0,2.0,0.0,7.0,0.0,0.0,2.0,2.0,1,1,4.0,1.0,1.0,1.0,0.0,30.0,1,0.0,1.0,2,1,6,2,0,2,2,4,0,8,0,0,0,4,2,2,0,1,1,0,0,2,15,20
201700036336,17,11,3,2,1,1,1.0,5.0,1.0,7.0,0.0,0.0,2.0,13.0,1,1,2.0,2.0,2.0,1.0,0.0,80.0,1,0.0,1.0,3,2,9,3,0,0,3,9,3,0,6,0,3,6,0,6,0,1,0,1,0,2,18,0
200800070726,8,12,27,5,2,1,1.0,6.0,0.0,7.0,0.0,8.0,0.0,14.0,1,1,4.0,2.0,0.0,1.0,0.0,0.0,1,0.0,1.0,1,2,1,0,0,0,0,1,0,0,1,0,0,0,0,1,0,1,0,0,0,2,0,1
201100018895,11,2,12,1,2,1,1.0,3.0,0.0,7.0,0.0,0.0,0.0,1.0,1,1,4.0,1.0,1.0,2.0,100.0,50.0,1,5.0,1.0,2,2,4,0,0,0,0,4,2,0,2,0,0,0,0,4,0,1,0,1,0,2,17,50
200700047335,7,8,8,1,1,1,1.0,6.0,0.0,7.0,0.0,2.0,0.0,1.0,1,1,3.0,2.0,2.0,2.0,0.0,61.0,1,0.0,3.0,1,3,0,1,0,0,0,1,0,0,1,0,0,0,0,1,0,0,0,1,0,3,19,15
201200033180,12,5,18,1,2,1,1.0,6.0,0.0,37.0,1.0,0.0,1.0,1.0,1,1,4.0,1.0,1.0,1.0,0.0,40.0,1,0.0,1.0,1,1,2,0,0,1,0,1,0,1,0,1,0,2,0,0,0,1,0,0,0,3,14,45
200800043535,8,8,5,1,2,2,1.0,3.0,0.0,7.0,0.0,0.0,2.0,2.0,1,1,4.0,2.0,2.0,1.0,0.0,50.0,1,0.0,1.0,2,1,2,2,0,0,0,4,2,0,0,0,2,4,0,0,0,1,1,0,0,2,19,25
201100058045,11,7,13,1,2,7,2.0,3.0,0.0,32.0,0.0,0.0,2.0,1.0,1,2,4.0,2.0,0.0,1.0,0.0,100.0,1,2.0,1.0,2,2,4,0,0,0,0,4,0,0,0,4,0,4,0,0,0,1,0,0,0,2,10,40
200700020578,7,4,24,1,2,2,1.0,6.0,0.0,10.0,0.0,0.0,1.0,16.0,1,1,4.0,2.0,2.0,1.0,0.0,100.0,1,0.0,1.0,1,1,2,0,0,1,0,1,0,2,0,0,0,0,0,0,2,1,0,0,0,2,8,55
201000027566,10,5,24,1,1,1,1.0,4.0,0.0,7.0,0.0,0.0,2.0,1.0,1,1,3.0,2.0,2.0,1.0,0.0,69.0,1,0.0,1.0,4,1,24,16,12,0,12,16,0,0,40,0,0,12,4,24,0,1,1,0,0,2,20,0
201200011681,12,9,15,1,2,1,1.0,3.0,0.0,7.0,0.0,0.0,2.0,9.0,1,1,4.0,2.0,2.0,1.0,0.0,100.0,1,0.0,1.0,2,1,4,2,0,0,2,4,0,2,4,0,0,4,0,2,0,1,0,0,0,2,15,0
201100045860,11,4,11,1,2,2,1.0,3.0,0.0,31.0,0.0,0.0,2.0,1.0,1,2,3.0,2.0,2.0,2.0,0.0,0.0,1,0.0,1.0,2,3,4,0,0,0,0,4,0,0,2,0,2,2,0,2,0,1,0,1,0,3,10,15
201700001456,17,12,3,5,2,1,1.0,6.0,2.0,7.0,0.0,13.0,0.0,14.0,1,1,3.0,2.0,2.0,2.0,0.0,74.0,1,0.0,3.0,1,2,2,0,0,0,1,1,0,0,2,0,0,1,0,1,0,0,1,0,0,4,18,30
201600028802,16,5,12,1,2,1,1.0,6.0,1.0,7.0,0.0,0.0,1.0,0.0,3,-1,4.0,1.0,2.0,1.0,0.0,0.0,1,0.0,1.0,1,2,0,1,0,1,0,0,0,0,1,0,0,0,0,0,1,1,0,0,0,2,10,15
200500067449,5,10,16,1,2,1,1.0,4.0,0.0,7.0,0.0,0.0,2.0,2.0,1,1,4.0,2.0,4.0,1.0,0.0,110.0,1,0.0,1.0,3,1,3,12,3,0,3,9,0,6,6,3,0,6,0,9,0,1,1,0,0,2,15,55
200700057550,7,9,6,1,2,2,1.0,7.0,0.0,33.0,0.0,9.0,0.0,1.0,1,2,4.0,2.0,2.0,1.0,10.0,60.0,1,5.0,1.0,1,3,1,0,0,0,0,1,0,0,1,0,0,0,0,1,0,1,0,0,0,3,19,35
200700037137,7,6,25,1,2,1,1.0,3.0,0.0,10.0,0.0,0.0,2.0,15.0,1,1,4.0,2.0,2.0,3.0,0.0,0.0,1,0.0,1.0,2,1,2,2,0,0,0,4,0,0,0,2,2,2,0,2,0,1,0,1,0,2,18,55
201400022722,14,7,13,5,2,2,1.0,7.0,0.0,33.0,0.0,0.0,0.0,21.0,1,2,4.0,1.0,1.0,1.0,0.0,47.0,1,0.0,1.0,1,3,1,0,0,0,0,1,0,1,0,0,0,1,0,0,0,0,0,1,0,3,0,52
201200023894,12,11,10,1,1,1,2.0,7.0,0.0,33.0,0.0,0.0,0.0,1.0,1,2,4.0,3.0,2.0,1.0,0.0,80.0,1,0.0,1.0,1,2,1,0,0,0,0,1,0,0,0,1,0,0,0,1,0,0,0,1,0,2,12,10
200800073433,8,12,18,5,2,1,1.0,6.0,0.0,37.0,15.0,0.0,1.0,16.0,1,0,4.0,2.0,2.0,1.0,0.0,89.0,1,0.0,1.0,1,1,2,0,0,1,0,1,0,0,1,1,0,2,0,0,0,1,0,0,0,3,19,20
200900065886,9,8,24,1,2,1,1.0,6.0,0.0,7.0,0.0,0.0,1.0,1.0,1,-1,4.0,2.0,1.0,2.0,0.0,60.0,1,0.0,1.0,1,1,1,1,0,1,0,1,1,0,0,1,0,0,0,1,1,1,0,0,0,3,9,5
201200015952,12,5,18,1,2,2,1.0,3.0,0.0,7.0,0.0,0.0,2.0,1.0,1,-1,4.0,1.0,1.0,1.0,0.0,0.0,1,0.0,1.0,2,1,2,2,0,0,0,4,2,2,0,0,0,2,0,0,2,1,0,0,0,3,14,0
201600054850,16,2,20,5,2,7,1.0,3.0,2.0,7.0,0.0,0.0,2.0,15.0,1,1,4.0,1.0,2.0,1.0,0.0,0.0,1,0.0,1.0,2,1,4,0,0,0,0,4,0,0,4,0,0,4,0,0,0,1,0,0,0,2,18,30
200500079840,5,12,4,5,2,1,1.0,6.0,0.0,7.0,0.0,6.0,0.0,0.0,1,1,4.0,3.0,2.0,1.0,110.0,38.0,1,0.0,1.0,1,3,1,2,1,0,0,2,0,2,1,0,0,0,1,2,0,1,0,0,0,3,6,25
200800037135,8,7,19,1,1,1,8.0,3.0,0.0,33.0,0.0,0.0,0.0,17.0,1,2,3.0,2.0,2.0,1.0,0.0,60.0,1,0.0,1.0,2,3,4,0,0,0,0,4,0,0,4,0,0,2,0,2,0,0,0,1,0,3,16,45
201300008666,13,11,7,1,2,4,1.0,6.0,0.0,1.0,0.0,0.0,2.0,1.0,1,0,3.0,2.0,2.0,1.0,0.0,40.0,1,0.0,1.0,2,3,2,0,0,0,0,2,0,0,2,0,0,2,0,0,0,0,1,0,0,3,15,15
201300026424,13,9,6,1,2,3,1.0,5.0,0.0,7.0,0.0,0.0,2.0,15.0,1,1,3.0,2.0,2.0,1.0,0.0,-1.0,1,0.0,1.0,3,1,3,6,0,0,0,9,3,0,3,0,3,9,0,0,0,1,1,1,0,3,14,35
200800057907,8,10,12,1,2,1,1.0,2.0,0.0,7.0,0.0,0.0,2.0,1.0,1,1,4.0,2.0,2.0,1.0,0.0,64.0,1,0.0,1.0,2,1,8,0,2,0,2,4,0,6,2,0,0,2,0,6,0,1,1,0,0,2,16,20
201700004641,17,12,11,3,1,1,1.0,5.0,1.0,7.0,0.0,0.0,2.0,17.0,1,1,2.0,1.0,2.0,1.0,0.0,70.0,1,0.0,1.0,3,2,9,3,0,0,3,9,0,0,9,0,3,6,0,0,6,1,0,0,0,2,18,45
200600024355,6,5,6,1,1,1,1.0,3.0,0.0,7.0,0.0,0.0,0.0,15.0,1,1,2.0,3.0,4.0,1.0,30.0,150.0,1,5.0,1.0,2,1,4,2,0,0,2,4,0,6,0,0,0,2,0,0,4,1,0,0,0,3,10,15
201100051797,11,12,2,5,2,1,1.0,2.0,0.0,34.0,0.0,0.0,2.0,17.0,1,2,3.0,2.0,2.0,1.0,0.0,50.0,1,0.0,1.0,2,3,4,0,0,0,0,4,0,0,4,0,0,2,0,2,0,1,1,0,0,3,19,35
200900029656,9,9,15,1,2,6,1.0,6.0,0.0,7.0,0.0,0.0,1.0,1.0,3,-1,4.0,2.0,2.0,3.0,0.0,60.0,1,0.0,1.0,1,3,1,1,0,1,0,1,0,0,2,0,0,0,0,0,2,1,0,0,0,3,12,15
200500010788,5,2,7,3,1,1,1.0,3.0,0.0,99.0,0.0,0.0,2.0,17.0,1,1,3.0,2.0,2.0,3.0,0.0,55.0,1,0.0,1.0,2,2,4,0,0,0,0,4,0,0,0,2,2,4,0,0,0,1,0,1,0,2,18,45
200800048072,8,7,4,1,2,1,1.0,3.0,0.0,7.0,0.0,0.0,2.0,20.0,1,1,4.0,2.0,2.0,1.0,0.0,60.0,1,0.0,1.0,2,1,0,6,2,0,0,4,0,2,2,2,0,0,0,6,0,1,1,0,0,2,16,25
201200050204,12,7,1,1,1,1,1.0,6.0,0.0,7.0,0.0,3.0,0.0,0.0,1,-1,1.0,1.0,3.0,1.0,15.0,75.0,1,0.0,1.0,1,3,1,0,0,0,0,1,0,1,0,0,0,0,0,1,0,1,0,0,0,3,7,6
200600075327,6,12,4,1,2,1,3.0,3.0,0.0,7.0,0.0,0.0,2.0,15.0,1,1,2.0,2.0,3.0,4.0,0.0,100.0,1,0.0,1.0,2,1,2,2,0,0,0,4,4,0,0,0,0,2,0,2,0,1,0,0,0,2,13,45
200800048455,8,9,7,3,1,1,8.0,7.0,0.0,7.0,0.0,13.0,0.0,21.0,1,1,3.0,2.0,2.0,1.0,0.0,48.0,1,0.0,1.0,1,2,2,2,2,0,1,1,0,3,1,0,0,4,0,0,0,0,0,0,1,3,0,30
200500073936,5,11,23,5,2,3,1.0,3.0,0.0,7.0,0.0,0.0,2.0,1.0,1,1,3.0,2.0,2.0,1.0,0.0,81.0,1,0.0,1.0,2,1,2,4,0,0,2,4,0,2,2,0,2,0,0,2,4,1,0,0,0,2,20,40
200900054330,9,11,20,2,2,2,8.0,3.0,0.0,7.0,0.0,0.0,2.0,16.0,1,1,3.0,2.0,2.0,1.0,0.0,50.0,1,5.0,1.0,2,1,2,2,0,0,0,4,0,0,0,0,4,2,0,2,0,1,0,0,0,3,7,30
200600027940,6,5,11,1,2,3,1.0,7.0,0.0,2.0,0.0,0.0,0.0,1.0,1,2,4.0,2.0,4.0,1.0,0.0,120.0,1,0.0,1.0,1,2,1,0,0,0,0,1,0,0,1,0,0,1,0,0,0,0,0,0,0,2,16,40
200500029160,5,5,13,1,1,1,1.0,6.0,1.0,7.0,0.0,0.0,1.0,14.0,3,-1,3.0,3.0,0.0,1.0,15.0,45.0,1,0.0,5.0,1,3,1,0,0,1,0,0,1,0,0,0,0,0,0,0,1,0,0,0,0,3,20,5
201500012192,15,6,6,1,1,1,1.0,7.0,0.0,33.0,0.0,3.0,0.0,9.0,1,2,1.0,3.0,1.0,1.0,0.0,35.0,1,3.0,1.0,1,3,1,0,0,0,0,1,0,0,1,0,0,1,0,0,0,1,0,0,0,3,20,0
201300047220,13,10,21,1,1,1,1.0,3.0,0.0,10.0,0.0,0.0,2.0,12.0,1,1,2.0,1.0,2.0,1.0,15.0,90.0,1,0.0,1.0,2,1,4,0,0,0,0,4,0,0,0,4,0,2,0,2,0,1,1,0,0,2,8,0
201000015648,10,4,19,1,2,1,1.0,6.0,0.0,7.0,0.0,0.0,2.0,16.0,1,1,4.0,2.0,4.0,1.0,0.0,110.0,1,0.0,1.0,2,1,4,0,0,0,0,4,0,2,2,0,0,0,0,4,0,1,0,1,0,2,17,8
201400018380,14,6,29,3,1,1,1.0,5.0,0.0,7.0,0.0,0.0,0.0,13.0,1,1,3.0,2.0,2.0,1.0,0.0,70.0,1,0.0,1.0,3,2,9,6,0,0,6,9,0,6,9,0,0,3,0,6,6,1,0,1,0,2,0,45
201300017143,13,4,5,3,1,1,2.0,6.0,0.0,10.0,0.0,6.0,0.0,1.0,1,1,3.0,2.0,2.0,2.0,0.0,66.0,1,0.0,3.0,1,3,1,0,0,0,0,1,0,0,1,0,0,1,0,0,0,1,0,0,0,3,19,30
201000052883,10,9,20,1,2,3,1.0,3.0,0.0,7.0,0.0,0.0,2.0,10.0,1,1,2.0,2.0,2.0,1.0,60.0,60.0,1,0.0,1.0,2,1,4,0,0,0,0,4,2,0,0,0,2,2,2,0,0,1,0,1,0,2,17,50
201700028586,17,11,7,5,2,1,3.0,1.0,0.0,7.0,0.0,0.0,2.0,13.0,1,1,4.0,2.0,2.0,1.0,0.0,0.0,1,0.0,1.0,2,1,2,4,0,0,2,4,0,0,2,0,4,6,0,0,0,1,0,0,0,2,18,0
200500077369,5,11,3,5,1,1,1.0,2.0,0.0,7.0,0.0,0.0,0.0,1.0,1,1,1.0,3.0,2.0,1.0,25.0,70.0,1,3.0,1.0,2,1,2,2,0,0,0,4,4,0,0,0,0,2,0,2,0,1,1,0,0,3,19,5
200700069184,7,11,7,1,2,2,1.0,2.0,0.0,14.0,0.0,0.0,2.0,2.0,1,1,4.0,2.0,4.0,2.0,0.0,60.0,1,5.0,1.0,2,1,2,4,0,0,2,4,2,2,0,2,0,4,0,2,0,1,1,0,0,2,14,10
201200043029,12,4,11,5,2,1,1.0,6.0,0.0,7.0,0.0,0.0,1.0,1.0,1,1,4.0,1.0,0.0,1.0,0.0,0.0,1,0.0,1.0,1,1,2,0,0,1,0,1,1,0,1,0,0,0,0,1,1,1,0,0,0,2,6,15
200500054584,5,9,8,1,2,1,8.0,3.0,0.0,7.0,0.0,0.0,2.0,15.0,1,1,2.0,2.0,3.0,1.0,0.0,180.0,1,0.0,1.0,2,1,4,2,0,0,2,4,0,2,2,2,0,4,0,0,2,1,0,1,0,3,14,15
201000022678,10,4,27,1,2,1,1.0,7.0,1.0,2.0,0.0,0.0,2.0,0.0,1,1,4.0,2.0,0.0,1.0,0.0,0.0,1,0.0,1.0,2,2,2,0,0,0,0,2,0,2,0,0,0,2,0,0,0,0,0,0,0,2,13,30
201000036175,10,12,28,1,2,1,8.0,6.0,0.0,7.0,0.0,0.0,1.0,4.0,1,1,4.0,3.0,2.0,1.0,0.0,82.0,1,0.0,1.0,1,1,0,2,0,1,0,1,0,0,1,1,0,0,0,1,1,0,1,0,0,3,12,10
201700043648,17,6,12,1,2,1,1.0,3.0,1.0,7.0,0.0,0.0,2.0,12.0,1,2,2.0,2.0,4.0,2.0,0.0,100.0,1,0.0,1.0,2,3,2,0,0,0,0,2,0,0,0,0,2,2,0,0,0,0,0,1,0,3,18,0
200600011815,6,3,4,1,2,1,8.0,5.0,0.0,7.0,0.0,1.0,2.0,0.0,1,1,4.0,1.0,2.0,1.0,0.0,58.0,1,0.0,1.0,3,1,3,6,0,0,0,9,3,0,6,0,0,3,0,3,3,1,1,0,0,3,15,0
200900027642,9,2,7,5,2,2,1.0,3.0,0.0,7.0,0.0,0.0,2.0,1.0,1,1,9.0,1.0,2.0,1.0,0.0,0.0,1,0.0,1.0,2,1,4,0,0,0,0,4,0,0,4,0,0,0,2,2,0,1,0,1,0,2,1,42
200500030804,5,5,22,1,2,1,1.0,6.0,0.0,2.0,0.0,8.0,0.0,14.0,1,0,2.0,3.0,2.0,1.0,0.0,70.0,1,0.0,3.0,1,4,1,0,0,0,0,1,0,0,1,0,0,0,0,1,0,0,0,0,1,4,10,10
200800021739,8,4,4,5,2,1,1.0,6.0,0.0,7.0,0.0,7.0,0.0,0.0,2,1,4.0,1.0,2.0,1.0,0.0,80.0,1,0.0,4.0,1,2,1,1,0,0,1,1,0,1,1,0,0,0,0,2,0,1,0,0,0,2,5,25
201500031698,15,7,12,1,2,1,1.0,6.0,0.0,7.0,0.0,0.0,1.0,1.0,1,1,3.0,2.0,2.0,1.0,0.0,100.0,1,0.0,1.0,1,1,1,1,0,1,0,1,0,0,2,0,0,0,1,0,1,0,0,1,0,2,19,20
201300055739,13,10,1,5,2,5,1.0,6.0,0.0,40.0,0.0,0.0,1.0,1.0,1,-1,4.0,2.0,2.0,1.0,0.0,0.0,1,4.0,0.0,1,1,2,0,0,1,0,1,0,1,0,1,0,1,0,0,1,1,0,0,0,2,0,30
200600075428,6,12,15,1,2,1,1.0,3.0,0.0,7.0,0.0,0.0,2.0,1.0,1,1,4.0,2.0,2.0,1.0,0.0,120.0,1,0.0,1.0,2,1,2,2,0,0,0,4,2,2,0,0,0,0,0,2,2,1,0,1,0,2,10,25
201100038388,11,6,30,1,1,3,1.0,3.0,0.0,33.0,0.0,0.0,2.0,1.0,1,2,3.0,2.0,2.0,2.0,0.0,0.0,1,0.0,1.0,2,2,4,0,0,0,0,4,0,0,4,0,0,2,0,0,2,1,0,0,0,2,10,55
201400020977,14,10,8,4,2,1,2.0,6.0,0.0,7.0,0.0,0.0,1.0,1.0,1,1,4.0,1.0,1.0,1.0,0.0,50.0,1,6.0,1.0,1,1,2,0,0,1,0,1,0,0,1,0,1,1,0,0,1,1,0,0,0,3,7,30
200800071118,8,12,16,5,2,3,1.0,3.0,0.0,33.0,0.0,0.0,2.0,18.0,1,-1,4.0,1.0,2.0,1.0,0.0,0.0,1,0.0,1.0,2,3,2,2,0,0,0,4,0,0,0,0,4,4,0,0,0,1,0,1,0,3,20,25
201100024514,11,7,31,2,2,1,1.0,7.0,0.0,31.0,0.0,1.0,0.0,1.0,1,2,4.0,2.0,2.0,2.0,0.0,0.0,1,0.0,1.0,1,2,1,0,0,0,0,1,0,1,0,0,0,0,0,1,0,1,0,0,0,2,6,38
201300056395,13,5,6,1,2,1,1.0,2.0,0.0,31.0,0.0,0.0,2.0,3.0,1,2,4.0,1.0,4.0,1.0,15.0,140.0,1,0.0,1.0,2,2,2,2,0,0,0,4,0,0,2,0,2,4,0,0,0,1,1,0,0,2,16,15