Num_Acc,an,mois,jour,lum,agg,int,atm,col,senc,catv,occutc,obs,obsm,manv,catu,secu,catr,circ,nbv,prof,lartpc,larrout,surf,infra,situ,nb_veh,grav_simpl,Homme,Femme,Arrière,Autre_x,Avant,Conducteur,Autre_y,Inconnu,Loisirs,Professionnel,Travail,Adulte,Enfant,Jeune,Senior,choc_avant,choc_arriere,choc_lateral,choc_multiple,grav_order_max,heure,minute
201700008008,17,8,11,1,2,3,1.0,3.0,1.0,7.0,0.0,0.0,2.0,1.0,1,1,4.0,2.0,2.0,1.0,0.0,-1.0,1,0.0,1.0,2,2,2,2,0,0,0,4,2,0,0,2,0,2,0,2,0,1,0,0,0,2,13,21
200700036233,7,6,20,1,2,1,1.0,3.0,0.0,7.0,0.0,0.0,2.0,20.0,1,-1,4.0,2.0,2.0,1.0,0.0,0.0,1,0.0,1.0,2,1,2,2,0,0,0,4,4,0,0,0,0,0,2,2,0,1,0,0,0,3,14,30
200500019929,5,4,7,1,2,3,1.0,3.0,0.0,7.0,0.0,0.0,2.0,15.0,1,1,4.0,2.0,2.0,1.0,0.0,70.0,1,5.0,1.0,2,2,2,2,0,0,0,4,4,0,0,0,0,2,0,0,2,1,0,0,0,2,16,50
200600030191,6,6,12,1,1,1,1.0,2.0,0.0,7.0,0.0,0.0,2.0,2.0,1,1,2.0,2.0,2.0,1.0,0.0,80.0,1,0.0,1.0,2,3,0,4,0,0,0,4,0,2,0,2,0,4,0,0,0,1,1,0,0,3,9,0
201100056533,11,11,7,5,2,3,1.0,3.0,0.0,7.0,0.0,0.0,9.0,15.0,1,1,4.0,1.0,1.0,1.0,0.0,102.0,1,0.0,1.0,2,1,4,0,0,0,0,4,2,2,0,0,0,0,0,4,0,0,0,1,0,2,18,0
201600007525,16,10,9,2,1,1,1.0,1.0,2.0,7.0,0.0,0.0,2.0,6.0,1,1,3.0,2.0,1.0,1.0,29.0,96.0,1,0.0,1.0,2,2,4,2,0,2,0,4,2,2,0,0,2,4,0,2,0,1,0,0,0,3,7,0
200800058319,8,10,4,5,2,1,1.0,1.0,1.0,7.0,0.0,0.0,2.0,5.0,1,-1,4.0,2.0,2.0,2.0,0.0,0.0,1,0.0,1.0,2,2,2,0,0,0,0,2,0,2,0,0,0,2,0,0,0,1,0,0,0,2,21,0
201000020265,10,8,13,1,2,4,1.0,3.0,0.0,33.0,0.0,0.0,2.0,1.0,1,2,4.0,2.0,2.0,1.0,0.0,60.0,1,5.0,1.0,2,2,4,0,0,0,0,4,2,0,2,0,0,0,0,2,2,1,0,1,0,2,9,45
201100062973,11,6,22,1,2,2,2.0,6.0,0.0,7.0,0.0,0.0,0.0,1.0,1,-1,4.0,1.0,1.0,2.0,10.0,30.0,1,0.0,1.0,1,1,1,1,0,1,0,1,0,1,0,0,1,1,0,1,0,1,0,0,0,2,11,50
201200009891,12,7,29,1,1,1,1.0,6.0,0.0,7.0,0.0,2.0,0.0,2.0,1,1,3.0,2.0,2.0,1.0,0.0,80.0,1,0.0,1.0,1,3,0,3,1,0,1,1,0,2,1,0,0,0,2,0,1,0,0,1,0,3,16,0
201700022143,17,10,22,3,1,1,2.0,3.0,1.0,7.0,0.0,0.0,2.0,1.0,1,1,2.0,2.0,2.0,1.0,0.0,71.0,1,0.0,1.0,2,2,4,6,0,4,2,4,0,10,0,0,0,2,4,4,0,1,0,1,0,3,18,50
201700027526,17,11,28,2,1,1,3.0,4.0,1.0,7.0,0.0,0.0,2.0,2.0,1,1,3.0,3.0,4.0,1.0,10.0,90.0,1,0.0,1.0,3,1,0,9,0,0,0,9,0,0,0,0,9,9,0,0,0,1,1,0,0,2,8,15
200700047034,7,8,25,1,1,1,2.0,6.0,0.0,7.0,0.0,8.0,0.0,1.0,1,1,2.0,2.0,0.0,1.0,0.0,109.0,1,0.0,1.0,1,2,1,0,0,0,0,1,0,0,1,0,0,0,0,1,0,1,0,0,0,2,10,45
201200012003,12,8,18,1,1,1,1.0,4.0,0.0,7.0,0.0,0.0,0.0,1.0,1,1,3.0,2.0,2.0,1.0,70.0,0.0,1,0.0,1.0,3,2,9,6,3,0,3,9,0,6,9,0,0,3,3,3,6,1,0,0,0,3,13,15
201700010092,17,7,26,3,2,2,1.0,3.0,1.0,7.0,0.0,0.0,2.0,1.0,1,1,4.0,1.0,2.0,1.0,0.0,60.0,1,0.0,0.0,2,2,0,2,0,0,0,2,0,2,0,0,0,0,0,2,0,1,0,1,0,2,1,30
200900045725,9,10,21,1,2,2,1.0,3.0,0.0,7.0,0.0,0.0,2.0,15.0,1,-1,4.0,2.0,2.0,1.0,0.0,50.0,1,0.0,1.0,2,1,4,0,0,0,0,4,0,2,2,0,0,2,0,2,0,1,0,1,0,2,17,15
201700032572,17,4,16,1,1,1,1.0,6.0,1.0,7.0,0.0,0.0,2.0,1.0,2,1,4.0,2.0,1.0,2.0,0.0,70.0,1,0.0,1.0,1,3,0,1,0,0,1,0,0,1,0,0,0,0,0,1,0,1,0,0,0,3,20,10
201500010023,15,8,13,2,2,2,1.0,3.0,0.0,7.0,0.0,0.0,2.0,15.0,1,1,4.0,2.0,3.0,1.0,0.0,0.0,1,0.0,1.0,2,1,2,2,0,0,0,4,0,0,2,2,0,2,0,2,0,1,0,0,0,2,20,30
200600036008,6,6,3,1,2,1,1.0,1.0,0.0,2.0,0.0,0.0,2.0,1.0,1,2,4.0,2.0,1.0,1.0,0.0,40.0,1,0.0,1.0,2,2,4,2,0,0,2,4,0,2,4,0,0,2,2,0,2,1,0,0,0,2,12,50
201600033910,16,6,18,1,2,3,1.0,3.0,0.0,7.0,0.0,0.0,2.0,0.0,1,2,4.0,1.0,1.0,1.0,0.0,-1.0,1,0.0,1.0,2,2,0,2,0,0,0,2,0,0,2,0,0,0,2,0,0,0,0,1,0,2,16,40
200500015642,5,3,14,1,2,1,7.0,4.0,0.0,7.0,0.0,0.0,2.0,1.0,1,-1,2.0,3.0,1.0,0.0,0.0,0.0,1,0.0,1.0,3,1,3,6,0,0,0,9,6,0,0,3,0,6,0,3,0,1,1,0,0,2,16,39
201300043851,13,8,31,1,1,1,7.0,3.0,0.0,2.0,0.0,12.0,2.0,18.0,1,2,3.0,2.0,2.0,1.0,0.0,0.0,1,0.0,1.0,2,2,8,0,2,0,2,4,0,0,2,6,0,0,2,6,0,1,1,0,0,2,18,20
200900057061,9,8,19,1,2,1,1.0,2.0,0.0,7.0,0.0,0.0,2.0,2.0,1,-1,4.0,2.0,2.0,2.0,0.0,71.0,1,0.0,1.0,2,1,2,2,0,0,2,2,0,2,0,0,2,4,0,0,0,1,1,0,0,3,12,40
200900065318,9,12,19,3,1,1,1.0,7.0,0.0,7.0,0.0,0.0,0.0,0.0,2,0,3.0,2.0,2.0,3.0,0.0,72.0,1,0.0,1.0,1,3,4,0,2,0,1,1,0,3,1,0,0,0,0,4,0,1,0,0,0,3,22,0
200500064464,5,10,19,5,2,1,1.0,5.0,0.0,7.0,0.0,0.0,0.0,15.0,1,1,3.0,2.0,3.0,1.0,0.0,0.0,1,0.0,1.0,3,1,6,3,0,0,0,9,0,3,6,0,0,6,3,0,0,1,0,1,0,2,19,15
200500012195,5,3,9,5,2,1,1.0,7.0,0.0,5.0,0.0,12.0,0.0,1.0,1,0,2.0,2.0,2.0,3.0,100.0,85.0,1,0.0,3.0,1,2,1,0,0,0,0,1,0,0,1,0,0,0,0,1,0,0,0,0,0,2,0,45
200600075478,6,12,12,5,2,1,1.0,3.0,0.0,7.0,0.0,14.0,0.0,4.0,1,-1,4.0,1.0,1.0,1.0,0.0,94.0,1,0.0,1.0,2,1,0,4,0,0,0,4,0,0,0,0,4,4,0,0,0,0,1,1,0,2,5,45
201000013536,10,9,19,1,1,3,1.0,3.0,0.0,7.0,0.0,16.0,2.0,1.0,1,1,3.0,2.0,2.0,1.0,0.0,-1.0,1,5.0,1.0,2,1,2,2,0,0,0,4,0,0,4,0,0,0,0,2,2,1,0,1,0,4,18,45
200900026512,9,6,3,1,2,1,1.0,3.0,0.0,7.0,0.0,0.0,0.0,6.0,1,1,3.0,3.0,4.0,1.0,93.0,183.0,1,5.0,1.0,2,1,0,4,0,0,0,4,0,0,0,0,4,2,0,2,0,1,0,1,0,3,8,30
201500012838,15,8,17,5,2,3,1.0,3.0,0.0,7.0,0.0,0.0,2.0,15.0,1,1,4.0,2.0,2.0,1.0,0.0,0.0,1,4.0,1.0,2,1,4,0,0,0,0,4,0,4,0,0,0,2,0,2,0,1,0,0,0,3,1,0
200800032013,8,6,24,1,2,1,1.0,7.0,0.0,33.0,0.0,0.0,2.0,21.0,1,2,4.0,2.0,2.0,0.0,0.0,101.0,1,0.0,1.0,2,2,2,2,0,0,0,4,2,0,0,0,2,4,0,0,0,0,0,0,0,2,7,55
200700051206,7,8,31,1,2,1,1.0,4.0,0.0,7.0,0.0,0.0,2.0,1.0,1,1,3.0,1.0,2.0,0.0,0.0,75.0,1,0.0,1.0,4,2,12,8,0,0,4,16,12,8,0,0,0,12,0,8,0,1,1,0,0,3,16,45
200800058842,8,10,17,5,2,3,1.0,6.0,0.0,7.0,0.0,14.0,2.0,16.0,1,-1,4.0,2.0,2.0,1.0,0.0,0.0,1,0.0,1.0,2,3,8,0,4,0,0,4,4,4,0,0,0,2,0,6,0,1,0,0,0,3,0,25
201300026746,13,12,8,1,2,1,1.0,2.0,0.0,7.0,0.0,0.0,2.0,2.0,1,-1,3.0,0.0,2.0,1.0,0.0,70.0,1,0.0,1.0,2,2,2,2,0,0,0,4,0,0,4,0,0,2,0,2,0,1,1,0,0,2,10,30
201100060346,11,1,26,1,2,1,9.0,6.0,0.0,7.0,0.0,0.0,1.0,17.0,1,-1,4.0,2.0,2.0,1.0,0.0,90.0,1,0.0,1.0,1,1,1,1,0,1,0,1,0,0,0,0,2,0,0,2,0,1,0,0,0,2,16,30
201500030332,15,6,21,1,2,3,1.0,2.0,0.0,7.0,0.0,0.0,2.0,0.0,1,1,4.0,0.0,1.0,1.0,0.0,0.0,1,0.0,1.0,2,1,12,2,6,0,4,4,0,2,12,0,0,4,6,4,0,0,1,0,0,3,18,30
201500001249,15,5,7,1,1,1,1.0,6.0,0.0,7.0,0.0,2.0,0.0,1.0,1,1,3.0,2.0,0.0,1.0,0.0,60.0,1,0.0,3.0,1,3,1,0,0,0,0,1,0,0,0,0,1,1,0,0,0,1,0,0,0,3,13,30
200500004542,5,1,28,1,2,1,1.0,3.0,0.0,2.0,0.0,0.0,2.0,13.0,1,2,3.0,2.0,2.0,1.0,0.0,65.0,1,0.0,1.0,2,2,0,4,0,0,0,4,0,0,4,0,0,2,0,2,0,1,0,0,0,2,12,20
201100023320,11,3,15,1,2,1,1.0,6.0,0.0,1.0,0.0,0.0,1.0,1.0,1,-1,4.0,3.0,4.0,1.0,10.0,150.0,1,0.0,1.0,1,2,1,1,0,1,0,1,0,0,1,0,1,1,0,0,1,1,0,0,0,2,17,10
201000043147,10,1,4,2,2,9,1.0,3.0,0.0,7.0,0.0,0.0,2.0,1.0,1,1,4.0,2.0,1.0,2.0,0.0,0.0,1,0.0,1.0,2,1,2,2,0,0,0,4,0,4,0,0,0,2,0,2,0,1,0,0,0,2,17,15
200900022540,9,6,17,1,1,1,1.0,7.0,0.0,1.0,0.0,0.0,0.0,1.0,1,4,4.0,2.0,2.0,4.0,0.0,28.0,1,0.0,1.0,1,3,1,0,0,0,0,1,0,0,1,0,0,1,0,0,0,0,0,1,0,3,20,15
201200009051,12,12,28,3,1,9,1.0,6.0,0.0,10.0,0.0,6.0,0.0,1.0,1,-1,3.0,2.0,0.0,2.0,0.0,62.0,1,2.0,3.0,1,4,3,0,1,0,1,1,1,2,0,0,0,2,0,0,1,1,0,0,0,4,2,15
201600016954,16,8,16,1,2,6,1.0,2.0,0.0,7.0,0.0,0.0,2.0,13.0,1,1,4.0,2.0,1.0,1.0,0.0,0.0,1,0.0,1.0,2,1,2,4,0,0,2,4,0,0,6,0,0,2,2,0,2,1,1,0,0,2,15,45
200500031234,5,5,28,5,2,2,1.0,1.0,0.0,7.0,0.0,0.0,2.0,13.0,1,1,3.0,2.0,0.0,1.0,0.0,117.0,1,0.0,1.0,2,2,8,0,4,0,0,4,0,4,4,0,0,0,2,6,0,1,0,0,0,2,22,15
200600009465,6,2,15,5,2,1,2.0,6.0,0.0,4.0,0.0,0.0,1.0,1.0,1,2,4.0,2.0,2.0,1.0,0.0,60.0,1,0.0,1.0,1,2,1,1,0,1,0,1,0,0,2,0,0,2,0,0,0,1,0,0,0,2,20,20
200500074504,5,11,10,1,2,3,1.0,3.0,0.0,7.0,0.0,0.0,2.0,15.0,1,1,3.0,2.0,2.0,1.0,0.0,91.0,1,0.0,1.0,2,1,2,4,0,0,2,4,2,2,2,0,0,0,0,0,6,1,0,1,0,3,9,20
200500061863,5,9,11,1,2,1,1.0,6.0,0.0,7.0,0.0,0.0,1.0,1.0,1,1,4.0,0.0,2.0,1.0,0.0,70.0,1,0.0,1.0,1,1,2,0,0,1,0,1,0,0,2,0,0,1,1,0,0,1,0,0,0,2,17,13
200500006115,5,1,3,1,2,1,1.0,4.0,0.0,7.0,0.0,0.0,2.0,15.0,1,-1,3.0,2.0,0.0,1.0,0.0,96.0,1,0.0,1.0,3,1,9,0,0,0,0,9,0,9,0,0,0,0,0,9,0,1,0,1,0,2,15,45
200700030589,7,5,25,1,2,1,1.0,2.0,0.0,7.0,0.0,0.0,2.0,2.0,1,1,4.0,2.0,2.0,0.0,0.0,60.0,1,0.0,1.0,2,1,0,6,0,0,2,4,0,2,2,0,2,2,0,2,2,1,1,0,0,2,12,44
200800067497,8,11,24,1,1,1,1.0,4.0,0.0,7.0,0.0,0.0,2.0,1.0,1,1,2.0,3.0,6.0,1.0,15.0,210.0,1,3.0,1.0,4,1,8,4,0,0,0,12,0,0,0,0,12,8,0,4,0,1,1,0,0,2,7,40
201100027009,11,12,15,1,2,1,1.0,3.0,0.0,30.0,0.0,0.0,2.0,1.0,1,2,4.0,2.0,3.0,1.0,0.0,75.0,1,0.0,1.0,2,2,2,2,0,0,0,4,0,4,0,0,0,0,0,2,2,0,0,0,0,2,8,30
200500015481,5,3,15,1,2,2,1.0,3.0,0.0,7.0,0.0,0.0,2.0,10.0,1,1,4.0,2.0,5.0,2.0,0.0,150.0,1,0.0,1.0,2,1,2,2,0,0,0,4,0,2,0,0,2,2,0,2,0,1,0,1,0,2,13,44
200900011644,9,5,21,1,2,2,1.0,3.0,0.0,2.0,0.0,0.0,2.0,1.0,1,2,4.0,1.0,1.0,1.0,0.0,45.0,1,6.0,1.0,2,3,4,0,0,0,0,4,2,2,0,0,0,0,2,2,0,1,0,1,0,3,20,45
201600021608,16,7,31,5,2,1,1.0,6.0,1.0,30.0,0.0,12.0,0.0,0.0,1,2,4.0,0.0,2.0,1.0,0.0,68.0,1,0.0,1.0,1,4,2,0,1,0,0,1,1,1,0,0,0,0,0,2,0,1,0,0,0,4,1,10
200800041331,8,7,17,5,2,1,1.0,2.0,0.0,1.0,0.0,0.0,2.0,2.0,1,0,4.0,1.0,1.0,1.0,15.0,30.0,1,0.0,1.0,2,3,4,0,0,0,0,4,2,0,2,0,0,4,0,0,0,1,1,0,0,3,22,30
200600066892,6,11,24,1,2,3,1.0,3.0,0.0,2.0,0.0,0.0,2.0,1.0,1,-1,4.0,2.0,2.0,1.0,0.0,55.0,1,0.0,1.0,2,2,0,4,0,0,0,4,2,0,0,2,0,0,0,4,0,1,0,0,0,2,8,50
201700008220,17,11,23,2,1,1,1.0,4.0,1.0,10.0,0.0,0.0,2.0,1.0,1,1,3.0,2.0,2.0,1.0,0.0,70.0,1,0.0,1.0,3,1,3,3,0,0,0,6,3,3,0,0,0,3,0,0,3,1,1,0,0,2,17,20
201200002050,12,5,24,1,1,2,1.0,3.0,0.0,33.0,0.0,0.0,2.0,1.0,1,2,3.0,2.0,2.0,1.0,64.0,0.0,1,0.0,1.0,2,3,4,2,0,0,2,4,0,2,4,0,0,0,0,2,4,1,0,0,0,3,17,0
201700012609,17,5,22,1,1,1,1.0,6.0,1.0,7.0,0.0,2.0,0.0,1.0,1,1,3.0,2.0,2.0,1.0,0.0,59.0,1,0.0,3.0,1,3,0,1,0,0,0,1,0,0,0,0,1,0,0,1,0,1,0,0,0,3,8,0
200500059914,5,9,14,5,2,3,1.0,7.0,0.0,4.0,0.0,0.0,0.0,21.0,1,2,4.0,2.0,2.0,1.0,0.0,60.0,1,0.0,1.0,1,2,1,0,0,0,0,1,0,0,1,0,0,1,0,0,0,1,0,0,0,2,23,25
201400041355,14,4,28,1,2,8,1.0,6.0,0.0,7.0,0.0,0.0,1.0,4.0,1,-1,4.0,2.0,0.0,1.0,0.0,0.0,1,0.0,1.0,1,1,1,1,0,1,0,1,0,2,0,0,0,1,0,1,0,0,1,0,0,2,12,35
200700031879,7,5,3,1,1,1,3.0,3.0,0.0,7.0,0.0,0.0,0.0,2.0,1,1,1.0,1.0,3.0,2.0,10.0,35.0,0,0.0,1.0,2,2,4,0,0,0,0,4,0,0,2,2,0,2,0,2,0,1,0,1,0,2,15,45
200900003583,9,2,25,1,2,1,1.0,6.0,0.0,7.0,0.0,0.0,1.0,0.0,1,-1,4.0,1.0,1.0,1.0,0.0,100.0,1,0.0,1.0,1,1,1,1,0,1,0,1,0,0,0,0,2,1,0,1,0,1,0,0,0,2,7,55
201600050024,16,1,3,1,1,1,1.0,4.0,2.0,7.0,0.0,0.0,2.0,2.0,1,1,1.0,3.0,4.0,1.0,25.0,140.0,1,0.0,1.0,3,2,9,3,0,0,3,9,0,0,12,0,0,3,0,3,6,1,1,0,0,2,15,10
201100013684,11,10,28,1,1,1,1.0,6.0,0.0,7.0,0.0,0.0,6.0,1.0,1,1,3.0,3.0,2.0,2.0,60.0,0.0,1,0.0,3.0,1,1,1,2,1,0,1,1,0,0,3,0,0,2,0,0,1,0,0,0,1,3,18,0
201400011348,14,9,9,1,2,1,1.0,3.0,0.0,7.0,0.0,0.0,2.0,20.0,1,1,4.0,2.0,2.0,1.0,0.0,120.0,1,0.0,1.0,2,1,4,0,0,0,0,4,0,0,2,0,2,4,0,0,0,1,0,0,0,2,16,50
201300051943,13,3,1,5,2,1,1.0,6.0,1.0,7.0,0.0,0.0,2.0,1.0,1,2,4.0,2.0,4.0,1.0,0.0,120.0,-1,0.0,1.0,2,2,2,0,0,0,0,2,0,2,0,0,0,2,0,0,0,1,0,0,0,2,1,50
201100040499,11,6,28,5,2,2,1.0,3.0,0.0,7.0,0.0,0.0,2.0,9.0,1,1,4.0,2.0,0.0,1.0,0.0,0.0,1,5.0,1.0,2,1,2,6,2,0,2,4,0,0,6,2,0,2,0,6,0,1,0,0,0,3,22,30
201500037427,15,9,29,1,2,1,1.0,3.0,0.0,20.0,0.0,0.0,2.0,2.0,1,0,4.0,1.0,3.0,1.0,0.0,0.0,1,2.0,1.0,2,1,2,2,0,0,0,4,0,2,0,2,0,4,0,0,0,1,0,1,0,3,13,40
200500017471,5,3,14,1,2,2,1.0,3.0,0.0,7.0,0.0,0.0,2.0,16.0,1,-1,2.0,3.0,8.0,1.0,0.0,0.0,1,0.0,1.0,2,1,4,0,0,0,0,4,0,2,0,2,0,2,0,2,0,1,0,1,0,2,10,15
201300022268,13,8,26,1,2,1,1.0,6.0,0.0,7.0,0.0,0.0,1.0,1.0,1,1,4.0,2.0,2.0,1.0,0.0,90.0,1,0.0,1.0,1,1,1,1,0,1,0,1,0,0,2,0,0,1,0,0,1,1,0,0,0,3,17,30
201500037425,15,9,17,1,2,1,1.0,6.0,0.0,7.0,0.0,0.0,1.0,1.0,1,1,3.0,2.0,2.0,1.0,0.0,0.0,1,0.0,1.0,1,1,0,2,0,1,0,1,0,0,2,0,0,0,0,0,2,1,0,0,0,2,15,10
200500040702,5,7,7,1,1,2,1.0,3.0,0.0,7.0,0.0,0.0,0.0,0.0,1,1,3.0,2.0,2.0,1.0,0.0,0.0,1,0.0,1.0,2,4,2,2,0,0,0,4,0,0,4,0,0,4,0,0,0,1,0,1,0,4,14,0
201600006671,16,2,11,5,2,1,1.0,6.0,1.0,7.0,0.0,6.0,0.0,14.0,1,1,3.0,2.0,2.0,1.0,0.0,80.0,1,0.0,3.0,1,3,0,1,0,0,0,1,0,0,1,0,0,1,0,0,0,1,0,0,0,3,2,45
201100029690,11,9,17,1,2,3,1.0,3.0,0.0,33.0,0.0,0.0,2.0,1.0,1,2,4.0,2.0,3.0,1.0,0.0,99.0,1,0.0,1.0,2,3,4,0,0,0,0,4,0,4,0,0,0,0,0,2,2,1,0,1,0,3,15,0
201500053740,15,5,11,1,2,3,1.0,6.0,0.0,7.0,0.0,0.0,1.0,4.0,1,-1,4.0,1.0,1.0,1.0,0.0,50.0,1,0.0,1.0,1,1,1,1,0,1,0,1,0,0,1,1,0,0,0,0,2,0,1,0,0,2,17,50
201100007929,11,6,16,1,1,1,2.0,1.0,0.0,7.0,0.0,3.0,2.0,13.0,1,1,3.0,2.0,2.0,1.0,0.0,74.0,1,0.0,1.0,2,3,2,2,0,0,0,4,2,0,0,2,0,2,0,2,0,1,0,0,0,3,14,30
201100045086,11,4,24,5,2,3,1.0,2.0,0.0,2.0,0.0,0.0,0.0,1.0,1,2,3.0,2.0,2.0,1.0,0.0,70.0,1,0.0,1.0,2,1,4,0,0,0,0,4,0,0,4,0,0,2,0,2,0,1,1,0,0,2,23,45
200700061058,7,10,7,1,2,1,1.0,1.0,0.0,30.0,0.0,0.0,2.0,1.0,1,2,4.0,2.0,0.0,1.0,0.0,30.0,1,2.0,1.0,2,1,6,0,0,0,2,4,0,2,4,0,0,0,2,4,0,1,0,0,0,3,13,0
201300043578,13,1,9,1,2,2,8.0,3.0,0.0,7.0,0.0,0.0,2.0,1.0,1,1,2.0,2.0,2.0,1.0,0.0,0.0,1,0.0,1.0,2,1,2,2,0,0,0,4,0,0,2,0,2,2,0,0,2,1,0,1,0,2,14,25
201600043832,16,9,8,1,2,3,1.0,6.0,0.0,7.0,0.0,0.0,1.0,1.0,1,-1,3.0,2.0,2.0,1.0,0.0,0.0,1,0.0,1.0,1,1,1,1,0,1,0,1,0,0,1,0,1,1,0,0,1,1,0,0,0,2,18,53
200700065684,7,10,17,1,2,3,1.0,6.0,0.0,7.0,0.0,0.0,1.0,1.0,1,1,4.0,0.0,1.0,1.0,0.0,0.0,1,0.0,1.0,1,1,2,0,0,1,0,1,0,0,2,0,0,0,0,0,2,1,0,0,0,3,11,40
200900040902,9,12,9,5,2,2,2.0,6.0,0.0,2.0,0.0,12.0,0.0,14.0,1,2,4.0,1.0,2.0,1.0,4.0,140.0,1,5.0,0.0,1,3,1,0,0,0,0,1,0,0,0,0,1,0,0,1,0,0,0,1,0,3,5,45
201000057968,10,3,4,3,1,1,1.0,6.0,0.0,7.0,0.0,0.0,2.0,2.0,1,1,1.0,3.0,6.0,1.0,10.0,220.0,1,0.0,1.0,2,1,4,0,0,0,0,4,0,4,0,0,0,2,0,2,0,1,0,0,0,3,20,20
200500075069,5,11,3,1,2,1,1.0,6.0,0.0,99.0,0.0,0.0,2.0,22.0,1,0,4.0,1.0,2.0,1.0,0.0,60.0,1,0.0,1.0,2,1,2,2,0,0,0,4,0,0,0,4,0,4,0,0,0,1,0,1,0,2,10,45
200900067592,9,9,13,1,2,1,1.0,2.0,0.0,7.0,0.0,0.0,2.0,2.0,1,-1,4.0,2.0,2.0,2.0,0.0,0.0,1,0.0,1.0,2,1,4,0,0,0,0,4,0,4,0,0,0,4,0,0,0,1,1,0,0,2,15,30
201700019474,17,7,22,1,2,1,1.0,1.0,0.0,2.0,0.0,0.0,2.0,5.0,1,2,4.0,2.0,2.0,2.0,0.0,36.0,1,0.0,1.0,2,3,4,0,0,0,0,4,0,0,4,0,0,4,0,0,0,1,0,0,0,3,19,45
200600070979,6,11,26,5,2,2,1.0,3.0,0.0,7.0,0.0,0.0,2.0,1.0,1,1,4.0,1.0,1.0,1.0,0.0,0.0,1,0.0,1.0,2,1,2,2,0,0,0,4,0,4,0,0,0,0,0,4,0,1,0,0,0,2,20,10
201400018281,14,11,13,1,1,1,8.0,1.0,0.0,7.0,0.0,0.0,2.0,13.0,1,1,2.0,2.0,2.0,0.0,0.0,76.0,1,0.0,1.0,2,2,4,0,0,0,0,4,0,0,2,0,2,2,0,2,0,1,0,0,0,3,10,15
200800021702,8,4,3,1,2,1,1.0,3.0,0.0,2.0,0.0,0.0,2.0,16.0,1,0,4.0,1.0,5.0,1.0,0.0,240.0,1,0.0,1.0,2,2,4,0,0,0,0,4,0,0,2,2,0,0,0,4,0,1,1,0,0,2,15,50
200700007108,7,2,14,1,2,1,1.0,2.0,0.0,7.0,0.0,0.0,2.0,1.0,1,1,4.0,2.0,0.0,1.0,0.0,0.0,1,0.0,1.0,2,3,2,2,0,0,0,4,0,0,2,2,0,2,0,0,2,1,1,0,0,3,10,15
200600015207,6,3,1,5,1,1,1.0,2.0,0.0,7.0,0.0,0.0,2.0,11.0,1,-1,1.0,3.0,2.0,1.0,20.0,95.0,1,3.0,1.0,2,2,4,2,0,0,2,4,0,2,2,2,0,0,0,6,0,1,1,0,0,2,0,45
200900015705,9,2,5,1,1,1,1.0,6.0,0.0,7.0,0.0,13.0,0.0,13.0,1,1,3.0,2.0,0.0,1.0,0.0,40.0,1,0.0,1.0,1,3,0,1,0,0,0,1,0,0,1,0,0,0,0,0,1,1,0,0,0,3,17,15
201200027025,12,12,27,1,1,1,8.0,1.0,0.0,7.0,0.0,0.0,2.0,13.0,1,1,3.0,2.0,2.0,1.0,0.0,70.0,1,0.0,1.0,2,2,4,2,0,0,2,4,6,0,0,0,0,2,0,2,2,1,0,0,0,3,13,45
200700001695,7,1,12,1,2,1,1.0,6.0,0.0,13.0,0.0,0.0,1.0,1.0,1,9,3.0,2.0,4.0,1.0,0.0,120.0,1,0.0,1.0,1,1,1,1,0,1,0,1,1,0,0,1,0,1,0,0,1,1,0,0,0,3,11,44
200800022868,8,2,16,5,1,1,1.0,6.0,0.0,7.0,0.0,8.0,0.0,2.0,1,1,5.0,2.0,2.0,1.0,0.0,63.0,1,0.0,3.0,1,3,2,0,0,0,1,1,0,1,1,0,0,0,0,2,0,1,0,0,0,3,4,35
200600042779,6,7,21,1,2,1,1.0,1.0,0.0,7.0,0.0,0.0,0.0,2.0,1,1,3.0,3.0,2.0,0.0,0.0,70.0,1,0.0,1.0,2,1,0,6,0,0,2,4,0,2,2,0,2,2,2,0,2,1,0,0,0,2,15,45
200600031131,6,6,17,3,1,1,1.0,6.0,0.0,2.0,0.0,13.0,0.0,1.0,1,2,3.0,2.0,2.0,0.0,0.0,56.0,1,0.0,3.0,1,3,1,0,0,0,0,1,0,0,1,0,0,0,0,1,0,1,0,0,0,3,22,30
200500038656,5,6,3,1,2,1,1.0,1.0,0.0,7.0,0.0,0.0,2.0,1.0,1,1,4.0,2.0,2.0,2.0,0.0,75.0,1,0.0,1.0,2,2,0,4,0,0,0,4,2,0,0,0,2,2,0,0,2,1,0,0,0,2,13,30
201000024486,10,2,5,1,2,1,1.0,6.0,0.0,7.0,0.0,0.0,1.0,0.0,1,1,4.0,2.0,0.0,0.0,0.0,60.0,1,0.0,1.0,1,1,1,1,0,1,0,1,0,2,0,0,0,0,1,0,1,0,0,1,0,3,9,30
201300001255,13,9,4,1,2,6,1.0,3.0,0.0,7.0,0.0,0.0,2.0,1.0,1,1,4.0,2.0,2.0,1.0,0.0,50.0,1,5.0,1.0,2,1,4,0,0,0,0,4,0,0,4,0,0,2,2,0,0,1,1,0,0,3,16,30
200500070118,5,10,30,2,1,1,1.0,6.0,0.0,5.0,0.0,0.0,0.0,21.0,1,2,1.0,3.0,4.0,1.0,0.0,140.0,1,3.0,1.0,1,2,1,0,0,0,0,1,1,0,0,0,0,0,0,1,0,0,0,0,0,2,5,12