Num_Acc,an,mois,jour,lum,agg,int,atm,col,senc,catv,occutc,obs,obsm,manv,catu,secu,catr,circ,nbv,prof,lartpc,larrout,surf,infra,situ,nb_veh,grav_simpl,Homme,Femme,Arrière,Autre_x,Avant,Conducteur,Autre_y,Inconnu,Loisirs,Professionnel,Travail,Adulte,Enfant,Jeune,Senior,choc_avant,choc_arriere,choc_lateral,choc_multiple,grav_order_max,heure,minute
201300052704,13,4,22,1,2,1,1.0,3.0,0.0,10.0,0.0,0.0,2.0,22.0,1,-1,4.0,1.0,1.0,2.0,0.0,40.0,1,0.0,1.0,2,1,2,2,0,0,0,4,0,0,0,0,4,2,0,2,0,1,0,1,0,2,17,30
201400047300,14,6,12,1,1,1,1.0,6.0,0.0,7.0,0.0,3.0,0.0,14.0,1,1,2.0,3.0,6.0,1.0,0.0,-1.0,1,0.0,2.0,1,2,0,1,0,0,0,1,0,0,1,0,0,0,0,0,1,1,0,0,0,2,20,30
200700077391,7,12,30,1,2,1,1.0,7.0,0.0,7.0,0.0,13.0,0.0,1.0,1,1,4.0,2.0,2.0,1.0,0.0,40.0,1,0.0,1.0,1,2,0,1,0,0,0,1,1,0,0,0,0,1,0,0,0,1,0,0,0,2,11,7
201100060325,11,1,8,5,2,1,3.0,6.0,0.0,7.0,0.0,0.0,1.0,1.0,1,1,4.0,2.0,2.0,1.0,0.0,100.0,1,0.0,1.0,1,1,1,1,0,1,0,1,0,0,2,0,0,1,0,1,0,1,0,0,0,2,20,25
201000059992,10,10,15,1,1,1,1.0,2.0,0.0,7.0,0.0,0.0,0.0,2.0,1,-1,1.0,3.0,4.0,1.0,10.0,130.0,1,0.0,2.0,2,3,2,2,0,0,0,4,0,4,0,0,0,2,0,2,0,1,1,0,0,3,17,10
201100020509,11,8,9,1,2,1,1.0,1.0,0.0,30.0,0.0,0.0,2.0,5.0,1,0,4.0,3.0,2.0,1.0,15.0,60.0,1,0.0,1.0,2,3,4,0,0,0,0,4,0,4,0,0,0,2,0,2,0,1,0,0,0,3,11,30
200900039399,9,9,27,1,1,1,1.0,6.0,0.0,33.0,0.0,2.0,0.0,17.0,1,2,3.0,2.0,2.0,2.0,0.0,108.0,1,0.0,1.0,1,4,1,0,0,0,0,1,0,0,1,0,0,0,0,1,0,0,0,1,0,4,15,15
200500064372,5,10,18,5,2,2,3.0,6.0,0.0,7.0,0.0,0.0,1.0,1.0,1,1,3.0,0.0,0.0,0.0,0.0,0.0,-1,0.0,0.0,1,1,2,0,0,1,0,1,0,0,2,0,0,0,0,0,2,1,0,0,0,3,20,30
201100053710,11,5,16,1,1,1,1.0,2.0,0.0,7.0,0.0,0.0,2.0,2.0,1,1,1.0,1.0,3.0,1.0,15.0,105.0,1,0.0,1.0,2,2,4,0,0,0,0,4,0,0,0,0,4,2,0,2,0,1,1,0,0,2,8,15
200700078277,7,12,23,5,2,1,1.0,6.0,0.0,7.0,0.0,8.0,0.0,1.0,1,1,4.0,2.0,2.0,1.0,0.0,0.0,0,0.0,1.0,1,3,1,0,0,0,0,1,1,0,0,0,0,0,0,1,0,1,0,0,0,3,3,30
200900050346,9,6,21,1,1,1,1.0,1.0,0.0,7.0,0.0,0.0,2.0,13.0,1,1,3.0,2.0,2.0,1.0,0.0,60.0,1,0.0,1.0,2,1,8,4,6,0,2,4,0,0,12,0,0,0,0,12,0,1,0,0,0,3,17,15
201500000672,15,7,31,3,2,1,1.0,6.0,0.0,7.0,0.0,8.0,0.0,1.0,1,1,3.0,2.0,2.0,1.0,0.0,70.0,1,0.0,1.0,1,2,1,1,0,0,1,1,0,1,1,0,0,2,0,0,0,1,0,0,0,3,23,45
201500046200,15,1,13,1,1,1,3.0,3.0,0.0,17.0,0.0,0.0,0.0,0.0,1,1,2.0,3.0,0.0,1.0,12.0,90.0,1,0.0,1.0,2,1,4,0,0,0,0,4,0,2,0,0,2,4,0,0,0,0,0,0,0,2,16,15
201000000574,10,8,11,1,1,1,1.0,5.0,0.0,7.0,0.0,0.0,2.0,1.0,1,1,3.0,2.0,1.0,1.0,0.0,80.0,1,0.0,1.0,3,2,6,3,0,0,0,9,6,0,0,0,3,6,0,0,3,1,0,1,0,4,17,45
201700050071,17,4,21,1,2,1,1.0,6.0,2.0,7.0,0.0,0.0,1.0,1.0,1,1,9.0,4.0,2.0,1.0,0.0,0.0,1,0.0,1.0,1,1,1,1,0,1,0,1,0,2,0,0,0,0,0,0,2,0,0,1,0,2,18,15
201300035128,13,11,19,5,2,1,1.0,6.0,0.0,7.0,0.0,0.0,1.0,1.0,1,1,4.0,2.0,2.0,1.0,0.0,60.0,1,6.0,1.0,1,1,0,2,0,1,0,1,1,0,0,0,1,1,1,0,0,0,0,1,0,3,17,45
201100037621,11,9,1,3,1,1,1.0,5.0,0.0,7.0,0.0,0.0,2.0,1.0,1,1,3.0,2.0,2.0,4.0,0.0,80.0,1,0.0,1.0,3,2,12,0,0,0,3,9,3,0,9,0,0,3,0,9,0,1,0,0,0,2,20,0
200900024716,9,7,12,1,1,1,1.0,6.0,0.0,7.0,0.0,13.0,0.0,0.0,1,0,3.0,2.0,2.0,1.0,0.0,48.0,1,0.0,3.0,1,4,1,0,0,0,0,1,0,0,1,0,0,1,0,0,0,1,0,0,0,4,18,30
200600032526,6,6,9,1,2,3,1.0,3.0,0.0,7.0,0.0,0.0,2.0,1.0,1,1,4.0,1.0,1.0,1.0,0.0,49.0,1,0.0,1.0,2,3,2,2,0,0,0,4,0,0,4,0,0,0,0,2,2,1,0,0,0,3,13,30
200500017064,5,3,23,1,2,1,1.0,6.0,0.0,1.0,0.0,0.0,1.0,1.0,1,-1,4.0,2.0,2.0,1.0,0.0,0.0,1,0.0,0.0,1,1,1,1,0,1,0,1,0,0,1,1,0,1,0,1,0,1,0,0,0,2,16,0
200500055364,5,9,6,1,1,1,8.0,7.0,0.0,7.0,0.0,0.0,0.0,0.0,1,1,4.0,0.0,2.0,0.0,0.0,50.0,1,0.0,0.0,1,2,1,0,0,0,0,1,1,0,0,0,0,0,0,1,0,1,0,0,0,2,10,45
200700055574,7,9,19,1,1,1,1.0,6.0,0.0,1.0,0.0,0.0,2.0,1.0,1,2,3.0,2.0,2.0,1.0,0.0,70.0,1,0.0,0.0,2,2,4,0,0,0,0,4,2,0,2,0,0,0,4,0,0,1,1,0,0,2,16,5
200700023103,7,4,19,1,2,1,1.0,6.0,0.0,7.0,0.0,0.0,1.0,1.0,1,1,4.0,2.0,2.0,1.0,0.0,60.0,1,0.0,1.0,1,1,1,1,0,1,0,1,0,0,1,1,0,0,0,1,1,1,0,0,0,2,17,5
201200003354,12,8,3,2,1,1,1.0,7.0,0.0,7.0,0.0,6.0,0.0,14.0,1,0,4.0,2.0,2.0,1.0,0.0,48.0,1,0.0,1.0,1,3,1,0,0,0,0,1,0,0,1,0,0,1,0,0,0,1,0,0,0,3,21,15
200800062884,8,11,13,1,2,1,1.0,2.0,0.0,7.0,0.0,0.0,0.0,1.0,1,1,2.0,2.0,0.0,1.0,0.0,70.0,1,0.0,1.0,2,1,4,0,0,0,0,4,2,0,0,0,2,0,2,0,2,1,1,0,0,3,7,30
201300025410,13,10,29,1,2,1,1.0,6.0,0.0,31.0,0.0,14.0,0.0,1.0,1,2,4.0,2.0,2.0,1.0,0.0,0.0,1,0.0,1.0,1,2,1,0,0,0,0,1,0,0,1,0,0,1,0,0,0,0,0,0,0,2,11,45
200900026443,9,7,29,1,1,1,1.0,6.0,0.0,7.0,0.0,2.0,0.0,1.0,1,1,3.0,2.0,2.0,2.0,0.0,47.0,1,0.0,3.0,1,4,1,0,0,0,0,1,0,0,1,0,0,0,0,1,0,0,0,1,0,4,13,30
200500049446,5,8,6,1,2,1,1.0,3.0,0.0,7.0,0.0,0.0,2.0,1.0,1,1,3.0,2.0,2.0,0.0,0.0,60.0,1,0.0,1.0,2,2,4,2,0,0,2,4,2,2,2,0,0,2,0,4,0,1,0,0,0,2,16,45
200800011352,8,3,6,5,2,3,2.0,3.0,0.0,2.0,0.0,0.0,2.0,1.0,1,2,3.0,2.0,2.0,1.0,0.0,0.0,1,0.0,1.0,2,3,4,0,0,0,0,4,0,0,2,2,0,2,0,2,0,1,0,0,0,3,19,50
200700028960,7,5,4,5,2,2,1.0,3.0,2.0,7.0,0.0,0.0,2.0,1.0,1,1,4.0,1.0,1.0,1.0,0.0,96.0,1,0.0,1.0,2,2,0,2,0,0,0,2,2,0,0,0,0,2,0,0,0,1,0,0,0,2,6,0
200500074442,5,11,19,5,1,9,1.0,7.0,0.0,7.0,0.0,13.0,9.0,17.0,1,1,3.0,3.0,0.0,1.0,0.0,70.0,1,0.0,0.0,1,3,1,2,1,0,1,1,0,2,1,0,0,2,0,1,0,0,0,0,1,3,0,15
200600077939,6,12,13,5,2,1,1.0,4.0,0.0,7.0,0.0,0.0,2.0,11.0,1,1,4.0,3.0,3.0,1.0,15.0,90.0,1,0.0,1.0,3,1,9,3,0,0,3,9,0,3,6,3,0,3,0,9,0,1,1,1,0,2,18,45
200700004100,7,1,7,5,2,2,2.0,6.0,1.0,7.0,0.0,0.0,2.0,0.0,1,2,4.0,2.0,2.0,1.0,0.0,60.0,1,0.0,1.0,2,2,2,0,0,0,0,2,0,0,2,0,0,0,0,2,0,1,1,0,0,2,1,10
201700054133,17,12,8,5,2,7,2.0,4.0,1.0,10.0,0.0,0.0,2.0,4.0,1,1,4.0,2.0,2.0,1.0,0.0,0.0,1,0.0,1.0,3,1,9,0,0,0,0,9,0,9,0,0,0,9,0,0,0,1,1,0,0,2,20,34
201500035677,15,2,10,5,2,2,1.0,6.0,0.0,7.0,0.0,0.0,1.0,1.0,1,1,4.0,2.0,2.0,1.0,0.0,68.0,1,0.0,1.0,1,1,0,2,0,1,0,1,1,0,1,0,0,1,1,0,0,1,0,0,0,2,18,45
200900063498,9,12,27,1,1,1,1.0,4.0,0.0,7.0,0.0,0.0,2.0,2.0,1,1,1.0,1.0,3.0,1.0,0.0,75.0,1,0.0,1.0,4,2,16,0,0,0,0,16,0,0,16,0,0,12,0,4,0,1,1,0,0,2,12,30
200600044287,6,7,30,5,2,1,1.0,6.0,0.0,7.0,0.0,13.0,0.0,1.0,1,1,9.0,2.0,2.0,1.0,0.0,80.0,1,0.0,1.0,1,3,1,0,0,0,0,1,0,0,1,0,0,0,0,1,0,1,0,0,0,3,1,30
200700034891,7,6,8,1,2,3,1.0,6.0,0.0,7.0,0.0,0.0,1.0,0.0,1,1,4.0,2.0,2.0,0.0,34.0,17.0,1,0.0,1.0,1,1,1,1,0,1,0,1,1,0,1,0,0,1,0,0,1,1,0,0,0,3,13,38
200900013247,9,3,10,1,2,1,1.0,6.0,0.0,7.0,0.0,0.0,1.0,20.0,3,-1,4.0,2.0,2.0,1.0,0.0,92.0,1,0.0,1.0,1,3,0,2,0,1,0,1,0,0,1,1,0,1,0,0,1,0,1,0,0,3,9,45
200500028574,5,5,3,1,2,1,1.0,1.0,2.0,7.0,0.0,0.0,2.0,16.0,1,1,4.0,2.0,2.0,1.0,0.0,70.0,1,0.0,1.0,2,2,0,2,0,0,0,2,0,0,0,2,0,2,0,0,0,1,0,0,0,2,18,30
200700015845,7,3,6,1,2,2,2.0,3.0,0.0,7.0,0.0,0.0,2.0,1.0,1,1,9.0,1.0,1.0,1.0,0.0,62.0,1,0.0,1.0,2,1,2,2,0,0,0,4,4,0,0,0,0,0,0,2,2,1,0,1,0,2,12,40
201500056477,15,9,25,1,2,1,1.0,3.0,0.0,33.0,0.0,0.0,2.0,3.0,1,2,4.0,1.0,4.0,1.0,15.0,140.0,1,1.0,1.0,2,2,4,0,0,0,0,4,0,0,2,0,2,2,0,0,2,0,0,1,0,2,12,0
201100013466,11,4,11,5,2,1,1.0,6.0,1.0,7.0,0.0,0.0,1.0,13.0,3,-1,4.0,2.0,2.0,1.0,0.0,60.0,1,0.0,4.0,1,4,0,1,0,1,0,0,0,0,0,0,1,1,0,0,0,1,0,0,0,4,23,0
201200001701,12,2,23,1,1,2,1.0,3.0,0.0,7.0,0.0,0.0,2.0,9.0,1,1,3.0,2.0,2.0,1.0,0.0,0.0,1,5.0,1.0,2,2,2,2,0,0,0,4,0,0,4,0,0,2,0,0,2,1,0,0,0,2,9,20
201000003840,10,4,19,1,1,1,1.0,2.0,0.0,10.0,0.0,0.0,2.0,23.0,1,1,3.0,2.0,2.0,0.0,0.0,70.0,1,0.0,1.0,2,1,2,2,0,0,0,4,0,0,4,0,0,2,0,2,0,1,1,0,0,3,18,0
200600033313,6,6,30,1,2,3,1.0,1.0,0.0,30.0,0.0,0.0,2.0,2.0,1,-1,4.0,2.0,2.0,1.0,0.0,80.0,1,0.0,1.0,2,2,2,2,0,0,0,4,0,2,2,0,0,2,0,2,0,1,1,0,0,2,8,40
200700056667,7,9,17,1,2,1,2.0,7.0,0.0,2.0,0.0,0.0,0.0,1.0,1,-1,4.0,2.0,2.0,1.0,0.0,0.0,1,0.0,1.0,1,2,1,0,0,0,0,1,0,1,0,0,0,0,0,0,1,0,0,0,0,2,10,30
200800009432,8,2,4,1,2,2,2.0,3.0,0.0,2.0,0.0,0.0,2.0,1.0,1,2,4.0,1.0,1.0,1.0,0.0,70.0,1,5.0,0.0,2,2,2,2,0,0,0,4,0,0,0,4,0,0,0,2,2,1,0,0,0,2,12,25
200800014646,8,3,25,1,2,3,8.0,3.0,0.0,7.0,0.0,0.0,2.0,15.0,1,1,4.0,2.0,3.0,1.0,0.0,0.0,1,2.0,1.0,2,1,4,0,0,0,0,4,0,2,2,0,0,4,0,0,0,1,0,0,0,2,13,0
200500079079,5,12,13,1,2,2,1.0,1.0,0.0,7.0,0.0,1.0,0.0,24.0,1,-1,2.0,2.0,0.0,0.0,0.0,0.0,-1,0.0,0.0,2,1,4,0,0,0,0,4,0,0,2,0,2,4,0,0,0,1,0,0,0,3,11,0
201600049415,16,9,12,1,2,2,1.0,3.0,1.0,1.0,0.0,0.0,2.0,1.0,1,-1,4.0,1.0,1.0,1.0,0.0,70.0,1,0.0,1.0,2,2,4,0,0,0,0,4,0,2,0,0,2,2,0,2,0,1,0,1,0,2,16,15
200500000432,5,1,2,3,1,1,1.0,7.0,0.0,7.0,0.0,16.0,0.0,1.0,1,1,2.0,2.0,2.0,0.0,0.0,70.0,1,0.0,1.0,1,1,3,1,2,0,0,2,0,3,1,0,0,0,0,4,0,0,0,0,1,3,4,30
200600021422,6,4,11,1,2,1,1.0,3.0,0.0,1.0,0.0,0.0,2.0,11.0,1,-1,4.0,1.0,1.0,1.0,0.0,30.0,1,0.0,1.0,2,1,4,2,0,0,2,4,0,2,2,2,0,4,2,0,0,1,1,0,0,2,18,0
201100058226,11,2,3,1,2,1,8.0,3.0,0.0,1.0,0.0,0.0,2.0,7.0,1,-1,4.0,1.0,4.0,1.0,0.0,166.0,1,0.0,5.0,2,2,2,2,0,0,0,4,0,0,2,2,0,2,0,2,0,1,0,1,0,2,11,50
201700012060,17,10,26,2,2,6,1.0,2.0,2.0,7.0,0.0,0.0,2.0,1.0,1,-1,3.0,2.0,2.0,1.0,0.0,10.0,1,0.0,-1.0,2,1,2,2,0,0,0,4,0,2,2,0,0,2,0,2,0,1,0,0,0,3,18,20
201500028240,15,12,15,5,2,1,1.0,6.0,0.0,1.0,0.0,0.0,1.0,1.0,1,-1,4.0,1.0,0.0,2.0,0.0,0.0,1,0.0,5.0,1,1,1,1,0,1,0,1,0,2,0,0,0,1,0,1,0,1,0,0,0,2,17,50
201600039905,16,12,24,1,2,1,1.0,6.0,0.0,7.0,0.0,0.0,1.0,15.0,1,1,4.0,2.0,0.0,1.0,0.0,0.0,1,0.0,1.0,1,1,1,1,0,1,0,1,2,0,0,0,0,1,0,0,1,1,0,0,0,3,10,0
201200000664,12,4,20,1,1,1,1.0,6.0,0.0,7.0,0.0,2.0,0.0,1.0,1,1,3.0,2.0,2.0,1.0,0.0,57.0,1,0.0,3.0,1,2,0,1,0,0,0,1,0,0,1,0,0,0,0,1,0,1,0,0,0,2,12,15
201500017793,15,11,15,5,1,1,1.0,6.0,0.0,7.0,0.0,8.0,0.0,13.0,1,1,3.0,2.0,2.0,1.0,0.0,66.0,1,0.0,0.0,1,3,1,0,0,0,0,1,0,0,1,0,0,0,0,1,0,1,0,0,0,3,18,15
201300004127,13,1,17,1,2,1,1.0,3.0,0.0,7.0,0.0,0.0,2.0,1.0,1,1,3.0,3.0,2.0,2.0,0.0,0.0,1,0.0,1.0,2,1,6,0,0,0,2,4,0,2,0,2,2,4,0,2,0,1,0,0,0,3,7,45
200800060668,8,10,16,1,2,1,1.0,6.0,0.0,10.0,0.0,0.0,1.0,4.0,1,1,2.0,2.0,2.0,1.0,0.0,100.0,1,0.0,1.0,1,1,2,0,0,1,0,1,0,0,1,1,0,2,0,0,0,0,1,0,0,2,15,55
201100032208,11,12,25,1,2,1,1.0,7.0,0.0,33.0,0.0,0.0,0.0,2.0,1,2,4.0,2.0,2.0,1.0,0.0,62.0,1,0.0,1.0,1,3,1,0,0,0,0,1,1,0,0,0,0,1,0,0,0,0,0,1,0,3,12,9
201100001347,11,9,22,1,1,2,1.0,3.0,0.0,10.0,0.0,0.0,2.0,1.0,1,1,3.0,2.0,2.0,1.0,0.0,0.0,1,0.0,1.0,2,1,4,0,0,0,0,4,0,0,0,0,4,2,0,2,0,1,1,0,0,2,8,15
201600011239,16,9,14,1,2,2,1.0,3.0,2.0,7.0,0.0,0.0,2.0,19.0,1,1,4.0,1.0,1.0,1.0,0.0,0.0,1,0.0,1.0,2,1,2,2,0,0,0,4,2,0,0,0,2,2,0,2,0,1,0,0,0,2,18,0
200500064722,5,10,1,1,2,1,3.0,5.0,0.0,7.0,0.0,0.0,2.0,13.0,1,1,2.0,2.0,3.0,3.0,0.0,0.0,1,0.0,1.0,3,1,9,9,3,0,6,9,0,9,9,0,0,9,3,6,0,1,0,1,0,3,15,40
200500040262,5,6,3,3,2,3,1.0,3.0,0.0,7.0,0.0,0.0,2.0,1.0,1,1,4.0,0.0,2.0,2.0,0.0,70.0,1,0.0,1.0,2,2,2,4,0,0,2,4,0,2,4,0,0,2,0,4,0,0,0,1,0,2,22,40
201400019292,14,9,18,3,1,9,1.0,6.0,0.0,33.0,0.0,8.0,0.0,1.0,1,-1,3.0,2.0,2.0,1.0,0.0,63.0,1,0.0,3.0,1,4,2,0,0,0,1,1,0,1,1,0,0,0,0,2,0,1,0,0,0,4,21,45
200500017041,5,3,13,1,2,1,1.0,2.0,0.0,7.0,0.0,0.0,2.0,1.0,1,-1,3.0,2.0,2.0,1.0,0.0,0.0,1,0.0,1.0,2,2,4,2,0,0,2,4,0,2,4,0,0,0,0,4,2,1,1,0,0,2,14,30
200500051870,5,8,1,1,2,1,3.0,7.0,0.0,7.0,0.0,0.0,1.0,1.0,1,1,4.0,2.0,2.0,1.0,0.0,70.0,1,0.0,1.0,1,1,1,1,0,1,0,1,0,0,2,0,0,1,0,1,0,1,0,0,0,3,17,30
200500012084,5,3,13,2,1,1,1.0,7.0,0.0,7.0,0.0,13.0,0.0,1.0,1,1,3.0,2.0,2.0,1.0,0.0,52.0,1,0.0,3.0,1,2,2,1,1,0,1,1,0,2,1,0,0,0,0,3,0,1,0,0,0,2,18,15
200600016166,6,3,22,1,2,1,2.0,1.0,0.0,7.0,0.0,0.0,0.0,19.0,1,1,2.0,2.0,2.0,1.0,0.0,111.0,1,0.0,1.0,2,2,0,6,0,0,2,4,2,2,2,0,0,4,0,2,0,1,0,0,0,2,15,45
200900068147,9,10,27,1,2,1,1.0,2.0,0.0,32.0,0.0,0.0,0.0,2.0,1,2,4.0,1.0,1.0,1.0,0.0,0.0,1,0.0,1.0,2,2,2,2,0,0,0,4,0,0,0,2,2,4,0,0,0,1,1,0,0,2,9,10
200500077095,5,11,22,5,1,1,1.0,4.0,0.0,7.0,0.0,0.0,2.0,2.0,1,1,1.0,1.0,3.0,1.0,20.0,105.0,1,0.0,1.0,3,1,9,3,0,0,3,9,9,3,0,0,0,9,0,0,3,1,1,0,0,2,7,45
201100050404,11,12,9,3,2,3,2.0,6.0,0.0,10.0,0.0,0.0,1.0,1.0,1,1,4.0,2.0,1.0,1.0,0.0,45.0,1,0.0,1.0,1,1,2,0,0,1,0,1,1,0,0,1,0,1,0,0,1,1,0,0,0,3,17,50
201500005011,15,7,3,1,1,1,1.0,6.0,0.0,7.0,0.0,0.0,1.0,1.0,1,1,3.0,2.0,0.0,1.0,0.0,60.0,1,0.0,1.0,1,1,3,0,0,1,1,1,1,1,1,0,0,0,0,3,0,1,0,0,0,3,19,45
200900037280,9,8,23,1,1,1,1.0,1.0,0.0,33.0,0.0,0.0,2.0,1.0,1,2,3.0,2.0,2.0,1.0,0.0,55.0,-1,0.0,1.0,2,3,4,0,0,0,0,4,0,0,4,0,0,2,0,0,2,0,1,1,0,3,10,0
201000007041,10,8,25,1,1,2,1.0,3.0,0.0,33.0,0.0,0.0,2.0,1.0,1,2,3.0,2.0,0.0,1.0,0.0,0.0,1,5.0,1.0,2,3,4,0,0,0,0,4,0,2,0,0,2,4,0,0,0,1,0,1,0,3,17,45
201200008825,12,10,14,3,1,1,8.0,6.0,0.0,1.0,0.0,0.0,2.0,1.0,1,0,3.0,2.0,2.0,1.0,0.0,76.0,1,0.0,1.0,2,4,6,0,0,0,2,4,0,0,6,0,0,0,4,2,0,1,0,0,0,4,0,30
201000018956,10,3,31,1,2,5,1.0,7.0,0.0,7.0,0.0,0.0,1.0,1.0,1,1,3.0,2.0,2.0,1.0,0.0,90.0,1,0.0,1.0,1,1,2,1,0,1,1,1,0,3,0,0,0,0,0,1,2,1,0,0,0,2,15,5
201100001929,11,12,16,5,2,1,2.0,3.0,0.0,7.0,0.0,0.0,2.0,13.0,1,1,3.0,2.0,0.0,2.0,0.0,0.0,1,0.0,1.0,2,1,4,4,4,0,0,4,0,4,2,0,2,6,2,0,0,1,0,0,0,2,20,15
201300025922,13,3,22,1,2,3,1.0,6.0,0.0,31.0,0.0,0.0,2.0,0.0,1,2,4.0,2.0,0.0,2.0,0.0,0.0,-1,0.0,1.0,2,2,2,2,0,0,0,4,0,4,0,0,0,2,0,2,0,0,0,0,0,2,17,5
201700046566,17,4,25,1,1,1,1.0,6.0,1.0,7.0,0.0,0.0,0.0,0.0,1,1,1.0,3.0,3.0,1.0,0.0,0.0,1,0.0,1.0,1,2,1,0,0,0,0,1,0,0,0,1,0,0,0,1,0,0,0,0,0,2,14,20
200900011354,9,5,7,1,2,1,1.0,2.0,0.0,7.0,0.0,0.0,2.0,2.0,1,1,3.0,2.0,2.0,1.0,0.0,90.0,1,0.0,1.0,2,2,2,0,0,0,0,2,0,0,2,0,0,0,0,2,0,1,1,0,0,2,18,45
201500012236,15,5,7,1,1,1,7.0,5.0,0.0,14.0,0.0,0.0,2.0,13.0,1,1,3.0,2.0,2.0,2.0,0.0,77.0,1,0.0,1.0,3,1,9,3,0,0,3,9,0,3,3,6,0,6,3,3,0,1,1,0,0,3,9,0
200800021108,8,4,15,1,2,1,1.0,3.0,0.0,2.0,0.0,0.0,2.0,0.0,1,2,3.0,2.0,2.0,1.0,0.0,0.0,1,0.0,1.0,2,2,2,2,0,0,0,4,0,4,0,0,0,4,0,0,0,1,0,1,0,2,19,20
200600071770,6,11,25,2,1,2,8.0,3.0,0.0,30.0,0.0,0.0,2.0,1.0,1,2,3.0,2.0,2.0,1.0,0.0,45.0,1,5.0,1.0,2,3,4,0,0,0,0,4,0,0,0,2,2,2,2,0,0,1,0,0,0,3,18,0
201600047100,16,10,13,1,1,1,1.0,7.0,1.0,33.0,0.0,0.0,0.0,0.0,1,2,1.0,0.0,1.0,1.0,0.0,35.0,1,0.0,1.0,1,2,1,0,0,0,0,1,0,0,0,0,1,1,0,0,0,0,0,0,0,2,9,15
200800008443,8,2,14,1,2,3,1.0,3.0,0.0,7.0,0.0,0.0,2.0,1.0,1,1,4.0,2.0,2.0,1.0,0.0,0.0,1,0.0,1.0,2,2,8,0,2,0,2,4,0,4,4,0,0,4,0,4,0,1,1,0,0,2,15,30
200800063422,8,11,25,3,1,1,1.0,6.0,0.0,14.0,0.0,13.0,0.0,1.0,1,0,2.0,2.0,0.0,1.0,0.0,69.0,1,0.0,3.0,1,4,1,0,0,0,0,1,0,0,0,1,0,1,0,0,0,1,0,0,0,4,5,30
201400035095,14,2,20,3,2,1,2.0,6.0,0.0,7.0,0.0,0.0,2.0,15.0,1,1,3.0,0.0,2.0,0.0,0.0,50.0,1,0.0,1.0,3,1,9,0,0,0,0,9,0,0,0,6,3,6,0,0,3,1,0,1,0,3,6,0
201400032468,14,2,6,1,2,6,1.0,2.0,0.0,33.0,0.0,0.0,2.0,1.0,1,2,4.0,1.0,2.0,1.0,0.0,0.0,1,0.0,1.0,2,2,2,2,0,0,0,4,0,0,0,4,0,4,0,0,0,1,1,0,0,2,15,30
200600024149,6,5,2,1,1,3,1.0,3.0,0.0,7.0,0.0,0.0,2.0,1.0,1,1,3.0,2.0,2.0,2.0,0.0,70.0,1,0.0,1.0,2,3,0,4,0,0,0,4,0,0,4,0,0,0,0,0,4,1,0,1,0,3,10,15
200800067094,8,11,10,1,2,2,2.0,3.0,0.0,7.0,0.0,0.0,2.0,15.0,1,-1,4.0,2.0,2.0,1.0,0.0,0.0,1,5.0,1.0,2,1,2,2,0,0,0,4,2,0,0,0,2,4,0,0,0,1,0,1,0,2,9,0
201600038874,16,9,24,1,2,1,1.0,6.0,0.0,7.0,0.0,0.0,1.0,0.0,3,-1,9.0,2.0,1.0,1.0,0.0,40.0,1,0.0,1.0,1,2,1,0,0,1,0,0,0,1,0,0,0,0,1,0,0,0,0,0,0,2,16,0
201100015951,11,6,8,4,2,1,1.0,7.0,0.0,31.0,0.0,0.0,0.0,1.0,1,2,3.0,3.0,3.0,1.0,0.0,100.0,1,0.0,1.0,1,2,0,1,0,0,0,1,0,0,1,0,0,1,0,0,0,0,0,0,0,2,22,25
200600025693,6,5,15,1,2,1,1.0,4.0,0.0,7.0,0.0,0.0,2.0,2.0,1,-1,4.0,3.0,3.0,1.0,0.0,60.0,1,0.0,1.0,3,1,0,9,0,0,0,9,0,9,0,0,0,6,0,3,0,1,1,0,0,3,12,5
200700022493,7,4,7,5,2,1,1.0,6.0,0.0,7.0,0.0,0.0,1.0,1.0,1,1,4.0,2.0,2.0,1.0,0.0,90.0,1,0.0,1.0,1,1,1,1,0,1,0,1,0,0,2,0,0,0,0,1,1,1,0,0,0,3,22,40
200600016261,6,3,12,1,2,1,1.0,7.0,0.0,31.0,0.0,0.0,0.0,1.0,1,2,2.0,2.0,0.0,0.0,0.0,0.0,1,0.0,3.0,1,3,1,0,0,0,0,1,0,0,1,0,0,1,0,0,0,0,0,0,0,3,15,45
201300013231,13,7,28,1,1,1,1.0,6.0,0.0,7.0,0.0,4.0,0.0,13.0,1,1,1.0,3.0,2.0,1.0,10.0,110.0,1,0.0,1.0,1,3,0,2,0,0,1,1,0,0,2,0,0,1,0,1,0,1,0,0,0,3,7,30
201000052631,10,9,14,1,2,3,1.0,3.0,0.0,2.0,0.0,0.0,2.0,1.0,1,2,4.0,2.0,2.0,1.0,0.0,0.0,1,0.0,1.0,2,2,4,0,0,0,0,4,0,0,4,0,0,0,2,0,2,1,0,0,0,2,16,50
200900016992,9,1,15,1,1,1,9.0,1.0,0.0,7.0,0.0,0.0,2.0,1.0,1,1,3.0,2.0,0.0,2.0,14.0,70.0,0,2.0,1.0,2,3,2,4,0,0,2,4,0,2,4,0,0,2,0,4,0,1,0,1,0,3,15,0
200700047221,7,8,14,1,1,1,1.0,2.0,0.0,33.0,0.0,0.0,2.0,1.0,1,2,3.0,2.0,2.0,1.0,0.0,60.0,1,0.0,1.0,2,3,2,2,0,0,0,4,0,2,2,0,0,4,0,0,0,1,1,0,0,3,15,15