Num_Acc,an,mois,jour,lum,agg,int,atm,col,senc,catv,occutc,obs,obsm,manv,catu,secu,catr,circ,nbv,prof,lartpc,larrout,surf,infra,situ,nb_veh,grav_simpl,Homme,Femme,Arrière,Autre_x,Avant,Conducteur,Autre_y,Inconnu,Loisirs,Professionnel,Travail,Adulte,Enfant,Jeune,Senior,choc_avant,choc_arriere,choc_lateral,choc_multiple,grav_order_max,heure,minute
201000021179,10,5,30,5,2,1,1.0,6.0,0.0,7.0,0.0,7.0,0.0,0.0,1,1,4.0,1.0,2.0,1.0,0.0,75.0,1,0.0,4.0,1,3,0,1,0,0,0,1,0,1,0,0,0,1,0,0,0,0,0,1,0,3,4,0
200500015981,5,3,19,5,2,1,1.0,3.0,0.0,2.0,0.0,0.0,2.0,1.0,1,2,4.0,2.0,2.0,1.0,0.0,100.0,1,0.0,1.0,2,2,2,2,0,0,0,4,0,0,4,0,0,2,2,0,0,0,0,1,0,2,19,30
201600007449,16,5,22,1,1,1,3.0,6.0,1.0,7.0,0.0,3.0,0.0,1.0,1,1,1.0,3.0,2.0,1.0,10.0,70.0,1,0.0,1.0,1,3,0,2,0,0,1,1,0,1,1,0,0,0,0,2,0,1,0,0,0,3,12,15
201400035207,14,8,3,1,2,3,1.0,6.0,0.0,7.0,0.0,0.0,1.0,21.0,1,-1,4.0,2.0,2.0,1.0,0.0,-1.0,1,0.0,1.0,1,1,1,1,0,1,0,1,0,0,2,0,0,1,1,0,0,1,0,0,0,4,18,55
201000062244,10,1,12,5,2,3,1.0,3.0,0.0,7.0,0.0,0.0,2.0,10.0,1,1,4.0,2.0,2.0,1.0,0.0,80.0,1,0.0,1.0,2,2,2,2,0,0,0,4,0,0,2,2,0,2,0,2,0,1,0,0,0,2,20,45
201000012084,10,5,15,1,2,1,1.0,6.0,0.0,7.0,0.0,6.0,0.0,15.0,1,1,3.0,2.0,2.0,2.0,0.0,0.0,1,0.0,3.0,1,3,0,1,0,0,0,1,0,0,1,0,0,0,0,0,1,1,0,0,0,3,18,30
200800004973,8,1,14,5,2,1,1.0,6.0,0.0,7.0,0.0,0.0,1.0,2.0,1,1,3.0,2.0,2.0,0.0,0.0,60.0,-1,0.0,1.0,1,1,1,1,0,1,0,1,0,2,0,0,0,0,0,2,0,1,0,0,0,2,19,10
201400050401,14,4,1,1,2,3,1.0,3.0,0.0,33.0,0.0,0.0,2.0,1.0,1,-1,4.0,2.0,3.0,2.0,0.0,0.0,1,0.0,1.0,2,3,2,2,0,0,0,4,2,0,0,0,2,2,0,2,0,1,0,1,0,3,11,50
201000014565,10,6,20,5,2,7,1.0,6.0,0.0,7.0,0.0,0.0,1.0,20.0,1,1,6.0,0.0,0.0,0.0,0.0,0.0,1,0.0,4.0,1,1,1,1,0,1,0,1,0,0,2,0,0,1,0,1,0,1,0,0,0,2,23,30
201400024823,14,11,21,2,1,1,1.0,2.0,0.0,33.0,0.0,0.0,2.0,0.0,1,-1,2.0,3.0,2.0,1.0,0.0,0.0,1,0.0,1.0,2,2,4,0,0,0,0,4,0,4,0,0,0,4,0,0,0,1,1,0,0,2,7,35
200500040443,5,4,4,1,1,1,1.0,3.0,0.0,4.0,0.0,0.0,2.0,1.0,1,2,2.0,3.0,2.0,1.0,0.0,95.0,1,0.0,1.0,2,2,4,0,0,0,0,4,0,0,0,2,2,4,0,0,0,1,1,0,0,2,7,40
200600032398,6,6,26,1,2,1,1.0,5.0,0.0,7.0,0.0,0.0,2.0,5.0,1,1,4.0,2.0,2.0,1.0,0.0,83.0,1,0.0,1.0,5,1,15,10,0,0,0,25,0,15,5,0,5,10,0,5,10,1,0,1,0,2,11,35
201500002010,15,7,14,3,1,1,1.0,6.0,0.0,7.0,0.0,8.0,0.0,13.0,1,1,3.0,2.0,2.0,1.0,0.0,60.0,1,0.0,3.0,1,4,1,0,0,0,0,1,0,0,1,0,0,0,0,1,0,0,0,0,1,4,4,15
200700047671,7,8,28,5,2,1,1.0,6.0,0.0,7.0,0.0,3.0,0.0,15.0,1,-1,3.0,2.0,0.0,1.0,0.0,70.0,1,0.0,0.0,1,1,1,1,0,0,1,1,0,2,0,0,0,0,1,1,0,1,0,0,0,3,10,0
201100056768,11,12,24,1,1,1,1.0,6.0,0.0,10.0,0.0,4.0,0.0,1.0,1,1,2.0,1.0,2.0,1.0,0.0,70.0,1,2.0,1.0,1,2,1,0,0,0,0,1,0,0,1,0,0,0,0,1,0,0,0,0,0,2,8,50
201100027488,11,4,19,1,2,1,1.0,6.0,0.0,7.0,0.0,0.0,2.0,2.0,1,-1,4.0,2.0,3.0,1.0,0.0,0.0,1,0.0,1.0,2,1,4,0,0,0,0,4,0,2,2,0,0,4,0,0,0,1,0,0,0,2,10,15
201700000585,17,3,6,1,1,1,6.0,6.0,1.0,7.0,0.0,2.0,0.0,1.0,1,1,3.0,2.0,4.0,1.0,0.0,0.0,1,0.0,3.0,1,4,1,0,0,0,0,1,1,0,0,0,0,0,0,1,0,0,0,0,1,4,8,25
200900067716,9,9,25,1,2,1,1.0,1.0,0.0,7.0,0.0,0.0,2.0,9.0,1,1,4.0,2.0,2.0,2.0,0.0,0.0,1,0.0,1.0,2,1,4,0,0,0,0,4,0,0,4,0,0,0,0,4,0,1,0,1,0,2,15,31
200700041512,7,7,21,1,2,1,1.0,4.0,0.0,10.0,0.0,0.0,1.0,2.0,1,1,3.0,2.0,0.0,2.0,0.0,0.0,1,0.0,1.0,3,2,6,9,0,0,6,9,6,6,3,0,0,15,0,0,0,1,1,0,1,2,15,0
201400016196,14,9,30,3,2,1,2.0,6.0,0.0,32.0,0.0,0.0,2.0,1.0,1,2,4.0,2.0,0.0,1.0,0.0,0.0,1,0.0,1.0,2,2,4,0,0,0,0,4,0,0,4,0,0,2,0,2,0,1,0,0,0,2,20,10
201500021791,15,1,12,1,1,3,1.0,2.0,0.0,7.0,0.0,0.0,2.0,2.0,1,1,3.0,2.0,0.0,1.0,0.0,0.0,1,0.0,1.0,2,2,2,4,0,0,2,4,2,4,0,0,0,6,0,0,0,1,0,0,0,2,16,30
201500039590,15,1,24,5,2,3,1.0,6.0,0.0,7.0,0.0,0.0,1.0,1.0,1,1,4.0,2.0,1.0,1.0,20.0,60.0,1,0.0,1.0,1,1,0,2,0,1,0,1,0,0,2,0,0,1,0,1,0,1,0,0,0,3,19,30
200800056881,8,10,26,5,2,3,1.0,3.0,0.0,32.0,0.0,0.0,2.0,1.0,1,2,3.0,2.0,2.0,1.0,0.0,100.0,1,5.0,0.0,2,2,2,6,2,0,2,4,0,6,2,0,0,0,0,8,0,1,0,0,0,2,19,55
200500072409,5,11,17,1,2,1,1.0,5.0,0.0,7.0,0.0,0.0,2.0,2.0,1,1,4.0,2.0,3.0,2.0,0.0,136.0,1,0.0,1.0,3,1,3,6,0,0,0,9,0,0,0,0,9,6,0,3,0,1,1,0,0,2,8,30
201000041517,10,7,1,5,2,1,1.0,6.0,1.0,7.0,0.0,0.0,1.0,0.0,3,-1,4.0,2.0,3.0,1.0,0.0,0.0,1,0.0,1.0,1,3,1,0,0,1,0,0,0,1,0,0,0,0,1,0,0,1,0,0,0,3,0,30
200800000601,8,1,13,3,1,1,1.0,1.0,0.0,7.0,0.0,0.0,2.0,13.0,1,1,3.0,2.0,0.0,0.0,70.0,0.0,1,0.0,1.0,2,1,6,0,0,0,2,4,0,2,2,0,2,4,0,0,2,1,0,0,0,3,7,30
201100053159,11,9,20,1,1,1,1.0,3.0,0.0,7.0,0.0,0.0,2.0,1.0,1,1,1.0,3.0,3.0,1.0,20.0,210.0,1,0.0,1.0,2,2,4,0,0,0,0,4,0,0,0,4,0,4,0,0,0,1,0,1,0,2,14,35
201700042301,17,2,2,5,2,1,8.0,6.0,1.0,7.0,0.0,0.0,1.0,1.0,1,1,4.0,2.0,2.0,2.0,0.0,50.0,1,0.0,1.0,1,1,0,2,0,1,0,1,0,1,1,0,0,0,1,1,0,1,0,0,0,3,21,50
200800055455,8,10,17,1,1,2,1.0,3.0,0.0,7.0,0.0,0.0,2.0,13.0,1,1,2.0,2.0,2.0,1.0,0.0,76.0,1,0.0,1.0,2,3,2,6,0,0,4,4,0,4,4,0,0,6,0,0,2,1,0,1,0,4,16,0
201400057008,14,2,14,1,2,1,1.0,4.0,0.0,7.0,0.0,0.0,2.0,23.0,1,1,4.0,2.0,2.0,2.0,0.0,70.0,1,0.0,1.0,3,1,6,3,0,0,0,9,0,0,6,3,0,3,0,3,3,1,1,0,0,2,16,35
201200027719,12,1,18,1,2,4,1.0,6.0,0.0,7.0,0.0,0.0,1.0,5.0,1,1,4.0,1.0,1.0,1.0,0.0,0.0,1,0.0,1.0,1,1,1,1,0,1,0,1,0,1,1,0,0,1,0,0,1,1,0,0,0,2,17,0
201600051100,16,3,16,1,2,3,1.0,2.0,1.0,7.0,0.0,0.0,2.0,23.0,1,1,4.0,1.0,4.0,1.0,0.0,165.0,1,0.0,1.0,2,1,4,0,0,0,0,4,2,0,0,2,0,4,0,0,0,1,0,0,0,2,10,10
201000048243,10,11,3,1,2,2,8.0,3.0,0.0,33.0,0.0,0.0,2.0,2.0,1,2,3.0,1.0,4.0,1.0,0.0,0.0,1,0.0,1.0,2,2,4,0,0,0,0,4,0,0,0,2,2,4,0,0,0,0,1,0,0,2,16,0
200500070888,5,11,25,3,1,1,1.0,5.0,0.0,7.0,0.0,0.0,2.0,1.0,1,1,3.0,2.0,2.0,1.0,0.0,70.0,1,0.0,1.0,3,1,12,0,3,0,0,9,0,3,9,0,0,9,3,0,0,1,0,0,0,2,18,30
200700027502,7,5,22,1,2,1,1.0,3.0,0.0,10.0,0.0,0.0,2.0,15.0,1,1,4.0,2.0,2.0,2.0,0.0,90.0,1,0.0,1.0,2,1,4,0,0,0,0,4,0,0,0,0,4,4,0,0,0,1,0,1,0,2,8,20
200800006584,8,2,19,5,2,1,1.0,6.0,0.0,7.0,0.0,0.0,1.0,1.0,1,1,3.0,3.0,2.0,1.0,15.0,50.0,1,0.0,1.0,1,1,4,0,1,1,1,1,1,2,0,0,1,3,0,0,1,1,0,0,0,4,19,15
200500010791,5,2,18,3,1,1,1.0,3.0,0.0,7.0,0.0,14.0,2.0,17.0,1,1,3.0,3.0,4.0,1.0,25.0,190.0,1,0.0,2.0,2,2,4,2,0,0,0,6,0,2,4,0,0,2,0,4,0,1,1,0,0,3,22,0
200900050718,9,3,28,5,2,1,2.0,6.0,1.0,7.0,0.0,0.0,1.0,0.0,3,-1,4.0,2.0,2.0,2.0,0.0,100.0,1,0.0,1.0,1,3,1,0,0,1,0,0,0,1,0,0,0,0,0,1,0,1,0,0,0,3,2,15
200900027421,9,10,26,5,2,5,1.0,3.0,0.0,7.0,0.0,0.0,2.0,1.0,1,1,4.0,0.0,3.0,1.0,0.0,86.0,1,0.0,1.0,2,1,4,0,0,0,0,4,0,0,2,2,0,2,0,2,0,1,0,0,0,2,19,15
200900031551,9,9,5,3,1,1,1.0,7.0,0.0,7.0,0.0,13.0,0.0,1.0,1,1,3.0,2.0,0.0,2.0,0.0,66.0,-1,0.0,3.0,1,3,1,0,0,0,0,1,0,0,1,0,0,0,0,1,0,1,0,0,0,3,3,45
201300052142,13,10,4,5,2,2,1.0,3.0,0.0,2.0,0.0,0.0,2.0,17.0,1,2,4.0,1.0,1.0,1.0,0.0,40.0,1,0.0,1.0,2,2,4,0,0,0,0,4,0,0,0,4,0,2,0,2,0,1,0,0,0,2,20,0
200500037892,5,6,5,1,1,1,1.0,6.0,0.0,7.0,0.0,13.0,0.0,1.0,1,1,3.0,2.0,2.0,1.0,0.0,5.0,1,0.0,3.0,1,3,1,1,0,0,1,1,0,1,0,1,0,0,0,2,0,0,0,1,0,3,20,15
200900062351,9,11,18,5,2,1,1.0,2.0,0.0,7.0,0.0,0.0,2.0,2.0,1,1,4.0,2.0,2.0,1.0,0.0,0.0,1,0.0,1.0,2,1,2,2,0,0,0,4,0,0,0,2,2,4,0,0,0,1,1,0,0,2,18,30
200800036526,8,7,4,5,2,1,1.0,3.0,0.0,7.0,0.0,0.0,2.0,16.0,1,1,3.0,2.0,2.0,0.0,0.0,45.0,1,0.0,1.0,2,1,4,0,0,0,0,4,0,0,4,0,0,0,0,4,0,1,0,1,0,3,1,30
201100006918,11,4,3,3,1,1,1.0,1.0,0.0,7.0,0.0,0.0,2.0,13.0,1,1,3.0,2.0,2.0,1.0,0.0,90.0,1,0.0,1.0,2,3,8,2,4,0,2,4,2,6,2,0,0,0,0,10,0,1,0,0,0,3,3,30
201000043416,10,2,21,1,1,6,8.0,7.0,0.0,33.0,0.0,0.0,0.0,2.0,1,2,3.0,3.0,1.0,1.0,106.0,56.0,1,5.0,1.0,1,3,1,0,0,0,0,1,0,0,1,0,0,0,0,0,1,0,0,1,0,3,15,50
201700007616,17,1,30,1,1,1,8.0,6.0,1.0,7.0,0.0,4.0,0.0,17.0,1,1,1.0,1.0,4.0,1.0,15.0,90.0,1,0.0,1.0,1,3,0,1,0,0,0,1,0,0,0,0,1,0,0,1,0,1,0,0,0,3,10,0
200700032445,7,6,1,1,1,1,2.0,6.0,0.0,7.0,0.0,2.0,0.0,13.0,1,1,3.0,2.0,2.0,0.0,0.0,60.0,1,0.0,0.0,1,3,0,2,0,0,1,1,0,1,1,0,0,1,0,0,1,1,0,0,0,4,12,0
200600051721,6,9,20,1,2,1,1.0,7.0,0.0,1.0,0.0,0.0,0.0,1.0,1,0,3.0,2.0,1.0,2.0,0.0,66.0,1,0.0,1.0,1,4,1,0,0,0,0,1,0,0,1,0,0,0,0,0,1,0,0,0,0,4,17,0
201700021570,17,9,12,1,1,2,1.0,3.0,1.0,7.0,0.0,0.0,2.0,1.0,1,1,3.0,2.0,2.0,1.0,0.0,15.0,1,0.0,1.0,2,2,10,2,4,0,4,4,0,0,8,4,0,4,0,4,4,1,0,1,0,3,13,0
201300049211,13,11,13,5,1,1,1.0,4.0,0.0,7.0,0.0,14.0,0.0,2.0,1,1,1.0,3.0,4.0,2.0,15.0,144.0,1,0.0,1.0,3,2,6,3,0,0,0,9,0,0,3,0,6,3,0,3,3,1,1,0,0,2,18,15
201600028484,16,11,20,1,2,2,2.0,6.0,1.0,7.0,0.0,0.0,1.0,1.0,1,1,2.0,2.0,3.0,1.0,0.0,96.0,1,0.0,1.0,1,1,1,1,0,1,0,1,0,0,2,0,0,0,0,1,1,1,0,0,0,3,9,5
200900031556,9,9,10,1,2,2,1.0,3.0,0.0,7.0,0.0,0.0,2.0,19.0,1,1,4.0,2.0,0.0,1.0,0.0,84.0,1,0.0,1.0,2,1,2,2,0,0,0,4,0,2,2,0,0,2,0,2,0,1,0,0,0,3,13,45
200600002528,6,1,17,5,2,1,1.0,4.0,2.0,7.0,0.0,0.0,2.0,1.0,1,1,4.0,2.0,4.0,1.0,0.0,120.0,1,0.0,1.0,3,2,3,3,0,0,0,6,0,0,3,3,0,3,0,3,0,1,1,0,0,2,22,30
201000048531,10,7,23,1,2,2,1.0,6.0,0.0,10.0,0.0,0.0,2.0,15.0,1,-1,3.0,2.0,4.0,1.0,0.0,150.0,1,0.0,1.0,1,1,1,1,0,1,0,1,0,0,1,1,0,2,0,0,0,1,0,0,0,2,17,15
200600032798,6,6,13,1,2,1,1.0,3.0,0.0,5.0,0.0,0.0,2.0,2.0,1,2,4.0,2.0,4.0,3.0,0.0,0.0,1,0.0,1.0,2,3,2,0,0,0,0,2,0,0,0,2,0,2,0,0,0,1,1,0,0,3,11,15
201000053278,10,6,28,5,2,2,1.0,3.0,0.0,7.0,0.0,0.0,2.0,1.0,1,-1,4.0,1.0,2.0,1.0,0.0,0.0,1,5.0,1.0,2,2,4,0,0,0,0,4,0,0,0,0,4,2,0,0,2,1,0,1,0,3,4,25
201300001030,13,11,9,1,1,1,1.0,3.0,0.0,7.0,0.0,0.0,2.0,13.0,1,1,3.0,2.0,2.0,0.0,0.0,55.0,1,0.0,1.0,2,4,4,0,0,0,0,4,2,0,2,0,0,2,0,2,0,1,0,1,0,4,11,15
200500009909,5,2,15,1,2,1,1.0,5.0,0.0,7.0,0.0,0.0,2.0,2.0,1,0,2.0,2.0,4.0,1.0,0.0,120.0,1,0.0,1.0,3,1,6,3,0,0,0,9,0,9,0,0,0,9,0,0,0,1,1,0,0,2,9,10
201100054502,11,7,26,1,1,1,1.0,2.0,0.0,14.0,0.0,0.0,2.0,2.0,1,1,1.0,3.0,3.0,1.0,15.0,105.0,1,0.0,1.0,2,1,2,2,0,0,0,4,0,0,0,4,0,4,0,0,0,1,1,0,0,3,8,50
201700010230,17,8,20,1,1,1,1.0,6.0,2.0,33.0,0.0,0.0,0.0,2.0,1,2,3.0,2.0,2.0,2.0,0.0,80.0,1,0.0,1.0,1,3,1,0,0,0,0,1,0,0,1,0,0,1,0,0,0,1,0,0,0,3,10,30
200800070725,8,12,26,3,1,1,1.0,6.0,0.0,7.0,0.0,8.0,0.0,14.0,2,1,3.0,2.0,0.0,1.0,0.0,0.0,1,0.0,1.0,1,2,2,1,1,0,1,1,0,2,1,0,0,2,0,1,0,1,0,0,0,2,21,15
200600062138,6,10,30,5,2,1,1.0,3.0,0.0,7.0,0.0,0.0,0.0,9.0,1,1,9.0,2.0,2.0,1.0,0.0,58.0,1,0.0,1.0,2,2,6,0,0,0,2,4,0,6,0,0,0,0,2,4,0,1,0,1,0,2,21,25
201300012777,13,6,28,1,2,3,8.0,6.0,0.0,7.0,0.0,0.0,1.0,19.0,1,1,4.0,1.0,2.0,1.0,0.0,70.0,1,0.0,1.0,1,1,1,1,0,1,0,1,0,2,0,0,0,2,0,0,0,1,0,0,0,2,17,25
201000006675,10,5,15,1,2,2,8.0,3.0,0.0,2.0,0.0,0.0,2.0,1.0,2,2,3.0,2.0,0.0,1.0,0.0,60.0,1,5.0,1.0,2,2,4,2,0,0,0,6,0,2,4,0,0,2,4,0,0,1,0,0,0,3,12,0
200600057900,6,9,12,1,1,1,1.0,4.0,0.0,7.0,0.0,0.0,2.0,1.0,1,1,1.0,3.0,2.0,1.0,15.0,100.0,1,0.0,1.0,3,1,6,9,3,0,3,9,3,6,0,0,6,6,3,6,0,1,1,0,0,3,8,30
201500032627,15,7,9,2,2,3,1.0,3.0,0.0,7.0,0.0,0.0,2.0,1.0,1,1,4.0,2.0,2.0,1.0,0.0,110.0,1,5.0,1.0,2,1,6,4,4,0,2,4,0,8,2,0,0,6,2,2,0,1,0,1,0,2,21,30
201000045089,10,11,15,1,2,1,2.0,3.0,0.0,7.0,0.0,0.0,2.0,9.0,1,1,4.0,2.0,2.0,1.0,0.0,32.0,1,0.0,1.0,2,1,0,4,0,0,0,4,0,0,4,0,0,2,0,0,2,1,0,1,0,3,15,15
200500047499,5,7,5,5,1,1,2.0,3.0,0.0,7.0,0.0,0.0,2.0,21.0,1,1,1.0,3.0,6.0,1.0,15.0,225.0,1,0.0,1.0,2,2,2,2,0,0,0,4,0,0,2,2,0,4,0,0,0,1,1,0,0,2,23,30
200500039899,5,6,2,1,2,1,1.0,3.0,0.0,7.0,0.0,0.0,2.0,1.0,1,1,9.0,2.0,2.0,1.0,0.0,64.0,1,0.0,1.0,2,3,4,4,4,0,0,4,0,4,2,2,0,2,4,0,2,1,1,0,0,3,17,0
200700070681,7,11,15,5,2,2,1.0,6.0,0.0,7.0,0.0,0.0,1.0,1.0,3,-1,4.0,2.0,2.0,1.0,0.0,0.0,1,0.0,1.0,1,3,2,0,0,1,0,1,0,0,2,0,0,1,0,1,0,1,0,0,0,3,19,30
200700049995,7,8,22,1,1,3,1.0,3.0,0.0,33.0,0.0,0.0,2.0,13.0,1,2,3.0,2.0,2.0,1.0,0.0,0.0,1,0.0,1.0,2,3,4,0,0,0,0,4,2,0,0,2,0,2,0,0,2,1,0,1,0,3,11,0
200600076217,6,12,7,2,2,2,1.0,3.0,0.0,7.0,0.0,0.0,2.0,1.0,1,1,4.0,1.0,1.0,1.0,0.0,52.0,1,0.0,1.0,2,1,2,2,0,0,0,4,0,2,0,0,2,4,0,0,0,1,0,1,0,3,17,10
200800070835,8,12,24,1,1,6,5.0,2.0,0.0,7.0,0.0,0.0,2.0,2.0,1,1,3.0,3.0,2.0,1.0,0.0,0.0,1,0.0,1.0,2,2,2,4,0,0,2,4,0,4,2,0,0,2,0,0,4,1,1,0,0,2,9,10
200800017560,8,4,27,1,1,1,1.0,1.0,0.0,7.0,0.0,0.0,2.0,13.0,1,1,3.0,2.0,0.0,2.0,0.0,48.0,-1,0.0,1.0,2,3,4,4,2,0,2,4,0,4,4,0,0,2,0,6,0,1,0,0,0,3,15,45
201300005287,13,8,14,1,1,1,1.0,3.0,0.0,33.0,0.0,0.0,2.0,1.0,1,2,3.0,0.0,0.0,1.0,0.0,57.0,1,0.0,1.0,2,3,6,0,0,0,2,4,0,2,2,2,0,2,2,2,0,0,0,1,0,3,11,45
201500044177,15,3,5,1,2,1,1.0,6.0,0.0,7.0,0.0,0.0,1.0,1.0,1,1,4.0,1.0,1.0,1.0,0.0,-1.0,1,0.0,1.0,1,1,1,1,0,1,0,1,2,0,0,0,0,1,0,0,1,1,0,0,0,2,15,0
200500014099,5,3,2,5,2,2,1.0,3.0,0.0,7.0,0.0,0.0,2.0,1.0,1,1,4.0,2.0,2.0,1.0,0.0,0.0,1,0.0,1.0,2,2,4,0,0,0,0,4,0,0,2,2,0,2,0,2,0,1,0,0,0,2,22,30
201200059631,12,8,14,1,2,5,1.0,6.0,0.0,7.0,0.0,14.0,0.0,1.0,1,1,4.0,2.0,5.0,1.0,97.0,148.0,1,0.0,1.0,1,3,0,1,0,0,0,1,0,0,0,0,1,0,0,0,1,1,0,0,0,3,20,26
201000028583,10,11,30,1,2,1,1.0,3.0,0.0,2.0,0.0,0.0,2.0,17.0,1,2,2.0,2.0,2.0,1.0,0.0,80.0,1,0.0,1.0,2,3,4,0,0,0,0,4,2,2,0,0,0,4,0,0,0,1,0,1,0,3,17,13
200600062362,6,10,29,5,1,1,2.0,7.0,0.0,7.0,0.0,13.0,0.0,1.0,1,1,2.0,1.0,1.0,1.0,0.0,0.0,1,0.0,3.0,1,1,2,1,1,0,1,1,0,2,1,0,0,0,1,2,0,0,1,0,0,3,5,10
200900000106,9,1,2,5,2,1,1.0,3.0,0.0,33.0,0.0,0.0,2.0,1.0,1,2,4.0,1.0,3.0,1.0,0.0,76.0,-1,0.0,1.0,2,2,4,0,0,0,0,4,0,2,0,0,2,4,0,0,0,1,0,0,0,2,20,30
200600024314,6,5,1,1,1,1,1.0,5.0,0.0,7.0,0.0,0.0,2.0,13.0,1,1,3.0,2.0,2.0,1.0,0.0,78.0,-1,0.0,1.0,3,1,9,3,0,0,3,9,0,3,9,0,0,12,0,0,0,1,0,0,0,3,19,30
201700011113,17,5,6,5,2,1,2.0,6.0,1.0,7.0,0.0,8.0,0.0,1.0,1,1,4.0,2.0,2.0,1.0,10.0,20.0,1,0.0,1.0,1,3,1,0,0,0,0,1,0,0,1,0,0,0,0,1,0,1,0,0,0,3,0,5
200900058312,9,12,9,2,1,2,1.0,3.0,0.0,7.0,0.0,0.0,2.0,1.0,1,1,3.0,2.0,2.0,1.0,0.0,0.0,1,0.0,1.0,2,3,6,2,0,0,4,4,0,4,4,0,0,4,0,4,0,1,0,1,0,3,17,45
200500010677,5,2,3,1,2,9,1.0,6.0,0.0,2.0,0.0,0.0,1.0,1.0,1,2,3.0,2.0,0.0,1.0,0.0,60.0,1,0.0,1.0,1,1,1,1,0,1,0,1,2,0,0,0,0,2,0,0,0,1,0,0,0,2,14,45
201400002408,14,3,17,1,2,1,1.0,6.0,0.0,7.0,0.0,0.0,1.0,1.0,1,1,3.0,2.0,0.0,1.0,0.0,0.0,1,0.0,1.0,1,1,2,0,0,1,0,1,2,0,0,0,0,0,0,0,2,1,0,0,0,3,11,0
200600028064,6,5,18,1,2,1,1.0,6.0,0.0,7.0,0.0,0.0,1.0,4.0,1,1,4.0,1.0,1.0,1.0,0.0,30.0,1,0.0,1.0,1,1,1,1,0,1,0,1,0,0,2,0,0,0,0,1,1,0,1,0,0,2,17,55
201000027123,10,2,24,1,2,1,8.0,3.0,0.0,30.0,0.0,0.0,2.0,2.0,1,-1,6.0,1.0,1.0,1.0,0.0,0.0,1,5.0,1.0,2,2,4,0,0,0,0,4,4,0,0,0,0,0,2,0,2,1,0,1,0,2,16,55
201500029757,15,12,21,5,2,6,1.0,6.0,0.0,7.0,0.0,8.0,0.0,16.0,1,-1,4.0,0.0,0.0,0.0,0.0,0.0,-1,0.0,0.0,1,1,2,0,0,0,1,1,0,1,1,0,0,0,0,2,0,1,0,0,0,2,21,20
200500062047,5,9,29,1,2,2,1.0,6.0,0.0,7.0,0.0,0.0,1.0,1.0,1,1,4.0,3.0,40.0,1.0,85.0,150.0,1,0.0,1.0,1,1,1,1,0,1,0,1,2,0,0,0,0,0,1,1,0,1,0,0,0,3,11,55
201000034964,10,11,8,5,2,6,3.0,3.0,0.0,10.0,0.0,0.0,2.0,9.0,1,1,3.0,1.0,1.0,1.0,0.0,0.0,1,5.0,1.0,2,1,2,2,0,0,0,4,0,0,0,2,2,4,0,0,0,1,1,0,0,2,7,10
201700031323,17,9,25,1,2,3,1.0,3.0,1.0,30.0,0.0,0.0,2.0,1.0,1,2,3.0,2.0,2.0,1.0,0.0,78.0,1,0.0,1.0,2,2,4,0,0,0,0,4,0,0,4,0,0,0,2,0,2,1,0,0,0,2,16,40
201100031873,11,5,9,1,2,1,1.0,1.0,0.0,10.0,0.0,0.0,2.0,1.0,1,1,4.0,1.0,2.0,1.0,0.0,0.0,1,0.0,1.0,2,1,2,2,0,0,0,4,0,2,0,0,2,2,0,2,0,1,0,0,0,2,17,20
200500061026,5,9,27,1,2,2,1.0,4.0,0.0,7.0,0.0,0.0,2.0,2.0,1,1,4.0,2.0,2.0,1.0,0.0,74.0,1,5.0,1.0,3,1,6,3,0,0,0,9,0,0,3,0,6,9,0,0,0,1,1,0,0,3,13,20
201000022267,10,10,5,1,2,1,1.0,6.0,0.0,34.0,0.0,0.0,1.0,0.0,1,-1,4.0,0.0,1.0,1.0,0.0,80.0,1,0.0,0.0,1,2,2,0,0,1,0,1,0,2,0,0,0,2,0,0,0,1,0,0,0,2,12,15
201300004297,13,4,8,1,1,1,2.0,6.0,0.0,7.0,0.0,8.0,0.0,1.0,1,1,3.0,2.0,2.0,2.0,80.0,35.0,1,0.0,3.0,1,2,1,0,0,0,0,1,0,0,0,0,1,0,0,1,0,1,0,0,0,2,17,0
200900048276,9,6,23,1,2,3,1.0,3.0,0.0,33.0,0.0,0.0,2.0,1.0,1,2,4.0,2.0,2.0,1.0,0.0,99.0,1,0.0,1.0,2,2,2,2,0,0,0,4,0,4,0,0,0,2,0,0,2,1,0,0,1,2,20,35
200600078526,6,12,28,3,1,1,1.0,6.0,0.0,10.0,0.0,16.0,0.0,21.0,1,1,3.0,2.0,2.0,1.0,0.0,50.0,-1,0.0,3.0,1,2,0,1,0,0,0,1,0,0,0,0,1,0,0,1,0,1,0,0,0,2,7,30
201200055318,12,5,16,1,2,1,1.0,6.0,0.0,13.0,0.0,0.0,1.0,4.0,1,1,4.0,1.0,1.0,1.0,20.0,40.0,1,0.0,1.0,1,1,1,1,0,1,0,1,0,0,1,1,0,2,0,0,0,0,1,0,0,2,14,50
200800064241,8,11,26,3,1,1,2.0,7.0,0.0,7.0,0.0,7.0,0.0,0.0,1,1,4.0,2.0,2.0,1.0,0.0,0.0,1,0.0,1.0,1,2,1,0,0,0,0,1,0,0,0,0,1,0,0,1,0,1,0,0,0,2,4,15