Num_Acc,an,mois,jour,lum,agg,int,atm,col,senc,catv,occutc,obs,obsm,manv,catu,secu,catr,circ,nbv,prof,lartpc,larrout,surf,infra,situ,nb_veh,grav_simpl,Homme,Femme,Arrière,Autre_x,Avant,Conducteur,Autre_y,Inconnu,Loisirs,Professionnel,Travail,Adulte,Enfant,Jeune,Senior,choc_avant,choc_arriere,choc_lateral,choc_multiple,grav_order_max,heure,minute
201000034832,10,3,11,3,2,1,6.0,6.0,0.0,7.0,0.0,13.0,0.0,13.0,1,-1,3.0,2.0,2.0,1.0,0.0,60.0,1,0.0,3.0,1,3,1,0,0,0,0,1,0,0,1,0,0,1,0,0,0,1,0,0,0,3,5,35
200900013531,9,4,10,1,2,1,1.0,6.0,0.0,33.0,0.0,0.0,2.0,1.0,1,2,3.0,2.0,2.0,1.0,0.0,70.0,1,0.0,1.0,2,3,4,0,0,0,0,4,4,0,0,0,0,2,0,2,0,1,0,0,0,3,17,30
201500010572,15,1,9,1,2,1,1.0,2.0,0.0,31.0,0.0,0.0,2.0,2.0,1,2,4.0,0.0,1.0,2.0,0.0,100.0,1,0.0,1.0,2,2,4,0,0,0,0,4,0,0,0,2,2,4,0,0,0,0,1,0,0,2,13,0
201400038655,14,11,3,3,2,1,1.0,6.0,0.0,7.0,0.0,0.0,1.0,1.0,1,1,4.0,2.0,2.0,1.0,0.0,50.0,1,0.0,1.0,1,1,2,0,0,1,0,1,0,2,0,0,0,0,0,2,0,1,0,0,0,2,19,15
201600035558,16,1,16,1,1,1,1.0,6.0,1.0,7.0,0.0,0.0,2.0,15.0,1,1,3.0,0.0,1.0,1.0,0.0,68.0,1,0.0,0.0,2,1,4,0,0,0,0,4,0,2,2,0,0,4,0,0,0,1,0,0,0,2,13,45
200500065036,5,10,31,1,2,7,1.0,3.0,0.0,7.0,0.0,1.0,2.0,15.0,1,1,4.0,3.0,3.0,1.0,67.0,90.0,1,0.0,1.0,2,1,4,0,0,0,0,4,0,0,0,2,2,4,0,0,0,1,1,0,0,2,10,20
200600059762,6,10,1,1,1,1,2.0,1.0,0.0,7.0,0.0,0.0,2.0,13.0,1,1,3.0,2.0,1.0,0.0,0.0,65.0,1,0.0,1.0,2,3,4,4,0,0,4,4,0,4,4,0,0,4,0,4,0,1,0,1,0,4,11,30
200600019836,6,4,22,5,2,2,1.0,3.0,0.0,7.0,0.0,0.0,2.0,1.0,1,-1,4.0,3.0,6.0,1.0,0.0,0.0,1,5.0,1.0,2,1,2,2,0,0,0,4,2,0,2,0,0,0,0,4,0,1,0,0,0,2,23,44
201600030592,16,5,30,3,2,1,2.0,6.0,0.0,7.0,0.0,6.0,0.0,13.0,1,1,3.0,2.0,2.0,1.0,0.0,0.0,1,0.0,1.0,1,3,1,0,0,0,0,1,0,0,1,0,0,1,0,0,0,1,0,0,0,3,2,5
200700054563,7,9,24,1,1,1,1.0,7.0,0.0,7.0,0.0,13.0,0.0,1.0,1,1,3.0,2.0,0.0,2.0,0.0,70.0,1,0.0,1.0,1,2,0,1,0,0,0,1,0,0,1,0,0,1,0,0,0,1,0,0,0,2,9,45
201000029157,10,5,27,1,2,1,1.0,3.0,0.0,7.0,0.0,0.0,2.0,17.0,1,-1,4.0,2.0,2.0,1.0,0.0,40.0,-1,0.0,1.0,2,1,2,2,0,0,0,4,0,2,0,2,0,4,0,0,0,1,0,0,0,2,9,5
200800006454,8,2,7,1,1,2,1.0,3.0,0.0,7.0,0.0,0.0,2.0,19.0,1,1,3.0,2.0,2.0,1.0,0.0,60.0,1,5.0,1.0,2,4,4,2,0,0,2,4,0,2,2,2,0,0,0,0,6,1,0,1,0,4,9,30
201600021780,16,9,1,1,1,1,1.0,3.0,1.0,33.0,0.0,0.0,2.0,17.0,1,2,3.0,2.0,0.0,3.0,0.0,83.0,1,0.0,1.0,2,2,4,4,0,0,4,4,0,4,4,0,0,4,0,4,0,1,0,1,0,2,20,0
201400051082,14,12,9,2,2,1,1.0,6.0,0.0,7.0,0.0,14.0,0.0,1.0,1,1,4.0,2.0,2.0,2.0,0.0,100.0,1,0.0,1.0,1,2,0,1,0,0,0,1,0,0,1,0,0,0,0,0,1,1,0,0,0,2,16,30
201100035569,11,8,26,1,2,1,1.0,3.0,0.0,1.0,0.0,0.0,2.0,1.0,1,-1,3.0,2.0,4.0,1.0,0.0,0.0,1,0.0,1.0,2,3,6,0,0,0,2,4,0,0,0,4,2,0,0,4,2,0,0,1,0,3,12,30
201600020312,16,1,24,3,1,2,1.0,3.0,2.0,7.0,0.0,0.0,2.0,9.0,1,1,3.0,2.0,2.0,2.0,60.0,0.0,1,5.0,1.0,2,1,4,0,0,0,0,4,0,4,0,0,0,4,0,0,0,1,0,0,0,3,22,0
200800044252,8,8,5,1,2,1,1.0,3.0,0.0,30.0,0.0,0.0,2.0,17.0,1,-1,4.0,2.0,2.0,1.0,0.0,70.0,1,0.0,1.0,2,2,4,0,0,0,0,4,0,4,0,0,0,0,0,2,2,1,0,0,0,2,10,0
201000043085,10,11,17,5,2,1,8.0,2.0,0.0,7.0,0.0,0.0,0.0,0.0,1,1,4.0,3.0,3.0,1.0,0.0,0.0,1,1.0,1.0,2,1,0,4,0,0,0,4,0,2,0,0,2,2,0,2,0,0,1,0,0,2,17,20
201400032001,14,11,3,1,2,1,3.0,6.0,0.0,7.0,0.0,0.0,1.0,1.0,1,1,4.0,2.0,2.0,1.0,0.0,0.0,1,0.0,1.0,1,1,0,2,0,1,0,1,0,0,2,0,0,0,0,0,2,1,0,0,0,3,14,25
201500009655,15,9,2,3,1,3,1.0,1.0,0.0,7.0,0.0,0.0,2.0,17.0,1,1,3.0,2.0,2.0,1.0,0.0,0.0,1,0.0,1.0,2,3,4,0,0,0,0,4,2,0,2,0,0,2,0,2,0,1,0,0,0,3,21,30
201300017163,13,1,18,3,1,1,4.0,7.0,0.0,7.0,0.0,13.0,0.0,1.0,1,1,3.0,2.0,2.0,2.0,0.0,66.0,0,0.0,1.0,1,3,0,1,0,0,0,1,1,0,0,0,0,0,0,1,0,1,0,0,0,3,23,15
200800005624,8,1,29,3,1,1,1.0,7.0,0.0,33.0,0.0,0.0,0.0,2.0,1,2,1.0,3.0,6.0,1.0,20.0,210.0,1,0.0,1.0,1,2,1,0,0,0,0,1,0,0,0,0,1,0,0,1,0,0,0,0,0,2,8,8
200500032384,5,6,5,5,2,1,1.0,6.0,1.0,7.0,0.0,0.0,2.0,1.0,3,-1,4.0,3.0,3.0,1.0,10.0,110.0,1,0.0,1.0,1,3,1,0,0,1,0,0,1,0,0,0,0,1,0,0,0,1,0,0,0,3,2,40
201700011736,17,1,3,3,1,1,1.0,5.0,2.0,7.0,0.0,13.0,2.0,13.0,1,-1,3.0,2.0,2.0,1.0,0.0,65.0,1,0.0,1.0,3,3,9,0,0,0,0,9,0,3,6,0,0,6,0,3,0,1,0,0,0,3,6,5
201300054500,13,1,11,1,2,1,1.0,6.0,0.0,7.0,0.0,0.0,1.0,4.0,1,1,4.0,1.0,1.0,2.0,0.0,0.0,1,0.0,1.0,1,1,0,2,0,1,0,1,0,1,1,0,0,2,0,0,0,0,0,1,0,2,13,0
201400030050,14,4,24,1,2,1,1.0,6.0,0.0,7.0,0.0,0.0,1.0,1.0,1,1,4.0,1.0,1.0,1.0,0.0,80.0,1,0.0,1.0,1,1,1,1,0,1,0,1,0,0,2,0,0,1,1,0,0,1,0,0,0,3,18,25
201400009608,14,10,2,1,1,3,1.0,1.0,0.0,33.0,0.0,13.0,0.0,1.0,1,2,3.0,2.0,2.0,2.0,0.0,70.0,1,5.0,3.0,2,3,2,2,0,0,0,4,0,0,0,0,4,2,0,2,0,1,0,0,0,3,18,0
200600040695,6,7,1,1,2,1,1.0,2.0,0.0,2.0,0.0,0.0,2.0,1.0,1,2,3.0,3.0,4.0,1.0,5.0,120.0,1,0.0,1.0,2,2,4,0,0,0,0,4,0,4,0,0,0,2,2,0,0,1,1,0,0,2,15,45
200500035928,5,6,28,1,1,1,1.0,4.0,0.0,7.0,0.0,0.0,2.0,2.0,1,1,3.0,1.0,3.0,1.0,0.0,0.0,1,0.0,1.0,3,1,3,6,0,0,0,9,0,6,0,0,3,6,0,3,0,1,1,0,1,3,7,45
201500015678,15,12,11,1,1,3,1.0,3.0,0.0,7.0,0.0,0.0,2.0,15.0,1,1,4.0,2.0,2.0,0.0,0.0,0.0,-1,0.0,1.0,2,2,4,0,0,0,0,4,0,2,2,0,0,0,0,2,2,1,0,0,0,2,10,58
200500014406,5,3,17,1,2,1,1.0,2.0,0.0,7.0,0.0,0.0,2.0,0.0,1,0,4.0,2.0,0.0,1.0,0.0,60.0,1,0.0,1.0,2,1,2,2,0,0,0,4,0,2,0,0,2,0,0,0,4,1,1,0,0,2,8,0
200800035680,8,6,27,1,2,2,1.0,6.0,0.0,33.0,0.0,0.0,2.0,0.0,1,2,4.0,0.0,0.0,0.0,0.0,0.0,1,5.0,1.0,2,2,4,0,0,0,0,4,0,0,0,4,0,4,0,0,0,0,0,0,0,2,19,8
201700034131,17,6,15,1,2,2,1.0,1.0,1.0,1.0,0.0,0.0,2.0,1.0,1,2,4.0,2.0,2.0,1.0,0.0,61.0,1,0.0,1.0,2,2,4,0,0,0,0,4,0,4,0,0,0,2,2,0,0,1,0,0,0,2,12,20
201000060299,10,1,19,1,2,1,1.0,6.0,0.0,32.0,0.0,0.0,2.0,2.0,1,2,4.0,1.0,0.0,1.0,2.0,100.0,1,0.0,1.0,2,1,4,2,0,2,0,4,0,0,0,6,0,2,0,4,0,1,1,0,0,2,12,45
201700008987,17,1,28,5,2,9,1.0,6.0,1.0,7.0,0.0,0.0,2.0,15.0,1,1,4.0,1.0,1.0,1.0,50.0,100.0,1,5.0,1.0,2,3,4,0,0,0,0,4,0,0,2,2,0,4,0,0,0,1,0,0,0,3,18,40
201100037952,11,1,22,5,2,3,1.0,3.0,0.0,7.0,0.0,0.0,2.0,1.0,1,1,4.0,2.0,2.0,1.0,0.0,0.0,1,0.0,1.0,2,2,4,4,2,0,2,4,0,4,4,0,0,2,0,6,0,1,0,0,0,2,21,20
201700038229,17,10,3,2,2,1,2.0,3.0,2.0,7.0,0.0,0.0,2.0,10.0,1,1,3.0,2.0,2.0,1.0,0.0,60.0,1,0.0,1.0,2,1,6,2,0,0,4,4,2,0,2,0,4,2,2,4,0,1,0,0,0,3,8,18
201200043636,12,5,31,1,2,2,1.0,3.0,0.0,14.0,0.0,0.0,9.0,12.0,1,-1,4.0,3.0,4.0,0.0,0.0,0.0,1,5.0,1.0,2,1,4,0,0,0,0,4,2,2,0,0,0,2,0,0,2,0,1,1,0,2,11,10
201700035289,17,5,17,1,2,2,1.0,3.0,0.0,7.0,0.0,0.0,2.0,15.0,1,1,4.0,2.0,2.0,1.0,0.0,71.0,1,0.0,1.0,2,1,4,0,0,0,0,4,0,4,0,0,0,4,0,0,0,1,0,1,0,3,7,50
200900012959,9,5,21,3,1,1,1.0,6.0,0.0,10.0,0.0,8.0,0.0,1.0,1,1,3.0,2.0,2.0,1.0,0.0,45.0,1,0.0,3.0,1,4,1,0,0,0,0,1,0,0,1,0,0,1,0,0,0,0,0,1,0,4,21,45
201700028767,17,2,27,1,2,1,1.0,3.0,0.0,7.0,0.0,0.0,2.0,1.0,1,1,4.0,0.0,1.0,0.0,0.0,0.0,-1,0.0,1.0,2,1,0,4,0,0,0,4,0,4,0,0,0,2,0,0,2,1,0,0,0,2,13,40
201300014473,13,3,20,1,2,1,1.0,3.0,0.0,7.0,0.0,0.0,2.0,1.0,1,-1,4.0,2.0,2.0,1.0,9.0,70.0,1,0.0,1.0,2,2,2,2,0,0,0,4,2,2,0,0,0,2,0,0,2,1,0,1,0,2,12,0
201000000868,10,5,9,4,1,1,1.0,6.0,0.0,7.0,0.0,8.0,0.0,13.0,1,1,3.0,0.0,2.0,0.0,0.0,70.0,1,0.0,1.0,1,4,1,0,0,0,0,1,0,0,1,0,0,1,0,0,0,1,0,0,0,4,4,30
201400034295,14,4,14,1,2,1,1.0,6.0,0.0,7.0,0.0,0.0,1.0,1.0,1,1,4.0,2.0,4.0,1.0,0.0,124.0,1,0.0,1.0,1,1,1,1,0,1,0,1,1,0,0,1,0,1,1,0,0,1,0,0,0,2,9,30
200800064414,8,11,20,1,2,3,8.0,3.0,0.0,7.0,0.0,0.0,2.0,9.0,1,1,4.0,1.0,1.0,1.0,0.0,30.0,1,0.0,0.0,2,1,2,2,0,0,0,4,0,2,0,0,2,4,0,0,0,1,0,0,0,2,13,15
200900008884,9,6,5,1,2,1,1.0,3.0,0.0,7.0,0.0,0.0,2.0,12.0,1,1,4.0,1.0,4.0,1.0,15.0,170.0,1,0.0,1.0,2,1,2,2,0,0,0,4,0,0,2,0,2,4,0,0,0,1,1,0,0,3,18,0
200700035459,7,6,14,1,1,3,8.0,3.0,0.0,7.0,0.0,0.0,2.0,15.0,1,1,4.0,2.0,2.0,1.0,0.0,86.0,1,0.0,1.0,2,1,4,0,0,0,0,4,0,2,2,0,0,2,0,0,2,1,0,1,0,2,15,0
200900023486,9,8,6,1,2,1,1.0,6.0,0.0,7.0,0.0,9.0,0.0,0.0,1,1,6.0,0.0,0.0,0.0,0.0,60.0,1,0.0,3.0,1,2,0,2,0,0,1,1,0,0,2,0,0,1,0,0,1,1,0,0,0,2,14,20
200600051661,6,9,25,1,1,1,2.0,4.0,0.0,7.0,0.0,0.0,0.0,15.0,1,1,2.0,2.0,2.0,1.0,0.0,60.0,1,0.0,1.0,3,3,9,3,3,0,0,9,0,3,3,3,3,0,0,3,9,1,1,0,0,3,14,30
200600025198,6,5,31,1,2,1,1.0,3.0,0.0,7.0,0.0,0.0,2.0,15.0,1,1,4.0,2.0,20.0,1.0,0.0,60.0,1,0.0,1.0,2,1,4,2,2,0,0,4,4,2,0,0,0,2,2,2,0,1,0,0,0,2,14,30
200500015197,5,3,25,5,2,3,1.0,1.0,0.0,5.0,0.0,0.0,2.0,1.0,1,2,4.0,2.0,3.0,1.0,18.0,120.0,1,0.0,1.0,2,3,4,2,0,0,2,4,0,6,0,0,0,0,0,6,0,1,0,1,0,3,21,5
201000017488,10,4,28,2,1,1,1.0,6.0,0.0,7.0,0.0,6.0,0.0,14.0,1,1,1.0,3.0,4.0,2.0,24.0,340.0,1,2.0,3.0,1,4,0,2,0,0,1,1,0,1,0,1,0,1,0,0,1,1,0,0,0,4,6,15
200500001570,5,1,13,5,1,1,1.0,6.0,0.0,7.0,0.0,13.0,0.0,0.0,1,1,3.0,2.0,2.0,1.0,0.0,60.0,1,0.0,3.0,1,1,3,0,1,0,1,1,0,2,1,0,0,2,0,0,1,0,0,0,1,2,21,0
201000020993,10,3,9,1,2,1,1.0,3.0,0.0,32.0,0.0,1.0,2.0,2.0,1,2,9.0,1.0,1.0,2.0,0.0,0.0,-1,0.0,1.0,2,2,4,0,0,0,0,4,0,0,0,4,0,2,0,2,0,1,1,0,0,2,12,0
200900033824,9,9,26,3,1,1,1.0,7.0,0.0,7.0,0.0,13.0,0.0,1.0,1,0,4.0,1.0,1.0,0.0,0.0,0.0,-1,0.0,3.0,1,3,1,0,0,0,0,1,0,1,0,0,0,0,1,0,0,0,0,1,0,3,0,30
200700051240,7,8,4,1,2,3,7.0,3.0,0.0,1.0,0.0,0.0,2.0,2.0,1,-1,4.0,2.0,2.0,1.0,70.0,70.0,1,0.0,1.0,2,2,4,0,0,0,0,4,0,0,2,2,0,0,2,2,0,1,0,1,0,2,16,55
201700049822,17,7,29,1,2,2,1.0,6.0,1.0,7.0,0.0,0.0,1.0,15.0,1,1,4.0,1.0,1.0,1.0,0.0,37.0,1,0.0,1.0,1,1,1,2,0,2,0,1,2,0,1,0,0,0,0,1,2,1,0,0,0,3,9,5
201300018532,13,1,22,1,2,1,1.0,6.0,0.0,7.0,0.0,0.0,1.0,15.0,1,1,4.0,2.0,0.0,2.0,0.0,0.0,1,5.0,1.0,1,1,1,1,0,1,0,1,1,1,0,0,0,1,0,0,1,1,0,0,0,3,10,45
201100055523,11,10,4,1,2,1,1.0,2.0,0.0,7.0,0.0,0.0,2.0,2.0,1,1,4.0,2.0,2.0,1.0,0.0,0.0,1,0.0,1.0,2,1,4,0,0,0,0,4,2,0,0,2,0,2,0,0,2,1,1,0,0,2,15,13
201100005691,11,12,25,1,1,1,1.0,1.0,0.0,7.0,0.0,0.0,2.0,13.0,1,1,3.0,2.0,2.0,2.0,0.0,70.0,1,0.0,1.0,2,2,6,0,0,0,2,4,0,2,4,0,0,0,0,4,2,1,0,0,0,4,8,15
201100037748,11,8,3,1,2,1,1.0,3.0,0.0,7.0,0.0,0.0,2.0,19.0,1,1,4.0,2.0,2.0,3.0,0.0,100.0,1,0.0,1.0,2,1,2,2,0,0,0,4,2,0,0,0,2,2,0,2,0,1,0,0,0,3,17,11
201100046581,11,2,18,5,2,1,6.0,7.0,0.0,7.0,0.0,1.0,0.0,1.0,1,-1,4.0,2.0,2.0,2.0,0.0,0.0,1,0.0,3.0,1,2,1,0,0,0,0,1,1,0,0,0,0,1,0,0,0,1,0,0,0,2,19,20
201300001745,13,7,2,2,1,1,2.0,7.0,0.0,7.0,0.0,2.0,0.0,1.0,1,1,3.0,2.0,2.0,1.0,0.0,61.0,1,0.0,3.0,1,3,1,1,0,0,1,1,0,1,1,0,0,0,0,2,0,0,0,0,0,3,22,15
200500053685,5,8,7,1,1,1,1.0,6.0,0.0,7.0,0.0,0.0,0.0,17.0,1,1,1.0,1.0,4.0,1.0,15.0,155.0,1,2.0,2.0,1,3,1,0,0,0,0,1,0,0,1,0,0,0,0,1,0,0,0,0,1,3,8,20
201000051623,10,6,11,1,2,1,1.0,7.0,0.0,99.0,0.0,8.0,0.0,1.0,1,0,4.0,2.0,2.0,1.0,0.0,110.0,1,0.0,4.0,1,4,1,0,0,0,0,1,0,0,1,0,0,0,0,1,0,1,0,0,0,4,18,0
201200007397,12,9,21,1,1,1,2.0,3.0,0.0,10.0,0.0,0.0,2.0,13.0,1,1,3.0,2.0,2.0,1.0,0.0,64.0,1,0.0,1.0,2,1,2,2,0,0,0,4,0,2,0,2,0,4,0,0,0,1,0,1,0,3,18,0
201200035286,12,9,20,2,2,1,1.0,3.0,0.0,33.0,0.0,0.0,2.0,1.0,1,2,4.0,2.0,2.0,1.0,0.0,80.0,1,0.0,1.0,2,3,4,0,0,0,0,4,0,2,0,0,2,2,0,0,2,1,0,0,0,3,19,0
200500060342,5,9,27,1,2,1,1.0,3.0,0.0,7.0,0.0,0.0,2.0,12.0,1,1,4.0,3.0,3.0,1.0,15.0,90.0,1,0.0,1.0,2,1,4,0,0,0,0,4,0,0,4,0,0,2,0,2,0,1,1,0,0,2,7,50
200700017454,7,3,26,1,2,7,1.0,4.0,0.0,7.0,0.0,0.0,0.0,2.0,1,1,4.0,1.0,4.0,0.0,0.0,50.0,1,5.0,1.0,3,1,6,3,0,0,0,9,3,0,0,0,6,6,0,0,3,1,1,0,0,2,8,45
200800038236,8,7,22,1,2,1,1.0,3.0,0.0,14.0,0.0,0.0,2.0,13.0,1,1,3.0,3.0,4.0,1.0,0.0,90.0,1,0.0,1.0,2,1,4,0,0,0,0,4,0,0,2,2,0,4,0,0,0,1,0,1,0,3,17,0
201300001196,13,2,14,1,1,1,1.0,7.0,0.0,7.0,0.0,2.0,0.0,15.0,1,1,3.0,2.0,1.0,0.0,0.0,72.0,1,0.0,3.0,1,4,1,0,0,0,0,1,0,0,1,0,0,0,0,0,1,1,0,0,0,4,18,0
200900053358,9,6,8,1,2,3,1.0,5.0,1.0,10.0,0.0,0.0,0.0,1.0,2,1,3.0,2.0,2.0,1.0,0.0,80.0,1,0.0,1.0,3,3,6,3,0,0,3,6,6,3,0,0,0,6,0,0,3,1,1,0,0,3,9,0
200600041704,6,7,19,1,2,1,1.0,6.0,0.0,7.0,0.0,0.0,1.0,1.0,1,-1,4.0,2.0,2.0,1.0,0.0,0.0,1,0.0,1.0,1,1,1,2,0,2,0,1,0,0,3,0,0,1,0,0,2,1,0,0,0,2,9,20
201000056249,10,9,11,1,1,9,1.0,2.0,0.0,7.0,0.0,0.0,2.0,12.0,1,1,1.0,3.0,4.0,1.0,15.0,140.0,1,0.0,1.0,2,2,4,0,0,0,0,4,0,0,4,0,0,4,0,0,0,1,0,1,0,2,19,45
201200007025,12,4,6,1,1,1,1.0,3.0,0.0,7.0,0.0,0.0,2.0,1.0,1,1,3.0,2.0,2.0,2.0,0.0,71.0,1,0.0,1.0,2,3,4,2,0,0,2,4,2,2,2,0,0,2,0,0,4,1,0,0,0,3,11,15
201400041263,14,3,11,1,2,2,1.0,6.0,0.0,7.0,0.0,0.0,1.0,1.0,1,1,4.0,2.0,2.0,1.0,0.0,0.0,1,0.0,1.0,1,1,0,2,0,1,0,1,0,1,0,0,1,1,0,1,0,1,0,0,0,3,17,30
201400024104,14,3,31,1,2,1,1.0,6.0,0.0,10.0,0.0,0.0,1.0,1.0,1,1,4.0,2.0,2.0,1.0,0.0,0.0,1,0.0,1.0,1,1,2,0,0,1,0,1,0,1,0,0,1,2,0,0,0,0,1,0,0,2,8,40
201000052125,10,7,17,1,2,1,1.0,7.0,1.0,7.0,0.0,0.0,0.0,0.0,4,-1,4.0,2.0,2.0,1.0,0.0,60.0,1,0.0,1.0,1,3,0,1,0,1,0,0,1,0,0,0,0,1,0,0,0,0,0,0,0,3,9,30
201400057112,14,6,21,5,2,4,1.0,7.0,0.0,2.0,0.0,0.0,0.0,16.0,1,2,4.0,1.0,1.0,0.0,0.0,0.0,1,0.0,1.0,1,2,0,1,0,0,0,1,0,1,0,0,0,0,0,1,0,0,0,1,0,2,4,15
201000016654,10,5,21,1,2,1,1.0,6.0,0.0,7.0,0.0,0.0,2.0,1.0,1,1,4.0,2.0,2.0,1.0,0.0,60.0,1,0.0,1.0,1,1,2,1,0,2,0,1,0,2,0,1,0,2,1,0,0,1,0,0,0,2,11,15
200900045846,9,8,7,1,2,1,1.0,2.0,0.0,7.0,0.0,0.0,2.0,23.0,1,1,4.0,3.0,2.0,1.0,10.0,140.0,1,0.0,1.0,2,1,2,2,0,0,0,4,0,0,4,0,0,2,0,0,2,1,1,0,0,2,10,0
201000043884,10,7,30,1,2,3,1.0,2.0,0.0,7.0,0.0,0.0,2.0,1.0,1,1,3.0,3.0,3.0,1.0,0.0,0.0,1,0.0,1.0,2,1,4,0,0,0,0,4,0,2,2,0,0,2,0,2,0,1,1,0,0,2,18,0
201300053755,13,6,10,1,2,1,1.0,3.0,0.0,7.0,0.0,0.0,2.0,16.0,1,1,4.0,1.0,1.0,1.0,0.0,40.0,1,0.0,5.0,2,1,4,0,0,0,0,4,2,0,2,0,0,2,0,2,0,1,0,0,0,2,13,10
200900054336,9,11,23,1,1,1,1.0,6.0,0.0,7.0,0.0,0.0,0.0,1.0,1,1,3.0,2.0,2.0,1.0,0.0,0.0,1,0.0,1.0,1,4,0,2,0,0,1,1,1,0,0,0,1,1,0,0,1,1,0,0,0,4,15,45
201600009453,16,1,25,1,2,1,1.0,6.0,1.0,38.0,0.0,0.0,1.0,1.0,1,1,3.0,2.0,2.0,1.0,0.0,47.0,1,0.0,1.0,1,1,1,1,0,1,0,1,1,0,0,1,0,1,1,0,0,1,0,0,0,2,16,30
201700025144,17,7,31,1,1,1,1.0,1.0,1.0,7.0,0.0,0.0,2.0,13.0,1,1,3.0,2.0,2.0,1.0,0.0,61.0,1,0.0,1.0,2,3,4,2,0,0,2,4,0,4,2,0,0,0,0,0,6,1,0,0,0,3,18,15
200900060839,9,8,21,1,1,1,1.0,7.0,0.0,7.0,0.0,3.0,0.0,0.0,1,1,1.0,3.0,4.0,0.0,20.0,70.0,1,0.0,1.0,1,2,0,1,0,0,0,1,0,1,0,0,0,0,0,1,0,0,0,0,0,2,8,0
200800046716,8,8,31,1,1,1,8.0,7.0,0.0,7.0,0.0,0.0,0.0,1.0,1,1,3.0,2.0,0.0,1.0,0.0,0.0,1,0.0,1.0,1,3,1,0,0,0,0,1,0,0,1,0,0,0,0,0,1,1,0,0,0,3,12,30
201300000998,13,3,1,1,1,2,1.0,3.0,0.0,7.0,0.0,0.0,2.0,19.0,1,-1,3.0,2.0,2.0,1.0,0.0,60.0,1,0.0,1.0,2,4,4,0,0,0,0,4,0,0,2,2,0,2,0,0,2,1,0,1,0,4,17,45
200700044560,7,7,23,1,2,1,3.0,3.0,0.0,7.0,0.0,0.0,2.0,23.0,1,1,2.0,2.0,4.0,2.0,40.0,140.0,1,0.0,1.0,2,2,2,2,0,0,0,4,0,4,0,0,0,2,0,2,0,1,0,0,0,2,14,35
201200001819,12,2,26,3,1,1,1.0,7.0,0.0,7.0,0.0,2.0,0.0,14.0,1,-1,3.0,2.0,2.0,1.0,0.0,40.0,1,0.0,1.0,1,3,1,0,0,0,0,1,0,0,1,0,0,1,0,0,0,1,0,0,0,3,1,30
201700014113,17,7,9,2,2,1,1.0,6.0,0.0,7.0,0.0,6.0,0.0,1.0,1,1,3.0,2.0,2.0,2.0,0.0,0.0,1,0.0,3.0,1,1,3,1,0,2,1,1,0,0,4,0,0,0,0,4,0,1,0,0,0,3,5,35
201500037469,15,12,27,1,2,1,1.0,6.0,0.0,10.0,0.0,0.0,1.0,4.0,1,1,3.0,2.0,4.0,1.0,0.0,0.0,1,0.0,1.0,1,1,1,1,0,1,0,1,1,0,0,1,0,2,0,0,0,0,1,0,0,2,14,15
201600022779,16,3,8,1,2,1,1.0,2.0,1.0,7.0,0.0,0.0,0.0,1.0,1,-1,4.0,2.0,2.0,1.0,0.0,0.0,1,0.0,1.0,2,1,2,2,0,0,0,4,0,4,0,0,0,4,0,0,0,1,1,0,0,2,16,45
201000004900,10,8,29,1,1,3,1.0,1.0,0.0,7.0,0.0,0.0,2.0,15.0,1,1,3.0,2.0,2.0,1.0,0.0,64.0,1,0.0,1.0,2,1,4,0,0,0,0,4,0,0,4,0,0,2,0,0,2,1,0,0,0,3,16,30
200900030514,9,6,21,1,2,1,1.0,6.0,0.0,40.0,0.0,0.0,1.0,2.0,3,-1,4.0,2.0,0.0,1.0,0.0,55.0,1,0.0,1.0,1,2,1,1,0,1,0,1,0,1,0,1,0,2,0,0,0,1,0,0,0,2,13,10
201300053351,13,1,9,1,2,5,2.0,3.0,0.0,37.0,0.0,0.0,2.0,1.0,1,-1,4.0,2.0,6.0,1.0,0.0,100.0,1,0.0,1.0,2,1,4,0,0,0,0,4,2,0,0,2,0,2,2,0,0,1,1,0,0,2,13,30
201300056694,13,10,28,5,2,1,1.0,4.0,0.0,38.0,28.0,0.0,0.0,1.0,1,1,4.0,1.0,4.0,1.0,15.0,140.0,1,0.0,1.0,3,1,9,0,0,0,0,9,0,0,0,3,6,9,0,0,0,1,1,0,0,2,19,5
200700062813,7,10,5,1,1,1,1.0,2.0,0.0,7.0,0.0,0.0,2.0,1.0,1,1,3.0,2.0,2.0,1.0,0.0,0.0,1,0.0,1.0,2,1,6,2,2,0,2,4,0,4,2,2,0,2,2,4,0,1,1,0,0,2,15,45
200800056211,8,10,30,2,2,1,3.0,3.0,0.0,10.0,0.0,0.0,0.0,1.0,1,1,4.0,2.0,2.0,2.0,10.0,50.0,1,0.0,1.0,2,3,0,4,0,0,0,4,0,0,4,0,0,0,0,2,2,1,0,1,0,3,17,0
201100026675,11,6,23,1,2,1,1.0,2.0,0.0,33.0,0.0,0.0,2.0,0.0,1,2,4.0,2.0,0.0,1.0,0.0,0.0,1,0.0,1.0,2,2,2,2,0,0,0,4,0,4,0,0,0,2,0,2,0,1,0,1,0,2,20,0
200600003179,6,1,25,1,2,9,1.0,6.0,0.0,1.0,0.0,0.0,1.0,1.0,1,-1,9.0,1.0,1.0,2.0,0.0,38.0,1,0.0,4.0,1,1,1,2,0,2,0,1,0,0,3,0,0,0,1,1,1,1,0,0,0,2,14,35