Num_Acc,an,mois,jour,lum,agg,int,atm,col,senc,catv,occutc,obs,obsm,manv,catu,secu,catr,circ,nbv,prof,lartpc,larrout,surf,infra,situ,nb_veh,grav_simpl,Homme,Femme,Arrière,Autre_x,Avant,Conducteur,Autre_y,Inconnu,Loisirs,Professionnel,Travail,Adulte,Enfant,Jeune,Senior,choc_avant,choc_arriere,choc_lateral,choc_multiple,grav_order_max,heure,minute
200900035396,9,10,18,3,1,1,1.0,7.0,0.0,33.0,0.0,9.0,0.0,1.0,1,2,3.0,2.0,0.0,4.0,0.0,0.0,1,0.0,1.0,1,2,1,0,0,0,0,1,0,0,1,0,0,1,0,0,0,0,0,1,0,2,19,45
200900029053,9,3,11,1,2,1,1.0,6.0,0.0,7.0,0.0,14.0,1.0,4.0,3,-1,4.0,1.0,1.0,2.0,0.0,30.0,1,0.0,1.0,1,2,2,0,0,1,0,1,1,0,0,1,0,1,1,0,0,1,0,0,0,2,11,35
200500024491,5,4,26,3,1,1,1.0,6.0,0.0,7.0,0.0,0.0,6.0,1.0,1,1,1.0,3.0,3.0,2.0,20.0,100.0,1,0.0,1.0,1,2,0,1,0,0,0,1,0,0,1,0,0,0,0,0,1,1,0,0,0,2,21,30
201700033517,17,4,26,1,2,1,1.0,5.0,0.0,7.0,0.0,0.0,2.0,1.0,1,1,4.0,2.0,2.0,1.0,0.0,0.0,1,0.0,1.0,3,2,15,6,6,0,6,9,18,0,0,3,0,9,6,6,0,0,1,0,1,2,10,15
200800031325,8,6,27,1,2,2,1.0,3.0,0.0,7.0,0.0,0.0,0.0,10.0,1,1,3.0,2.0,2.0,2.0,0.0,0.0,1,0.0,1.0,2,1,4,0,0,0,0,4,0,0,4,0,0,0,0,2,2,1,0,1,0,3,17,35
201600008113,16,10,20,1,1,1,1.0,6.0,2.0,10.0,0.0,15.0,0.0,0.0,1,1,3.0,2.0,2.0,1.0,0.0,50.0,1,0.0,3.0,1,3,1,0,0,0,0,1,0,0,0,1,0,0,0,1,0,1,0,0,0,3,14,0
200500040605,5,7,20,1,1,3,1.0,1.0,0.0,7.0,0.0,0.0,2.0,1.0,1,1,2.0,2.0,2.0,1.0,0.0,70.0,1,0.0,1.0,2,1,6,0,0,0,2,4,0,2,2,0,2,4,2,0,0,1,0,0,0,3,20,30
201500035959,15,6,13,1,2,6,1.0,1.0,0.0,7.0,0.0,0.0,2.0,0.0,1,1,3.0,3.0,4.0,2.0,20.0,120.0,1,0.0,1.0,2,1,4,4,2,0,2,4,0,0,8,0,0,4,2,2,0,0,0,1,0,2,19,23
200600009922,6,2,15,1,2,1,3.0,6.0,0.0,7.0,0.0,0.0,1.0,1.0,1,1,4.0,2.0,2.0,1.0,0.0,98.0,1,0.0,1.0,1,1,1,1,0,1,0,1,1,0,0,0,1,0,0,1,1,1,0,0,0,2,8,20
201000022616,10,12,11,2,2,1,1.0,6.0,0.0,7.0,0.0,0.0,1.0,2.0,1,1,4.0,2.0,6.0,1.0,0.0,163.0,1,0.0,1.0,1,1,2,0,0,1,0,1,0,0,2,0,0,2,0,0,0,1,0,0,0,2,8,20
201100064888,11,10,22,1,2,1,1.0,3.0,0.0,33.0,0.0,0.0,2.0,3.0,1,2,4.0,1.0,2.0,2.0,14.0,70.0,1,0.0,1.0,2,2,4,0,0,0,0,4,0,0,4,0,0,4,0,0,0,1,0,0,0,2,16,15
200700053844,7,9,28,2,1,1,2.0,6.0,0.0,7.0,0.0,13.0,0.0,1.0,2,1,3.0,2.0,0.0,0.0,0.0,80.0,1,0.0,3.0,1,3,2,0,0,0,1,1,1,1,0,0,0,1,0,1,0,0,0,0,1,3,18,15
200900024610,9,9,25,1,2,1,1.0,7.0,0.0,2.0,0.0,16.0,0.0,15.0,2,0,4.0,2.0,2.0,1.0,0.0,50.0,1,0.0,1.0,1,2,2,0,0,0,1,1,0,0,2,0,0,2,0,0,0,0,0,0,0,2,19,10
201000023149,10,6,29,1,2,3,1.0,5.0,0.0,2.0,0.0,0.0,2.0,17.0,1,2,3.0,2.0,2.0,1.0,0.0,70.0,1,0.0,1.0,3,3,9,3,0,0,3,9,0,6,6,0,0,3,0,6,3,1,0,0,0,3,14,40
201200039266,12,6,25,1,1,1,1.0,1.0,0.0,7.0,0.0,0.0,2.0,5.0,1,1,3.0,2.0,1.0,1.0,0.0,65.0,1,0.0,1.0,2,3,4,4,2,0,2,4,0,2,6,0,0,2,0,0,6,1,0,0,0,3,14,15
200800060538,8,10,8,1,2,2,1.0,7.0,0.0,7.0,0.0,0.0,0.0,1.0,1,-1,3.0,2.0,2.0,0.0,0.0,0.0,1,0.0,0.0,1,1,1,1,0,1,0,1,0,2,0,0,0,2,0,0,0,1,0,0,0,3,15,20
201000067212,10,11,9,1,2,1,2.0,4.0,0.0,7.0,0.0,0.0,2.0,11.0,1,1,4.0,1.0,4.0,1.0,15.0,140.0,1,0.0,1.0,3,1,9,0,0,0,0,9,0,0,0,6,3,6,0,3,0,0,1,1,0,2,16,0
200800040851,8,7,19,1,2,1,1.0,6.0,0.0,31.0,0.0,0.0,2.0,17.0,1,2,4.0,2.0,2.0,0.0,0.0,60.0,1,0.0,1.0,2,2,4,0,0,0,0,4,0,0,4,0,0,0,0,2,2,1,0,0,1,2,10,8
200500074661,5,11,30,1,2,1,1.0,6.0,0.0,7.0,0.0,0.0,1.0,1.0,1,1,4.0,3.0,1.0,1.0,10.0,47.0,1,0.0,1.0,1,1,1,1,0,1,0,1,0,0,1,0,1,2,0,0,0,1,0,0,0,3,8,50
201400050313,14,9,5,1,2,1,1.0,6.0,0.0,7.0,0.0,0.0,1.0,15.0,1,-1,4.0,2.0,3.0,1.0,0.0,118.0,1,0.0,1.0,1,1,2,0,0,1,0,1,0,0,0,0,2,0,0,2,0,1,0,0,0,2,19,25
201500003227,15,6,5,1,1,1,1.0,2.0,0.0,7.0,0.0,0.0,2.0,1.0,1,-1,3.0,2.0,2.0,1.0,62.0,62.0,1,0.0,1.0,2,1,4,0,0,0,0,4,0,0,4,0,0,0,0,0,4,1,0,1,0,3,10,45
201000062552,10,10,27,5,2,5,1.0,6.0,0.0,32.0,0.0,0.0,1.0,1.0,1,2,4.0,2.0,2.0,1.0,30.0,60.0,1,5.0,1.0,1,2,2,0,0,1,0,1,0,0,2,0,0,1,0,1,0,1,0,0,0,2,19,35
200500028315,5,5,1,1,2,2,1.0,3.0,0.0,7.0,0.0,0.0,2.0,5.0,1,-1,4.0,1.0,1.0,1.0,0.0,58.0,1,0.0,1.0,2,1,6,0,0,0,2,4,2,2,2,0,0,6,0,0,0,1,0,1,0,2,19,0
200600074547,6,12,14,1,1,1,1.0,3.0,0.0,7.0,0.0,0.0,2.0,1.0,1,-1,3.0,2.0,2.0,1.0,0.0,63.0,1,0.0,1.0,2,1,4,0,0,0,0,4,0,0,4,0,0,0,0,0,4,1,0,1,0,3,15,30
200700020144,7,4,24,3,1,1,1.0,2.0,0.0,10.0,0.0,0.0,2.0,1.0,1,1,1.0,3.0,3.0,1.0,20.0,140.0,1,0.0,1.0,2,1,6,0,0,0,2,4,0,2,2,2,0,2,0,4,0,1,1,0,0,4,5,15
200500064293,5,10,9,3,1,1,1.0,6.0,0.0,7.0,0.0,14.0,0.0,1.0,1,1,3.0,0.0,2.0,2.0,0.0,52.0,1,0.0,1.0,1,1,2,1,0,1,1,1,1,1,1,0,0,2,0,0,1,1,0,0,0,4,21,45
200700055343,7,9,17,5,2,1,1.0,7.0,0.0,7.0,0.0,2.0,0.0,1.0,1,1,4.0,2.0,2.0,1.0,0.0,80.0,1,0.0,3.0,1,2,1,0,0,0,0,1,0,0,1,0,0,0,0,1,0,1,0,0,0,2,23,15
201200029679,12,8,23,1,2,2,1.0,3.0,0.0,7.0,0.0,0.0,2.0,1.0,1,1,4.0,1.0,1.0,1.0,0.0,65.0,1,0.0,1.0,2,1,2,4,0,0,2,4,0,6,0,0,0,2,2,2,0,1,0,1,0,2,11,37
200700013686,7,3,7,5,2,2,2.0,3.0,0.0,7.0,0.0,0.0,2.0,1.0,1,1,4.0,2.0,2.0,1.0,0.0,0.0,1,0.0,1.0,2,2,4,0,0,0,0,4,0,2,2,0,0,4,0,0,0,1,0,1,0,2,21,0
200500054014,5,9,17,3,1,1,2.0,7.0,0.0,7.0,0.0,13.0,0.0,0.0,1,1,3.0,0.0,1.0,1.0,0.0,0.0,1,0.0,1.0,1,1,4,1,2,1,1,1,0,4,1,0,0,0,0,5,0,1,0,0,0,2,5,30
200600023222,6,3,21,1,2,1,1.0,6.0,0.0,7.0,0.0,2.0,0.0,0.0,1,1,4.0,0.0,0.0,0.0,0.0,0.0,-1,0.0,0.0,1,2,1,0,0,0,0,1,0,0,1,0,0,1,0,0,0,1,0,0,0,2,17,20
200500039285,5,6,12,1,1,1,1.0,7.0,0.0,5.0,0.0,0.0,0.0,1.0,1,2,3.0,2.0,2.0,3.0,0.0,70.0,1,0.0,1.0,1,2,1,0,0,0,0,1,0,0,1,0,0,0,0,1,0,0,0,1,0,2,20,0
200900059942,9,11,7,1,1,1,1.0,6.0,0.0,7.0,0.0,5.0,0.0,1.0,1,1,1.0,1.0,2.0,1.0,0.0,70.0,1,3.0,1.0,1,2,0,1,0,0,0,1,0,0,1,0,0,0,0,1,0,0,0,1,0,2,8,15
200600024527,6,5,28,1,2,1,1.0,6.0,0.0,34.0,0.0,0.0,2.0,1.0,1,-1,2.0,2.0,1.0,1.0,0.0,60.0,1,0.0,1.0,1,3,1,1,1,0,0,1,0,1,1,0,0,0,0,2,0,1,0,0,0,3,19,30
201700030896,17,8,18,1,2,6,1.0,3.0,2.0,7.0,0.0,0.0,2.0,17.0,1,1,4.0,2.0,2.0,1.0,0.0,0.0,1,0.0,1.0,2,1,2,2,0,0,0,4,0,0,2,2,0,2,0,2,0,1,0,1,0,2,18,15
200800058183,8,10,14,1,2,1,1.0,2.0,0.0,30.0,0.0,0.0,2.0,1.0,1,2,4.0,2.0,3.0,1.0,0.0,95.0,1,0.0,1.0,2,2,4,2,2,0,0,4,0,6,0,0,0,0,2,4,0,1,1,0,0,2,13,30
201100033119,11,9,12,1,2,2,1.0,3.0,0.0,33.0,0.0,0.0,2.0,1.0,1,2,3.0,3.0,4.0,1.0,0.0,0.0,1,5.0,1.0,2,3,4,2,0,0,2,4,0,0,4,0,2,4,0,2,0,1,1,0,0,3,18,35
201300026162,13,4,9,1,2,2,8.0,6.0,0.0,7.0,0.0,0.0,1.0,16.0,1,1,4.0,2.0,2.0,1.0,0.0,60.0,1,5.0,1.0,1,1,1,1,0,1,0,1,1,1,0,0,0,0,0,1,1,1,0,0,0,3,12,25
201700050163,17,7,3,1,2,1,1.0,4.0,2.0,7.0,0.0,0.0,2.0,2.0,1,1,4.0,1.0,2.0,1.0,0.0,40.0,1,1.0,1.0,3,1,9,0,0,0,0,9,0,6,0,3,0,6,0,3,0,1,1,0,0,2,19,0
200500074521,5,11,8,1,2,1,1.0,6.0,0.0,7.0,0.0,0.0,2.0,1.0,1,-1,4.0,2.0,4.0,1.0,0.0,0.0,1,0.0,1.0,2,1,2,2,0,0,0,4,2,0,0,2,0,2,0,0,2,0,0,0,0,2,15,35
201300033948,13,11,28,1,2,3,1.0,6.0,0.0,7.0,0.0,0.0,1.0,1.0,1,-1,4.0,2.0,2.0,1.0,0.0,0.0,1,0.0,1.0,1,1,1,1,0,1,0,1,1,0,1,0,0,0,0,0,2,1,0,0,0,2,9,40
201500022503,15,2,2,1,2,1,1.0,7.0,0.0,1.0,0.0,0.0,0.0,0.0,1,2,4.0,0.0,0.0,2.0,0.0,0.0,1,0.0,1.0,1,2,1,0,0,0,0,1,0,1,0,0,0,0,0,0,1,0,0,0,0,2,9,5
200500004186,5,1,7,1,2,1,1.0,6.0,1.0,7.0,0.0,0.0,1.0,9.0,3,-1,4.0,2.0,0.0,1.0,0.0,0.0,1,0.0,1.0,1,3,0,1,0,1,0,0,1,0,0,0,0,1,0,0,0,1,0,0,0,3,11,0
200800069351,8,12,11,3,1,1,2.0,4.0,0.0,30.0,0.0,0.0,0.0,1.0,1,2,3.0,3.0,0.0,1.0,0.0,76.0,1,0.0,1.0,4,4,8,8,0,0,0,16,8,4,0,0,4,8,0,8,0,1,0,0,0,4,19,0
201100046432,11,2,15,1,2,1,2.0,7.0,0.0,34.0,0.0,1.0,0.0,21.0,1,2,4.0,1.0,0.0,1.0,0.0,0.0,1,0.0,1.0,1,2,2,0,0,0,1,1,0,0,0,0,2,0,0,2,0,1,0,0,0,2,12,40
200700047884,7,8,27,1,1,1,1.0,7.0,0.0,7.0,0.0,16.0,0.0,1.0,1,1,3.0,2.0,2.0,1.0,0.0,61.0,1,0.0,1.0,1,3,0,2,0,0,1,1,0,1,1,0,0,1,0,1,0,1,0,0,0,3,15,30
201000046599,10,6,11,1,2,3,2.0,2.0,0.0,31.0,0.0,0.0,2.0,1.0,1,2,3.0,2.0,2.0,1.0,0.0,75.0,1,0.0,1.0,2,3,4,0,0,0,0,4,2,0,0,0,2,2,2,0,0,1,1,0,0,3,7,45
201400048920,14,9,14,1,1,1,1.0,2.0,0.0,7.0,0.0,0.0,2.0,2.0,1,1,1.0,3.0,3.0,1.0,10.0,105.0,1,0.0,1.0,2,2,2,6,4,0,0,4,0,8,0,0,0,4,4,0,0,1,1,0,0,2,17,12
200500002617,5,1,1,3,2,1,1.0,6.0,0.0,7.0,0.0,16.0,0.0,13.0,1,1,4.0,2.0,2.0,1.0,0.0,57.0,1,0.0,3.0,1,2,2,0,0,0,1,1,0,1,1,0,0,0,1,1,0,0,0,0,1,2,20,55
200600004672,6,1,31,2,1,1,5.0,1.0,0.0,7.0,0.0,0.0,2.0,1.0,1,1,3.0,2.0,2.0,1.0,0.0,47.0,1,0.0,1.0,2,1,4,0,0,0,0,4,0,0,0,2,2,2,0,2,0,1,0,0,0,4,7,30
201000065944,10,5,21,1,2,1,1.0,3.0,0.0,7.0,0.0,0.0,2.0,10.0,1,1,4.0,3.0,0.0,1.0,0.0,0.0,1,0.0,1.0,2,1,4,0,0,0,0,4,2,2,0,0,0,4,0,0,0,1,0,0,0,2,12,34
201500046066,15,11,20,1,1,1,3.0,6.0,0.0,10.0,0.0,3.0,0.0,13.0,1,1,1.0,3.0,6.0,1.0,0.0,-1.0,1,0.0,1.0,1,2,1,0,0,0,0,1,0,0,1,0,0,0,0,1,0,1,0,0,0,2,12,5
200900040050,9,9,10,1,1,2,1.0,3.0,0.0,7.0,0.0,0.0,2.0,15.0,1,1,3.0,2.0,2.0,1.0,0.0,0.0,1,0.0,0.0,2,1,2,2,0,0,0,4,0,0,2,0,2,4,0,0,0,1,1,0,0,3,11,5
201100061163,11,2,7,1,2,1,1.0,6.0,0.0,7.0,0.0,1.0,1.0,14.0,1,1,4.0,2.0,2.0,1.0,0.0,150.0,1,0.0,1.0,1,2,0,2,0,1,0,1,0,0,2,0,0,1,0,0,1,1,0,0,0,2,15,25
200800010383,8,2,15,1,1,1,1.0,7.0,0.0,33.0,0.0,0.0,0.0,1.0,1,2,1.0,1.0,3.0,1.0,15.0,105.0,1,0.0,1.0,1,2,1,0,0,0,0,1,0,0,0,0,1,1,0,0,0,0,0,0,0,2,17,0
200500076638,5,11,30,5,2,1,1.0,3.0,0.0,7.0,0.0,0.0,2.0,1.0,1,-1,3.0,2.0,2.0,1.0,60.0,60.0,1,0.0,1.0,2,1,4,2,0,0,2,4,0,4,2,0,0,2,0,4,0,1,0,1,0,3,18,20
201600000662,16,4,3,1,1,2,1.0,2.0,2.0,7.0,0.0,0.0,2.0,2.0,1,1,3.0,2.0,0.0,3.0,0.0,0.0,1,0.0,1.0,2,2,8,2,4,0,2,4,0,6,4,0,0,2,4,4,0,1,1,0,0,3,17,45
200700077410,7,12,2,1,2,1,1.0,3.0,0.0,7.0,0.0,0.0,2.0,15.0,1,-1,4.0,2.0,2.0,1.0,0.0,55.0,1,0.0,1.0,2,1,4,0,0,0,0,4,0,4,0,0,0,2,0,0,2,1,0,1,0,2,11,20
201300051511,13,7,21,1,2,5,1.0,6.0,0.0,7.0,0.0,0.0,1.0,15.0,1,1,4.0,2.0,0.0,1.0,0.0,120.0,1,0.0,1.0,1,1,1,2,0,2,0,1,0,0,3,0,0,1,0,0,2,1,0,0,0,2,17,4
200600046328,6,8,8,2,1,1,3.0,3.0,0.0,7.0,0.0,0.0,0.0,19.0,1,1,3.0,2.0,0.0,1.0,0.0,70.0,1,0.0,1.0,2,1,4,2,0,0,2,4,0,2,4,0,0,6,0,0,0,1,1,0,0,3,16,45
201200050684,12,6,5,1,1,1,1.0,6.0,0.0,33.0,0.0,3.0,6.0,21.0,1,2,2.0,3.0,6.0,3.0,10.0,140.0,1,0.0,3.0,1,3,1,0,0,0,0,1,0,1,0,0,0,1,0,0,0,1,0,0,0,3,7,45
200700068774,7,11,20,1,2,1,1.0,2.0,0.0,7.0,0.0,0.0,2.0,20.0,1,-1,4.0,1.0,1.0,1.0,0.0,55.0,1,0.0,1.0,2,1,4,0,0,0,0,4,0,4,0,0,0,0,0,2,2,0,1,0,1,2,17,0
201700045254,17,5,25,1,2,2,1.0,3.0,0.0,2.0,0.0,0.0,0.0,17.0,1,2,3.0,2.0,2.0,1.0,0.0,84.0,1,0.0,0.0,2,2,2,0,0,0,0,2,0,0,2,0,0,0,0,2,0,1,0,0,0,2,21,30
201400049761,14,11,1,1,2,1,1.0,2.0,0.0,3.0,0.0,0.0,2.0,11.0,1,-1,4.0,3.0,2.0,1.0,0.0,0.0,1,0.0,1.0,2,2,2,4,0,0,2,4,0,2,4,0,0,0,0,6,0,1,1,0,0,2,16,30
201400002112,14,7,20,1,2,1,1.0,6.0,0.0,7.0,0.0,0.0,1.0,4.0,1,1,3.0,0.0,0.0,0.0,0.0,0.0,1,0.0,1.0,1,1,1,1,0,1,0,1,2,0,0,0,0,1,0,0,1,0,1,0,0,3,11,30
201100042873,11,11,24,4,1,1,1.0,7.0,0.0,7.0,0.0,14.0,0.0,0.0,1,1,3.0,2.0,2.0,1.0,0.0,0.0,1,1.0,0.0,1,2,1,0,0,0,0,1,0,1,0,0,0,1,0,0,0,1,0,0,0,2,21,30
200800037579,8,7,26,1,1,1,1.0,3.0,0.0,7.0,0.0,0.0,2.0,1.0,1,1,3.0,2.0,2.0,1.0,0.0,52.0,1,5.0,1.0,2,2,2,14,8,0,4,4,2,12,2,0,0,6,4,0,6,1,0,0,0,3,17,0
200700009755,7,2,8,1,2,1,1.0,6.0,0.0,7.0,0.0,0.0,1.0,1.0,1,1,4.0,1.0,2.0,1.0,0.0,60.0,1,0.0,1.0,1,1,2,0,0,1,0,1,0,0,2,0,0,0,1,1,0,1,0,0,0,2,15,0
201700040043,17,11,6,2,2,6,8.0,6.0,1.0,7.0,0.0,0.0,1.0,0.0,1,0,9.0,4.0,10.0,1.0,0.0,0.0,1,0.0,1.0,1,1,1,1,0,1,0,1,1,0,0,0,1,1,0,1,0,1,0,0,0,2,17,35
200600001415,6,1,9,5,2,3,1.0,3.0,0.0,2.0,0.0,0.0,2.0,2.0,1,-1,4.0,2.0,2.0,1.0,0.0,63.0,1,0.0,1.0,2,3,0,2,0,0,0,2,2,0,0,0,0,0,2,0,0,0,0,0,0,3,18,10
200500047923,5,8,16,1,1,1,1.0,1.0,0.0,10.0,0.0,0.0,2.0,13.0,1,1,3.0,2.0,2.0,1.0,0.0,70.0,1,0.0,1.0,2,3,4,0,0,0,0,4,0,0,0,2,2,2,0,2,0,1,0,0,0,4,8,15
201500031364,15,1,17,5,2,1,2.0,1.0,0.0,7.0,0.0,0.0,2.0,5.0,1,1,4.0,2.0,2.0,1.0,0.0,69.0,1,0.0,1.0,2,3,4,0,0,0,0,4,0,0,2,2,0,2,0,2,0,1,0,0,0,3,6,30
201500024758,15,3,11,2,2,3,8.0,7.0,0.0,32.0,0.0,16.0,9.0,1.0,1,2,4.0,2.0,2.0,3.0,0.0,0.0,1,5.0,1.0,2,2,2,2,0,0,0,4,0,0,0,0,4,4,0,0,0,0,0,1,0,2,8,0
200700032484,7,6,30,3,1,1,1.0,7.0,0.0,7.0,0.0,8.0,0.0,1.0,1,1,4.0,2.0,2.0,0.0,0.0,49.0,-1,0.0,3.0,1,3,0,1,0,0,0,1,0,0,1,0,0,0,0,1,0,1,0,0,0,3,22,0
201300024631,13,3,22,1,2,2,8.0,2.0,0.0,14.0,0.0,0.0,2.0,2.0,1,1,4.0,2.0,5.0,1.0,10.0,150.0,1,0.0,1.0,2,1,4,2,0,0,2,4,0,0,4,2,0,6,0,0,0,1,1,0,0,2,13,20
201000045164,10,7,12,1,2,1,1.0,2.0,0.0,7.0,0.0,0.0,2.0,2.0,1,1,3.0,1.0,2.0,1.0,0.0,0.0,1,0.0,1.0,2,1,2,2,0,0,0,4,0,2,2,0,0,4,0,0,0,1,1,0,0,3,13,0
200500014619,5,3,7,5,2,3,1.0,3.0,0.0,7.0,0.0,0.0,2.0,15.0,1,1,4.0,2.0,2.0,1.0,0.0,51.0,1,0.0,1.0,2,1,2,2,0,0,0,4,0,0,2,0,2,2,0,2,0,1,0,1,0,3,21,20
200500067874,5,10,7,1,2,1,1.0,2.0,0.0,2.0,0.0,0.0,2.0,1.0,1,2,4.0,2.0,2.0,1.0,0.0,60.0,1,0.0,1.0,2,2,2,2,0,0,0,4,2,0,2,0,0,2,0,2,0,1,1,0,0,2,16,45
201700000586,17,3,30,1,1,3,1.0,1.0,1.0,10.0,0.0,0.0,2.0,15.0,1,-1,3.0,2.0,2.0,2.0,0.0,0.0,1,5.0,1.0,2,1,4,0,0,0,0,4,0,2,0,2,0,2,0,2,0,1,0,0,0,3,14,40
201100047073,11,8,17,1,2,3,1.0,3.0,0.0,30.0,0.0,0.0,2.0,1.0,1,2,3.0,2.0,3.0,1.0,0.0,120.0,1,0.0,1.0,2,2,4,2,0,0,2,4,0,0,4,2,0,4,0,2,0,1,0,0,0,2,14,0
201600013888,16,1,11,5,1,3,1.0,7.0,2.0,2.0,0.0,0.0,2.0,17.0,1,2,4.0,2.0,2.0,2.0,0.0,60.0,1,0.0,1.0,1,3,1,0,0,0,0,1,0,0,0,0,1,1,0,0,0,1,0,0,0,3,18,40
201300003053,13,4,14,2,1,1,9.0,6.0,0.0,7.0,0.0,6.0,0.0,13.0,1,1,3.0,2.0,2.0,2.0,0.0,63.0,-1,0.0,3.0,1,1,1,1,0,0,1,1,0,1,1,0,0,0,0,2,0,0,0,0,0,3,6,30
201000006876,10,4,6,1,2,6,1.0,6.0,0.0,32.0,0.0,0.0,9.0,16.0,1,2,3.0,0.0,2.0,0.0,0.0,0.0,1,0.0,1.0,1,2,0,1,0,0,0,1,0,1,0,0,0,1,0,0,0,1,0,0,0,2,8,35
200500069685,5,10,14,5,2,1,1.0,7.0,0.0,2.0,0.0,12.0,0.0,1.0,1,2,4.0,2.0,2.0,1.0,0.0,59.0,1,0.0,1.0,1,3,1,1,0,1,0,1,0,1,1,0,0,1,0,1,0,0,0,1,0,3,20,0
201400000580,14,8,12,1,1,1,7.0,6.0,0.0,33.0,0.0,8.0,0.0,1.0,1,2,3.0,2.0,2.0,1.0,0.0,51.0,1,0.0,3.0,1,4,1,0,0,0,0,1,0,0,0,0,1,0,0,1,0,1,0,0,0,4,7,0
201300051500,13,7,12,1,2,1,1.0,3.0,0.0,1.0,0.0,0.0,2.0,13.0,1,-1,4.0,1.0,3.0,1.0,0.0,120.0,1,0.0,1.0,2,2,2,2,0,0,0,4,0,0,0,2,2,4,0,0,0,0,1,1,0,2,13,0
201300030544,13,7,4,1,2,1,1.0,6.0,0.0,37.0,1.0,0.0,1.0,2.0,1,1,4.0,0.0,0.0,1.0,0.0,0.0,1,0.0,0.0,1,2,1,1,0,1,0,1,0,0,1,1,0,1,1,0,0,1,0,0,0,3,15,20
201500014255,15,5,13,1,2,2,1.0,3.0,0.0,7.0,0.0,0.0,2.0,1.0,1,1,4.0,1.0,1.0,1.0,0.0,0.0,1,0.0,0.0,2,1,6,0,0,0,2,4,0,2,4,0,0,4,0,2,0,1,0,0,0,2,10,30
200900021889,9,5,12,1,2,1,1.0,6.0,0.0,7.0,0.0,0.0,1.0,13.0,1,1,4.0,2.0,2.0,1.0,0.0,0.0,1,0.0,1.0,1,1,4,1,0,4,0,1,0,2,2,0,1,1,3,0,1,1,0,0,0,3,18,0
201400024084,14,3,24,1,2,4,2.0,1.0,0.0,7.0,0.0,0.0,2.0,1.0,1,-1,4.0,2.0,2.0,1.0,0.0,80.0,1,0.0,1.0,2,1,2,4,0,0,2,4,0,6,0,0,0,0,0,2,4,1,0,0,0,2,14,10
201100022092,11,10,24,3,1,1,3.0,3.0,0.0,33.0,0.0,0.0,2.0,1.0,1,2,3.0,2.0,2.0,2.0,0.0,0.0,1,0.0,1.0,2,3,4,2,0,0,2,4,2,2,2,0,0,6,0,0,0,0,1,1,0,3,20,0
201100041610,11,5,16,1,2,3,1.0,6.0,0.0,7.0,0.0,0.0,1.0,1.0,1,1,4.0,2.0,2.0,4.0,0.0,0.0,1,0.0,1.0,1,1,0,2,0,1,0,1,0,0,2,0,0,0,0,1,1,1,0,0,0,2,15,45
201600030390,16,8,6,1,2,1,1.0,3.0,0.0,10.0,0.0,0.0,2.0,19.0,1,2,4.0,2.0,1.0,1.0,0.0,0.0,1,0.0,1.0,2,3,2,0,0,0,0,2,0,2,0,0,0,0,0,2,0,0,0,1,0,3,15,55
201400003140,14,12,16,2,1,1,2.0,6.0,0.0,7.0,0.0,6.0,0.0,14.0,1,1,3.0,2.0,2.0,2.0,0.0,56.0,1,2.0,3.0,1,3,0,1,0,0,0,1,0,0,0,0,1,0,0,1,0,1,0,0,0,3,7,30
200600035943,6,6,5,1,2,1,1.0,6.0,0.0,30.0,0.0,0.0,0.0,1.0,1,2,4.0,2.0,2.0,1.0,0.0,49.0,1,0.0,1.0,1,1,1,1,0,0,1,1,0,1,1,0,0,1,0,1,0,0,0,1,0,2,12,50
201300025749,13,1,16,1,2,3,1.0,3.0,0.0,7.0,0.0,0.0,2.0,2.0,1,1,4.0,2.0,2.0,1.0,0.0,60.0,1,0.0,1.0,2,1,2,8,2,0,4,4,0,0,8,0,2,2,4,4,0,1,0,1,0,2,14,35
201200024789,12,1,22,5,2,1,1.0,6.0,0.0,7.0,0.0,8.0,0.0,1.0,1,-1,4.0,2.0,2.0,1.0,0.0,0.0,1,0.0,1.0,1,2,1,0,0,0,0,1,0,1,0,0,0,1,0,0,0,1,0,0,0,2,22,35
201200058964,12,12,14,1,2,2,2.0,6.0,0.0,10.0,0.0,0.0,1.0,15.0,1,-1,4.0,2.0,0.0,1.0,0.0,0.0,1,5.0,1.0,1,2,2,0,0,1,0,1,0,0,0,0,2,1,0,1,0,0,0,0,0,2,10,20
201000028747,10,1,21,2,2,1,1.0,6.0,0.0,10.0,0.0,0.0,1.0,4.0,1,-1,4.0,2.0,2.0,1.0,0.0,0.0,1,0.0,1.0,1,1,1,1,0,1,0,1,0,2,0,0,0,1,0,0,1,0,1,0,0,3,8,15
201700058045,17,11,15,1,2,2,1.0,6.0,1.0,10.0,0.0,0.0,1.0,1.0,1,1,4.0,1.0,1.0,1.0,0.0,180.0,1,0.0,1.0,1,1,1,1,0,1,0,1,0,0,1,1,0,0,0,1,1,1,0,0,0,2,12,8
200600032324,6,6,29,1,2,6,1.0,2.0,0.0,31.0,0.0,0.0,2.0,16.0,1,2,4.0,2.0,2.0,1.0,170.0,60.0,1,5.0,1.0,2,3,4,0,0,0,0,4,0,0,4,0,0,0,0,4,0,1,1,0,0,3,21,30