Num_Acc,an,mois,jour,lum,agg,int,atm,col,senc,catv,occutc,obs,obsm,manv,catu,secu,catr,circ,nbv,prof,lartpc,larrout,surf,infra,situ,nb_veh,grav_simpl,Homme,Femme,Arrière,Autre_x,Avant,Conducteur,Autre_y,Inconnu,Loisirs,Professionnel,Travail,Adulte,Enfant,Jeune,Senior,choc_avant,choc_arriere,choc_lateral,choc_multiple,grav_order_max,heure,minute
200500069825,5,10,14,1,1,1,1.0,5.0,0.0,5.0,0.0,0.0,2.0,3.0,1,2,1.0,3.0,8.0,4.0,15.0,280.0,1,0.0,1.0,3,3,9,0,0,0,0,9,0,0,9,0,0,9,0,0,0,1,0,1,0,3,18,30
200800004423,8,1,18,1,2,3,2.0,3.0,0.0,14.0,0.0,0.0,2.0,2.0,1,1,4.0,2.0,2.0,1.0,0.0,60.0,1,0.0,1.0,2,1,4,0,0,0,0,4,0,0,2,2,0,4,0,0,0,1,0,1,0,2,13,10
201500020849,15,8,12,1,2,1,1.0,3.0,0.0,7.0,0.0,0.0,2.0,17.0,1,1,4.0,2.0,2.0,2.0,0.0,0.0,1,0.0,1.0,2,1,0,4,0,0,0,4,0,4,0,0,0,0,0,2,2,1,0,0,0,3,8,8
200500072167,5,11,22,3,1,1,1.0,6.0,0.0,7.0,0.0,0.0,0.0,1.0,1,1,1.0,1.0,1.0,3.0,0.0,30.0,0,2.0,1.0,1,2,0,1,0,0,0,1,0,0,0,0,1,0,0,1,0,1,0,0,0,2,6,0
201300008105,13,12,3,1,1,1,1.0,1.0,0.0,33.0,0.0,0.0,2.0,1.0,1,2,3.0,2.0,1.0,1.0,0.0,0.0,1,0.0,1.0,2,3,2,2,0,0,0,4,0,0,4,0,0,2,0,0,2,0,0,0,0,3,15,45
201700045799,17,3,16,1,2,1,1.0,3.0,0.0,33.0,0.0,0.0,2.0,1.0,1,1,3.0,2.0,4.0,1.0,0.0,-1.0,1,0.0,1.0,2,2,0,2,0,0,0,2,0,0,0,2,0,2,0,0,0,1,0,0,0,2,16,45
201000025644,10,3,6,5,2,1,1.0,7.0,0.0,7.0,0.0,15.0,0.0,13.0,1,1,4.0,2.0,2.0,4.0,0.0,63.0,1,0.0,1.0,1,2,0,1,0,0,0,1,0,0,1,0,0,0,0,1,0,0,0,0,1,2,1,20
200800021825,8,4,11,1,2,1,1.0,6.0,0.0,37.0,62.0,0.0,1.0,1.0,3,-1,3.0,2.0,0.0,2.0,0.0,0.0,1,0.0,1.0,1,2,1,1,0,1,0,1,0,2,0,0,0,1,0,0,1,1,0,0,0,2,8,55
201400001421,14,9,10,1,1,1,1.0,6.0,0.0,7.0,0.0,13.0,0.0,1.0,1,1,3.0,2.0,0.0,1.0,0.0,70.0,1,0.0,1.0,1,3,1,0,0,0,0,1,0,0,1,0,0,0,0,1,0,1,0,0,0,3,9,45
201000035742,10,11,12,1,2,1,2.0,6.0,0.0,10.0,0.0,0.0,1.0,4.0,1,1,4.0,1.0,2.0,1.0,0.0,0.0,1,0.0,4.0,1,1,1,1,0,1,0,1,0,0,1,1,0,2,0,0,0,0,1,0,0,2,15,20
201100057364,11,8,6,1,1,1,1.0,2.0,0.0,10.0,0.0,0.0,0.0,2.0,1,1,1.0,3.0,2.0,1.0,20.0,70.0,1,0.0,1.0,2,1,4,8,6,0,2,4,2,10,0,0,0,8,0,2,2,1,1,0,0,2,14,55
200800048185,8,9,22,2,1,1,1.0,6.0,0.0,33.0,0.0,2.0,0.0,1.0,1,2,3.0,2.0,0.0,1.0,0.0,68.0,1,0.0,1.0,1,4,1,0,0,0,0,1,0,0,0,0,1,1,0,0,0,1,0,0,0,4,7,0
200600010223,6,2,14,5,2,1,1.0,6.0,0.0,7.0,0.0,0.0,1.0,2.0,1,1,3.0,2.0,2.0,1.0,40.0,120.0,1,0.0,1.0,1,1,2,1,0,2,0,1,0,0,2,0,1,1,0,1,1,1,0,0,0,2,22,40
201000010375,10,7,30,1,1,1,1.0,1.0,0.0,7.0,0.0,0.0,2.0,13.0,1,1,3.0,2.0,2.0,2.0,0.0,61.0,1,0.0,1.0,2,4,2,2,0,0,0,4,0,0,0,2,2,2,0,2,0,1,0,0,0,4,15,30
201200009440,12,6,1,3,1,6,1.0,6.0,0.0,7.0,0.0,15.0,0.0,1.0,1,0,2.0,3.0,2.0,1.0,25.0,60.0,1,5.0,1.0,1,4,1,0,0,0,0,1,1,0,0,0,0,0,0,0,1,1,0,0,0,4,0,45
201700053871,17,9,21,2,2,2,1.0,6.0,2.0,10.0,0.0,0.0,2.0,1.0,1,1,4.0,1.0,1.0,1.0,0.0,90.0,1,0.0,1.0,2,1,4,0,0,0,2,2,0,2,0,2,0,2,0,2,0,1,0,0,0,2,7,10
201200050964,12,11,6,3,1,1,1.0,2.0,0.0,33.0,0.0,0.0,2.0,2.0,1,2,1.0,3.0,6.0,1.0,15.0,210.0,1,0.0,1.0,2,2,4,0,0,0,0,4,0,4,0,0,0,4,0,0,0,1,1,0,0,2,6,56
200900036971,9,10,3,1,2,1,1.0,6.0,0.0,7.0,0.0,0.0,1.0,1.0,3,-1,4.0,1.0,1.0,2.0,0.0,0.0,1,0.0,1.0,1,3,2,0,0,1,0,1,1,0,1,0,0,0,1,0,1,1,0,0,0,3,11,30
200900032368,9,11,18,5,2,1,1.0,4.0,0.0,7.0,0.0,0.0,2.0,2.0,1,1,4.0,3.0,4.0,1.0,15.0,140.0,1,0.0,1.0,4,1,24,8,12,0,4,16,0,0,28,0,4,12,12,8,0,1,1,0,0,2,22,40
201100057432,11,2,4,1,1,1,1.0,2.0,0.0,10.0,0.0,0.0,2.0,1.0,1,1,1.0,1.0,3.0,1.0,20.0,105.0,1,0.0,1.0,2,1,4,2,0,0,2,4,0,6,0,0,0,4,0,2,0,1,1,0,0,2,14,28
201400016656,14,11,27,1,2,1,1.0,3.0,0.0,33.0,0.0,0.0,2.0,1.0,1,2,4.0,1.0,3.0,1.0,0.0,105.0,1,0.0,1.0,2,2,2,0,0,0,0,2,0,0,0,0,2,2,0,0,0,1,0,0,0,2,8,10
201500048884,15,11,3,1,2,2,1.0,6.0,0.0,7.0,0.0,0.0,1.0,15.0,1,1,4.0,1.0,1.0,1.0,0.0,42.0,1,0.0,0.0,1,1,2,0,0,1,0,1,1,0,0,1,0,0,0,2,0,1,0,0,0,2,15,55
200500084236,5,12,17,5,1,1,1.0,3.0,0.0,7.0,0.0,0.0,2.0,1.0,1,1,1.0,3.0,6.0,2.0,20.0,210.0,1,0.0,1.0,2,1,4,4,4,0,0,4,0,4,2,2,0,4,0,4,0,1,0,0,0,2,1,40
200700040704,7,7,20,1,2,1,1.0,6.0,0.0,7.0,0.0,0.0,1.0,4.0,1,1,3.0,2.0,0.0,4.0,0.0,58.0,1,0.0,1.0,1,1,2,0,0,1,0,1,0,0,2,0,0,0,0,1,1,1,0,0,0,3,20,15
201700053768,17,5,29,1,2,7,1.0,6.0,1.0,3.0,0.0,0.0,1.0,0.0,1,1,4.0,2.0,4.0,2.0,0.0,320.0,1,0.0,1.0,1,1,1,3,0,3,0,1,1,0,3,0,0,4,0,0,0,1,0,0,0,2,11,12
201100054986,11,5,18,1,1,1,1.0,6.0,0.0,7.0,0.0,0.0,2.0,1.0,1,1,1.0,3.0,4.0,1.0,15.0,140.0,1,0.0,1.0,2,1,6,0,0,0,2,4,2,2,0,2,0,2,2,2,0,1,0,1,0,3,16,5
200500031283,5,5,24,1,2,1,1.0,3.0,0.0,10.0,0.0,0.0,2.0,13.0,1,1,2.0,1.0,1.0,1.0,0.0,240.0,1,0.0,1.0,2,1,4,0,0,0,0,4,2,2,0,0,0,4,0,0,0,1,0,1,0,2,8,0
201400056106,14,7,23,2,2,3,1.0,2.0,0.0,30.0,0.0,0.0,2.0,2.0,1,2,4.0,1.0,1.0,1.0,0.0,0.0,1,0.0,1.0,2,2,4,0,0,0,0,4,0,0,2,2,0,0,2,2,0,1,1,0,0,2,21,30
200600049542,6,8,14,5,2,3,1.0,6.0,0.0,7.0,0.0,15.0,0.0,15.0,1,-1,9.0,2.0,2.0,1.0,0.0,57.0,1,0.0,4.0,1,1,1,1,0,0,1,1,1,1,0,0,0,0,0,2,0,1,0,0,0,2,0,40
200800004741,8,1,27,1,2,1,1.0,6.0,2.0,7.0,0.0,0.0,0.0,0.0,3,-1,4.0,1.0,1.0,1.0,0.0,50.0,1,0.0,0.0,1,2,0,1,0,1,0,0,1,0,0,0,0,1,0,0,0,0,0,0,0,2,9,55
200700030592,7,5,27,1,1,1,3.0,6.0,0.0,7.0,0.0,12.0,0.0,17.0,1,1,1.0,2.0,4.0,1.0,20.0,120.0,1,1.0,1.0,1,2,0,1,0,0,0,1,0,0,0,1,0,0,0,1,0,1,0,0,0,2,17,58
201300055452,13,10,30,1,2,1,1.0,6.0,0.0,7.0,0.0,0.0,2.0,1.0,1,1,4.0,2.0,3.0,1.0,0.0,80.0,1,0.0,1.0,2,1,4,2,0,2,0,4,0,0,4,0,2,4,0,2,0,1,1,0,0,2,9,20
201500013710,15,1,13,1,2,1,1.0,6.0,1.0,10.0,0.0,0.0,2.0,11.0,1,2,3.0,2.0,0.0,1.0,0.0,0.0,1,0.0,1.0,2,2,2,0,0,0,0,2,0,0,0,0,2,2,0,0,0,0,0,1,0,2,9,15
200600006326,6,2,14,3,1,1,2.0,6.0,0.0,7.0,0.0,2.0,0.0,1.0,1,1,3.0,2.0,0.0,0.0,0.0,45.0,1,0.0,1.0,1,4,1,1,1,0,0,1,0,1,1,0,0,1,1,0,0,1,0,0,0,4,21,15
200500058147,5,9,1,4,2,1,3.0,3.0,0.0,7.0,0.0,0.0,4.0,1.0,1,1,4.0,3.0,4.0,2.0,0.0,0.0,1,4.0,1.0,2,2,8,0,2,0,2,4,0,4,0,4,0,4,0,4,0,1,0,0,0,2,0,50
200600078078,6,12,23,1,2,3,1.0,7.0,0.0,2.0,0.0,0.0,0.0,21.0,1,2,4.0,1.0,3.0,1.0,0.0,90.0,1,0.0,1.0,1,1,1,1,0,0,1,1,0,1,1,0,0,1,0,0,1,0,0,0,0,2,11,10
201300043989,13,5,11,1,2,1,1.0,6.0,0.0,33.0,0.0,0.0,1.0,3.0,1,2,4.0,1.0,2.0,1.0,0.0,75.0,1,0.0,1.0,1,1,1,1,0,1,0,1,0,2,0,0,0,0,1,1,0,1,0,0,0,2,18,50
201600054127,16,1,26,1,2,7,1.0,2.0,1.0,30.0,0.0,0.0,2.0,2.0,1,2,4.0,1.0,1.0,1.0,0.0,0.0,1,5.0,1.0,2,1,2,2,0,0,0,4,2,0,0,0,2,0,0,2,2,0,1,0,0,2,15,30
201700006750,17,7,6,1,1,1,1.0,2.0,1.0,7.0,0.0,0.0,2.0,2.0,1,1,2.0,3.0,2.0,4.0,10.0,70.0,1,2.0,1.0,2,2,2,10,0,4,4,4,0,0,12,0,0,6,4,2,0,1,1,0,0,2,17,0
201700045899,17,9,21,3,1,1,1.0,1.0,2.0,7.0,0.0,0.0,2.0,1.0,1,1,3.0,2.0,2.0,1.0,0.0,-1.0,1,0.0,1.0,2,3,4,0,0,0,0,4,0,0,2,0,2,0,0,4,0,1,0,0,0,3,0,20
200700046826,7,8,19,3,1,1,1.0,6.0,0.0,7.0,0.0,2.0,0.0,1.0,1,1,3.0,2.0,0.0,1.0,0.0,0.0,1,0.0,1.0,1,3,1,0,0,0,0,1,0,0,1,0,0,0,0,0,1,1,0,0,0,3,2,15
200900063235,9,11,3,5,2,1,8.0,3.0,0.0,7.0,0.0,0.0,2.0,12.0,1,-1,3.0,3.0,4.0,1.0,0.0,0.0,1,1.0,1.0,2,1,4,0,0,0,0,4,0,0,2,2,0,2,0,2,0,1,0,1,0,2,17,45
200500042914,5,7,3,3,1,1,8.0,7.0,0.0,7.0,0.0,0.0,0.0,1.0,1,-1,3.0,2.0,2.0,1.0,0.0,41.0,1,0.0,1.0,1,3,3,0,1,0,1,1,1,2,0,0,0,1,1,1,0,0,0,0,0,3,21,45
201000015155,10,1,11,3,1,1,8.0,1.0,0.0,3.0,0.0,0.0,2.0,5.0,1,1,2.0,2.0,2.0,1.0,0.0,76.0,1,0.0,1.0,2,3,4,0,0,0,0,4,0,0,2,2,0,4,0,0,0,1,0,0,0,3,20,15
201600041537,16,10,20,1,2,1,2.0,6.0,0.0,7.0,0.0,0.0,1.0,0.0,1,1,4.0,1.0,2.0,1.0,0.0,40.0,1,5.0,1.0,1,1,2,1,0,1,1,1,0,2,1,0,0,0,1,2,0,1,0,0,0,2,15,50
200500058953,5,9,5,1,2,1,1.0,1.0,0.0,7.0,0.0,0.0,0.0,1.0,1,1,4.0,2.0,2.0,1.0,0.0,0.0,1,0.0,1.0,2,1,6,2,0,0,4,4,4,4,0,0,0,4,0,4,0,1,0,0,0,2,12,40
201400039680,14,3,28,1,2,1,1.0,3.0,0.0,33.0,0.0,0.0,2.0,1.0,1,2,3.0,0.0,0.0,1.0,0.0,0.0,1,4.0,1.0,2,2,2,2,0,0,0,4,0,2,2,0,0,4,0,0,0,1,0,0,0,2,16,45
200500033670,5,6,28,1,2,1,1.0,6.0,0.0,7.0,0.0,3.0,0.0,0.0,1,-1,4.0,2.0,2.0,0.0,0.0,60.0,1,0.0,1.0,1,1,1,1,0,0,1,1,0,2,0,0,0,0,0,2,0,0,0,0,1,2,11,0
201600008091,16,5,5,1,1,1,1.0,7.0,1.0,33.0,0.0,3.0,0.0,1.0,1,2,2.0,2.0,0.0,1.0,0.0,70.0,1,0.0,1.0,1,4,1,1,0,0,1,1,0,1,1,0,0,1,0,0,1,0,0,1,0,4,18,0
200700047247,7,8,11,3,2,1,1.0,3.0,0.0,7.0,0.0,0.0,2.0,15.0,1,1,2.0,2.0,2.0,1.0,0.0,70.0,1,0.0,1.0,2,1,2,2,0,0,0,4,0,0,4,0,0,2,0,0,2,1,0,1,0,3,22,45
200900044034,9,9,3,1,1,1,3.0,2.0,0.0,7.0,0.0,0.0,2.0,1.0,1,1,3.0,2.0,2.0,1.0,0.0,66.0,1,0.0,1.0,2,1,2,2,0,0,0,4,0,0,0,0,4,2,0,2,0,1,1,0,0,3,10,45
201300039911,13,6,21,5,2,1,1.0,6.0,0.0,7.0,0.0,0.0,1.0,1.0,1,1,3.0,2.0,2.0,1.0,0.0,60.0,1,0.0,1.0,1,1,4,0,1,1,1,1,0,0,4,0,0,0,1,3,0,1,0,0,0,4,21,5
201700036194,17,11,24,2,2,2,1.0,6.0,0.0,7.0,0.0,0.0,1.0,1.0,1,1,3.0,3.0,2.0,1.0,0.0,0.0,1,0.0,1.0,1,1,2,1,0,2,0,1,0,0,3,0,0,0,0,0,3,1,0,0,0,2,17,30
201200056185,12,8,17,5,2,2,1.0,3.0,0.0,7.0,0.0,0.0,2.0,15.0,1,1,4.0,2.0,4.0,1.0,0.0,100.0,1,2.0,1.0,2,1,2,2,0,0,0,4,0,0,2,0,2,0,0,4,0,1,0,1,0,2,23,45
201100042416,11,6,14,1,2,1,2.0,6.0,0.0,30.0,0.0,0.0,1.0,1.0,1,2,4.0,2.0,3.0,1.0,0.0,90.0,1,0.0,1.0,1,2,2,0,0,1,0,1,1,0,0,1,0,0,0,2,0,1,0,0,0,2,7,10
200700080687,7,12,7,5,2,1,2.0,2.0,0.0,34.0,0.0,0.0,0.0,2.0,1,2,4.0,2.0,1.0,1.0,0.0,124.0,1,0.0,1.0,2,1,4,0,0,0,0,4,2,0,0,0,2,4,0,0,0,1,1,0,0,2,20,40
200800009661,8,2,9,1,2,1,1.0,6.0,0.0,7.0,0.0,0.0,1.0,1.0,1,1,9.0,2.0,2.0,1.0,0.0,70.0,1,0.0,1.0,1,1,1,1,0,1,0,1,0,0,2,0,0,0,0,0,2,1,0,0,0,2,15,30
200600019621,6,4,15,1,2,3,1.0,6.0,0.0,7.0,0.0,0.0,2.0,11.0,1,1,3.0,1.0,3.0,1.0,0.0,0.0,1,0.0,1.0,2,1,4,2,0,0,2,4,0,2,4,0,0,4,0,2,0,1,1,0,0,2,10,30
200600040406,6,7,21,1,2,3,1.0,3.0,0.0,2.0,0.0,0.0,2.0,5.0,1,2,4.0,2.0,4.0,1.0,0.0,120.0,1,0.0,1.0,2,2,4,0,0,0,0,4,0,0,2,2,0,2,0,2,0,1,0,1,0,2,9,40
200500039734,5,6,13,1,1,1,1.0,6.0,0.0,7.0,0.0,2.0,0.0,1.0,1,1,3.0,2.0,2.0,1.0,0.0,63.0,1,0.0,1.0,1,3,1,1,0,0,1,1,0,1,1,0,0,0,0,0,2,1,0,0,0,4,14,30
201300016646,13,4,8,1,2,1,1.0,1.0,0.0,1.0,0.0,0.0,2.0,13.0,1,0,3.0,2.0,0.0,1.0,0.0,62.0,1,0.0,1.0,2,3,2,2,0,0,0,4,2,0,2,0,0,0,2,0,2,1,0,0,0,3,16,30
201600013125,16,11,16,1,1,1,1.0,6.0,0.0,10.0,0.0,0.0,1.0,4.0,1,1,6.0,0.0,0.0,1.0,0.0,0.0,1,0.0,0.0,1,1,1,1,0,1,0,1,0,2,0,0,0,0,0,1,1,0,1,0,0,3,10,50
201700033779,17,9,16,1,1,2,2.0,6.0,2.0,7.0,0.0,0.0,2.0,1.0,1,1,3.0,2.0,2.0,1.0,0.0,67.0,1,0.0,1.0,2,2,2,2,0,0,0,4,0,0,4,0,0,2,0,2,0,1,0,1,0,3,13,45
201600009279,16,7,31,1,2,1,1.0,3.0,1.0,7.0,0.0,0.0,2.0,15.0,1,1,2.0,2.0,0.0,1.0,80.0,0.0,1,0.0,1.0,2,1,4,0,0,0,0,4,0,0,4,0,0,0,0,2,2,1,0,1,0,3,19,45
200900052024,9,12,12,1,1,1,8.0,7.0,0.0,33.0,0.0,13.0,0.0,0.0,1,2,3.0,2.0,2.0,1.0,0.0,0.0,1,0.0,0.0,1,3,1,0,0,0,0,1,0,0,1,0,0,0,0,1,0,0,0,0,0,3,16,15
201500011704,15,7,10,3,1,1,1.0,2.0,0.0,7.0,0.0,3.0,0.0,9.0,1,1,1.0,3.0,3.0,1.0,15.0,105.0,1,0.0,1.0,2,2,6,6,4,2,2,4,0,8,4,0,0,4,4,2,2,1,1,0,0,3,0,45
201400047743,14,11,8,1,1,1,1.0,4.0,0.0,7.0,0.0,0.0,0.0,2.0,1,1,1.0,1.0,4.0,1.0,15.0,35.0,1,1.0,1.0,3,1,15,6,9,0,3,9,0,15,6,0,0,6,12,3,0,1,1,0,0,3,12,50
201400050064,14,11,30,1,1,1,1.0,6.0,0.0,7.0,0.0,0.0,2.0,0.0,1,1,1.0,1.0,8.0,1.0,50.0,210.0,1,0.0,1.0,2,2,6,6,4,0,4,4,0,4,8,0,0,2,4,2,4,1,1,0,0,2,16,35
201500054798,15,12,28,1,2,1,1.0,1.0,0.0,7.0,0.0,0.0,2.0,13.0,1,1,4.0,2.0,4.0,3.0,0.0,0.0,1,1.0,1.0,2,1,4,0,0,0,0,4,0,0,4,0,0,2,0,2,0,1,0,0,0,2,16,10
200500062889,5,10,9,3,1,1,1.0,1.0,0.0,7.0,0.0,0.0,2.0,2.0,1,1,2.0,2.0,2.0,1.0,0.0,60.0,1,0.0,1.0,2,1,6,0,0,0,2,4,0,2,4,0,0,0,0,6,0,1,1,0,0,3,3,30
201500035046,15,2,1,5,1,1,1.0,7.0,0.0,34.0,0.0,0.0,0.0,1.0,1,2,4.0,2.0,2.0,2.0,0.0,80.0,1,0.0,1.0,2,3,4,0,0,0,0,4,0,0,4,0,0,0,0,2,2,0,0,0,0,3,18,35
201200039604,12,9,14,1,2,1,1.0,2.0,0.0,10.0,0.0,0.0,2.0,2.0,1,1,4.0,2.0,3.0,1.0,0.0,90.0,1,0.0,1.0,2,1,4,0,0,0,0,4,0,2,0,2,0,2,0,0,2,1,1,0,0,2,13,30
201300053690,13,3,27,1,2,1,1.0,6.0,0.0,10.0,0.0,0.0,1.0,20.0,1,1,4.0,2.0,2.0,1.0,0.0,135.0,1,0.0,1.0,1,1,1,1,0,1,0,1,0,0,1,0,1,0,0,1,1,0,1,0,0,2,11,45
201400054264,14,9,21,1,2,1,1.0,6.0,0.0,7.0,0.0,0.0,2.0,1.0,1,1,4.0,3.0,0.0,1.0,0.0,0.0,1,0.0,1.0,2,1,2,2,0,0,0,4,0,0,2,0,2,4,0,0,0,0,1,1,0,2,16,25
201200007975,12,9,3,3,1,1,1.0,1.0,0.0,7.0,0.0,0.0,2.0,1.0,1,1,3.0,2.0,2.0,1.0,0.0,64.0,1,0.0,1.0,2,1,4,0,0,0,0,4,0,0,4,0,0,4,0,0,0,1,0,0,0,4,22,15
200800038655,8,7,25,1,2,1,1.0,1.0,0.0,30.0,0.0,0.0,2.0,17.0,1,2,4.0,0.0,2.0,1.0,0.0,80.0,1,0.0,1.0,2,2,4,0,0,0,0,4,2,0,0,2,0,2,0,2,0,1,0,0,0,2,11,30
201100042692,11,5,28,1,2,1,1.0,6.0,0.0,7.0,0.0,0.0,1.0,1.0,1,1,4.0,1.0,1.0,1.0,0.0,70.0,1,0.0,1.0,1,1,2,0,0,1,0,1,0,2,0,0,0,0,1,1,0,1,0,0,0,2,18,15
201100016082,11,7,26,1,2,1,1.0,2.0,0.0,2.0,0.0,0.0,2.0,1.0,1,2,4.0,3.0,2.0,1.0,0.0,70.0,1,0.0,1.0,2,2,4,0,0,0,0,4,0,2,2,0,0,2,2,0,0,1,1,0,0,2,14,0
201500017707,15,2,9,1,1,1,1.0,4.0,0.0,7.0,0.0,0.0,2.0,23.0,1,1,3.0,2.0,2.0,1.0,20.0,60.0,1,0.0,1.0,3,2,3,6,0,0,0,9,6,0,0,0,3,3,0,6,0,1,1,0,0,2,13,30
200500083552,5,12,11,1,2,2,1.0,7.0,0.0,7.0,0.0,0.0,0.0,4.0,1,1,4.0,1.0,2.0,1.0,0.0,0.0,1,0.0,1.0,1,1,1,1,0,1,0,1,0,1,1,0,0,1,0,0,1,0,1,0,0,2,10,55
200600075162,6,12,30,5,2,1,1.0,7.0,0.0,7.0,0.0,11.0,0.0,13.0,1,1,4.0,2.0,4.0,1.0,0.0,98.0,1,0.0,1.0,1,1,3,0,1,0,1,1,0,2,0,1,0,3,0,0,0,1,0,0,0,3,4,28
201400019211,14,7,18,1,1,1,1.0,6.0,0.0,33.0,0.0,8.0,0.0,1.0,1,2,3.0,2.0,2.0,2.0,0.0,0.0,1,0.0,3.0,1,3,1,0,0,0,0,1,0,1,0,0,0,1,0,0,0,1,0,0,0,3,18,45
201500006060,15,5,11,1,1,1,1.0,7.0,0.0,1.0,0.0,0.0,0.0,1.0,1,2,3.0,2.0,0.0,2.0,0.0,50.0,1,0.0,1.0,1,3,0,1,0,0,0,1,0,0,1,0,0,0,0,0,1,1,0,0,0,3,14,0
201200047908,12,3,27,1,2,1,1.0,2.0,0.0,7.0,0.0,0.0,2.0,2.0,1,1,3.0,2.0,3.0,1.0,0.0,90.0,1,0.0,1.0,2,1,2,2,0,0,0,4,2,0,2,0,0,2,0,0,2,1,1,0,0,3,13,40
201000026191,10,3,26,1,1,1,1.0,3.0,0.0,33.0,0.0,0.0,2.0,17.0,1,2,2.0,2.0,2.0,1.0,0.0,98.0,1,0.0,1.0,2,3,2,2,0,0,0,4,0,0,0,0,4,2,0,2,0,1,0,0,0,3,16,27
200800025093,8,5,27,1,2,3,8.0,7.0,0.0,7.0,0.0,9.0,0.0,1.0,1,1,4.0,2.0,2.0,1.0,0.0,60.0,1,0.0,1.0,1,2,1,1,0,0,1,1,0,1,1,0,0,0,0,0,2,1,0,0,0,2,20,6
200900043565,9,10,30,3,1,1,5.0,1.0,0.0,7.0,0.0,0.0,2.0,13.0,2,1,3.0,2.0,2.0,1.0,0.0,67.0,1,2.0,1.0,2,1,6,0,0,0,2,4,0,2,2,0,2,2,0,4,0,1,0,0,0,3,4,45
201700020545,17,5,16,2,2,1,1.0,3.0,0.0,1.0,0.0,0.0,2.0,9.0,1,2,3.0,2.0,2.0,1.0,0.0,51.0,1,0.0,1.0,2,3,2,2,0,0,0,4,2,0,2,0,0,2,2,0,0,1,0,0,0,3,21,50
200700067420,7,10,14,1,2,5,1.0,3.0,0.0,7.0,0.0,0.0,2.0,1.0,1,-1,3.0,2.0,3.0,1.0,0.0,120.0,1,0.0,1.0,2,1,4,0,0,0,0,4,0,0,2,2,0,0,0,4,0,1,0,0,0,3,8,45
201400031308,14,3,23,1,2,1,1.0,1.0,0.0,33.0,0.0,0.0,2.0,1.0,1,2,5.0,0.0,0.0,0.0,0.0,0.0,-1,0.0,0.0,2,3,4,0,0,0,0,4,4,0,0,0,0,2,0,2,0,1,0,0,0,3,14,0
201500047612,15,12,23,5,1,1,1.0,7.0,0.0,31.0,0.0,16.0,0.0,1.0,1,2,1.0,3.0,2.0,1.0,15.0,70.0,1,1.0,1.0,1,2,1,0,0,0,0,1,0,0,1,0,0,0,0,1,0,0,0,1,0,2,4,35
201400042799,14,12,9,5,2,2,1.0,3.0,0.0,1.0,0.0,0.0,2.0,1.0,1,9,4.0,2.0,2.0,1.0,0.0,0.0,1,0.0,1.0,2,2,2,0,0,0,0,2,0,0,0,0,2,2,0,0,0,1,0,0,0,2,6,45
201000061355,10,4,8,1,2,1,2.0,7.0,0.0,30.0,0.0,0.0,0.0,1.0,1,2,4.0,3.0,4.0,2.0,0.0,120.0,1,0.0,1.0,1,2,0,1,0,0,0,1,1,0,0,0,0,0,0,1,0,0,0,0,0,2,8,4
201100017426,11,1,17,3,1,1,1.0,6.0,0.0,7.0,0.0,16.0,0.0,1.0,1,1,3.0,2.0,0.0,2.0,0.0,0.0,1,0.0,0.0,1,3,1,0,0,0,0,1,0,0,1,0,0,0,0,1,0,1,0,0,0,3,22,30
201000053095,10,7,5,1,2,1,1.0,3.0,0.0,30.0,0.0,0.0,2.0,17.0,1,2,3.0,3.0,4.0,2.0,0.0,0.0,1,0.0,1.0,2,2,8,0,2,0,2,4,0,0,0,6,2,4,0,4,0,1,0,1,0,2,18,35
201200044266,12,7,9,5,2,1,1.0,6.0,0.0,7.0,0.0,0.0,0.0,2.0,1,1,3.0,2.0,1.0,1.0,0.0,0.0,1,0.0,1.0,2,3,2,6,2,0,4,2,0,8,0,0,0,0,4,4,0,1,1,0,0,3,22,45
200700042104,7,7,14,1,2,1,1.0,7.0,0.0,2.0,0.0,0.0,0.0,0.0,1,2,4.0,1.0,1.0,1.0,0.0,0.0,0,0.0,1.0,1,2,0,1,0,0,0,1,0,0,1,0,0,0,0,1,0,0,0,0,0,2,12,0
201400016213,14,10,11,5,2,1,1.0,2.0,0.0,7.0,0.0,0.0,2.0,2.0,1,1,3.0,2.0,0.0,1.0,0.0,0.0,1,5.0,0.0,2,1,4,2,0,0,2,4,0,0,6,0,0,6,0,0,0,1,1,0,0,2,0,1
200900071579,9,8,22,5,2,6,1.0,6.0,0.0,7.0,0.0,6.0,0.0,1.0,1,-1,4.0,2.0,2.0,1.0,0.0,88.0,1,2.0,4.0,1,3,1,0,0,0,0,1,0,1,0,0,0,0,0,1,0,1,0,0,0,3,5,20
201300035981,13,6,19,1,1,2,1.0,3.0,0.0,15.0,0.0,0.0,2.0,9.0,1,1,3.0,0.0,0.0,0.0,0.0,-1.0,1,0.0,0.0,2,1,4,0,0,0,0,4,0,0,0,2,2,4,0,0,0,1,0,1,0,2,18,25
201300036933,13,3,11,1,2,6,1.0,3.0,0.0,7.0,0.0,0.0,2.0,9.0,1,1,3.0,2.0,2.0,1.0,60.0,75.0,1,0.0,1.0,2,1,2,2,0,0,0,4,2,0,0,0,2,2,0,2,0,1,0,0,0,2,11,0
201500048870,15,10,28,1,2,1,3.0,3.0,0.0,7.0,0.0,0.0,2.0,16.0,1,1,4.0,2.0,4.0,1.0,0.0,115.0,1,0.0,1.0,2,1,6,0,0,0,2,4,2,0,0,4,0,4,0,2,0,0,1,0,0,2,14,58