Num_Acc,an,mois,jour,lum,agg,int,atm,col,senc,catv,occutc,obs,obsm,manv,catu,secu,catr,circ,nbv,prof,lartpc,larrout,surf,infra,situ,nb_veh,grav_simpl,Homme,Femme,Arrière,Autre_x,Avant,Conducteur,Autre_y,Inconnu,Loisirs,Professionnel,Travail,Adulte,Enfant,Jeune,Senior,choc_avant,choc_arriere,choc_lateral,choc_multiple,grav_order_max,heure,minute
201400035038,14,1,14,5,2,6,1.0,6.0,0.0,7.0,0.0,15.0,0.0,1.0,1,1,3.0,2.0,3.0,-1.0,0.0,-1.0,-1,0.0,-1.0,1,3,1,0,0,0,0,1,0,0,1,0,0,0,0,1,0,1,0,0,0,3,2,5
201500047962,15,6,20,1,2,2,1.0,6.0,0.0,7.0,0.0,0.0,1.0,16.0,1,1,4.0,1.0,1.0,0.0,0.0,0.0,-1,0.0,4.0,1,1,0,2,0,1,0,1,0,1,0,1,0,1,1,0,0,1,0,0,0,2,9,0
200900018778,9,3,6,3,1,1,1.0,6.0,0.0,33.0,0.0,0.0,6.0,1.0,1,2,1.0,3.0,2.0,1.0,25.0,66.0,1,0.0,1.0,1,2,1,1,0,0,1,1,0,1,1,0,0,2,0,0,0,1,0,0,0,4,20,45
200600028158,6,5,7,5,2,1,1.0,6.0,1.0,7.0,0.0,0.0,2.0,0.0,1,1,4.0,3.0,4.0,1.0,15.0,120.0,1,0.0,1.0,4,2,8,4,0,0,0,12,0,0,0,4,8,12,0,0,0,1,1,0,0,2,22,10
201500017282,15,7,26,3,1,2,3.0,3.0,0.0,7.0,0.0,0.0,2.0,19.0,1,1,3.0,2.0,2.0,2.0,0.0,0.0,1,0.0,1.0,2,1,4,2,2,0,0,4,0,2,2,0,2,2,0,0,4,1,1,0,0,2,23,0
200700056785,7,9,1,1,2,1,1.0,6.0,0.0,7.0,0.0,0.0,1.0,4.0,1,-1,4.0,1.0,1.0,1.0,0.0,54.0,1,0.0,1.0,1,1,1,1,0,1,0,1,0,0,2,0,0,0,0,1,1,0,1,0,0,2,20,10
200500002726,5,1,10,1,2,6,1.0,3.0,0.0,10.0,0.0,0.0,9.0,9.0,1,1,4.0,4.0,1.0,1.0,0.0,0.0,1,5.0,1.0,2,1,4,0,0,0,0,4,0,2,2,0,0,2,0,2,0,1,0,1,0,2,15,0
201500018161,15,3,13,1,2,1,1.0,2.0,0.0,7.0,0.0,0.0,2.0,2.0,1,1,3.0,2.0,2.0,1.0,0.0,50.0,1,0.0,1.0,2,1,4,0,0,0,0,4,4,0,0,0,0,2,0,2,0,1,1,0,0,3,16,30
200700001762,7,1,7,5,2,1,1.0,6.0,0.0,7.0,0.0,0.0,1.0,1.0,1,1,3.0,3.0,2.0,1.0,0.0,51.0,1,0.0,1.0,1,1,1,1,0,1,0,1,0,0,1,1,0,1,1,0,0,1,0,0,0,3,17,50
200500070605,5,11,2,1,1,1,2.0,7.0,0.0,5.0,0.0,3.0,0.0,17.0,1,2,2.0,3.0,2.0,1.0,0.0,110.0,1,0.0,1.0,1,4,1,0,0,0,0,1,0,1,0,0,0,1,0,0,0,0,0,0,0,4,14,20
200500008808,5,2,16,5,2,1,1.0,6.0,0.0,7.0,0.0,12.0,0.0,1.0,1,1,4.0,2.0,4.0,1.0,0.0,120.0,1,0.0,1.0,1,1,2,0,0,0,1,1,0,1,0,1,0,2,0,0,0,0,0,1,0,2,3,15
201300005779,13,11,6,3,1,1,2.0,6.0,0.0,7.0,0.0,2.0,0.0,1.0,1,1,3.0,2.0,2.0,0.0,0.0,60.0,1,0.0,1.0,1,2,1,0,0,0,0,1,0,1,0,0,0,1,0,0,0,1,0,0,0,2,18,45
200900015526,9,3,31,1,2,1,1.0,6.0,1.0,15.0,0.0,0.0,1.0,1.0,1,1,4.0,2.0,2.0,1.0,0.0,64.0,1,0.0,1.0,1,1,2,0,0,1,0,1,0,0,0,1,1,2,0,0,0,1,0,0,0,3,8,16
200600017208,6,4,4,3,1,1,1.0,1.0,0.0,7.0,0.0,0.0,2.0,15.0,1,1,3.0,2.0,2.0,2.0,0.0,70.0,1,0.0,1.0,2,1,6,0,0,0,2,4,0,2,4,0,0,4,0,2,0,1,0,0,0,3,21,15
201400021079,14,9,11,1,2,1,1.0,3.0,0.0,1.0,0.0,0.0,2.0,1.0,1,0,4.0,0.0,0.0,2.0,0.0,100.0,1,0.0,0.0,2,3,2,2,0,0,0,4,0,0,2,0,2,2,0,0,2,0,0,1,0,3,10,52
201700028156,17,1,9,1,2,1,1.0,3.0,2.0,7.0,0.0,0.0,2.0,1.0,1,1,4.0,2.0,1.0,1.0,0.0,60.0,-1,0.0,1.0,2,1,6,2,4,0,0,4,4,2,0,0,2,2,4,0,2,1,0,1,0,2,8,29
201100050935,11,11,15,1,2,1,1.0,7.0,0.0,7.0,0.0,0.0,1.0,1.0,1,1,3.0,2.0,2.0,1.0,0.0,0.0,1,0.0,1.0,1,1,1,1,0,1,0,1,0,0,0,0,2,2,0,0,0,1,0,0,0,2,8,30
200900041379,9,4,21,1,1,1,3.0,7.0,0.0,7.0,0.0,4.0,0.0,14.0,1,0,1.0,1.0,2.0,2.0,0.0,70.0,0,0.0,1.0,1,3,1,0,0,0,0,1,0,0,1,0,0,1,0,0,0,1,0,0,0,3,19,22
200700004920,7,1,9,5,2,1,1.0,6.0,0.0,30.0,0.0,0.0,0.0,1.0,1,2,4.0,2.0,2.0,4.0,0.0,60.0,1,0.0,1.0,1,3,1,0,0,0,0,1,0,1,0,0,0,0,1,0,0,1,0,0,0,3,22,15
201100063686,11,6,20,1,2,1,1.0,6.0,0.0,32.0,0.0,0.0,1.0,1.0,1,2,4.0,2.0,1.0,1.0,0.0,0.0,1,0.0,1.0,1,1,1,1,0,1,0,1,0,1,0,1,0,2,0,0,0,1,0,0,0,2,9,35
201300048403,13,6,13,1,2,2,3.0,6.0,0.0,7.0,0.0,0.0,1.0,15.0,1,1,4.0,1.0,0.0,1.0,0.0,0.0,1,0.0,1.0,1,1,0,2,0,1,0,1,1,1,0,0,0,1,0,1,0,1,0,0,0,2,19,45
201200004628,12,11,14,2,2,1,1.0,6.0,0.0,7.0,0.0,0.0,1.0,1.0,1,1,3.0,2.0,2.0,2.0,0.0,60.0,1,6.0,1.0,1,1,0,2,0,1,0,1,1,0,1,0,0,1,1,0,0,1,0,0,0,3,14,30
201100017743,11,4,20,1,2,3,1.0,1.0,0.0,7.0,0.0,0.0,9.0,1.0,1,1,4.0,0.0,0.0,2.0,0.0,0.0,1,0.0,1.0,2,1,2,2,0,0,0,4,0,0,4,0,0,2,2,0,0,1,0,1,0,2,14,0
201100007162,11,3,5,3,1,1,1.0,7.0,0.0,33.0,0.0,13.0,0.0,1.0,1,2,3.0,2.0,2.0,2.0,0.0,70.0,1,0.0,1.0,1,3,1,0,0,0,0,1,0,0,1,0,0,0,0,1,0,1,0,0,0,3,19,30
201400036445,14,11,8,5,2,1,1.0,7.0,0.0,1.0,0.0,0.0,1.0,21.0,1,-1,4.0,2.0,2.0,1.0,0.0,0.0,1,0.0,1.0,1,1,2,0,0,1,0,1,0,2,0,0,0,1,0,1,0,1,0,0,0,2,21,45
200500060081,5,9,22,1,2,2,1.0,6.0,1.0,5.0,0.0,0.0,1.0,0.0,3,-1,4.0,2.0,2.0,1.0,0.0,60.0,1,0.0,1.0,1,2,1,0,0,1,0,0,0,0,1,0,0,1,0,0,0,1,0,0,0,2,10,25
200800001665,8,1,15,1,2,1,1.0,2.0,0.0,7.0,0.0,0.0,2.0,2.0,1,1,4.0,2.0,2.0,1.0,0.0,0.0,1,0.0,1.0,2,1,4,2,0,0,2,4,0,4,0,2,0,2,0,4,0,1,1,0,0,3,12,30
201000008326,10,6,2,1,2,1,1.0,1.0,0.0,7.0,0.0,6.0,0.0,1.0,1,1,4.0,0.0,1.0,2.0,0.0,65.0,1,0.0,1.0,2,2,4,0,0,0,0,4,0,0,2,2,0,2,0,0,2,1,0,0,0,2,10,15
200500079580,5,12,29,3,1,1,1.0,6.0,0.0,7.0,0.0,0.0,0.0,1.0,1,1,3.0,2.0,2.0,2.0,0.0,66.0,1,0.0,1.0,1,4,2,0,0,0,1,1,0,1,1,0,0,0,0,2,0,0,0,0,1,4,22,0
200600063121,6,10,9,1,2,1,1.0,3.0,0.0,4.0,0.0,0.0,2.0,9.0,1,2,4.0,2.0,2.0,1.0,0.0,60.0,1,0.0,1.0,2,1,0,4,0,0,0,4,0,0,0,4,0,2,0,2,0,1,0,0,0,2,10,15
200600076483,6,12,27,1,2,1,1.0,6.0,0.0,2.0,0.0,0.0,2.0,17.0,1,2,4.0,1.0,2.0,1.0,0.0,140.0,1,0.0,1.0,2,1,2,2,0,0,0,4,0,0,4,0,0,0,2,0,2,0,0,1,0,2,9,2
201600017484,16,1,10,1,1,1,1.0,6.0,0.0,7.0,0.0,0.0,0.0,0.0,1,1,3.0,0.0,0.0,0.0,0.0,0.0,-1,0.0,0.0,1,3,1,0,0,0,0,1,0,1,0,0,0,1,0,0,0,0,0,0,0,3,3,0
200700046788,7,8,17,1,2,1,1.0,3.0,0.0,7.0,0.0,0.0,9.0,1.0,1,1,9.0,2.0,2.0,1.0,0.0,0.0,1,0.0,1.0,2,1,2,4,0,0,2,4,0,2,4,0,0,2,4,0,0,1,0,0,0,3,9,15
200700013276,7,3,4,1,1,1,1.0,7.0,0.0,7.0,0.0,13.0,0.0,1.0,1,1,3.0,2.0,2.0,1.0,0.0,0.0,1,0.0,1.0,1,3,1,0,0,0,0,1,0,0,1,0,0,1,0,0,0,1,0,0,0,3,13,0
200600018060,6,4,7,5,1,9,1.0,2.0,0.0,7.0,0.0,0.0,9.0,2.0,1,1,4.0,2.0,2.0,1.0,35.0,78.0,1,0.0,1.0,2,1,4,2,0,0,2,4,0,2,4,0,0,0,0,6,0,1,0,0,1,2,20,40
201300049766,13,2,3,3,1,1,1.0,7.0,0.0,7.0,0.0,0.0,0.0,21.0,1,1,1.0,1.0,2.0,2.0,20.0,140.0,1,0.0,0.0,1,2,2,0,0,0,1,1,0,0,2,0,0,0,0,2,0,0,0,0,1,2,22,30
201100026922,11,11,1,5,1,1,1.0,6.0,0.0,7.0,0.0,2.0,0.0,0.0,1,1,4.0,2.0,0.0,1.0,0.0,0.0,1,0.0,1.0,1,3,1,1,1,0,0,1,0,0,2,0,0,0,0,2,0,1,0,0,0,3,2,0
200900018997,9,3,24,1,2,2,1.0,3.0,0.0,7.0,0.0,15.0,2.0,15.0,1,1,4.0,2.0,0.0,2.0,0.0,0.0,1,0.0,1.0,2,2,2,2,0,0,0,4,2,0,0,0,2,2,0,2,0,1,0,0,0,2,10,0
201500047691,15,3,14,5,2,4,1.0,1.0,0.0,31.0,0.0,0.0,2.0,1.0,1,2,4.0,2.0,2.0,3.0,0.0,77.0,1,0.0,1.0,2,3,4,0,0,0,0,4,4,0,0,0,0,4,0,0,0,1,0,0,0,3,0,55
201100006004,11,5,25,1,2,1,1.0,3.0,0.0,30.0,0.0,0.0,2.0,1.0,1,2,4.0,1.0,0.0,1.0,0.0,0.0,1,0.0,1.0,2,3,2,2,0,0,0,4,2,0,2,0,0,2,0,2,0,1,0,0,0,3,13,15
200900069125,9,8,5,1,2,3,1.0,3.0,0.0,33.0,0.0,0.0,2.0,17.0,1,2,2.0,2.0,2.0,1.0,0.0,0.0,1,0.0,1.0,2,2,2,2,0,0,0,4,0,4,0,0,0,4,0,0,0,1,0,1,0,2,16,45
201300045004,13,12,24,3,2,1,2.0,6.0,0.0,7.0,0.0,1.0,2.0,1.0,1,1,3.0,2.0,2.0,1.0,0.0,-1.0,1,0.0,1.0,1,3,1,0,0,0,0,1,0,0,1,0,0,1,0,0,0,1,0,0,0,3,18,51
201500046549,15,7,14,1,1,1,1.0,3.0,0.0,7.0,0.0,4.0,2.0,0.0,1,1,1.0,1.0,1.0,2.0,15.0,30.0,1,0.0,2.0,2,3,4,0,0,0,0,4,2,0,2,0,0,4,0,0,0,1,0,1,0,3,19,59
200700061379,7,10,5,1,1,1,1.0,2.0,0.0,7.0,0.0,0.0,0.0,2.0,1,1,3.0,2.0,2.0,1.0,0.0,62.0,1,0.0,1.0,2,1,2,2,0,0,0,4,0,0,4,0,0,2,0,0,2,1,1,0,0,2,16,30
200900021154,9,6,3,1,2,1,1.0,6.0,0.0,40.0,0.0,0.0,1.0,1.0,3,-1,4.0,1.0,1.0,1.0,0.0,64.0,1,4.0,0.0,1,2,2,0,0,1,0,1,0,0,1,1,0,1,1,0,0,0,0,0,0,2,15,18
201600051178,16,11,15,5,2,3,2.0,6.0,1.0,7.0,0.0,7.0,0.0,1.0,1,1,4.0,1.0,4.0,1.0,0.0,125.0,1,5.0,1.0,1,2,1,0,0,0,0,1,0,0,0,0,1,0,0,1,0,1,0,0,0,2,1,50
201400034738,14,11,24,1,1,2,1.0,3.0,0.0,7.0,0.0,0.0,2.0,15.0,1,1,3.0,2.0,2.0,1.0,0.0,-1.0,1,5.0,1.0,2,2,8,2,4,0,2,4,0,0,8,2,0,4,6,0,0,1,0,1,0,2,9,15
200600020030,6,4,11,1,2,1,7.0,3.0,0.0,7.0,0.0,0.0,2.0,1.0,1,-1,4.0,2.0,2.0,1.0,0.0,67.0,1,0.0,1.0,2,1,2,2,0,0,0,4,0,2,2,0,0,2,2,0,0,1,0,0,0,3,19,5
200500031943,5,5,10,1,1,1,1.0,3.0,0.0,2.0,0.0,0.0,2.0,17.0,1,2,1.0,1.0,2.0,1.0,0.0,70.0,1,0.0,1.0,2,2,0,4,0,0,0,4,0,0,0,0,4,4,0,0,0,0,0,1,0,2,19,30
200600044972,6,8,28,3,1,1,1.0,4.0,0.0,7.0,0.0,16.0,2.0,0.0,1,1,3.0,2.0,0.0,1.0,0.0,70.0,1,0.0,1.0,3,2,6,3,0,0,0,9,6,3,0,0,0,9,0,0,0,1,0,0,0,3,22,15
200900055571,9,11,5,2,2,3,8.0,3.0,0.0,2.0,0.0,0.0,2.0,1.0,1,2,3.0,2.0,2.0,1.0,0.0,70.0,1,5.0,1.0,2,2,2,2,0,0,0,4,0,0,4,0,0,2,0,2,0,1,0,0,0,2,7,30
201000057611,10,11,26,3,1,1,4.0,3.0,0.0,32.0,0.0,0.0,2.0,3.0,1,2,1.0,3.0,6.0,2.0,15.0,210.0,1,0.0,1.0,2,3,4,0,0,0,0,4,0,0,0,0,4,0,0,4,0,1,1,0,0,3,17,53
200500011435,5,2,13,1,1,1,1.0,3.0,0.0,7.0,0.0,0.0,2.0,1.0,1,1,3.0,2.0,0.0,0.0,60.0,0.0,1,0.0,1.0,2,1,6,2,0,0,4,4,0,4,4,0,0,0,0,2,6,1,0,1,0,2,12,45
200600005659,6,1,26,5,2,1,8.0,6.0,0.0,7.0,0.0,2.0,0.0,1.0,1,1,4.0,2.0,2.0,1.0,0.0,40.0,0,0.0,4.0,1,3,1,0,0,0,0,1,0,0,0,0,1,0,0,1,0,1,0,0,0,3,5,30
201700046435,17,2,12,1,1,1,1.0,2.0,2.0,15.0,0.0,0.0,2.0,1.0,1,1,1.0,3.0,4.0,1.0,15.0,35.0,1,0.0,1.0,2,1,6,0,0,0,2,4,0,0,4,2,0,4,0,2,0,0,1,1,0,2,15,50
201300056275,13,2,16,5,2,1,1.0,2.0,0.0,31.0,0.0,0.0,2.0,3.0,1,2,4.0,1.0,3.0,1.0,15.0,105.0,1,0.0,1.0,2,3,4,0,0,0,0,4,0,0,0,0,4,0,0,4,0,1,1,0,0,3,20,40
201200032857,12,9,27,1,2,2,1.0,3.0,0.0,7.0,0.0,0.0,9.0,15.0,1,-1,4.0,3.0,4.0,1.0,120.0,130.0,1,0.0,1.0,2,1,2,4,0,0,2,4,4,0,2,0,0,0,2,2,2,1,0,1,0,3,14,50
201000034215,10,2,23,5,2,1,8.0,6.0,0.0,7.0,0.0,1.0,0.0,0.0,1,1,4.0,0.0,2.0,1.0,0.0,0.0,1,0.0,1.0,1,2,1,0,0,0,0,1,0,0,1,0,0,0,0,1,0,1,0,0,0,2,4,43
201600003946,16,7,28,1,1,2,1.0,3.0,2.0,10.0,0.0,0.0,2.0,1.0,1,1,2.0,2.0,2.0,2.0,0.0,74.0,1,0.0,1.0,2,1,2,4,0,0,2,4,0,0,4,2,0,6,0,0,0,1,0,1,0,3,20,30
201500013322,15,11,20,5,2,1,1.0,3.0,0.0,7.0,0.0,0.0,2.0,20.0,1,1,3.0,2.0,2.0,1.0,0.0,70.0,1,0.0,1.0,2,1,2,2,0,0,0,4,2,2,0,0,0,2,2,0,0,1,0,0,0,2,17,30
200900065587,9,12,18,5,2,1,4.0,2.0,0.0,7.0,0.0,0.0,0.0,23.0,1,1,4.0,2.0,3.0,1.0,0.0,0.0,1,0.0,1.0,2,1,4,0,0,0,0,4,0,2,0,2,0,2,0,2,0,1,1,0,0,3,19,40
201500022025,15,12,14,1,1,3,1.0,6.0,0.0,7.0,0.0,0.0,1.0,15.0,1,-1,4.0,2.0,0.0,1.0,0.0,52.0,1,2.0,1.0,1,1,2,0,0,1,0,1,0,2,0,0,0,0,1,1,0,1,0,0,0,2,14,9
201500004346,15,7,29,1,1,1,8.0,1.0,0.0,10.0,0.0,0.0,2.0,1.0,1,1,3.0,2.0,2.0,1.0,0.0,60.0,1,0.0,1.0,2,3,4,2,0,0,2,4,4,0,2,0,0,2,0,0,4,1,0,0,0,4,14,15
201000028619,10,6,2,2,1,1,1.0,3.0,0.0,1.0,0.0,0.0,2.0,1.0,1,-1,3.0,1.0,2.0,1.0,0.0,80.0,1,0.0,1.0,2,2,4,0,0,0,0,4,2,0,0,2,0,0,2,0,2,1,0,0,0,2,7,50
201100014159,11,12,8,2,2,2,1.0,3.0,0.0,10.0,0.0,8.0,2.0,15.0,1,1,3.0,2.0,2.0,1.0,0.0,60.0,1,5.0,1.0,2,3,6,0,0,0,2,4,0,2,0,0,4,4,0,2,0,1,0,1,0,3,6,15
201200033321,12,4,25,1,2,1,2.0,6.0,0.0,7.0,0.0,0.0,1.0,1.0,1,1,4.0,1.0,1.0,1.0,0.0,60.0,1,0.0,1.0,1,1,2,1,0,2,0,1,0,0,3,0,0,0,2,1,0,1,0,0,0,2,17,55
200800074275,8,12,1,3,1,1,1.0,3.0,0.0,7.0,0.0,0.0,2.0,1.0,1,1,1.0,1.0,3.0,1.0,10.0,105.0,1,0.0,1.0,2,3,0,2,0,0,0,2,0,0,0,0,2,2,0,0,0,0,1,1,0,3,6,48
200800012370,8,3,9,5,2,1,8.0,6.0,0.0,10.0,0.0,6.0,0.0,15.0,1,1,4.0,2.0,2.0,2.0,0.0,60.0,1,0.0,4.0,1,1,1,1,1,0,0,1,0,1,1,0,0,0,1,1,0,1,0,0,0,2,19,55
201200022159,12,4,20,1,2,1,2.0,6.0,0.0,7.0,0.0,0.0,1.0,1.0,1,1,4.0,1.0,2.0,1.0,0.0,0.0,1,0.0,1.0,1,1,2,0,0,1,0,1,2,0,0,0,0,1,0,0,1,1,0,0,0,2,13,5
201100033172,11,12,21,5,2,2,1.0,3.0,0.0,7.0,0.0,0.0,2.0,15.0,1,1,3.0,2.0,2.0,1.0,0.0,0.0,1,5.0,1.0,2,1,2,2,0,0,0,4,0,0,4,0,0,0,2,2,0,1,0,0,0,2,17,55
201200043625,12,2,9,5,2,1,1.0,3.0,1.0,7.0,0.0,0.0,2.0,10.0,1,-1,3.0,2.0,3.0,1.0,0.0,0.0,1,0.0,1.0,2,2,0,2,0,0,0,2,2,0,0,0,0,2,0,0,0,1,0,1,0,2,19,40
201400038727,14,11,14,3,2,1,2.0,7.0,0.0,7.0,0.0,0.0,0.0,17.0,1,1,2.0,2.0,2.0,1.0,30.0,30.0,1,0.0,0.0,1,2,3,0,1,0,1,1,0,2,1,0,0,0,0,3,0,0,0,1,0,2,22,0
200800059519,8,10,28,3,1,3,1.0,2.0,0.0,2.0,0.0,0.0,2.0,15.0,1,2,3.0,2.0,1.0,2.0,0.0,50.0,1,0.0,1.0,2,2,2,4,0,0,2,4,0,2,2,0,2,0,4,2,0,1,1,0,0,3,18,30
201400054980,14,11,17,1,2,5,1.0,2.0,0.0,31.0,0.0,0.0,2.0,2.0,1,2,4.0,2.0,6.0,1.0,0.0,0.0,1,0.0,1.0,2,2,4,0,0,0,0,4,0,0,0,2,2,2,0,2,0,0,0,1,0,2,8,25
200500006060,5,1,27,1,2,2,1.0,3.0,0.0,7.0,0.0,0.0,0.0,15.0,1,1,4.0,2.0,0.0,1.0,0.0,60.0,1,0.0,1.0,2,1,4,0,0,0,0,4,4,0,0,0,0,0,0,4,0,1,1,0,0,2,15,45
200600043999,6,7,25,1,1,1,1.0,1.0,0.0,14.0,0.0,0.0,0.0,13.0,1,1,3.0,2.0,2.0,1.0,0.0,90.0,1,0.0,1.0,2,3,4,2,0,0,2,4,2,2,0,2,0,4,0,2,0,1,0,0,0,3,8,15
201100025244,11,11,25,1,2,6,1.0,3.0,0.0,2.0,0.0,0.0,2.0,1.0,1,2,3.0,0.0,2.0,1.0,0.0,77.0,1,5.0,1.0,2,2,2,2,0,0,0,4,4,0,0,0,0,2,2,0,0,1,0,1,0,2,16,45
201000001343,10,8,23,1,1,3,1.0,1.0,0.0,7.0,0.0,0.0,2.0,1.0,2,0,3.0,2.0,2.0,1.0,31.0,103.0,1,5.0,1.0,2,4,6,8,6,0,2,6,2,10,2,0,0,4,8,0,2,1,0,0,0,4,10,45
200600002039,6,1,13,2,1,1,1.0,7.0,0.0,2.0,0.0,0.0,0.0,14.0,1,2,4.0,2.0,2.0,1.0,0.0,73.0,1,0.0,1.0,1,2,1,0,0,0,0,1,1,0,0,0,0,0,1,0,0,0,0,1,0,2,18,15
200500041222,5,7,14,1,1,1,1.0,1.0,0.0,7.0,0.0,0.0,2.0,13.0,1,0,3.0,2.0,0.0,1.0,0.0,90.0,1,0.0,1.0,2,1,2,8,2,0,4,4,0,6,4,0,0,4,2,4,0,1,0,1,0,2,17,0
200900044530,9,5,28,1,2,1,1.0,6.0,0.0,7.0,0.0,0.0,1.0,1.0,3,-1,3.0,2.0,0.0,1.0,0.0,78.0,1,0.0,1.0,1,3,1,1,0,1,0,1,0,2,0,0,0,0,0,1,1,1,0,0,0,3,11,45
200700077773,7,12,30,5,2,1,1.0,3.0,0.0,7.0,0.0,0.0,2.0,0.0,1,1,4.0,0.0,0.0,0.0,0.0,0.0,-1,0.0,0.0,2,1,4,0,0,0,0,4,0,4,0,0,0,4,0,0,0,0,0,1,1,2,7,15
200600063620,6,10,21,1,2,3,8.0,6.0,0.0,7.0,0.0,1.0,0.0,1.0,1,1,4.0,1.0,3.0,1.0,0.0,90.0,1,0.0,1.0,1,3,1,0,0,0,0,1,0,0,0,1,0,1,0,0,0,1,0,0,0,3,15,40
201500046037,15,10,28,1,1,1,2.0,6.0,0.0,7.0,0.0,0.0,2.0,1.0,1,1,1.0,1.0,2.0,1.0,1.0,-1.0,1,0.0,1.0,2,1,4,0,0,0,0,4,0,0,0,4,0,2,0,2,0,1,0,0,1,2,11,30
201700033239,17,8,14,1,2,1,1.0,3.0,0.0,30.0,0.0,0.0,2.0,1.0,1,2,4.0,2.0,3.0,1.0,0.0,33.0,1,0.0,1.0,2,3,4,0,0,0,0,4,0,4,0,0,0,2,0,0,2,1,0,0,0,3,15,45
200900056793,9,8,13,1,1,1,1.0,2.0,0.0,7.0,0.0,0.0,0.0,2.0,2,1,1.0,3.0,6.0,1.0,15.0,180.0,1,0.0,1.0,2,2,4,2,0,0,2,4,0,0,6,0,0,0,0,6,0,1,1,0,0,2,14,45
201100053404,11,3,17,1,1,1,1.0,3.0,0.0,7.0,0.0,0.0,2.0,11.0,1,1,1.0,1.0,4.0,2.0,15.0,35.0,1,0.0,1.0,2,1,4,0,0,0,0,4,0,0,2,0,2,2,0,2,0,0,1,1,0,2,18,0
201100035737,11,12,8,1,2,1,1.0,6.0,0.0,7.0,0.0,0.0,1.0,1.0,1,1,4.0,2.0,2.0,1.0,0.0,0.0,1,0.0,1.0,1,1,1,1,0,1,0,1,0,0,2,0,0,0,0,1,1,1,0,0,0,3,14,10
201000050303,10,8,31,1,2,1,1.0,3.0,0.0,7.0,0.0,0.0,0.0,0.0,1,1,9.0,0.0,1.0,1.0,0.0,40.0,1,0.0,1.0,2,1,4,0,0,0,0,4,2,0,2,0,0,2,2,0,0,1,0,0,0,3,18,0
201300022515,13,11,5,1,2,1,1.0,6.0,0.0,7.0,0.0,0.0,1.0,1.0,1,1,4.0,1.0,2.0,1.0,0.0,60.0,1,0.0,1.0,1,1,0,2,0,1,0,1,0,0,1,0,1,1,0,1,0,1,0,0,0,2,10,15
200900001830,9,3,19,1,2,5,1.0,3.0,0.0,7.0,0.0,0.0,2.0,10.0,1,1,4.0,2.0,5.0,1.0,0.0,0.0,1,0.0,1.0,2,1,4,0,0,0,0,4,0,0,4,0,0,0,0,4,0,1,0,1,0,2,10,30
200700058569,7,9,21,4,2,1,1.0,3.0,0.0,7.0,0.0,0.0,2.0,0.0,1,-1,4.0,2.0,2.0,1.0,0.0,0.0,1,0.0,0.0,2,1,6,0,0,0,2,4,0,6,0,0,0,0,0,6,0,0,0,0,0,2,22,50
201100003753,11,3,7,1,1,1,7.0,1.0,0.0,7.0,0.0,0.0,2.0,13.0,1,1,3.0,2.0,0.0,3.0,0.0,72.0,1,0.0,1.0,2,4,4,0,0,0,0,4,0,0,0,2,2,2,0,2,0,1,0,0,0,4,17,0
201500043444,15,1,19,1,2,3,1.0,1.0,0.0,7.0,0.0,0.0,2.0,1.0,1,-1,2.0,3.0,5.0,3.0,0.0,0.0,1,0.0,1.0,2,3,4,0,0,0,0,4,0,0,4,0,0,4,0,0,0,1,0,0,0,3,14,5
201000040008,10,9,7,1,2,1,1.0,3.0,0.0,7.0,0.0,0.0,2.0,15.0,1,1,4.0,2.0,2.0,1.0,0.0,0.0,1,0.0,1.0,2,2,0,4,0,0,0,4,0,4,0,0,0,2,0,2,0,1,0,1,0,2,8,20
201200030702,12,6,27,5,2,1,1.0,7.0,0.0,30.0,0.0,12.0,0.0,1.0,1,2,3.0,2.0,2.0,1.0,0.0,140.0,1,0.0,1.0,1,2,1,0,0,0,0,1,0,0,0,0,1,0,0,1,0,1,0,0,0,2,3,30
201500056559,15,11,25,1,2,1,4.0,4.0,0.0,10.0,0.0,0.0,2.0,2.0,1,1,4.0,1.0,4.0,1.0,15.0,140.0,1,0.0,1.0,3,1,9,6,6,0,0,9,6,0,3,6,0,9,0,0,6,1,1,0,0,2,11,15
201700030732,17,1,16,1,2,1,1.0,7.0,1.0,10.0,0.0,7.0,0.0,13.0,1,1,3.0,2.0,2.0,1.0,0.0,78.0,1,0.0,3.0,1,4,1,0,0,0,0,1,0,0,0,1,0,0,0,0,1,0,0,0,0,4,15,25
200500046699,5,7,6,1,2,1,1.0,1.0,0.0,5.0,0.0,0.0,2.0,1.0,1,2,4.0,2.0,1.0,1.0,0.0,60.0,1,0.0,1.0,2,3,4,2,0,0,2,4,0,4,2,0,0,4,0,2,0,1,0,0,0,3,9,25
200600042684,6,7,19,1,1,2,1.0,3.0,0.0,7.0,0.0,0.0,2.0,1.0,1,1,3.0,2.0,2.0,1.0,0.0,50.0,1,0.0,1.0,2,4,8,2,0,2,4,4,0,6,2,0,2,2,2,4,2,1,0,1,0,4,19,0
200900049894,9,11,16,3,1,1,1.0,1.0,0.0,7.0,0.0,0.0,0.0,1.0,1,1,3.0,2.0,2.0,1.0,0.0,60.0,1,0.0,3.0,2,1,6,6,6,0,2,4,0,8,2,0,2,2,0,10,0,1,0,0,0,4,0,45
200800067972,8,11,7,1,2,5,1.0,6.0,0.0,7.0,0.0,0.0,1.0,1.0,1,-1,4.0,2.0,2.0,1.0,0.0,140.0,1,0.0,1.0,1,1,0,2,0,1,0,1,0,0,2,0,0,0,0,1,1,0,0,1,0,2,8,50