Num_Acc,an,mois,jour,lum,agg,int,atm,col,senc,catv,occutc,obs,obsm,manv,catu,secu,catr,circ,nbv,prof,lartpc,larrout,surf,infra,situ,nb_veh,grav_simpl,Homme,Femme,Arrière,Autre_x,Avant,Conducteur,Autre_y,Inconnu,Loisirs,Professionnel,Travail,Adulte,Enfant,Jeune,Senior,choc_avant,choc_arriere,choc_lateral,choc_multiple,grav_order_max,heure,minute
200900061300,9,5,7,1,1,1,1.0,2.0,0.0,7.0,0.0,3.0,2.0,2.0,1,1,1.0,3.0,2.0,1.0,0.0,9.0,-1,0.0,1.0,2,1,2,2,0,0,0,4,0,0,2,0,2,2,0,2,0,1,1,0,0,2,9,10
201700002967,17,12,19,1,2,3,1.0,3.0,0.0,31.0,0.0,0.0,2.0,0.0,1,2,4.0,2.0,2.0,1.0,0.0,130.0,1,0.0,1.0,2,3,4,0,0,0,0,4,0,2,0,0,2,2,0,2,0,1,0,0,0,3,15,20
201700048128,17,11,23,1,1,1,1.0,7.0,2.0,31.0,0.0,0.0,0.0,21.0,1,2,1.0,3.0,8.0,1.0,15.0,280.0,1,3.0,1.0,1,2,1,0,0,0,0,1,1,0,0,0,0,0,0,0,1,0,0,1,0,2,9,45
201400057768,14,3,14,5,2,1,1.0,3.0,0.0,7.0,0.0,0.0,2.0,11.0,1,1,4.0,1.0,3.0,1.0,15.0,105.0,1,0.0,1.0,2,1,4,0,0,0,0,4,0,0,0,2,2,2,0,2,0,1,0,1,0,2,19,0
201400058043,14,9,26,1,2,1,1.0,2.0,0.0,10.0,0.0,0.0,2.0,1.0,1,1,4.0,1.0,1.0,2.0,0.0,35.0,1,0.0,0.0,2,1,2,2,0,0,0,4,0,0,0,0,4,0,0,4,0,1,1,0,0,2,11,25
201700026168,17,5,7,5,2,1,1.0,7.0,1.0,7.0,0.0,8.0,0.0,14.0,1,1,4.0,2.0,2.0,1.0,0.0,70.0,1,0.0,4.0,1,2,1,0,0,0,0,1,0,1,0,0,0,1,0,0,0,1,0,0,0,2,21,10
201500044354,15,10,16,1,2,1,1.0,6.0,0.0,7.0,0.0,0.0,1.0,1.0,1,1,4.0,1.0,1.0,1.0,0.0,-1.0,1,0.0,4.0,1,1,1,2,0,1,1,1,0,0,3,0,0,2,0,1,0,1,0,0,0,3,19,30
200800050127,8,9,18,1,2,1,1.0,6.0,0.0,2.0,0.0,0.0,1.0,1.0,1,-1,4.0,2.0,2.0,1.0,0.0,0.0,1,0.0,3.0,1,3,1,2,0,2,0,1,3,0,0,0,0,1,2,0,0,0,0,0,1,3,17,45
201400008320,14,10,23,1,2,1,1.0,1.0,0.0,14.0,0.0,0.0,0.0,10.0,1,1,4.0,2.0,0.0,1.0,0.0,0.0,1,0.0,1.0,2,1,2,2,0,0,0,4,2,0,0,0,2,2,0,0,2,1,0,0,0,3,13,0
201000002788,10,1,20,1,2,1,2.0,2.0,0.0,2.0,0.0,0.0,2.0,0.0,1,2,3.0,2.0,2.0,1.0,0.0,88.0,1,0.0,1.0,2,2,4,0,0,0,0,4,0,4,0,0,0,2,2,0,0,1,1,0,0,2,15,5
201100059236,11,10,5,1,2,2,1.0,7.0,0.0,1.0,0.0,0.0,0.0,1.0,1,-1,4.0,1.0,2.0,1.0,0.0,0.0,1,0.0,1.0,1,2,1,0,0,0,0,1,0,0,0,1,0,1,0,0,0,0,0,0,0,2,17,30
201600053535,16,7,29,1,2,3,1.0,6.0,1.0,10.0,0.0,0.0,1.0,1.0,3,-1,4.0,3.0,2.0,1.0,0.0,60.0,1,0.0,1.0,1,2,1,0,0,1,0,0,1,0,0,0,0,0,0,1,0,1,0,0,0,2,10,10
201000004478,10,4,16,1,2,1,1.0,3.0,0.0,7.0,0.0,0.0,2.0,1.0,1,1,3.0,2.0,0.0,1.0,60.0,0.0,1,0.0,1.0,2,1,4,0,0,0,0,4,0,0,2,0,2,2,0,0,2,1,0,0,0,3,18,15
200700045438,7,7,19,1,1,1,1.0,6.0,0.0,7.0,0.0,0.0,0.0,0.0,1,1,1.0,3.0,2.0,1.0,25.0,95.0,1,0.0,1.0,1,2,1,0,0,0,0,1,0,1,0,0,0,0,0,1,0,0,0,0,0,2,8,40
201100038971,11,6,23,2,2,2,8.0,3.0,0.0,7.0,0.0,0.0,2.0,1.0,1,0,4.0,2.0,2.0,1.0,0.0,95.0,1,0.0,1.0,2,1,0,4,0,0,0,4,0,0,4,0,0,0,2,0,2,1,0,1,0,3,21,8
200700002815,7,1,10,1,2,1,8.0,7.0,0.0,33.0,0.0,0.0,0.0,1.0,1,2,4.0,2.0,4.0,2.0,15.0,120.0,1,0.0,1.0,1,2,1,0,0,0,0,1,0,1,0,0,0,1,0,0,0,0,0,0,0,2,8,30
201100028797,11,8,12,5,2,1,1.0,6.0,1.0,99.0,0.0,0.0,2.0,0.0,3,-1,4.0,1.0,2.0,1.0,30.0,82.0,1,0.0,1.0,1,3,1,0,0,1,0,0,0,0,1,0,0,0,0,1,0,1,0,0,0,3,1,0
201000034537,10,10,28,1,2,1,1.0,6.0,0.0,7.0,0.0,0.0,1.0,1.0,1,1,4.0,1.0,1.0,1.0,0.0,0.0,1,0.0,1.0,1,1,2,0,0,1,0,1,0,2,0,0,0,2,0,0,0,1,0,0,0,2,12,13
200700045847,7,7,27,1,2,4,1.0,3.0,0.0,32.0,0.0,0.0,2.0,0.0,1,2,4.0,1.0,2.0,1.0,0.0,0.0,1,0.0,1.0,2,2,2,4,0,0,2,4,0,2,0,2,2,4,2,0,0,1,0,0,0,2,11,50
200800014878,8,3,12,2,2,1,1.0,3.0,0.0,30.0,0.0,0.0,2.0,9.0,1,2,4.0,2.0,2.0,2.0,0.0,0.0,1,0.0,1.0,2,2,4,0,0,0,0,4,0,2,0,0,2,2,0,2,0,1,0,0,0,2,19,15
201600053983,16,9,6,5,2,5,1.0,6.0,1.0,33.0,0.0,0.0,2.0,1.0,1,2,4.0,2.0,3.0,1.0,30.0,30.0,1,0.0,1.0,2,2,0,2,0,0,0,2,0,0,0,0,2,0,0,2,0,0,1,1,0,2,6,10
201300053594,13,11,14,1,2,2,1.0,6.0,0.0,7.0,0.0,0.0,1.0,1.0,1,-1,4.0,0.0,2.0,1.0,0.0,0.0,1,0.0,1.0,1,1,0,2,0,1,0,1,0,1,1,0,0,1,0,0,1,1,0,0,0,2,13,40
200500083285,5,12,8,5,2,1,1.0,6.0,0.0,7.0,0.0,0.0,1.0,1.0,1,1,4.0,2.0,2.0,1.0,0.0,70.0,1,0.0,1.0,1,1,1,1,0,1,0,1,1,0,0,0,1,1,1,0,0,1,0,0,0,3,17,30
201200047770,12,3,15,1,2,1,1.0,6.0,0.0,7.0,0.0,0.0,1.0,1.0,1,-1,3.0,2.0,2.0,1.0,160.0,120.0,1,0.0,1.0,1,1,2,0,0,1,0,1,1,0,0,0,1,0,1,1,0,1,0,0,0,2,18,15
200800071885,8,12,24,1,1,1,1.0,4.0,0.0,7.0,0.0,0.0,2.0,2.0,1,-1,3.0,3.0,2.0,1.0,0.0,0.0,1,0.0,1.0,4,1,12,8,0,0,4,16,12,8,0,0,0,16,0,4,0,1,1,0,1,3,15,20
200900061224,9,11,5,1,2,1,1.0,6.0,0.0,7.0,0.0,0.0,1.0,0.0,1,1,4.0,3.0,4.0,1.0,0.0,80.0,1,6.0,1.0,1,1,1,1,0,1,0,1,0,2,0,0,0,1,0,0,1,1,0,0,0,2,14,20
200800052851,8,9,2,1,2,9,1.0,3.0,0.0,30.0,0.0,0.0,0.0,0.0,1,2,9.0,1.0,1.0,4.0,0.0,25.0,1,0.0,1.0,2,2,4,0,0,0,0,4,0,4,0,0,0,4,0,0,0,1,0,1,0,2,12,30
200500050291,5,8,27,5,2,9,1.0,2.0,0.0,4.0,0.0,0.0,2.0,2.0,1,2,2.0,0.0,3.0,1.0,0.0,120.0,1,0.0,1.0,2,3,6,0,2,0,0,4,0,2,4,0,0,2,0,4,0,1,1,0,0,3,2,10
201400057593,14,10,18,5,2,1,1.0,3.0,0.0,33.0,0.0,0.0,2.0,1.0,1,2,4.0,2.0,4.0,2.0,0.0,110.0,1,0.0,1.0,2,2,4,0,0,0,0,4,0,4,0,0,0,0,0,4,0,0,0,0,0,2,2,15
200900008080,9,1,18,3,2,1,1.0,6.0,0.0,7.0,0.0,1.0,0.0,0.0,2,1,3.0,2.0,0.0,0.0,0.0,78.0,1,0.0,0.0,1,3,2,0,0,0,1,1,0,2,0,0,0,0,0,2,0,1,0,0,0,3,3,45
200800073232,8,12,18,1,1,2,2.0,3.0,0.0,7.0,0.0,0.0,2.0,1.0,1,1,9.0,1.0,1.0,1.0,0.0,60.0,1,5.0,0.0,2,1,2,4,0,0,2,4,2,4,0,0,0,2,0,0,4,1,0,1,0,3,14,0
200700002741,7,1,17,1,2,3,7.0,3.0,0.0,7.0,0.0,0.0,2.0,15.0,1,-1,4.0,2.0,2.0,1.0,0.0,68.0,1,0.0,1.0,2,1,2,2,0,0,0,4,2,2,0,0,0,4,0,0,0,0,0,1,0,2,12,30
200600045806,6,8,17,1,1,1,6.0,1.0,0.0,3.0,0.0,0.0,2.0,13.0,1,-1,3.0,2.0,0.0,0.0,0.0,60.0,1,0.0,1.0,2,4,4,0,0,0,0,4,2,0,0,2,0,2,0,0,2,1,0,0,0,4,16,50
200900028027,9,5,5,1,1,2,1.0,3.0,0.0,7.0,0.0,0.0,2.0,1.0,1,1,3.0,2.0,2.0,2.0,0.0,60.0,1,5.0,1.0,2,2,2,2,0,0,0,4,0,0,0,0,4,2,0,2,0,1,0,1,0,2,12,30
200700079608,7,12,20,1,2,1,1.0,6.0,0.0,7.0,0.0,6.0,0.0,2.0,1,-1,4.0,0.0,1.0,2.0,0.0,0.0,1,0.0,1.0,1,3,0,1,0,0,0,1,0,1,0,0,0,1,0,0,0,1,0,0,0,3,9,35
201600022838,16,4,12,1,2,1,7.0,2.0,1.0,33.0,0.0,0.0,2.0,1.0,1,2,2.0,3.0,2.0,1.0,0.0,0.0,1,0.0,1.0,2,2,4,0,0,0,0,4,0,4,0,0,0,2,0,2,0,1,1,0,0,2,17,46
200900050929,9,5,23,1,2,2,1.0,6.0,0.0,30.0,0.0,12.0,0.0,15.0,1,2,3.0,2.0,3.0,1.0,0.0,0.0,1,5.0,4.0,1,2,1,0,0,0,0,1,0,0,0,0,1,0,1,0,0,1,0,0,0,2,11,30
200500044249,5,7,6,1,1,1,1.0,3.0,0.0,10.0,0.0,0.0,2.0,19.0,1,1,3.0,2.0,2.0,1.0,0.0,66.0,1,0.0,1.0,2,1,4,0,0,0,0,4,0,0,4,0,0,0,2,0,2,1,0,1,0,3,15,40
200800020985,8,4,18,1,2,1,1.0,6.0,0.0,33.0,0.0,9.0,0.0,1.0,1,2,3.0,2.0,2.0,1.0,0.0,63.0,1,0.0,1.0,1,2,1,0,0,0,0,1,1,0,0,0,0,0,0,1,0,1,0,0,0,2,16,41
200500051511,5,8,19,5,2,3,1.0,1.0,0.0,7.0,0.0,0.0,2.0,15.0,1,1,4.0,2.0,2.0,1.0,0.0,0.0,1,0.0,1.0,2,1,2,4,2,0,0,4,0,2,4,0,0,2,0,4,0,1,0,0,0,3,1,25
200900066647,9,4,29,1,2,1,1.0,3.0,0.0,7.0,0.0,0.0,2.0,24.0,1,1,9.0,2.0,2.0,1.0,0.0,0.0,1,0.0,1.0,2,1,0,4,0,0,0,4,0,0,4,0,0,2,0,0,2,1,0,1,0,2,10,20
201600048307,16,2,23,5,2,1,2.0,7.0,1.0,30.0,0.0,0.0,2.0,2.0,1,2,4.0,2.0,2.0,2.0,0.0,67.0,1,0.0,1.0,1,2,1,0,0,0,0,1,0,0,0,1,0,1,0,0,0,1,0,0,0,2,21,15
201600042500,16,2,10,5,2,6,1.0,6.0,2.0,7.0,0.0,0.0,1.0,1.0,1,1,3.0,3.0,4.0,1.0,0.0,120.0,1,0.0,1.0,1,1,1,1,0,1,0,1,0,0,2,0,0,0,1,1,0,1,0,0,0,2,21,5
200600011769,6,3,23,1,2,1,1.0,2.0,0.0,2.0,0.0,0.0,2.0,2.0,1,2,4.0,2.0,2.0,1.0,0.0,70.0,1,0.0,1.0,2,2,2,2,0,0,0,4,0,4,0,0,0,2,2,0,0,1,1,0,0,2,14,0
201500005304,15,6,18,1,1,1,1.0,1.0,0.0,32.0,0.0,0.0,2.0,13.0,1,-1,3.0,2.0,2.0,0.0,62.0,0.0,1,0.0,1.0,2,3,4,0,0,0,0,4,0,0,2,2,0,2,0,2,0,1,0,0,0,3,16,15
201700017431,17,8,6,1,2,1,1.0,1.0,1.0,7.0,0.0,0.0,2.0,1.0,1,1,4.0,2.0,2.0,1.0,0.0,63.0,1,0.0,1.0,2,1,2,2,0,0,0,4,0,0,4,0,0,2,2,0,0,1,0,0,0,3,19,45
201400050412,14,4,23,1,2,2,1.0,3.0,0.0,7.0,0.0,0.0,2.0,1.0,1,-1,4.0,1.0,1.0,1.0,0.0,37.0,1,0.0,1.0,2,1,2,2,0,0,0,4,0,2,2,0,0,0,2,2,0,1,0,0,0,2,12,20
201200057255,12,9,5,1,2,2,1.0,3.0,0.0,1.0,0.0,0.0,2.0,1.0,1,-1,4.0,1.0,1.0,1.0,0.0,60.0,1,0.0,0.0,2,2,2,2,0,0,0,4,0,2,0,0,2,2,0,2,0,1,0,0,0,2,18,0
201200026647,12,4,25,1,2,6,1.0,3.0,0.0,7.0,0.0,0.0,2.0,1.0,1,-1,4.0,3.0,2.0,1.0,0.0,0.0,1,5.0,1.0,2,2,2,2,0,0,0,4,0,0,4,0,0,2,2,0,0,0,0,0,1,2,10,35
200600046278,6,8,5,1,1,1,1.0,1.0,0.0,7.0,0.0,0.0,2.0,17.0,1,1,2.0,2.0,2.0,1.0,0.0,74.0,1,0.0,1.0,2,1,6,2,2,0,2,4,0,4,4,0,0,6,2,0,0,1,0,0,0,3,15,0
201300052830,13,8,22,1,2,1,1.0,1.0,0.0,10.0,0.0,0.0,2.0,10.0,1,-1,4.0,2.0,2.0,1.0,0.0,100.0,1,0.0,1.0,2,1,6,0,0,0,2,4,2,2,2,0,0,0,0,6,0,1,0,0,1,2,15,20
201100046924,11,11,8,5,2,1,2.0,3.0,0.0,2.0,0.0,0.0,2.0,1.0,1,2,3.0,3.0,0.0,1.0,0.0,0.0,1,0.0,1.0,2,2,4,0,0,0,0,4,0,0,2,2,0,2,0,2,0,0,0,1,1,2,21,0
200700029626,7,5,6,1,2,2,1.0,7.0,0.0,4.0,0.0,0.0,0.0,21.0,1,2,4.0,2.0,2.0,1.0,0.0,60.0,1,0.0,1.0,1,2,1,0,0,0,0,1,0,0,1,0,0,1,0,0,0,0,0,0,0,2,14,40
201000001666,10,1,29,3,1,1,1.0,6.0,0.0,7.0,0.0,8.0,0.0,1.0,1,1,3.0,2.0,0.0,1.0,0.0,0.0,1,0.0,3.0,1,4,1,1,0,0,1,1,0,1,1,0,0,1,0,1,0,1,0,0,0,4,23,45
200600051925,6,9,19,1,2,6,1.0,1.0,0.0,32.0,0.0,0.0,2.0,18.0,1,2,3.0,2.0,0.0,1.0,0.0,82.0,1,0.0,1.0,2,3,4,0,0,0,0,4,0,0,2,2,0,2,2,0,0,0,0,1,0,3,17,45
200600002824,6,1,10,5,2,3,1.0,6.0,0.0,7.0,0.0,0.0,2.0,15.0,1,1,4.0,2.0,3.0,2.0,0.0,80.0,1,0.0,1.0,3,1,9,0,0,0,0,9,0,6,0,0,3,6,0,3,0,1,0,1,0,3,17,46
201600057182,16,4,26,1,2,1,1.0,2.0,2.0,31.0,0.0,0.0,2.0,1.0,1,2,4.0,1.0,4.0,1.0,15.0,140.0,1,2.0,1.0,2,2,4,0,0,0,0,4,0,0,2,0,2,4,0,0,0,1,1,0,0,2,12,45
201500054979,15,7,26,5,2,3,1.0,3.0,0.0,7.0,0.0,0.0,2.0,10.0,1,-1,4.0,2.0,2.0,1.0,0.0,70.0,1,0.0,1.0,2,1,4,0,0,0,0,4,0,0,0,2,2,2,0,2,0,1,0,0,0,2,2,50
200600038036,6,7,26,2,2,1,1.0,6.0,0.0,1.0,0.0,0.0,1.0,18.0,1,-1,4.0,2.0,3.0,2.0,0.0,100.0,1,0.0,1.0,1,1,2,0,0,1,0,1,0,1,0,1,0,2,0,0,0,0,0,0,0,3,6,25
200500009222,5,2,25,5,2,1,1.0,6.0,0.0,2.0,0.0,1.0,2.0,2.0,1,2,9.0,1.0,1.0,1.0,0.0,0.0,1,0.0,1.0,2,3,2,2,0,0,0,4,4,0,0,0,0,2,0,2,0,0,0,1,0,3,20,35
201100029005,11,12,6,1,2,1,1.0,7.0,0.0,10.0,0.0,0.0,1.0,4.0,1,1,4.0,1.0,1.0,1.0,0.0,30.0,1,0.0,1.0,1,1,2,0,0,1,0,1,0,0,1,1,0,1,0,0,1,0,1,0,0,3,8,50
200500000979,5,1,26,5,2,1,1.0,6.0,0.0,7.0,0.0,6.0,0.0,1.0,1,-1,3.0,2.0,2.0,1.0,0.0,55.0,1,0.0,1.0,1,3,1,0,0,0,0,1,0,1,0,0,0,1,0,0,0,1,0,0,0,3,20,0
201600048946,16,11,22,2,1,1,1.0,3.0,1.0,33.0,0.0,0.0,0.0,0.0,1,2,2.0,3.0,6.0,1.0,0.0,210.0,1,0.0,0.0,2,3,4,0,0,0,0,4,0,4,0,0,0,4,0,0,0,0,0,0,0,3,8,0
201500049705,15,7,3,1,1,1,1.0,4.0,0.0,7.0,0.0,0.0,0.0,0.0,1,1,1.0,3.0,2.0,1.0,0.0,0.0,1,0.0,1.0,4,2,12,8,0,0,4,16,0,16,0,0,4,4,0,16,0,1,1,0,0,2,19,5
201600004286,16,3,12,1,2,3,1.0,3.0,0.0,30.0,0.0,0.0,2.0,1.0,1,2,4.0,2.0,2.0,1.0,0.0,45.0,1,0.0,1.0,2,2,4,0,0,0,0,4,0,0,4,0,0,0,2,2,0,1,0,1,0,2,18,45
200600040063,6,7,4,1,2,4,2.0,6.0,0.0,4.0,0.0,0.0,2.0,21.0,1,2,4.0,2.0,2.0,1.0,0.0,60.0,1,0.0,1.0,2,2,2,2,0,0,0,4,0,0,4,0,0,2,0,2,0,1,0,0,0,2,17,10
201400000438,14,11,9,3,1,1,1.0,1.0,0.0,31.0,0.0,0.0,2.0,1.0,1,2,3.0,2.0,2.0,1.0,0.0,65.0,1,0.0,1.0,2,3,4,0,0,0,0,4,2,0,2,0,0,2,0,2,0,1,0,0,0,3,23,30
200800063533,8,11,4,2,2,1,1.0,2.0,0.0,33.0,0.0,1.0,0.0,1.0,1,2,2.0,2.0,2.0,1.0,0.0,70.0,1,0.0,1.0,2,4,4,0,0,0,0,4,0,0,0,0,4,4,0,0,0,0,1,0,0,4,7,15
201100011311,11,5,14,1,1,1,1.0,1.0,0.0,33.0,0.0,0.0,2.0,1.0,1,2,3.0,2.0,2.0,0.0,0.0,0.0,1,0.0,1.0,2,3,4,0,0,0,0,4,2,0,2,0,0,4,0,0,0,1,1,0,0,3,11,15
201500019780,15,9,15,1,1,2,1.0,3.0,0.0,7.0,0.0,0.0,2.0,15.0,1,1,3.0,2.0,0.0,1.0,0.0,0.0,1,0.0,1.0,2,1,2,2,0,0,0,4,0,0,0,0,4,4,0,0,0,1,0,0,0,3,13,15
201700006896,17,8,24,1,1,1,1.0,6.0,1.0,7.0,0.0,13.0,0.0,14.0,1,1,1.0,3.0,4.0,1.0,15.0,150.0,1,0.0,3.0,1,3,1,1,0,0,1,1,0,0,2,0,0,1,0,0,1,0,0,0,1,3,9,40
200600050471,6,8,11,1,2,3,1.0,3.0,0.0,7.0,0.0,0.0,2.0,9.0,1,1,4.0,2.0,2.0,1.0,0.0,90.0,1,0.0,1.0,2,2,2,2,0,0,0,4,4,0,0,0,0,2,0,2,0,1,0,0,0,2,19,2
200900040484,9,10,23,4,2,3,2.0,3.0,0.0,7.0,0.0,0.0,2.0,15.0,1,1,3.0,2.0,2.0,1.0,0.0,70.0,1,0.0,1.0,2,2,2,4,0,0,2,4,0,2,4,0,0,0,4,2,0,1,0,0,0,3,20,0
200500007720,5,2,1,1,2,1,1.0,3.0,0.0,7.0,0.0,0.0,2.0,16.0,1,-1,4.0,2.0,2.0,1.0,0.0,60.0,1,0.0,1.0,2,1,2,2,0,0,0,4,0,0,0,2,2,2,0,2,0,1,0,0,0,2,12,5
201400038183,14,9,30,1,2,1,1.0,3.0,0.0,20.0,0.0,0.0,2.0,1.0,1,9,4.0,2.0,2.0,1.0,0.0,0.0,1,0.0,1.0,2,2,4,0,0,0,0,4,0,0,2,2,0,4,0,0,0,1,0,0,0,3,17,35
200700067601,7,11,16,1,2,1,1.0,6.0,0.0,38.0,0.0,0.0,9.0,2.0,1,0,2.0,2.0,2.0,1.0,0.0,112.0,1,0.0,1.0,2,1,4,0,0,0,0,4,0,0,2,2,0,2,0,0,2,0,0,1,0,3,16,0
201100053720,11,5,18,1,1,1,1.0,7.0,0.0,10.0,0.0,16.0,0.0,1.0,1,1,1.0,3.0,3.0,1.0,20.0,105.0,1,0.0,1.0,1,3,2,0,0,0,1,1,0,0,2,0,0,2,0,0,0,0,0,0,1,3,19,30
200700035779,7,6,27,3,2,1,1.0,7.0,0.0,30.0,0.0,13.0,0.0,14.0,1,2,3.0,2.0,2.0,1.0,0.0,0.0,1,0.0,3.0,1,2,2,0,0,0,1,1,0,2,0,0,0,0,0,2,0,1,0,0,0,3,1,15
201700003031,17,2,23,3,2,1,1.0,6.0,0.0,7.0,0.0,6.0,0.0,0.0,1,1,4.0,0.0,2.0,1.0,0.0,0.0,1,0.0,4.0,1,2,0,1,0,0,0,1,0,1,0,0,0,1,0,0,0,1,0,0,0,2,22,45
201000063368,10,11,8,5,2,1,2.0,6.0,1.0,7.0,0.0,0.0,2.0,13.0,1,2,4.0,1.0,6.0,1.0,0.0,100.0,1,0.0,1.0,2,2,2,0,0,0,0,2,0,2,0,0,0,0,0,2,0,0,0,1,0,2,17,50
200600030016,6,6,18,1,2,1,1.0,6.0,0.0,21.0,0.0,1.0,0.0,13.0,1,-1,4.0,2.0,0.0,0.0,0.0,57.0,1,0.0,0.0,1,1,2,0,0,0,1,1,0,1,1,0,0,0,1,1,0,1,0,0,0,3,17,45
201300051046,13,11,6,1,2,3,1.0,1.0,0.0,7.0,0.0,0.0,2.0,15.0,1,1,4.0,2.0,3.0,1.0,0.0,130.0,1,0.0,1.0,2,2,2,2,0,0,0,4,0,0,2,2,0,4,0,0,0,1,0,0,0,2,13,45
201400056766,14,5,15,1,2,2,1.0,3.0,0.0,2.0,0.0,0.0,2.0,18.0,1,2,4.0,1.0,1.0,1.0,0.0,70.0,1,0.0,1.0,2,2,4,0,0,0,0,4,0,2,0,0,2,4,0,0,0,0,0,1,0,2,15,5
200500047268,5,7,15,1,2,1,1.0,6.0,1.0,15.0,0.0,0.0,1.0,15.0,3,-1,2.0,2.0,2.0,1.0,0.0,98.0,1,0.0,0.0,1,4,1,0,0,1,0,0,0,1,0,0,0,1,0,0,0,0,0,0,0,4,8,15
201400016337,14,11,17,1,1,9,1.0,3.0,0.0,7.0,0.0,0.0,2.0,15.0,1,1,4.0,2.0,2.0,1.0,0.0,0.0,1,0.0,1.0,2,3,2,2,0,0,0,4,0,0,4,0,0,2,0,0,2,1,0,0,0,3,16,40
201500000275,15,12,20,1,1,1,1.0,5.0,0.0,33.0,0.0,0.0,2.0,3.0,1,2,3.0,3.0,2.0,1.0,9.0,73.0,1,0.0,1.0,3,3,12,6,6,0,3,9,0,9,9,0,0,6,6,0,6,1,1,0,0,3,15,0
201700001264,17,2,1,5,2,1,1.0,1.0,1.0,7.0,0.0,0.0,2.0,13.0,1,-1,3.0,2.0,2.0,3.0,0.0,60.0,1,0.0,1.0,2,2,4,0,0,0,0,4,0,0,4,0,0,2,0,2,0,1,0,0,0,2,21,45
200800010207,8,2,16,1,2,1,1.0,3.0,0.0,7.0,0.0,0.0,2.0,1.0,1,1,2.0,0.0,4.0,1.0,0.0,116.0,1,0.0,1.0,2,1,4,2,0,2,0,4,0,6,0,0,0,4,0,2,0,1,0,0,0,2,16,25
201100028529,11,3,12,1,2,1,3.0,6.0,0.0,7.0,0.0,0.0,1.0,5.0,1,1,4.0,2.0,2.0,1.0,0.0,80.0,1,0.0,1.0,1,1,1,1,0,1,0,1,0,0,2,0,0,2,0,0,0,1,0,0,0,3,17,5
201300036695,13,11,23,1,1,1,1.0,2.0,0.0,30.0,0.0,0.0,2.0,1.0,1,2,3.0,2.0,3.0,1.0,0.0,50.0,1,0.0,1.0,2,2,2,2,0,0,0,4,0,2,2,0,0,0,0,2,2,1,1,0,0,2,11,15
201400001517,14,2,15,3,1,1,8.0,6.0,0.0,7.0,0.0,2.0,0.0,13.0,1,0,3.0,2.0,2.0,4.0,0.0,53.0,1,0.0,3.0,1,3,2,0,0,0,1,1,0,1,1,0,0,0,0,2,0,1,0,0,0,3,0,1
200900030195,9,4,9,1,1,1,1.0,4.0,0.0,10.0,0.0,0.0,2.0,2.0,1,1,1.0,3.0,4.0,1.0,15.0,140.0,1,0.0,1.0,3,2,3,6,0,0,0,9,0,0,0,3,6,3,0,6,0,1,1,0,0,2,8,40
200500072631,5,11,7,2,2,3,2.0,3.0,0.0,7.0,0.0,0.0,2.0,15.0,1,1,4.0,2.0,2.0,1.0,0.0,67.0,1,0.0,1.0,2,1,4,0,0,0,0,4,2,0,2,0,0,2,0,2,0,1,0,0,0,3,17,55
201300053699,13,4,11,1,2,1,1.0,2.0,0.0,1.0,0.0,0.0,0.0,1.0,1,-1,4.0,1.0,1.0,1.0,0.0,36.0,1,0.0,1.0,2,2,4,0,0,0,0,4,0,0,2,0,2,0,0,0,4,1,0,0,0,2,10,0
201100002921,11,11,1,1,1,1,1.0,1.0,0.0,7.0,0.0,0.0,2.0,1.0,1,1,3.0,0.0,2.0,0.0,0.0,67.0,1,0.0,1.0,2,3,4,0,0,0,0,4,0,0,4,0,0,0,0,4,0,1,0,0,0,3,12,30
200900071798,9,2,21,1,1,1,1.0,2.0,0.0,7.0,0.0,0.0,2.0,1.0,1,1,1.0,3.0,2.0,1.0,0.0,0.0,1,3.0,1.0,2,3,4,0,0,0,0,4,0,0,0,4,0,4,0,0,0,1,1,0,0,3,16,49
200900009519,9,3,30,1,2,6,1.0,3.0,0.0,7.0,0.0,0.0,2.0,9.0,1,1,4.0,2.0,2.0,1.0,0.0,88.0,1,5.0,1.0,2,1,2,2,0,0,0,4,0,0,4,0,0,4,0,0,0,1,0,0,0,3,17,30
201500010821,15,5,27,1,2,1,1.0,4.0,0.0,7.0,0.0,0.0,2.0,2.0,1,1,4.0,1.0,1.0,1.0,0.0,0.0,1,0.0,1.0,3,1,6,6,0,0,3,9,0,0,9,0,3,6,3,0,3,1,1,0,0,2,15,40
200800050134,8,9,29,1,1,2,1.0,3.0,0.0,7.0,0.0,0.0,2.0,10.0,1,-1,4.0,2.0,2.0,1.0,0.0,0.0,1,0.0,1.0,2,3,4,2,0,0,2,4,4,2,0,0,0,4,2,0,0,1,0,0,1,3,19,30
201600041515,16,9,30,1,2,3,1.0,6.0,2.0,37.0,1.0,0.0,1.0,0.0,1,1,3.0,1.0,2.0,1.0,0.0,60.0,1,0.0,1.0,1,1,1,1,0,1,0,1,0,0,0,1,1,2,0,0,0,1,0,0,0,2,10,0
201500047362,15,9,12,3,1,1,2.0,6.0,0.0,7.0,0.0,4.0,0.0,1.0,1,1,2.0,3.0,4.0,1.0,15.0,140.0,1,0.0,1.0,1,2,0,1,0,0,0,1,0,1,0,0,0,1,0,0,0,1,0,0,0,2,20,20
201500017767,15,10,1,2,1,1,1.0,5.0,0.0,7.0,0.0,0.0,2.0,2.0,1,1,3.0,2.0,2.0,1.0,0.0,0.0,1,0.0,1.0,3,1,3,6,0,0,0,9,3,0,3,0,3,6,0,0,3,1,1,0,0,3,8,0