Num_Acc,an,mois,jour,lum,agg,int,atm,col,senc,catv,occutc,obs,obsm,manv,catu,secu,catr,circ,nbv,prof,lartpc,larrout,surf,infra,situ,nb_veh,grav_simpl,Homme,Femme,Arrière,Autre_x,Avant,Conducteur,Autre_y,Inconnu,Loisirs,Professionnel,Travail,Adulte,Enfant,Jeune,Senior,choc_avant,choc_arriere,choc_lateral,choc_multiple,grav_order_max,heure,minute
201000045390,10,4,27,1,2,2,1.0,7.0,0.0,33.0,0.0,0.0,0.0,1.0,1,2,4.0,2.0,3.0,2.0,0.0,95.0,1,5.0,1.0,2,2,4,0,0,0,0,4,2,2,0,0,0,2,0,0,2,0,0,1,0,2,16,50
200700036164,7,6,12,1,2,2,1.0,6.0,0.0,37.0,10.0,0.0,1.0,1.0,1,1,4.0,3.0,4.0,1.0,18.0,117.0,1,0.0,1.0,1,1,1,1,0,1,0,1,0,0,1,1,0,1,0,1,0,1,0,0,0,2,20,0
201700026897,17,10,22,5,2,1,1.0,6.0,0.0,7.0,0.0,15.0,0.0,14.0,1,1,4.0,2.0,2.0,2.0,0.0,0.0,1,1.0,0.0,1,2,0,1,0,0,0,1,1,0,0,0,0,1,0,0,0,1,0,0,0,2,2,10
201200012109,12,4,25,1,1,1,1.0,5.0,0.0,7.0,0.0,0.0,0.0,10.0,1,1,3.0,2.0,2.0,2.0,0.0,0.0,1,0.0,1.0,3,2,15,9,12,0,3,9,0,3,18,3,0,9,12,3,0,1,0,0,0,3,13,45
200600053121,6,9,15,5,2,1,2.0,6.0,0.0,7.0,0.0,12.0,0.0,17.0,1,1,3.0,2.0,2.0,1.0,0.0,70.0,1,0.0,4.0,1,3,1,0,0,0,0,1,0,0,0,0,1,0,0,1,0,1,0,0,0,3,19,45
200600029717,6,5,31,1,2,1,2.0,1.0,0.0,7.0,0.0,0.0,2.0,13.0,1,1,4.0,2.0,2.0,2.0,0.0,70.0,1,0.0,1.0,2,1,2,2,0,0,0,4,4,0,0,0,0,2,0,2,0,1,0,0,0,2,14,0
201700040191,17,3,2,1,2,3,1.0,3.0,0.0,14.0,0.0,0.0,2.0,1.0,1,1,4.0,2.0,2.0,1.0,0.0,70.0,1,0.0,1.0,2,1,2,6,2,0,2,4,2,4,0,2,0,2,2,4,0,1,0,0,0,2,11,0
201100010500,11,8,1,1,2,1,1.0,1.0,0.0,7.0,0.0,0.0,2.0,1.0,1,1,3.0,2.0,2.0,1.0,0.0,48.0,1,0.0,1.0,2,3,2,2,0,0,0,4,0,0,4,0,0,2,0,2,0,1,0,0,0,3,19,15
200900004533,9,1,4,1,2,1,1.0,1.0,0.0,7.0,0.0,0.0,2.0,13.0,1,1,3.0,2.0,2.0,1.0,0.0,66.0,1,0.0,1.0,2,1,2,2,0,0,0,4,0,0,4,0,0,0,0,4,0,1,0,0,0,3,16,30
201300043146,13,5,6,1,2,1,1.0,3.0,0.0,7.0,0.0,0.0,2.0,11.0,1,1,3.0,2.0,2.0,1.0,0.0,104.0,1,0.0,1.0,2,1,4,0,0,0,0,4,0,4,0,0,0,0,0,4,0,0,0,1,0,2,7,45
201100057206,11,12,23,3,1,1,1.0,3.0,0.0,10.0,0.0,0.0,2.0,17.0,1,1,1.0,0.0,3.0,1.0,10.0,105.0,1,0.0,1.0,2,2,4,6,4,0,2,4,0,0,10,0,0,6,2,0,2,0,0,1,0,3,6,5
201600031801,16,2,11,2,2,1,2.0,6.0,2.0,7.0,0.0,0.0,1.0,1.0,1,1,3.0,2.0,2.0,1.0,0.0,0.0,1,0.0,1.0,1,1,1,1,0,1,0,1,0,2,0,0,0,1,1,0,0,0,0,1,0,2,8,16
200800048357,8,9,7,1,1,1,1.0,3.0,0.0,2.0,0.0,0.0,0.0,19.0,1,2,3.0,2.0,2.0,1.0,0.0,70.0,1,0.0,1.0,2,3,4,2,0,0,2,4,0,2,4,0,0,0,2,0,4,1,0,1,0,3,15,30
201300028155,13,4,25,1,2,2,1.0,7.0,0.0,7.0,0.0,0.0,1.0,15.0,1,1,4.0,2.0,2.0,1.0,0.0,0.0,1,5.0,1.0,1,1,0,2,0,1,0,1,0,0,1,0,1,0,0,1,1,1,0,0,0,4,8,50
201200037552,12,9,22,5,2,1,1.0,1.0,0.0,7.0,0.0,0.0,2.0,0.0,1,1,4.0,2.0,2.0,1.0,0.0,44.0,1,0.0,1.0,2,1,4,0,0,0,2,2,0,0,4,0,0,2,0,0,2,1,0,0,0,2,2,25
201100047475,11,10,9,1,2,2,1.0,7.0,0.0,7.0,0.0,3.0,0.0,1.0,1,1,3.0,1.0,2.0,1.0,0.0,0.0,1,1.0,1.0,1,2,2,0,1,0,0,1,0,0,0,2,0,1,0,1,0,1,0,0,0,2,15,0
201600039585,16,3,11,1,2,1,1.0,6.0,0.0,7.0,0.0,0.0,1.0,14.0,1,1,4.0,0.0,0.0,1.0,0.0,0.0,1,0.0,1.0,1,1,1,2,0,2,0,1,0,3,0,0,0,2,1,0,0,1,0,0,0,2,9,45
201000008293,10,12,6,1,1,1,8.0,6.0,0.0,7.0,0.0,2.0,0.0,0.0,1,1,2.0,0.0,0.0,2.0,0.0,60.0,1,0.0,1.0,1,3,1,0,0,0,0,1,0,0,1,0,0,1,0,0,0,1,0,0,0,3,14,45
200700055847,7,9,1,1,2,1,1.0,3.0,0.0,33.0,0.0,0.0,2.0,1.0,1,2,4.0,2.0,2.0,1.0,0.0,68.0,1,0.0,1.0,2,2,4,0,0,0,0,4,0,2,2,0,0,4,0,0,0,1,1,0,0,2,17,20
201700057038,17,8,7,1,2,3,1.0,6.0,2.0,7.0,0.0,0.0,1.0,1.0,1,1,4.0,3.0,1.0,1.0,0.0,0.0,1,0.0,0.0,1,1,1,1,0,1,0,1,0,0,1,0,1,0,1,1,0,1,0,0,0,2,12,0
200900034003,9,4,2,1,1,1,1.0,2.0,0.0,14.0,0.0,0.0,2.0,2.0,1,1,1.0,3.0,2.0,1.0,15.0,210.0,1,0.0,1.0,2,1,2,2,0,0,0,4,0,2,0,0,2,4,0,0,0,1,1,0,0,2,9,53
201200015867,12,8,27,1,2,1,1.0,2.0,0.0,10.0,0.0,0.0,2.0,1.0,1,-1,4.0,1.0,1.0,1.0,0.0,25.0,1,3.0,1.0,2,1,4,0,0,0,0,4,0,2,0,2,0,2,0,2,0,1,1,0,0,2,17,55
200900045583,9,8,6,1,1,1,1.0,6.0,0.0,7.0,0.0,2.0,0.0,1.0,2,1,3.0,2.0,2.0,1.0,70.0,0.0,1,0.0,3.0,1,3,0,2,0,0,1,1,0,1,1,0,0,0,0,0,2,1,0,0,0,3,16,45
201400018741,14,8,9,3,1,1,1.0,7.0,0.0,7.0,0.0,0.0,0.0,14.0,1,1,3.0,2.0,2.0,1.0,0.0,50.0,1,0.0,1.0,1,3,0,1,0,0,0,1,0,0,1,0,0,0,0,1,0,0,0,0,1,3,20,15
201600055330,16,1,19,5,2,1,1.0,6.0,2.0,32.0,0.0,0.0,1.0,17.0,1,2,4.0,2.0,6.0,1.0,0.0,0.0,1,0.0,1.0,1,1,0,2,0,1,0,1,0,2,0,0,0,1,0,0,1,1,0,0,0,2,18,30
201600011837,16,7,12,1,1,1,1.0,5.0,2.0,7.0,0.0,3.0,0.0,13.0,1,1,1.0,3.0,3.0,1.0,15.0,32.0,1,0.0,2.0,3,3,9,9,6,0,3,9,0,9,3,6,0,3,6,3,6,1,0,0,0,3,7,30
200600066473,6,11,17,5,2,1,1.0,6.0,0.0,7.0,0.0,0.0,1.0,1.0,1,1,4.0,2.0,2.0,1.0,0.0,120.0,1,0.0,1.0,1,1,1,1,0,1,0,1,0,0,2,0,0,1,0,1,0,1,0,0,0,3,20,10
201600037136,16,1,10,5,2,1,1.0,2.0,1.0,7.0,0.0,0.0,2.0,2.0,1,1,3.0,2.0,3.0,1.0,0.0,0.0,1,0.0,1.0,2,2,2,2,0,0,0,4,0,0,4,0,0,2,0,2,0,1,1,0,0,2,18,5
200700054975,7,9,30,1,2,1,1.0,6.0,0.0,7.0,0.0,0.0,0.0,1.0,1,1,4.0,1.0,2.0,1.0,0.0,0.0,1,0.0,1.0,2,1,4,2,0,2,0,4,0,0,6,0,0,2,0,2,2,0,0,0,0,3,10,15
200500027573,5,5,10,1,2,1,1.0,6.0,0.0,7.0,0.0,0.0,1.0,20.0,1,-1,4.0,1.0,1.0,0.0,0.0,0.0,-1,0.0,1.0,1,1,0,2,0,1,0,1,0,1,1,0,0,0,0,0,2,0,1,0,0,2,9,30
200700014885,7,3,23,1,2,1,1.0,2.0,0.0,7.0,0.0,0.0,2.0,1.0,1,-1,1.0,1.0,3.0,3.0,0.0,90.0,-1,3.0,1.0,2,1,4,2,0,0,2,4,0,6,0,0,0,4,0,2,0,1,1,0,0,2,15,15
200500037949,5,6,5,1,1,1,1.0,5.0,0.0,7.0,0.0,0.0,2.0,15.0,1,1,3.0,2.0,2.0,1.0,0.0,60.0,1,5.0,1.0,3,2,15,18,12,9,9,3,0,30,3,0,0,18,9,0,6,1,0,0,0,4,17,30
201700047415,17,4,30,4,1,1,2.0,3.0,1.0,7.0,0.0,0.0,2.0,0.0,1,1,1.0,1.0,4.0,1.0,15.0,140.0,1,0.0,2.0,2,1,2,2,0,0,0,4,0,4,0,0,0,0,0,4,0,1,1,0,0,2,21,15
200700053100,7,9,8,1,1,1,1.0,2.0,0.0,33.0,0.0,0.0,2.0,17.0,1,2,3.0,3.0,0.0,1.0,0.0,70.0,1,0.0,1.0,2,3,2,4,0,0,2,4,0,2,2,2,0,4,0,2,0,1,1,0,0,3,11,45
200500019731,5,4,20,1,2,1,1.0,2.0,0.0,7.0,0.0,0.0,2.0,21.0,1,1,3.0,2.0,2.0,1.0,0.0,84.0,1,0.0,1.0,2,2,4,0,0,0,0,4,0,0,2,2,0,2,0,2,0,1,1,0,0,2,19,27
200500024011,5,4,29,2,1,1,1.0,7.0,0.0,7.0,0.0,0.0,0.0,1.0,1,1,3.0,2.0,2.0,1.0,0.0,0.0,1,0.0,3.0,1,3,3,1,2,0,1,1,0,3,1,0,0,0,0,4,0,0,0,0,1,3,20,45
200700004478,7,1,26,5,2,2,1.0,3.0,0.0,7.0,0.0,0.0,2.0,15.0,1,1,4.0,2.0,2.0,1.0,0.0,60.0,1,0.0,1.0,2,1,2,2,0,0,0,4,0,0,4,0,0,4,0,0,0,1,0,0,0,2,2,0
201600044636,16,2,13,5,1,1,2.0,7.0,2.0,7.0,0.0,16.0,0.0,1.0,1,1,1.0,3.0,3.0,1.0,15.0,210.0,1,1.0,1.0,1,2,1,0,0,0,0,1,0,0,1,0,0,0,0,1,0,0,0,0,1,2,23,0
200800005014,8,1,4,1,2,3,1.0,3.0,0.0,14.0,0.0,0.0,2.0,15.0,1,-1,4.0,2.0,2.0,1.0,0.0,0.0,1,5.0,1.0,2,1,4,0,0,0,0,4,0,0,0,4,0,4,0,0,0,1,0,0,0,2,12,0
200500019500,5,4,29,1,2,3,1.0,3.0,0.0,2.0,0.0,0.0,1.0,13.0,1,2,4.0,1.0,1.0,1.0,0.0,82.0,1,0.0,1.0,2,2,4,0,0,0,0,4,0,4,0,0,0,2,0,2,0,1,0,0,0,2,17,30
200800073293,8,12,9,5,2,1,2.0,7.0,0.0,2.0,0.0,16.0,0.0,1.0,1,2,3.0,2.0,2.0,1.0,0.0,80.0,1,0.0,1.0,1,3,0,1,0,0,0,1,0,0,1,0,0,1,0,0,0,1,0,0,0,3,18,45
201200036710,12,4,20,1,2,1,1.0,7.0,0.0,7.0,0.0,0.0,1.0,4.0,1,1,4.0,0.0,0.0,1.0,0.0,0.0,1,0.0,1.0,1,1,0,2,0,1,0,1,1,1,0,0,0,1,0,0,1,0,1,0,0,3,11,20
200800028359,8,5,25,3,1,1,8.0,6.0,0.0,7.0,0.0,2.0,0.0,1.0,1,1,4.0,2.0,0.0,0.0,0.0,40.0,1,0.0,3.0,1,3,1,0,0,0,0,1,0,1,0,0,0,0,0,1,0,1,0,0,0,3,23,45
201000015765,10,10,10,2,2,1,1.0,6.0,0.0,7.0,0.0,0.0,1.0,0.0,1,1,4.0,2.0,2.0,1.0,0.0,100.0,1,0.0,1.0,1,1,2,0,0,1,0,1,0,2,0,0,0,1,0,0,1,0,0,1,0,4,18,10
200500052988,5,8,23,1,2,1,1.0,3.0,0.0,7.0,0.0,0.0,9.0,15.0,1,1,4.0,2.0,2.0,1.0,0.0,55.0,1,0.0,1.0,2,1,4,0,0,0,0,4,0,0,4,0,0,2,0,2,0,1,0,1,0,3,17,5
201100053902,11,7,28,1,1,1,2.0,6.0,0.0,7.0,0.0,4.0,0.0,1.0,1,1,1.0,1.0,2.0,1.0,0.0,70.0,1,0.0,1.0,1,2,1,0,0,0,0,1,0,0,1,0,0,1,0,0,0,1,0,0,0,2,20,0
201400001872,14,4,28,1,1,1,8.0,6.0,0.0,7.0,0.0,2.0,0.0,1.0,1,1,3.0,2.0,2.0,1.0,0.0,52.0,1,0.0,3.0,1,3,1,0,0,0,0,1,0,0,0,0,1,0,0,1,0,1,0,0,0,3,12,0
201300025512,13,12,27,5,2,3,2.0,2.0,0.0,7.0,0.0,0.0,2.0,1.0,1,1,4.0,2.0,3.0,1.0,0.0,0.0,1,0.0,1.0,2,1,4,4,2,0,2,4,0,0,6,2,0,4,4,0,0,1,1,0,0,2,20,5
201500046543,15,7,12,1,1,1,1.0,7.0,0.0,7.0,0.0,4.0,0.0,1.0,1,1,1.0,1.0,2.0,1.0,0.0,0.0,1,0.0,1.0,1,2,5,0,3,0,1,1,0,3,2,0,0,2,3,0,0,1,0,0,0,2,11,20
200800068528,8,12,11,5,2,1,1.0,6.0,0.0,7.0,0.0,0.0,1.0,1.0,1,1,3.0,2.0,2.0,1.0,0.0,70.0,1,0.0,1.0,1,1,1,1,0,1,0,1,1,0,1,0,0,1,0,0,1,1,0,0,0,3,17,15
201100041724,11,8,20,1,2,2,1.0,7.0,0.0,33.0,0.0,0.0,2.0,21.0,1,2,3.0,3.0,2.0,2.0,34.0,158.0,1,5.0,1.0,1,3,1,0,0,0,0,1,0,0,0,0,1,1,0,0,0,0,0,0,0,3,19,45
201300048339,13,2,27,1,2,2,1.0,6.0,0.0,7.0,0.0,0.0,1.0,15.0,1,1,4.0,0.0,2.0,1.0,0.0,0.0,1,0.0,1.0,1,1,1,1,0,1,0,1,0,0,1,1,0,1,0,0,1,1,0,0,0,3,16,30
200700076439,7,12,12,1,2,1,1.0,6.0,0.0,7.0,0.0,0.0,1.0,1.0,3,-1,3.0,3.0,1.0,1.0,35.0,40.0,1,0.0,1.0,1,2,1,1,0,1,0,1,0,0,1,0,1,0,0,1,1,1,0,0,0,2,14,15
201000008149,10,4,11,3,1,1,1.0,7.0,0.0,30.0,0.0,0.0,0.0,1.0,1,2,3.0,2.0,3.0,1.0,0.0,90.0,1,0.0,1.0,1,1,1,1,0,0,1,1,0,1,1,0,0,0,2,0,0,0,0,0,0,3,3,30
200800003361,8,1,13,5,2,3,1.0,3.0,0.0,30.0,0.0,0.0,2.0,1.0,2,2,3.0,2.0,2.0,1.0,0.0,120.0,1,0.0,1.0,2,2,4,2,0,0,2,4,0,2,4,0,0,0,0,6,0,1,0,1,0,2,18,55
201500024231,15,2,12,5,2,1,1.0,3.0,0.0,7.0,0.0,0.0,0.0,15.0,1,-1,4.0,3.0,3.0,1.0,200.0,700.0,-1,0.0,1.0,2,1,0,4,0,0,0,4,0,2,0,2,0,2,0,2,0,1,0,1,0,2,6,50
201600015229,16,7,28,1,2,1,1.0,6.0,2.0,30.0,0.0,0.0,2.0,1.0,1,2,4.0,2.0,4.0,1.0,0.0,200.0,1,0.0,1.0,2,3,4,0,0,0,0,4,0,0,4,0,0,0,0,2,2,1,0,0,0,3,18,30
201000013178,10,5,25,1,2,1,1.0,6.0,0.0,7.0,0.0,0.0,1.0,1.0,1,-1,3.0,2.0,2.0,1.0,0.0,60.0,1,0.0,1.0,1,1,1,1,0,1,0,1,1,0,1,0,0,0,0,0,2,1,0,0,0,2,15,45
200600077907,6,12,16,5,2,2,1.0,3.0,0.0,7.0,0.0,0.0,2.0,15.0,1,1,4.0,2.0,2.0,1.0,0.0,60.0,1,0.0,1.0,2,1,6,2,4,0,0,4,0,4,2,2,0,4,0,4,0,1,0,0,0,2,6,30
201500037305,15,12,27,1,2,1,1.0,6.0,0.0,7.0,0.0,0.0,1.0,1.0,1,1,3.0,2.0,2.0,1.0,0.0,61.0,1,0.0,1.0,1,1,1,1,0,1,0,1,0,0,2,0,0,0,1,0,1,0,0,1,0,2,16,50
201200058919,12,10,22,5,2,5,1.0,6.0,0.0,7.0,0.0,2.0,0.0,1.0,1,1,4.0,2.0,1.0,2.0,0.0,80.0,1,0.0,1.0,1,2,0,1,0,0,0,1,0,0,1,0,0,0,0,0,1,1,0,0,0,2,19,40
201500038947,15,2,17,1,2,1,8.0,6.0,0.0,7.0,0.0,1.0,0.0,4.0,1,1,4.0,1.0,1.0,1.0,0.0,0.0,1,0.0,1.0,2,1,2,2,0,0,0,4,2,0,2,0,0,2,0,0,2,0,1,1,0,2,17,15
201000008595,10,7,13,1,1,1,1.0,1.0,0.0,1.0,0.0,0.0,0.0,2.0,1,2,3.0,2.0,2.0,1.0,0.0,75.0,1,0.0,1.0,2,4,4,0,0,0,0,4,0,0,2,0,2,0,0,2,2,1,1,0,0,4,7,30
201300004987,13,11,29,2,2,1,3.0,4.0,0.0,10.0,0.0,0.0,0.0,23.0,1,1,3.0,2.0,2.0,0.0,0.0,0.0,1,0.0,1.0,3,1,9,0,0,0,0,9,0,9,0,0,0,3,0,0,6,1,1,0,0,3,16,30
201500029814,15,3,28,5,2,2,1.0,3.0,1.0,7.0,0.0,0.0,2.0,9.0,1,1,2.0,2.0,2.0,1.0,0.0,0.0,1,0.0,1.0,2,1,8,0,4,0,2,2,0,0,8,0,0,0,0,8,0,0,1,0,0,3,5,50
201000053119,10,8,16,1,1,1,2.0,4.0,0.0,7.0,0.0,0.0,2.0,1.0,1,1,2.0,2.0,2.0,1.0,0.0,100.0,1,0.0,1.0,3,2,6,3,0,0,0,9,9,0,0,0,0,3,0,6,0,1,1,0,0,2,13,0
201500025692,15,10,19,5,2,1,1.0,1.0,0.0,7.0,0.0,0.0,2.0,1.0,1,1,3.0,3.0,4.0,1.0,33.0,163.0,1,0.0,1.0,2,3,4,0,0,0,0,4,0,0,4,0,0,2,0,2,0,1,0,0,0,3,21,45
200800033653,8,6,4,1,1,1,1.0,7.0,0.0,2.0,0.0,13.0,0.0,1.0,1,2,2.0,2.0,2.0,1.0,0.0,70.0,1,0.0,3.0,2,3,0,2,0,0,0,2,0,0,0,0,2,0,0,2,0,1,0,0,1,3,12,20
200600034891,6,6,5,1,2,2,1.0,2.0,0.0,7.0,0.0,0.0,0.0,1.0,1,1,2.0,2.0,3.0,1.0,0.0,102.0,1,0.0,1.0,2,1,4,0,0,0,0,4,4,0,0,0,0,2,0,2,0,1,0,0,0,2,10,15
200600026690,6,5,5,1,2,1,1.0,1.0,0.0,7.0,0.0,0.0,2.0,1.0,1,1,4.0,2.0,2.0,1.0,0.0,51.0,1,0.0,1.0,2,1,2,2,0,0,0,4,0,2,2,0,0,2,0,2,0,1,0,0,0,2,11,30
200900013735,9,1,23,1,2,3,3.0,6.0,0.0,7.0,0.0,0.0,1.0,15.0,1,1,4.0,2.0,2.0,1.0,0.0,55.0,1,0.0,1.0,1,1,0,2,0,1,0,1,0,0,1,0,1,2,0,0,0,1,0,0,0,2,8,55
200700054503,7,9,1,3,1,1,1.0,6.0,0.0,7.0,0.0,0.0,5.0,1.0,1,1,1.0,3.0,4.0,1.0,20.0,55.0,1,0.0,1.0,1,3,1,2,1,0,1,1,0,2,1,0,0,2,1,0,0,1,0,0,0,3,5,30
201600014174,16,2,27,1,2,1,3.0,7.0,1.0,30.0,0.0,0.0,0.0,1.0,1,2,4.0,2.0,2.0,1.0,0.0,40.0,0,0.0,1.0,1,2,2,0,0,0,1,1,0,0,2,0,0,0,0,2,0,0,0,0,0,2,19,30
200800010202,8,2,23,5,2,1,1.0,7.0,0.0,7.0,0.0,0.0,1.0,11.0,1,1,4.0,1.0,1.0,2.0,0.0,0.0,1,0.0,1.0,1,1,2,0,0,1,0,1,0,2,0,0,0,1,1,0,0,0,0,1,0,2,19,30
201100013759,11,8,31,1,1,1,1.0,7.0,0.0,33.0,0.0,0.0,0.0,1.0,1,2,3.0,2.0,0.0,4.0,0.0,75.0,1,0.0,1.0,1,3,1,0,0,0,0,1,1,0,0,0,0,0,0,1,0,0,0,0,0,3,19,30
200900056641,9,11,7,3,1,1,2.0,1.0,0.0,7.0,0.0,0.0,0.0,13.0,1,1,3.0,2.0,0.0,2.0,0.0,60.0,1,0.0,1.0,2,1,4,2,0,0,2,4,0,2,4,0,0,6,0,0,0,1,0,0,0,3,8,30
201600001627,16,12,9,3,1,1,1.0,5.0,0.0,14.0,0.0,0.0,1.0,1.0,1,-1,3.0,2.0,2.0,1.0,0.0,62.0,1,0.0,1.0,3,1,15,9,3,6,6,9,0,9,15,0,0,9,0,12,3,1,0,0,0,4,19,15
201700032854,17,6,24,1,2,9,1.0,6.0,1.0,7.0,0.0,0.0,1.0,0.0,1,1,6.0,2.0,1.0,1.0,0.0,0.0,1,0.0,1.0,1,1,1,1,0,1,0,1,0,0,2,0,0,1,1,0,0,1,0,0,0,2,19,15
200500031282,5,5,23,1,2,1,1.0,6.0,0.0,10.0,0.0,0.0,1.0,1.0,1,1,2.0,2.0,6.0,1.0,0.0,200.0,1,0.0,1.0,1,1,2,0,0,1,0,1,0,1,0,0,1,0,0,1,1,1,0,0,0,2,17,35
201200012199,12,6,20,1,1,1,1.0,6.0,0.0,33.0,0.0,0.0,0.0,1.0,1,2,1.0,3.0,3.0,1.0,20.0,37.0,1,0.0,2.0,1,3,1,0,0,0,0,1,1,0,0,0,0,1,0,0,0,0,0,0,1,3,13,30
201600028277,16,3,11,1,2,1,1.0,4.0,1.0,7.0,0.0,0.0,0.0,23.0,1,1,4.0,2.0,2.0,1.0,0.0,100.0,1,0.0,1.0,3,1,6,3,0,0,0,9,0,6,0,3,0,6,0,0,3,1,1,0,0,2,14,20
201200053823,12,10,23,1,2,2,8.0,3.0,0.0,1.0,0.0,0.0,2.0,7.0,1,-1,4.0,1.0,3.0,1.0,0.0,120.0,1,0.0,1.0,2,2,2,2,0,0,0,4,0,0,0,2,2,2,0,0,2,1,1,0,0,2,8,50
200700043170,7,7,14,4,2,2,2.0,3.0,0.0,7.0,0.0,0.0,2.0,1.0,1,1,4.0,3.0,5.0,1.0,0.0,0.0,1,4.0,1.0,2,3,4,0,0,0,0,4,0,2,2,0,0,2,0,2,0,1,0,1,0,3,4,20
201700005920,17,8,29,1,2,1,1.0,6.0,1.0,30.0,0.0,0.0,1.0,17.0,1,2,3.0,2.0,2.0,2.0,0.0,0.0,1,0.0,1.0,1,1,2,0,0,1,0,1,0,1,1,0,0,1,1,0,0,1,0,0,0,2,17,50
200500017949,5,3,7,1,1,1,1.0,3.0,0.0,7.0,0.0,0.0,0.0,14.0,1,1,1.0,3.0,2.0,2.0,15.0,70.0,1,0.0,1.0,2,1,4,0,0,0,0,4,2,0,0,2,0,4,0,0,0,0,0,1,0,2,8,45
201300037799,13,5,26,5,2,1,1.0,4.0,0.0,7.0,0.0,0.0,2.0,1.0,1,-1,2.0,3.0,4.0,1.0,0.0,200.0,1,0.0,1.0,4,1,24,12,12,0,8,16,0,36,0,0,0,12,8,16,0,1,1,0,0,3,1,40
200900043610,9,10,1,1,2,1,1.0,2.0,0.0,7.0,0.0,0.0,2.0,1.0,2,3,4.0,1.0,2.0,1.0,0.0,75.0,1,0.0,1.0,2,2,6,0,2,0,0,4,0,6,0,0,0,0,2,2,2,1,1,0,0,2,16,25
200700034228,7,6,2,2,2,1,1.0,7.0,0.0,30.0,0.0,16.0,0.0,1.0,1,2,2.0,2.0,2.0,2.0,7.0,81.0,1,0.0,1.0,1,3,1,0,0,0,0,1,0,0,1,0,0,0,0,1,0,0,0,1,0,3,7,20
201100055195,11,9,22,1,1,1,1.0,7.0,0.0,7.0,0.0,4.0,0.0,1.0,1,1,1.0,3.0,6.0,1.0,15.0,210.0,1,0.0,1.0,1,2,1,0,0,0,0,1,0,0,0,0,1,1,0,0,0,1,0,0,0,2,11,22
200900021426,9,7,12,1,1,1,1.0,6.0,0.0,7.0,0.0,2.0,0.0,14.0,1,1,3.0,2.0,2.0,1.0,0.0,75.0,-1,0.0,3.0,1,3,0,1,0,0,0,1,0,0,1,0,0,0,0,1,0,1,0,0,0,3,15,30
201500037033,15,9,21,1,2,1,1.0,6.0,0.0,7.0,0.0,0.0,1.0,1.0,1,1,4.0,2.0,2.0,3.0,30.0,30.0,1,0.0,1.0,1,1,1,1,0,1,0,1,0,1,1,0,0,1,0,0,1,1,0,0,0,2,10,45
200800012085,8,3,23,1,1,1,4.0,7.0,0.0,7.0,0.0,13.0,0.0,1.0,1,1,2.0,1.0,4.0,2.0,0.0,70.0,1,0.0,3.0,1,2,1,0,0,0,0,1,0,0,1,0,0,0,0,1,0,0,0,1,0,2,9,50
201700029798,17,1,18,1,2,1,1.0,6.0,1.0,7.0,0.0,0.0,1.0,1.0,1,1,3.0,2.0,2.0,1.0,10.0,110.0,1,0.0,1.0,1,1,2,0,0,1,0,1,1,0,0,0,1,1,0,0,1,1,0,0,0,3,12,0
200600070467,6,11,28,1,2,1,2.0,7.0,0.0,5.0,0.0,0.0,1.0,1.0,1,2,4.0,1.0,2.0,1.0,0.0,0.0,1,0.0,1.0,1,1,2,0,0,1,0,1,1,1,0,0,0,2,0,0,0,1,0,0,0,2,11,25
201400014101,14,2,14,1,2,1,1.0,6.0,1.0,7.0,0.0,0.0,1.0,1.0,3,-1,4.0,1.0,0.0,1.0,0.0,0.0,1,0.0,1.0,1,2,1,0,0,1,0,0,0,0,1,0,0,0,0,1,0,0,0,0,0,2,13,0
201600054532,16,5,15,1,2,4,1.0,2.0,1.0,7.0,0.0,0.0,2.0,2.0,1,1,4.0,1.0,3.0,1.0,0.0,0.0,1,0.0,1.0,2,1,2,4,2,0,0,4,0,2,4,0,0,6,0,0,0,1,1,0,0,2,13,30
200600040003,6,7,7,1,2,1,1.0,6.0,0.0,7.0,0.0,0.0,1.0,7.0,1,-1,4.0,2.0,6.0,1.0,0.0,180.0,1,0.0,1.0,1,1,1,1,0,1,0,1,0,0,1,0,1,2,0,0,0,1,0,0,0,3,10,20
201300038670,13,10,30,1,2,1,1.0,7.0,0.0,32.0,0.0,11.0,0.0,1.0,1,2,3.0,3.0,6.0,1.0,0.0,0.0,1,0.0,1.0,1,3,1,0,0,0,0,1,0,0,1,0,0,0,1,0,0,1,0,0,0,3,16,45
201100000684,11,6,12,3,1,1,1.0,1.0,0.0,7.0,0.0,0.0,2.0,1.0,1,1,3.0,2.0,2.0,1.0,0.0,0.0,1,0.0,1.0,2,1,4,2,0,0,2,4,2,2,2,0,0,4,0,2,0,1,0,0,0,3,3,0
201100031748,11,10,22,5,2,1,1.0,6.0,0.0,7.0,0.0,0.0,1.0,0.0,1,1,4.0,2.0,2.0,1.0,0.0,60.0,1,0.0,0.0,1,1,1,1,0,1,0,1,0,2,0,0,0,1,0,0,1,1,0,0,0,2,21,0
200800006305,8,2,27,1,1,1,2.0,5.0,0.0,7.0,0.0,13.0,2.0,1.0,1,1,3.0,2.0,2.0,1.0,0.0,0.0,1,0.0,1.0,4,2,16,4,0,0,4,16,4,12,0,0,4,4,0,8,8,1,1,0,1,3,17,30