Num_Acc,an,mois,jour,lum,agg,int,atm,col,senc,catv,occutc,obs,obsm,manv,catu,secu,catr,circ,nbv,prof,lartpc,larrout,surf,infra,situ,nb_veh,grav_simpl,Homme,Femme,Arrière,Autre_x,Avant,Conducteur,Autre_y,Inconnu,Loisirs,Professionnel,Travail,Adulte,Enfant,Jeune,Senior,choc_avant,choc_arriere,choc_lateral,choc_multiple,grav_order_max,heure,minute
200600027381,6,5,17,1,1,1,1.0,2.0,0.0,10.0,0.0,0.0,2.0,2.0,1,1,2.0,1.0,2.0,1.0,0.0,76.0,1,0.0,1.0,2,1,6,0,0,0,2,4,2,2,0,2,0,4,0,2,0,1,1,0,0,2,17,44
201300039584,13,11,28,5,2,1,2.0,7.0,0.0,30.0,0.0,0.0,0.0,1.0,1,2,3.0,2.0,2.0,2.0,0.0,120.0,1,0.0,1.0,1,2,0,1,0,0,0,1,1,0,0,0,0,0,0,1,0,0,0,1,0,2,18,40
200700080869,7,12,8,1,2,3,1.0,6.0,0.0,7.0,0.0,0.0,1.0,4.0,1,1,4.0,2.0,2.0,0.0,0.0,0.0,1,0.0,0.0,1,1,0,2,0,1,0,1,0,1,0,0,1,1,0,0,1,0,1,0,0,3,8,15
201400046253,14,6,18,1,1,6,1.0,3.0,0.0,30.0,0.0,0.0,2.0,12.0,1,2,3.0,2.0,2.0,1.0,0.0,-1.0,1,0.0,1.0,2,2,0,4,0,0,0,4,0,0,0,2,2,2,0,2,0,0,0,1,0,2,8,55
200600052639,6,9,4,1,1,1,1.0,6.0,0.0,10.0,0.0,3.0,0.0,1.0,1,1,1.0,3.0,2.0,1.0,20.0,70.0,1,0.0,1.0,1,2,1,0,0,0,0,1,0,0,0,1,0,0,0,1,0,1,0,0,0,2,7,30
201200017346,12,11,21,1,2,1,1.0,6.0,0.0,7.0,0.0,0.0,1.0,1.0,1,1,3.0,3.0,2.0,1.0,0.0,0.0,1,0.0,1.0,1,1,1,1,0,1,0,1,2,0,0,0,0,0,0,2,0,1,0,0,0,2,12,5
201000061572,10,9,25,5,2,5,1.0,6.0,0.0,7.0,0.0,0.0,1.0,20.0,1,-1,4.0,1.0,1.0,1.0,0.0,40.0,1,0.0,3.0,1,1,2,0,0,1,0,1,1,0,0,1,0,2,0,0,0,1,0,0,0,2,22,45
200700039167,7,6,9,2,2,1,1.0,6.0,0.0,31.0,0.0,9.0,0.0,13.0,2,2,4.0,1.0,2.0,1.0,0.0,76.0,1,0.0,1.0,1,1,2,0,0,0,1,1,0,1,1,0,0,1,0,1,0,1,0,0,0,3,6,45
200800004948,8,1,19,1,2,1,1.0,2.0,0.0,7.0,0.0,0.0,2.0,0.0,1,1,3.0,2.0,2.0,1.0,0.0,89.0,1,0.0,1.0,2,1,4,0,0,0,0,4,0,4,0,0,0,2,0,0,2,0,1,1,0,2,11,15
201500002645,15,8,1,1,1,2,1.0,3.0,0.0,7.0,0.0,0.0,2.0,1.0,1,1,3.0,2.0,1.0,2.0,0.0,57.0,1,0.0,1.0,2,3,4,6,4,0,2,4,0,6,2,0,2,4,4,2,0,1,0,1,0,3,14,30
201700018867,17,4,11,1,1,1,1.0,3.0,2.0,7.0,0.0,0.0,2.0,13.0,1,1,3.0,2.0,2.0,1.0,0.0,0.0,1,0.0,1.0,2,3,4,0,0,0,0,4,0,0,0,0,4,2,0,2,0,1,0,0,0,3,9,0
201300037103,13,1,12,5,2,1,2.0,6.0,0.0,7.0,0.0,0.0,1.0,1.0,1,1,4.0,2.0,2.0,1.0,0.0,60.0,1,0.0,1.0,1,1,1,1,0,1,0,1,0,0,2,0,0,1,0,0,1,1,0,0,0,3,17,57
201600015871,16,11,3,5,2,1,1.0,1.0,1.0,7.0,0.0,0.0,2.0,23.0,1,-1,4.0,2.0,2.0,1.0,80.0,60.0,1,0.0,1.0,2,2,4,0,0,0,0,4,4,0,0,0,0,0,0,4,0,1,0,0,0,2,21,10
200900057839,9,10,4,1,2,1,1.0,2.0,0.0,7.0,0.0,14.0,0.0,1.0,1,-1,4.0,2.0,2.0,1.0,0.0,90.0,1,0.0,1.0,2,1,6,0,0,0,2,4,0,0,6,0,0,2,0,4,0,1,1,0,0,2,12,50
200500062697,5,10,6,1,1,1,1.0,7.0,0.0,7.0,0.0,13.0,0.0,13.0,1,-1,3.0,2.0,2.0,0.0,0.0,68.0,1,0.0,3.0,1,4,1,1,0,0,1,1,0,1,1,0,0,0,0,0,2,1,0,0,0,4,10,45
200500073785,5,11,10,5,2,9,1.0,3.0,0.0,7.0,0.0,0.0,2.0,15.0,1,-1,4.0,2.0,2.0,1.0,0.0,85.0,1,0.0,1.0,2,1,4,6,4,0,2,4,0,6,4,0,0,2,2,6,0,1,0,0,0,3,19,0
200600014457,6,3,7,1,2,1,2.0,6.0,0.0,7.0,0.0,0.0,2.0,21.0,1,-1,4.0,2.0,2.0,1.0,0.0,100.0,1,0.0,1.0,3,1,3,9,0,3,0,9,0,9,3,0,0,12,0,0,0,1,1,0,0,2,15,40
201300038543,13,6,6,1,2,1,1.0,1.0,0.0,7.0,0.0,0.0,2.0,5.0,1,1,3.0,2.0,2.0,1.0,0.0,0.0,1,0.0,1.0,2,1,2,2,0,0,0,4,0,0,0,2,2,4,0,0,0,1,0,0,0,2,8,15
201600049244,16,6,8,1,2,1,1.0,2.0,1.0,30.0,0.0,0.0,2.0,0.0,1,2,4.0,0.0,0.0,1.0,0.0,0.0,1,0.0,0.0,2,2,4,0,0,0,0,4,0,4,0,0,0,4,0,0,0,0,0,0,0,2,20,40
200600005451,6,1,21,3,1,1,1.0,7.0,0.0,7.0,0.0,13.0,0.0,1.0,1,1,3.0,2.0,0.0,2.0,0.0,50.0,1,0.0,3.0,1,1,2,0,0,0,1,1,0,1,1,0,0,0,0,2,0,0,0,0,1,3,22,0
201500004139,15,10,4,1,1,1,1.0,3.0,0.0,7.0,0.0,0.0,2.0,10.0,1,-1,3.0,2.0,2.0,0.0,0.0,63.0,1,0.0,1.0,2,1,6,6,4,2,2,4,0,10,2,0,0,4,0,6,2,1,1,0,0,3,14,30
200900002510,9,1,28,1,2,1,1.0,6.0,0.0,7.0,0.0,8.0,0.0,0.0,1,1,4.0,2.0,2.0,0.0,0.0,60.0,1,0.0,1.0,1,2,0,1,0,0,0,1,0,0,1,0,0,0,0,0,1,1,0,0,0,2,17,23
201400045469,14,11,4,5,2,1,1.0,3.0,0.0,33.0,0.0,0.0,2.0,11.0,1,2,3.0,0.0,0.0,0.0,0.0,0.0,-1,0.0,0.0,2,2,4,0,0,0,0,4,0,4,0,0,0,2,0,2,0,1,0,0,0,2,22,45
201100027373,11,3,18,1,2,1,1.0,6.0,0.0,7.0,0.0,0.0,1.0,1.0,1,-1,4.0,1.0,1.0,1.0,0.0,0.0,1,0.0,1.0,1,1,2,0,0,1,0,1,0,2,0,0,0,0,1,1,0,1,0,0,0,2,18,55
200700022193,7,4,16,1,2,1,1.0,7.0,0.0,2.0,0.0,0.0,0.0,0.0,1,-1,4.0,2.0,2.0,1.0,0.0,0.0,1,2.0,1.0,1,2,0,2,0,0,1,1,0,2,0,0,0,0,2,0,0,0,0,0,0,2,15,5
200500072330,5,11,22,1,2,3,1.0,3.0,0.0,7.0,0.0,0.0,2.0,15.0,1,1,4.0,2.0,2.0,1.0,0.0,650.0,1,0.0,1.0,2,1,4,0,0,0,0,4,0,0,2,0,2,0,0,2,2,1,0,1,0,3,13,55
201600013610,16,12,3,1,2,1,1.0,3.0,1.0,7.0,0.0,0.0,2.0,9.0,1,1,3.0,2.0,2.0,1.0,0.0,0.0,1,0.0,2.0,2,3,2,4,0,0,2,4,0,6,0,0,0,0,0,2,4,1,0,0,0,3,12,54
200700038734,7,6,20,1,2,1,1.0,6.0,0.0,7.0,0.0,0.0,1.0,1.0,1,1,4.0,1.0,2.0,1.0,0.0,100.0,1,5.0,1.0,1,1,2,1,0,2,0,1,0,1,2,0,0,1,0,1,1,1,0,0,0,2,12,45
200900022384,9,1,11,5,2,1,1.0,6.0,0.0,7.0,0.0,0.0,1.0,1.0,1,1,4.0,2.0,2.0,1.0,0.0,62.0,1,0.0,1.0,1,1,2,0,0,1,0,1,0,0,2,0,0,1,0,0,1,1,0,0,0,3,17,40
200500007015,5,2,9,1,2,1,1.0,3.0,0.0,7.0,0.0,0.0,2.0,15.0,1,1,4.0,3.0,2.0,1.0,15.0,25.0,1,0.0,1.0,2,1,4,0,0,0,0,4,2,0,2,0,0,2,0,2,0,1,0,1,0,2,14,10
200600072878,6,11,7,1,2,6,1.0,3.0,0.0,7.0,0.0,0.0,2.0,1.0,1,1,3.0,0.0,1.0,1.0,0.0,70.0,1,5.0,1.0,2,1,4,0,0,0,0,4,0,0,4,0,0,2,0,0,2,1,0,1,0,3,12,0
201700018066,17,12,27,1,2,3,6.0,3.0,0.0,7.0,0.0,0.0,2.0,1.0,1,1,4.0,2.0,2.0,2.0,0.0,20.0,1,0.0,-1.0,2,2,0,4,0,0,0,4,4,0,0,0,0,4,0,0,0,1,0,0,0,2,12,10
201700020241,17,1,23,2,1,1,1.0,6.0,0.0,7.0,0.0,0.0,1.0,1.0,1,1,4.0,2.0,2.0,2.0,0.0,37.0,1,0.0,1.0,1,1,1,2,0,1,1,1,2,0,1,0,0,1,0,0,2,1,0,0,0,3,17,45
200800012147,8,3,12,1,2,2,1.0,3.0,0.0,7.0,0.0,15.0,2.0,1.0,1,1,3.0,2.0,2.0,1.0,0.0,60.0,1,0.0,1.0,2,2,2,2,0,0,0,4,4,0,0,0,0,0,0,0,4,1,0,0,0,2,8,45
200700044074,7,7,16,1,2,1,1.0,3.0,0.0,33.0,0.0,0.0,2.0,0.0,1,2,2.0,2.0,2.0,1.0,0.0,0.0,1,0.0,1.0,2,2,2,2,0,0,0,4,0,4,0,0,0,0,0,4,0,1,0,1,0,2,13,45
200500066504,5,10,16,3,1,1,2.0,6.0,0.0,7.0,0.0,2.0,0.0,13.0,1,1,2.0,2.0,2.0,2.0,0.0,76.0,1,0.0,1.0,1,1,2,0,0,0,1,1,0,1,1,0,0,0,1,1,0,1,0,0,0,3,5,15
200700011643,7,2,25,1,1,1,2.0,2.0,0.0,7.0,0.0,0.0,2.0,13.0,1,1,1.0,1.0,2.0,1.0,0.0,95.0,1,3.0,1.0,2,1,2,2,0,0,0,4,0,4,0,0,0,2,0,2,0,1,1,0,0,2,17,20
201400053790,14,8,12,1,2,1,1.0,3.0,0.0,30.0,0.0,0.0,2.0,1.0,1,2,4.0,2.0,1.0,1.0,0.0,120.0,1,0.0,1.0,2,2,2,2,0,0,0,4,0,0,4,0,0,4,0,0,0,1,0,0,0,2,12,50
201100039863,11,7,6,1,2,1,1.0,5.0,0.0,7.0,0.0,1.0,2.0,2.0,1,1,4.0,1.0,1.0,1.0,32.0,38.0,1,0.0,1.0,3,1,6,3,0,0,0,9,0,9,0,0,0,6,0,3,0,1,0,0,0,2,16,0
201700053149,17,12,2,5,2,2,1.0,4.0,1.0,7.0,0.0,0.0,2.0,1.0,1,1,4.0,1.0,3.0,1.0,0.0,130.0,1,0.0,1.0,3,1,9,0,0,0,0,9,0,9,0,0,0,9,0,0,0,1,1,1,0,2,20,30
200500011807,5,2,26,1,2,1,1.0,1.0,0.0,7.0,0.0,0.0,2.0,2.0,1,-1,4.0,2.0,2.0,1.0,0.0,0.0,1,0.0,1.0,2,1,6,0,0,0,2,4,0,2,2,2,0,2,0,4,0,1,1,0,0,3,13,0
201200059258,12,10,1,1,2,7,1.0,6.0,0.0,34.0,0.0,0.0,1.0,1.0,1,2,4.0,2.0,1.0,1.0,0.0,25.0,1,0.0,1.0,1,1,2,1,0,2,0,1,0,2,0,0,1,2,1,0,0,1,0,0,0,2,9,0
200600046470,6,8,20,1,1,1,1.0,6.0,0.0,7.0,0.0,10.0,0.0,1.0,1,1,3.0,2.0,2.0,1.0,0.0,0.0,1,0.0,3.0,1,2,0,1,0,0,0,1,0,0,1,0,0,0,0,0,1,1,0,0,0,2,10,45
200900037643,9,9,3,3,1,1,2.0,1.0,0.0,7.0,0.0,0.0,2.0,13.0,1,1,3.0,2.0,3.0,1.0,0.0,90.0,1,0.0,1.0,2,3,4,0,0,0,0,4,0,0,2,0,2,4,0,0,0,1,0,0,0,4,5,30
201000025486,10,9,10,1,2,6,1.0,3.0,0.0,1.0,0.0,0.0,2.0,15.0,1,0,4.0,2.0,2.0,1.0,0.0,80.0,1,0.0,1.0,2,3,2,2,0,0,0,4,0,0,2,0,2,2,0,2,0,1,0,0,0,3,12,23
200700078859,7,12,21,1,2,1,1.0,1.0,0.0,1.0,0.0,0.0,2.0,1.0,1,-1,9.0,1.0,2.0,2.0,0.0,0.0,1,0.0,1.0,2,2,2,2,0,0,0,4,0,0,4,0,0,2,2,0,0,1,0,0,0,2,14,10
200500027074,5,4,10,5,2,1,2.0,1.0,0.0,5.0,0.0,0.0,2.0,1.0,1,2,3.0,2.0,2.0,1.0,0.0,65.0,1,0.0,1.0,2,4,4,0,0,0,0,4,0,2,0,2,0,4,0,0,0,1,0,0,0,4,3,5
201600000790,16,10,13,1,1,2,1.0,3.0,2.0,7.0,0.0,0.0,2.0,1.0,1,1,3.0,2.0,2.0,1.0,0.0,540.0,1,0.0,1.0,2,3,2,2,0,0,0,4,0,0,2,2,0,4,0,0,0,1,0,0,0,3,10,45
201600027119,16,1,4,1,2,1,1.0,3.0,2.0,7.0,0.0,0.0,2.0,1.0,1,1,3.0,2.0,2.0,1.0,0.0,0.0,1,0.0,1.0,2,1,4,0,0,0,0,4,0,0,4,0,0,4,0,0,0,1,0,0,0,2,14,15
200700013277,7,3,10,3,1,1,1.0,7.0,0.0,7.0,0.0,8.0,0.0,1.0,1,1,3.0,2.0,2.0,0.0,0.0,45.0,1,0.0,3.0,1,3,2,0,0,0,1,1,0,1,1,0,0,0,1,1,0,1,0,0,0,3,5,0
200900067518,9,10,20,2,1,9,1.0,2.0,0.0,7.0,0.0,0.0,0.0,9.0,1,1,1.0,3.0,4.0,2.0,15.0,144.0,1,3.0,1.0,2,2,4,0,0,0,0,4,0,0,0,0,4,4,0,0,0,1,1,0,0,2,7,0
200700065110,7,10,4,1,2,1,1.0,6.0,1.0,13.0,0.0,0.0,1.0,2.0,3,-1,4.0,1.0,1.0,1.0,0.0,60.0,1,0.0,1.0,1,2,1,0,0,1,0,0,0,0,0,1,0,0,0,0,1,1,0,0,0,2,12,38
200800016438,8,3,24,3,1,1,8.0,6.0,0.0,7.0,0.0,13.0,0.0,13.0,1,1,3.0,2.0,2.0,0.0,0.0,60.0,1,0.0,3.0,1,3,1,0,0,0,0,1,0,0,1,0,0,1,0,0,0,1,0,0,0,3,1,45
201200049704,12,10,17,1,1,1,1.0,6.0,0.0,7.0,0.0,4.0,0.0,1.0,1,1,1.0,3.0,3.0,1.0,15.0,105.0,1,0.0,1.0,1,1,0,2,1,0,0,1,0,0,2,0,0,1,0,0,1,1,0,0,0,3,15,50
201500034648,15,4,8,1,2,5,1.0,3.0,0.0,33.0,0.0,0.0,2.0,1.0,1,2,4.0,2.0,2.0,1.0,0.0,0.0,1,5.0,1.0,2,3,6,0,0,0,2,4,0,0,4,2,0,2,0,4,0,1,0,0,0,3,16,5
201600006955,16,2,5,2,2,1,1.0,7.0,0.0,30.0,0.0,0.0,0.0,1.0,1,2,4.0,2.0,2.0,2.0,0.0,70.0,1,0.0,1.0,1,3,0,1,0,0,0,1,0,0,0,0,1,1,0,0,0,0,0,0,0,3,17,45
200600060629,6,10,6,1,2,1,1.0,6.0,0.0,33.0,0.0,0.0,0.0,0.0,1,-1,4.0,2.0,4.0,1.0,0.0,0.0,1,0.0,1.0,1,2,1,0,0,0,0,1,0,1,0,0,0,0,0,1,0,0,0,0,0,2,8,15
200700055570,7,9,11,1,2,3,1.0,2.0,0.0,30.0,0.0,0.0,2.0,1.0,1,2,3.0,2.0,2.0,1.0,0.0,0.0,1,0.0,1.0,2,2,0,4,0,0,0,4,4,0,0,0,0,2,2,0,0,1,1,0,0,2,7,42
200800036460,8,7,23,1,2,1,1.0,1.0,0.0,31.0,0.0,0.0,2.0,1.0,1,2,4.0,2.0,2.0,1.0,0.0,0.0,1,0.0,1.0,2,1,4,2,0,0,2,4,2,2,2,0,0,0,4,2,0,1,0,1,0,3,18,45
200900037443,9,8,31,1,2,2,1.0,6.0,0.0,7.0,0.0,0.0,1.0,15.0,3,-1,4.0,2.0,2.0,1.0,0.0,0.0,1,0.0,1.0,1,2,1,1,0,1,0,1,0,2,0,0,0,0,0,1,1,1,0,0,0,2,14,0
200800067858,8,11,5,1,2,2,1.0,6.0,0.0,7.0,0.0,0.0,1.0,1.0,1,-1,4.0,2.0,2.0,2.0,0.0,200.0,1,0.0,1.0,1,1,1,1,0,1,0,1,0,2,0,0,0,1,1,0,0,1,0,0,0,2,15,15
201200041173,12,7,14,2,2,6,1.0,3.0,0.0,7.0,0.0,0.0,2.0,1.0,1,1,4.0,2.0,2.0,1.0,0.0,70.0,1,0.0,1.0,2,1,4,0,0,0,0,4,0,0,4,0,0,0,0,4,0,1,0,1,0,2,21,20
200700007235,7,2,26,1,1,1,8.0,3.0,0.0,10.0,0.0,0.0,2.0,17.0,1,1,2.0,2.0,0.0,1.0,0.0,74.0,1,0.0,1.0,2,1,4,4,0,0,4,4,2,4,0,2,0,4,0,4,0,1,0,1,0,3,17,0
201400020074,14,7,30,3,1,1,1.0,6.0,0.0,10.0,0.0,0.0,1.0,21.0,1,1,1.0,3.0,2.0,1.0,30.0,70.0,1,0.0,1.0,1,1,2,0,0,1,0,1,0,0,1,1,0,2,0,0,0,0,0,1,0,4,1,45
201100026881,11,10,10,5,2,1,1.0,3.0,0.0,7.0,0.0,0.0,2.0,1.0,1,1,4.0,2.0,2.0,1.0,0.0,85.0,1,0.0,1.0,2,1,4,0,0,0,0,4,0,4,0,0,0,0,0,4,0,1,0,0,1,2,0,1
201200049766,12,11,10,2,1,1,1.0,7.0,0.0,7.0,0.0,0.0,0.0,21.0,1,1,1.0,3.0,3.0,1.0,25.0,35.0,1,0.0,2.0,1,2,1,0,0,0,0,1,0,0,0,1,0,0,0,1,0,1,0,0,0,2,10,15
200900052750,9,7,29,1,2,1,1.0,7.0,0.0,14.0,0.0,0.0,1.0,0.0,1,1,4.0,3.0,2.0,1.0,0.0,36.0,1,5.0,1.0,1,1,1,1,0,1,0,1,0,1,0,1,0,1,0,1,0,1,0,0,0,3,10,50
201000064663,10,11,24,1,2,1,1.0,7.0,0.0,32.0,0.0,0.0,0.0,1.0,1,2,4.0,1.0,1.0,2.0,0.0,0.0,0,3.0,1.0,1,2,0,1,0,0,0,1,0,0,1,0,0,1,0,0,0,0,0,0,0,2,14,15
200700059703,7,9,28,1,2,2,3.0,6.0,0.0,14.0,0.0,0.0,1.0,1.0,1,1,4.0,2.0,0.0,1.0,0.0,100.0,1,5.0,1.0,1,1,2,0,0,1,0,1,0,1,0,1,0,1,0,0,1,1,0,0,0,2,9,50
201000011863,10,1,29,5,2,1,1.0,3.0,0.0,10.0,0.0,0.0,2.0,1.0,1,1,4.0,3.0,2.0,1.0,85.0,80.0,1,0.0,1.0,2,1,4,0,0,0,0,4,2,0,0,0,2,2,2,0,0,1,0,1,0,2,18,15
201600052250,16,4,1,1,2,7,1.0,5.0,0.0,7.0,0.0,0.0,2.0,1.0,1,1,4.0,0.0,0.0,2.0,0.0,0.0,1,0.0,1.0,3,1,6,3,0,0,0,9,0,0,6,0,3,3,0,3,3,1,1,0,0,2,6,30
200700052339,7,8,16,1,2,1,1.0,6.0,1.0,7.0,0.0,1.0,0.0,0.0,3,-1,4.0,1.0,1.0,0.0,0.0,67.0,1,0.0,1.0,1,2,0,1,0,1,0,0,0,0,1,0,0,0,0,0,1,1,0,0,0,2,13,50
200600051939,6,9,23,1,1,2,1.0,2.0,0.0,7.0,0.0,0.0,2.0,1.0,2,1,2.0,2.0,2.0,4.0,0.0,0.0,1,5.0,1.0,2,1,2,4,0,0,2,4,0,2,4,0,0,2,4,0,0,1,0,0,0,3,18,30
200600004471,6,1,7,1,1,1,1.0,7.0,0.0,7.0,0.0,0.0,0.0,1.0,1,1,4.0,2.0,2.0,1.0,0.0,27.0,0,0.0,1.0,1,4,1,0,0,0,0,1,0,0,1,0,0,0,0,1,0,0,0,0,1,4,14,15
200600059413,6,10,12,3,1,1,1.0,7.0,0.0,7.0,0.0,2.0,0.0,1.0,1,1,3.0,2.0,0.0,1.0,0.0,91.0,1,0.0,3.0,1,3,2,0,0,0,1,1,0,1,1,0,0,0,0,2,0,1,0,0,0,3,0,1
201300007150,13,10,7,3,1,1,1.0,6.0,0.0,7.0,0.0,2.0,0.0,1.0,1,0,3.0,2.0,2.0,2.0,0.0,60.0,1,0.0,3.0,1,4,1,0,0,0,0,1,0,0,1,0,0,0,0,0,1,0,0,1,0,4,21,0
201700034299,17,10,27,1,2,2,1.0,6.0,1.0,31.0,0.0,0.0,1.0,1.0,1,2,4.0,3.0,5.0,1.0,25.0,70.0,1,0.0,1.0,1,1,1,1,0,1,0,1,0,0,2,0,0,1,1,0,0,1,0,0,0,2,13,0
201200025258,12,7,12,5,2,3,1.0,2.0,0.0,33.0,0.0,0.0,2.0,2.0,1,-1,4.0,2.0,2.0,1.0,0.0,0.0,1,0.0,1.0,2,2,2,2,0,0,0,4,2,0,0,2,0,4,0,0,0,1,1,0,0,2,22,50
200700013609,7,3,15,2,2,1,1.0,3.0,0.0,7.0,0.0,0.0,2.0,9.0,1,1,2.0,2.0,4.0,2.0,0.0,100.0,1,0.0,1.0,2,1,4,0,0,0,0,4,0,2,2,0,0,0,0,2,2,1,0,0,0,2,12,0
200600075893,6,12,20,5,2,3,1.0,3.0,0.0,33.0,0.0,0.0,0.0,1.0,1,2,3.0,2.0,0.0,1.0,0.0,0.0,1,0.0,1.0,2,3,4,0,0,0,0,4,0,0,0,0,4,4,0,0,0,1,0,0,0,3,21,20
200800030865,8,6,30,1,1,1,1.0,6.0,0.0,7.0,0.0,0.0,0.0,0.0,1,1,2.0,1.0,2.0,0.0,10.0,72.0,1,0.0,1.0,1,2,0,1,0,0,0,1,0,0,0,1,0,1,0,0,0,0,0,0,0,2,15,0
201000003403,10,2,9,3,1,1,4.0,6.0,0.0,7.0,0.0,13.0,0.0,1.0,1,1,2.0,3.0,4.0,0.0,20.0,120.0,1,0.0,3.0,1,4,1,0,0,0,0,1,0,0,0,0,1,1,0,0,0,1,0,0,0,4,5,30
201500050476,15,12,30,1,1,1,1.0,2.0,0.0,7.0,0.0,0.0,2.0,1.0,1,1,1.0,3.0,3.0,4.0,15.0,140.0,1,0.0,1.0,2,1,4,0,0,0,0,4,0,0,2,0,2,2,0,2,0,1,1,0,0,3,8,40
201000014748,10,4,24,1,2,2,1.0,3.0,0.0,33.0,0.0,0.0,2.0,1.0,1,2,3.0,2.0,2.0,1.0,0.0,50.0,1,5.0,1.0,2,3,2,2,0,0,0,4,0,0,4,0,0,2,0,2,0,1,0,1,0,3,12,0
201400012486,14,8,22,1,1,1,8.0,6.0,0.0,14.0,0.0,3.0,0.0,13.0,1,0,1.0,1.0,1.0,1.0,0.0,105.0,-1,3.0,3.0,1,3,1,0,0,0,0,1,0,0,0,1,0,1,0,0,0,1,0,0,0,3,14,0
201700024545,17,2,3,3,1,1,1.0,2.0,1.0,7.0,0.0,0.0,2.0,2.0,1,1,1.0,3.0,6.0,1.0,0.0,0.0,1,0.0,1.0,2,2,6,0,0,0,2,4,2,0,4,0,0,4,0,2,0,1,1,0,0,2,7,5
200500068117,5,10,19,5,2,1,3.0,6.0,0.0,4.0,0.0,14.0,0.0,1.0,1,2,4.0,2.0,4.0,1.0,0.0,120.0,1,0.0,1.0,1,2,1,1,0,0,1,1,0,1,1,0,0,2,0,0,0,1,0,0,0,2,0,15
201400005870,14,1,26,5,2,1,2.0,6.0,0.0,7.0,0.0,2.0,0.0,1.0,1,0,3.0,2.0,2.0,2.0,0.0,67.0,1,0.0,3.0,1,4,1,0,0,0,0,1,0,0,1,0,0,0,0,1,0,0,0,1,0,4,22,30
201100000153,11,7,13,1,1,1,1.0,4.0,0.0,10.0,0.0,0.0,2.0,1.0,1,1,3.0,2.0,3.0,1.0,0.0,115.0,1,0.0,1.0,3,1,9,3,0,0,3,9,0,3,3,6,0,6,0,0,6,1,1,0,0,3,10,15
200800010628,8,2,20,1,2,1,1.0,6.0,0.0,7.0,0.0,0.0,1.0,1.0,1,1,4.0,2.0,2.0,1.0,0.0,62.0,1,0.0,1.0,1,1,2,0,0,1,0,1,0,0,2,0,0,1,0,1,0,1,0,0,0,2,15,5
201100051694,11,5,16,1,2,1,1.0,6.0,0.0,7.0,0.0,0.0,1.0,20.0,1,1,2.0,1.0,1.0,1.0,0.0,25.0,1,0.0,1.0,1,1,1,1,0,1,0,1,1,0,1,0,0,1,0,1,0,0,1,0,0,2,17,40
200900065505,9,12,7,1,1,1,2.0,7.0,0.0,7.0,0.0,0.0,0.0,1.0,1,1,4.0,2.0,2.0,1.0,0.0,58.0,1,0.0,3.0,1,2,1,0,0,0,0,1,0,1,0,0,0,1,0,0,0,0,0,0,0,2,15,50
200500066947,5,10,19,1,2,1,1.0,6.0,0.0,7.0,0.0,0.0,1.0,1.0,1,1,4.0,3.0,4.0,1.0,80.0,79.0,1,0.0,1.0,1,1,2,1,0,1,1,1,0,1,2,0,0,0,0,0,3,1,0,0,0,3,11,45
201000002972,10,1,6,1,1,1,4.0,1.0,0.0,7.0,0.0,0.0,2.0,1.0,1,1,3.0,2.0,2.0,1.0,0.0,68.0,0,0.0,1.0,2,1,12,0,4,0,4,4,6,6,0,0,0,2,0,10,0,1,0,1,0,4,10,30
200700066454,7,10,20,1,2,2,1.0,3.0,0.0,7.0,0.0,0.0,2.0,5.0,1,1,4.0,1.0,1.0,1.0,0.0,0.0,1,0.0,1.0,2,1,2,2,0,0,0,4,0,0,4,0,0,4,0,0,0,1,0,0,0,2,16,30
201300014028,13,1,3,1,2,1,1.0,3.0,0.0,7.0,0.0,0.0,2.0,9.0,1,1,4.0,2.0,2.0,1.0,0.0,60.0,1,0.0,1.0,2,1,0,4,0,0,0,4,0,0,0,0,4,4,0,0,0,1,0,1,0,2,8,10
200700044549,7,7,21,1,2,3,1.0,3.0,0.0,33.0,0.0,0.0,0.0,1.0,1,2,4.0,2.0,2.0,1.0,0.0,60.0,1,0.0,1.0,2,3,4,0,0,0,0,4,0,0,0,2,2,4,0,0,0,1,0,1,0,3,16,10
201300050557,13,10,19,5,2,5,1.0,3.0,0.0,1.0,0.0,0.0,2.0,7.0,1,-1,4.0,1.0,2.0,1.0,0.0,96.0,1,0.0,0.0,2,2,0,4,0,0,0,4,0,0,4,0,0,2,0,2,0,1,0,0,0,2,21,5
201700014194,17,8,29,3,1,1,1.0,7.0,1.0,7.0,0.0,14.0,0.0,1.0,1,1,3.0,3.0,4.0,1.0,0.0,0.0,1,0.0,3.0,1,4,0,2,0,0,1,1,0,0,2,0,0,0,0,2,0,0,0,0,1,4,1,15
200500075061,5,11,2,1,2,2,2.0,2.0,0.0,7.0,0.0,0.0,2.0,1.0,1,1,4.0,1.0,2.0,1.0,0.0,60.0,1,0.0,1.0,2,1,4,0,0,0,0,4,4,0,0,0,0,2,0,2,0,1,1,0,0,2,13,5
200800068949,8,12,28,1,1,1,1.0,6.0,0.0,7.0,0.0,5.0,0.0,1.0,1,1,3.0,2.0,2.0,1.0,0.0,72.0,1,0.0,3.0,1,4,0,1,0,0,0,1,0,0,0,0,1,1,0,0,0,1,0,0,0,4,13,30
201600013719,16,8,26,1,2,1,1.0,3.0,2.0,30.0,0.0,0.0,2.0,17.0,1,2,4.0,2.0,2.0,1.0,0.0,0.0,1,0.0,1.0,2,2,4,0,0,0,0,4,0,0,2,2,0,0,0,4,0,0,0,1,0,2,16,5