Num_Acc,an,mois,jour,lum,agg,int,atm,col,senc,catv,occutc,obs,obsm,manv,catu,secu,catr,circ,nbv,prof,lartpc,larrout,surf,infra,situ,nb_veh,grav_simpl,Homme,Femme,Arrière,Autre_x,Avant,Conducteur,Autre_y,Inconnu,Loisirs,Professionnel,Travail,Adulte,Enfant,Jeune,Senior,choc_avant,choc_arriere,choc_lateral,choc_multiple,grav_order_max,heure,minute
200600017820,6,4,1,1,1,1,8.0,6.0,0.0,7.0,0.0,10.0,0.0,1.0,1,0,3.0,2.0,2.0,1.0,0.0,69.0,1,0.0,3.0,1,4,1,0,0,0,0,1,0,0,0,0,1,0,0,1,0,1,0,0,0,4,13,45
201400005300,14,6,8,1,1,1,1.0,1.0,0.0,7.0,0.0,0.0,2.0,1.0,1,1,3.0,2.0,2.0,2.0,0.0,75.0,1,0.0,1.0,2,1,2,2,0,0,0,4,0,0,4,0,0,2,2,0,0,1,0,0,0,3,14,45
201000060815,10,10,22,5,2,2,1.0,7.0,0.0,33.0,0.0,0.0,0.0,1.0,1,2,4.0,2.0,1.0,1.0,0.0,169.0,1,2.0,1.0,1,2,1,0,0,0,0,1,0,1,0,0,0,1,0,0,0,0,0,0,0,2,18,45
201400043435,14,5,25,1,2,1,1.0,6.0,0.0,7.0,0.0,0.0,1.0,1.0,1,-1,4.0,1.0,1.0,1.0,0.0,0.0,1,0.0,1.0,1,1,1,1,0,1,0,1,1,1,0,0,0,1,1,0,0,1,0,0,0,3,20,5
200800026988,8,5,19,1,2,1,1.0,6.0,0.0,33.0,0.0,0.0,1.0,1.0,3,-1,4.0,2.0,4.0,2.0,0.0,0.0,1,0.0,1.0,1,2,1,1,0,1,0,1,0,0,0,0,2,2,0,0,0,1,0,0,0,2,9,30
201300034688,13,12,1,1,2,4,1.0,6.0,0.0,1.0,0.0,0.0,2.0,1.0,1,-1,3.0,0.0,0.0,2.0,0.0,0.0,1,0.0,1.0,2,2,2,0,0,0,0,2,0,2,0,0,0,0,2,0,0,1,0,1,0,2,14,10
201400001606,14,11,22,1,2,2,1.0,2.0,0.0,7.0,0.0,0.0,0.0,2.0,1,1,3.0,3.0,4.0,1.0,0.0,0.0,1,0.0,1.0,2,1,4,0,0,0,0,4,0,0,4,0,0,2,0,2,0,1,1,0,0,3,16,55
200500030579,5,5,6,1,2,9,1.0,1.0,0.0,2.0,0.0,0.0,2.0,1.0,1,2,3.0,2.0,1.0,2.0,0.0,30.0,1,2.0,1.0,2,2,2,2,0,0,0,4,2,2,0,0,0,2,2,0,0,1,0,0,0,2,18,10
200800049495,8,9,24,1,1,1,1.0,6.0,0.0,7.0,0.0,2.0,0.0,1.0,1,1,3.0,2.0,2.0,2.0,0.0,60.0,1,0.0,3.0,1,3,1,0,0,0,0,1,0,0,0,0,1,0,0,1,0,0,0,1,0,3,17,15
201400056642,14,1,7,1,2,2,1.0,6.0,0.0,37.0,0.0,0.0,1.0,15.0,1,1,4.0,0.0,2.0,2.0,0.0,60.0,1,0.0,1.0,1,1,0,2,0,1,0,1,0,1,0,1,0,1,0,0,1,1,0,0,0,3,11,55
201400022451,14,6,15,1,2,1,1.0,7.0,0.0,7.0,0.0,7.0,0.0,14.0,1,1,3.0,2.0,4.0,4.0,0.0,0.0,1,0.0,3.0,1,2,0,1,0,0,0,1,0,0,1,0,0,0,0,1,0,1,0,0,0,2,16,5
200900033095,9,9,22,1,2,2,1.0,6.0,0.0,20.0,0.0,0.0,1.0,1.0,1,4,4.0,1.0,2.0,2.0,0.0,60.0,1,0.0,1.0,1,1,1,1,0,1,0,1,0,1,0,1,0,1,0,1,0,0,0,1,0,2,12,50
200600061430,6,10,9,5,2,4,3.0,1.0,0.0,2.0,0.0,0.0,2.0,13.0,1,2,4.0,2.0,2.0,1.0,0.0,70.0,1,0.0,1.0,2,4,2,2,0,0,0,4,0,0,0,0,4,0,0,4,0,1,0,0,0,4,5,20
201200035622,12,7,8,1,2,1,1.0,6.0,0.0,7.0,0.0,0.0,1.0,1.0,1,1,4.0,2.0,2.0,1.0,0.0,60.0,1,0.0,1.0,1,1,1,1,0,1,0,1,0,0,2,0,0,0,1,1,0,1,0,0,0,2,18,40
200900039766,9,5,4,1,2,2,1.0,3.0,0.0,17.0,0.0,0.0,2.0,1.0,1,1,4.0,2.0,2.0,1.0,0.0,80.0,1,5.0,1.0,2,1,2,2,0,0,0,4,0,0,2,2,0,2,0,0,2,1,0,0,0,2,7,45
201400010522,14,2,11,1,2,1,1.0,6.0,0.0,7.0,0.0,0.0,1.0,1.0,1,-1,4.0,2.0,2.0,3.0,0.0,0.0,1,5.0,1.0,1,1,1,1,0,1,0,1,0,2,0,0,0,1,0,0,1,0,0,0,0,2,9,25
201600002397,16,3,25,1,2,9,1.0,3.0,1.0,7.0,0.0,0.0,0.0,0.0,1,1,3.0,3.0,0.0,0.0,0.0,0.0,-1,0.0,0.0,2,1,4,4,2,0,2,4,0,8,0,0,0,0,0,2,6,0,0,0,0,2,11,30
201700010106,17,7,28,5,2,1,1.0,6.0,1.0,7.0,0.0,8.0,0.0,0.0,2,-1,4.0,2.0,1.0,1.0,0.0,101.0,1,0.0,1.0,1,3,0,1,0,0,1,0,0,1,0,0,0,1,0,0,0,1,0,0,0,3,22,20
201500000492,15,12,23,1,1,1,1.0,1.0,0.0,7.0,0.0,0.0,0.0,0.0,1,1,3.0,0.0,0.0,0.0,0.0,0.0,-1,0.0,0.0,2,2,2,2,0,0,0,4,0,4,0,0,0,2,0,0,2,0,0,0,0,2,9,0
201500006940,15,2,15,3,1,1,1.0,6.0,0.0,7.0,0.0,0.0,1.0,1.0,1,1,2.0,2.0,3.0,1.0,0.0,0.0,1,0.0,1.0,1,2,2,2,1,1,1,1,0,4,0,0,0,2,1,1,0,1,0,0,0,3,3,30
201100038139,11,9,12,1,2,1,1.0,6.0,0.0,7.0,0.0,0.0,1.0,4.0,1,1,4.0,1.0,1.0,2.0,47.0,90.0,1,0.0,1.0,1,1,1,1,0,1,0,1,1,0,1,0,0,0,0,1,1,0,1,0,0,2,10,38
201300041330,13,3,29,2,2,1,1.0,6.0,0.0,10.0,0.0,1.0,1.0,1.0,1,1,4.0,2.0,1.0,1.0,0.0,0.0,1,0.0,1.0,1,1,3,0,0,1,1,1,0,1,2,0,0,1,1,1,0,1,0,0,0,2,19,20
201000061541,10,8,26,5,2,5,1.0,6.0,0.0,33.0,0.0,14.0,0.0,1.0,1,2,4.0,1.0,0.0,1.0,400.0,300.0,1,0.0,1.0,1,2,1,0,0,0,0,1,0,0,1,0,0,1,0,0,0,1,0,0,0,2,3,55
200500014650,5,3,19,1,2,1,1.0,2.0,0.0,7.0,0.0,0.0,2.0,2.0,1,1,2.0,2.0,2.0,2.0,0.0,80.0,1,0.0,1.0,2,2,4,0,0,0,0,4,0,2,0,0,2,2,0,2,0,1,1,0,0,2,16,20
200900001020,9,2,24,1,2,2,1.0,7.0,0.0,34.0,0.0,0.0,0.0,21.0,1,2,4.0,2.0,2.0,1.0,0.0,0.0,1,0.0,1.0,1,2,1,0,0,0,0,1,0,0,1,0,0,1,0,0,0,0,0,1,0,2,13,0
201200057565,12,5,24,1,2,1,1.0,2.0,0.0,1.0,0.0,0.0,2.0,2.0,1,2,4.0,1.0,1.0,1.0,0.0,0.0,1,0.0,5.0,2,2,4,0,0,0,0,4,0,0,2,2,0,4,0,0,0,1,1,0,0,2,10,0
200600064672,6,10,2,1,2,2,2.0,3.0,0.0,13.0,0.0,0.0,0.0,2.0,1,1,4.0,1.0,1.0,1.0,0.0,0.0,1,0.0,1.0,2,2,4,0,0,0,0,4,0,2,0,2,0,2,0,0,2,1,0,0,0,2,14,15
201700031114,17,10,2,1,1,1,3.0,1.0,2.0,7.0,0.0,0.0,2.0,1.0,1,1,3.0,2.0,2.0,1.0,0.0,75.0,1,0.0,1.0,2,3,0,4,0,0,0,4,0,0,2,0,2,2,0,2,0,1,0,1,0,3,8,55
200500028663,5,5,31,1,2,2,1.0,6.0,0.0,7.0,0.0,0.0,2.0,1.0,1,1,9.0,1.0,1.0,1.0,0.0,60.0,1,0.0,1.0,2,1,0,4,0,0,0,4,4,0,0,0,0,2,2,0,0,1,0,0,0,2,7,45
201100033866,11,8,28,1,2,1,1.0,6.0,0.0,7.0,0.0,0.0,1.0,1.0,1,1,4.0,1.0,1.0,1.0,0.0,0.0,1,0.0,1.0,1,1,0,2,0,1,0,1,0,2,0,0,0,0,0,0,2,1,0,0,0,2,15,50
201100038462,11,2,19,5,2,1,3.0,1.0,2.0,7.0,0.0,0.0,2.0,1.0,1,1,4.0,2.0,2.0,1.0,0.0,60.0,1,0.0,1.0,2,3,0,2,0,0,0,2,0,0,2,0,0,0,0,0,2,1,0,0,0,3,20,5
201200028012,12,9,11,1,2,4,1.0,3.0,0.0,30.0,0.0,0.0,2.0,1.0,1,2,3.0,2.0,2.0,1.0,0.0,70.0,1,0.0,1.0,2,2,0,4,0,0,0,4,2,0,2,0,0,2,2,0,0,1,0,1,0,2,7,50
201300055222,13,12,27,2,2,2,2.0,5.0,0.0,7.0,0.0,0.0,0.0,16.0,1,1,4.0,3.0,2.0,1.0,20.0,100.0,1,0.0,1.0,3,2,6,3,0,0,0,9,0,0,0,0,9,9,0,0,0,1,1,0,0,2,6,50
201700022601,17,9,23,1,2,3,1.0,6.0,1.0,7.0,0.0,0.0,1.0,1.0,1,1,3.0,2.0,2.0,1.0,0.0,0.0,1,0.0,1.0,1,1,1,1,0,1,0,1,0,1,0,0,1,0,0,0,2,1,0,0,0,2,8,52
201400001458,14,6,25,1,2,4,1.0,3.0,0.0,7.0,0.0,0.0,2.0,1.0,1,1,3.0,2.0,2.0,2.0,0.0,70.0,1,0.0,1.0,2,2,2,4,0,0,2,4,2,2,2,0,0,0,0,0,6,1,0,0,0,3,11,0
200900037511,9,10,18,1,2,1,1.0,3.0,0.0,30.0,0.0,0.0,0.0,0.0,1,2,9.0,2.0,0.0,2.0,0.0,0.0,1,0.0,1.0,2,2,4,0,0,0,0,4,4,0,0,0,0,0,2,2,0,1,0,1,0,2,16,30
200600037843,6,7,30,1,2,2,1.0,6.0,0.0,7.0,0.0,0.0,2.0,1.0,1,1,4.0,2.0,2.0,1.0,0.0,0.0,1,0.0,1.0,2,1,4,4,0,0,4,4,0,4,4,0,0,0,0,8,0,1,1,0,0,2,18,0
200500071802,5,11,26,1,1,1,1.0,6.0,0.0,5.0,0.0,13.0,0.0,1.0,1,2,3.0,0.0,2.0,1.0,0.0,70.0,1,0.0,3.0,1,3,1,0,0,0,0,1,0,0,1,0,0,1,0,0,0,1,0,0,0,3,15,30
201200019215,12,9,27,1,1,1,1.0,3.0,0.0,1.0,0.0,0.0,2.0,19.0,1,2,3.0,2.0,2.0,1.0,0.0,85.0,1,0.0,1.0,2,3,4,0,0,0,0,4,0,0,2,2,0,0,0,0,4,1,0,1,0,3,10,15
200900070200,9,10,14,1,2,1,1.0,6.0,0.0,7.0,0.0,1.0,0.0,14.0,1,1,4.0,2.0,2.0,1.0,0.0,0.0,1,0.0,1.0,1,3,1,0,0,0,0,1,0,0,1,0,0,0,0,0,1,0,0,1,0,3,8,50
201400048178,14,6,28,2,1,1,1.0,2.0,0.0,7.0,0.0,0.0,2.0,2.0,1,1,1.0,1.0,3.0,1.0,15.0,105.0,1,0.0,1.0,2,1,2,2,0,0,0,4,0,0,0,0,4,2,0,2,0,1,1,0,0,3,5,35
201700022315,17,11,22,5,2,1,1.0,6.0,1.0,7.0,0.0,0.0,1.0,1.0,1,-1,4.0,1.0,3.0,1.0,0.0,0.0,1,0.0,1.0,1,1,1,1,0,1,0,1,1,1,0,0,0,0,0,2,0,1,0,0,0,3,17,30
200700049531,7,8,25,1,2,1,1.0,1.0,0.0,7.0,0.0,0.0,2.0,15.0,1,1,4.0,2.0,5.0,1.0,0.0,150.0,1,0.0,1.0,2,2,6,0,2,0,0,4,0,6,0,0,0,0,2,4,0,1,0,0,0,2,19,30
200500050245,5,8,3,1,2,3,1.0,1.0,0.0,7.0,0.0,0.0,2.0,16.0,1,1,3.0,2.0,2.0,1.0,0.0,35.0,1,0.0,1.0,2,1,4,0,0,0,0,4,0,0,2,0,2,0,0,4,0,1,0,0,0,2,19,20
200900035483,9,4,9,1,1,3,1.0,2.0,0.0,7.0,0.0,0.0,2.0,1.0,1,1,3.0,2.0,3.0,1.0,18.0,110.0,1,0.0,1.0,2,2,0,4,0,0,0,4,0,0,2,0,2,2,0,2,0,1,1,0,0,2,8,55
201400029979,14,1,18,5,2,3,1.0,3.0,0.0,7.0,0.0,0.0,2.0,1.0,1,1,4.0,2.0,2.0,1.0,0.0,42.0,1,0.0,1.0,2,1,2,2,0,0,0,4,0,0,4,0,0,2,0,2,0,1,1,0,0,2,23,30
200800045987,8,8,9,5,2,1,1.0,1.0,0.0,7.0,0.0,0.0,2.0,13.0,1,1,4.0,2.0,2.0,2.0,0.0,50.0,1,0.0,1.0,2,3,0,4,0,0,0,4,0,0,4,0,0,4,0,0,0,1,0,0,0,3,0,30
200700056212,7,9,28,1,2,1,3.0,6.0,0.0,10.0,0.0,0.0,1.0,4.0,1,1,4.0,0.0,1.0,1.0,0.0,85.0,1,6.0,1.0,1,1,1,1,0,1,0,1,0,1,0,1,0,0,0,1,1,0,1,0,0,2,10,0
201000056395,10,12,7,3,1,1,2.0,6.0,0.0,7.0,0.0,4.0,1.0,1.0,1,1,2.0,3.0,2.0,1.0,15.0,105.0,0,0.0,1.0,2,2,4,2,0,2,0,4,2,0,0,0,4,4,0,2,0,1,1,0,0,3,23,10
200800017062,8,3,3,3,1,1,1.0,6.0,0.0,7.0,0.0,0.0,1.0,1.0,1,1,2.0,2.0,2.0,1.0,0.0,0.0,1,0.0,1.0,1,1,0,2,0,1,0,1,1,0,1,0,0,2,0,0,0,1,0,0,0,4,22,15
201200050614,12,4,4,1,1,1,1.0,5.0,0.0,7.0,0.0,0.0,2.0,1.0,1,1,1.0,3.0,6.0,1.0,15.0,210.0,1,0.0,1.0,3,1,6,3,0,0,0,9,9,0,0,0,0,6,0,3,0,1,1,0,1,2,6,57
201200000634,12,1,28,5,2,1,1.0,3.0,0.0,7.0,0.0,0.0,2.0,1.0,1,1,4.0,2.0,0.0,1.0,0.0,0.0,1,0.0,1.0,2,1,4,0,0,0,0,4,0,0,2,2,0,0,0,4,0,1,0,1,0,3,21,15
201500029080,15,10,17,5,2,3,1.0,2.0,0.0,2.0,0.0,0.0,2.0,0.0,1,2,9.0,2.0,2.0,1.0,0.0,0.0,1,0.0,1.0,2,2,4,0,0,0,0,4,0,4,0,0,0,2,0,2,0,1,0,0,0,2,20,4
201300051690,13,12,28,1,2,7,1.0,3.0,0.0,34.0,0.0,0.0,2.0,1.0,1,2,4.0,0.0,3.0,1.0,0.0,120.0,1,0.0,1.0,2,2,4,0,0,0,0,4,0,4,0,0,0,4,0,0,0,1,0,1,0,2,12,50
201200011381,12,5,15,1,2,1,1.0,6.0,0.0,7.0,0.0,0.0,1.0,20.0,1,1,4.0,0.0,1.0,1.0,0.0,0.0,1,0.0,1.0,1,1,0,2,0,1,0,1,0,0,2,0,0,1,0,1,0,0,1,0,0,2,11,0
201700036105,17,7,2,1,2,2,1.0,6.0,1.0,7.0,0.0,0.0,1.0,15.0,1,1,4.0,-1.0,2.0,-1.0,0.0,-1.0,-1,0.0,-1.0,1,1,0,2,0,1,0,1,0,1,1,0,0,1,0,0,1,1,0,0,0,2,16,25
200700074295,7,11,27,2,1,1,1.0,6.0,0.0,7.0,0.0,13.0,0.0,1.0,1,1,3.0,2.0,0.0,0.0,0.0,0.0,1,0.0,3.0,1,1,1,1,0,0,1,1,0,1,1,0,0,0,0,0,2,1,0,0,0,2,8,30
201400051940,14,8,30,1,2,7,1.0,2.0,0.0,33.0,0.0,0.0,2.0,23.0,1,2,4.0,1.0,3.0,1.0,0.0,131.0,1,0.0,1.0,2,2,4,0,0,0,0,4,0,0,4,0,0,2,0,2,0,1,1,0,0,2,17,40
201700034680,17,3,13,1,2,3,1.0,3.0,1.0,7.0,0.0,0.0,2.0,15.0,1,1,3.0,2.0,2.0,1.0,0.0,104.0,1,0.0,1.0,2,2,4,2,0,0,2,4,0,4,0,0,2,4,0,2,0,1,0,0,0,2,13,50
200700045388,7,7,26,1,2,1,1.0,2.0,0.0,7.0,0.0,0.0,2.0,17.0,1,1,4.0,2.0,2.0,3.0,0.0,80.0,1,0.0,1.0,2,1,2,2,0,0,0,4,0,4,0,0,0,4,0,0,0,1,1,0,0,2,12,25
200700007976,7,2,22,2,2,1,1.0,3.0,0.0,33.0,0.0,0.0,2.0,1.0,1,2,3.0,2.0,2.0,1.0,0.0,64.0,1,0.0,1.0,2,2,2,0,0,0,0,2,0,0,0,0,2,2,0,0,0,1,0,1,0,2,18,49
201400035568,14,3,30,3,1,1,1.0,7.0,0.0,7.0,0.0,0.0,0.0,5.0,1,-1,3.0,2.0,3.0,1.0,0.0,105.0,1,0.0,3.0,1,3,1,0,0,0,0,1,0,0,1,0,0,0,0,1,0,1,0,0,0,3,1,28
201400034891,14,6,18,1,2,1,1.0,7.0,0.0,30.0,0.0,16.0,0.0,1.0,1,2,3.0,2.0,3.0,1.0,0.0,110.0,1,0.0,1.0,1,2,1,0,0,0,0,1,0,1,0,0,0,0,0,1,0,0,0,1,0,2,10,0
200700033942,7,6,29,1,1,1,1.0,6.0,0.0,7.0,0.0,3.0,0.0,0.0,1,1,1.0,3.0,2.0,1.0,10.0,100.0,1,0.0,1.0,1,2,1,1,0,0,1,1,0,1,1,0,0,0,1,1,0,1,0,0,0,2,13,15
200900019214,9,4,25,1,2,3,1.0,3.0,0.0,30.0,0.0,0.0,2.0,1.0,1,2,4.0,1.0,1.0,1.0,0.0,62.0,1,0.0,1.0,2,2,6,0,0,0,2,4,0,0,0,6,0,4,2,0,0,1,1,0,0,2,14,20
201200005654,12,3,20,5,2,1,1.0,3.0,0.0,7.0,0.0,0.0,2.0,16.0,1,-1,3.0,2.0,2.0,1.0,0.0,63.0,1,0.0,1.0,2,1,4,2,0,0,2,4,0,2,4,0,0,0,0,6,0,1,0,1,0,3,21,45
200600051001,6,9,9,1,1,1,1.0,3.0,0.0,7.0,0.0,0.0,0.0,19.0,1,1,3.0,2.0,2.0,2.0,0.0,67.0,1,0.0,1.0,2,3,4,6,4,0,2,4,0,6,4,0,0,2,2,4,2,1,1,0,0,3,19,30
201500026908,15,9,24,1,2,9,1.0,1.0,0.0,7.0,0.0,0.0,2.0,15.0,1,1,4.0,2.0,2.0,1.0,0.0,0.0,-1,0.0,0.0,2,1,2,2,0,0,0,4,0,2,2,0,0,2,0,2,0,1,0,0,0,2,19,0
201100043292,11,3,14,1,2,1,1.0,3.0,0.0,7.0,0.0,0.0,1.0,1.0,1,1,4.0,2.0,2.0,2.0,0.0,60.0,1,0.0,1.0,2,1,0,6,0,2,0,4,2,0,2,0,2,4,2,0,0,1,0,0,0,2,8,15
201700046092,17,5,19,5,2,2,2.0,3.0,1.0,7.0,0.0,0.0,2.0,1.0,1,1,3.0,2.0,2.0,1.0,0.0,-1.0,1,5.0,1.0,2,3,6,0,0,0,2,4,0,0,6,0,0,2,0,4,0,1,0,0,0,3,2,0
200600004865,6,1,3,3,1,1,1.0,5.0,0.0,7.0,0.0,0.0,2.0,17.0,1,1,3.0,2.0,0.0,4.0,0.0,70.0,1,0.0,1.0,3,1,6,3,0,0,0,9,0,0,0,3,6,9,0,0,0,1,0,0,0,3,7,45
201000032793,10,10,28,1,2,1,1.0,6.0,0.0,10.0,0.0,0.0,1.0,1.0,1,1,4.0,2.0,2.0,1.0,0.0,71.0,1,0.0,1.0,1,1,2,1,0,1,1,1,0,0,1,2,0,1,0,1,1,1,0,0,0,3,10,45
200700034489,7,6,6,1,2,1,1.0,3.0,2.0,99.0,0.0,0.0,0.0,0.0,1,-1,4.0,2.0,2.0,1.0,0.0,0.0,1,0.0,1.0,2,2,2,0,0,0,0,2,0,0,0,0,2,2,0,0,0,1,0,0,0,2,4,45
200900024151,9,5,27,1,2,2,1.0,3.0,0.0,30.0,0.0,0.0,2.0,9.0,1,2,4.0,1.0,1.0,1.0,0.0,40.0,1,5.0,1.0,2,1,2,2,0,0,0,4,0,4,0,0,0,0,2,2,0,1,0,1,0,2,12,10
201200031654,12,6,9,1,2,1,1.0,6.0,0.0,2.0,0.0,8.0,0.0,0.0,1,2,4.0,2.0,2.0,1.0,0.0,0.0,1,0.0,4.0,1,3,1,0,0,0,0,1,0,1,0,0,0,0,0,1,0,0,0,0,0,3,20,5
201000028778,10,1,28,1,2,3,2.0,3.0,0.0,7.0,0.0,0.0,2.0,15.0,1,-1,4.0,1.0,1.0,1.0,0.0,0.0,1,0.0,1.0,2,1,4,0,0,0,0,4,0,4,0,0,0,0,0,4,0,1,0,0,0,2,17,30
200800011558,8,3,20,5,2,1,1.0,7.0,0.0,2.0,0.0,11.0,0.0,16.0,1,2,4.0,1.0,1.0,1.0,0.0,50.0,1,0.0,1.0,1,1,2,0,0,0,1,1,0,1,1,0,0,0,0,2,0,1,0,0,0,2,19,25
201300023184,13,12,3,5,2,1,1.0,6.0,0.0,7.0,0.0,0.0,2.0,0.0,1,1,4.0,2.0,0.0,1.0,0.0,0.0,1,0.0,1.0,1,2,0,1,0,0,0,1,0,1,0,0,0,0,0,1,0,1,0,0,0,2,19,30
200500026134,5,5,13,1,2,1,1.0,3.0,0.0,7.0,0.0,0.0,0.0,1.0,1,1,4.0,2.0,0.0,1.0,0.0,0.0,1,0.0,1.0,2,1,4,0,0,0,0,4,2,0,2,0,0,0,2,2,0,1,0,0,0,2,15,15
201000020229,10,5,29,1,2,3,1.0,3.0,0.0,33.0,0.0,0.0,0.0,17.0,1,2,3.0,2.0,1.0,1.0,0.0,60.0,1,0.0,1.0,2,4,2,2,0,0,0,4,0,2,0,2,0,2,0,2,0,1,1,0,0,4,13,55
201200015247,12,5,13,1,2,1,1.0,2.0,0.0,33.0,0.0,0.0,2.0,24.0,1,2,4.0,1.0,1.0,1.0,0.0,40.0,1,0.0,4.0,2,2,4,0,0,0,0,4,0,4,0,0,0,2,0,2,0,1,0,1,0,2,17,20
201200011479,12,6,23,1,2,1,1.0,2.0,0.0,7.0,0.0,0.0,2.0,0.0,1,1,4.0,2.0,2.0,1.0,0.0,0.0,1,0.0,1.0,2,1,0,6,0,0,2,4,0,2,4,0,0,4,2,0,0,1,1,0,0,2,12,45
200700072517,7,11,28,5,2,1,1.0,2.0,0.0,7.0,0.0,0.0,2.0,2.0,1,-1,4.0,2.0,1.0,2.0,0.0,0.0,1,0.0,1.0,2,1,4,0,0,0,0,4,0,0,2,0,2,4,0,0,0,1,1,0,0,2,19,45
201500055477,15,3,16,5,2,3,1.0,2.0,0.0,34.0,0.0,0.0,2.0,23.0,1,2,4.0,2.0,3.0,2.0,0.0,74.0,1,0.0,1.0,2,1,4,0,0,0,0,4,2,2,0,0,0,0,0,4,0,1,1,0,0,2,20,40
200700005111,7,1,2,1,2,1,2.0,1.0,0.0,7.0,0.0,0.0,2.0,13.0,1,1,4.0,2.0,2.0,1.0,0.0,0.0,1,0.0,1.0,2,1,4,2,0,0,2,4,0,2,2,2,0,6,0,0,0,1,0,0,0,3,14,40
200600064127,6,10,5,5,2,2,1.0,3.0,0.0,7.0,0.0,0.0,2.0,1.0,1,1,4.0,3.0,2.0,1.0,0.0,0.0,1,5.0,1.0,2,1,4,0,0,0,0,4,0,0,2,0,2,4,0,0,0,1,0,1,0,2,21,55
201700009088,17,2,17,5,2,1,1.0,6.0,1.0,7.0,0.0,8.0,0.0,1.0,1,-1,4.0,2.0,2.0,1.0,0.0,60.0,1,0.0,1.0,1,3,1,0,0,0,0,1,0,0,0,0,1,1,0,0,0,1,0,0,0,3,22,15
201100055002,11,6,2,3,1,1,1.0,6.0,0.0,15.0,0.0,0.0,1.0,4.0,1,1,2.0,3.0,4.0,2.0,105.0,210.0,1,0.0,1.0,1,1,2,0,0,1,0,1,0,1,0,1,0,1,0,1,0,0,1,0,0,3,22,6
200700042668,7,7,2,1,2,1,1.0,6.0,0.0,10.0,0.0,0.0,0.0,13.0,1,-1,4.0,2.0,2.0,1.0,0.0,60.0,1,0.0,1.0,1,3,1,0,0,0,0,1,0,0,0,1,0,1,0,0,0,0,0,1,0,3,18,0
200600051274,6,9,16,1,1,2,2.0,1.0,0.0,7.0,0.0,0.0,2.0,1.0,1,1,3.0,2.0,0.0,0.0,0.0,58.0,1,0.0,1.0,2,1,2,2,0,0,0,4,0,0,4,0,0,2,0,2,0,1,0,0,0,2,15,30
200700059241,7,9,29,1,2,1,1.0,7.0,0.0,1.0,0.0,0.0,0.0,1.0,1,-1,4.0,1.0,3.0,1.0,100.0,110.0,1,0.0,5.0,1,2,0,1,0,0,0,1,0,0,1,0,0,1,0,0,0,1,0,0,0,2,15,32
200900044335,9,11,9,1,2,1,1.0,6.0,0.0,14.0,0.0,0.0,1.0,4.0,1,-1,3.0,2.0,2.0,1.0,0.0,80.0,1,0.0,1.0,1,1,2,0,0,1,0,1,0,1,0,1,0,1,0,0,1,0,1,0,0,3,15,5
200500044212,5,7,8,1,1,1,1.0,7.0,0.0,5.0,0.0,0.0,0.0,12.0,1,2,4.0,2.0,2.0,0.0,0.0,50.0,-1,0.0,1.0,1,2,1,0,0,0,0,1,0,0,0,0,1,0,0,1,0,0,0,1,0,2,12,15
201100002144,11,10,4,1,1,1,1.0,6.0,0.0,7.0,0.0,2.0,0.0,1.0,1,1,3.0,2.0,2.0,1.0,0.0,60.0,1,0.0,3.0,1,4,0,1,0,0,0,1,1,0,0,0,0,0,0,0,1,1,0,0,0,4,16,30
201500047265,15,7,25,1,1,1,1.0,3.0,0.0,7.0,0.0,0.0,2.0,1.0,1,-1,1.0,3.0,2.0,1.0,15.0,70.0,1,1.0,1.0,2,2,6,0,2,0,0,4,0,0,4,2,0,2,0,2,2,1,1,0,0,2,17,20
201100007595,11,2,1,3,1,1,1.0,1.0,0.0,7.0,0.0,0.0,0.0,1.0,1,1,3.0,2.0,2.0,1.0,0.0,57.0,1,0.0,1.0,2,2,6,2,2,0,2,4,2,6,0,0,0,4,2,2,0,1,0,0,0,3,19,0
200800031326,8,6,28,1,2,1,1.0,2.0,0.0,32.0,0.0,0.0,2.0,1.0,1,2,4.0,2.0,2.0,2.0,0.0,0.0,1,0.0,1.0,2,2,2,2,0,0,0,4,0,4,0,0,0,2,0,2,0,1,1,0,0,2,15,30
200900031967,9,7,1,1,1,1,1.0,5.0,0.0,1.0,0.0,0.0,2.0,1.0,1,-1,3.0,3.0,2.0,1.0,0.0,0.0,1,0.0,5.0,3,2,3,3,0,0,0,6,0,0,6,0,0,0,0,0,6,0,1,0,0,2,19,25
201000046264,10,6,16,1,1,1,2.0,3.0,0.0,7.0,0.0,3.0,2.0,9.0,1,1,1.0,3.0,4.0,1.0,0.0,120.0,1,0.0,1.0,2,2,2,2,0,0,0,4,0,0,2,0,2,2,0,2,0,1,0,0,0,2,18,52
201500037548,15,2,23,4,2,1,2.0,6.0,0.0,7.0,0.0,0.0,1.0,1.0,1,1,3.0,2.0,3.0,1.0,0.0,0.0,1,0.0,1.0,1,1,1,1,0,1,0,1,1,1,0,0,0,1,1,0,0,1,0,0,0,2,6,50
201400017418,14,5,10,1,1,1,1.0,1.0,0.0,36.0,0.0,0.0,9.0,2.0,1,2,3.0,2.0,2.0,1.0,0.0,63.0,1,0.0,1.0,2,1,2,2,0,0,0,4,0,0,4,0,0,2,0,0,2,1,1,0,0,3,9,30
200600013882,6,3,24,5,2,2,2.0,3.0,0.0,2.0,0.0,0.0,2.0,1.0,1,2,4.0,2.0,2.0,2.0,0.0,60.0,1,0.0,1.0,2,2,2,2,0,0,0,4,0,0,4,0,0,2,0,2,0,1,0,0,0,2,17,50