Num_Acc,an,mois,jour,lum,agg,int,atm,col,senc,catv,occutc,obs,obsm,manv,catu,secu,catr,circ,nbv,prof,lartpc,larrout,surf,infra,situ,nb_veh,grav_simpl,Homme,Femme,Arrière,Autre_x,Avant,Conducteur,Autre_y,Inconnu,Loisirs,Professionnel,Travail,Adulte,Enfant,Jeune,Senior,choc_avant,choc_arriere,choc_lateral,choc_multiple,grav_order_max,heure,minute
200700035148,7,6,25,1,2,1,1.0,6.0,0.0,7.0,0.0,0.0,1.0,1.0,1,1,4.0,2.0,3.0,1.0,18.0,95.0,1,0.0,1.0,1,1,0,2,0,1,0,1,2,0,0,0,0,1,0,0,1,0,0,0,0,2,8,24
201300020388,13,2,10,5,2,7,1.0,6.0,0.0,7.0,0.0,12.0,0.0,16.0,1,-1,4.0,1.0,3.0,1.0,0.0,0.0,1,0.0,1.0,1,2,1,0,0,0,0,1,0,0,1,0,0,0,0,1,0,1,0,0,0,2,5,5
201100052013,11,1,11,1,2,1,1.0,7.0,0.0,30.0,0.0,16.0,0.0,1.0,1,2,4.0,2.0,2.0,1.0,0.0,60.0,1,0.0,1.0,1,2,0,1,0,0,0,1,0,0,0,0,1,1,0,0,0,0,0,1,0,2,8,25
201500029155,15,8,25,1,2,1,1.0,6.0,0.0,7.0,0.0,0.0,1.0,1.0,1,1,6.0,0.0,0.0,1.0,0.0,0.0,1,0.0,1.0,1,1,1,1,0,1,0,1,0,0,2,0,0,0,0,0,2,1,0,0,0,3,10,40
200800046287,8,8,10,1,1,1,1.0,6.0,0.0,7.0,0.0,2.0,0.0,1.0,1,1,3.0,2.0,0.0,1.0,0.0,76.0,1,0.0,3.0,1,4,1,0,0,0,0,1,0,0,1,0,0,1,0,0,0,1,0,0,0,4,9,30
201500025806,15,12,17,5,2,3,8.0,7.0,0.0,1.0,0.0,14.0,0.0,15.0,1,-1,4.0,2.0,2.0,1.0,0.0,50.0,1,0.0,1.0,1,3,1,0,0,0,0,1,1,0,0,0,0,1,0,0,0,0,0,1,0,3,22,52
200500081066,5,12,21,5,1,1,1.0,2.0,0.0,7.0,0.0,0.0,2.0,2.0,1,-1,2.0,3.0,2.0,1.0,20.0,70.0,1,0.0,1.0,2,2,8,0,2,0,2,4,0,8,0,0,0,8,0,0,0,1,1,0,0,2,18,45
201300047556,13,6,3,1,1,1,1.0,7.0,0.0,31.0,0.0,0.0,0.0,21.0,1,2,1.0,3.0,2.0,4.0,10.0,70.0,1,0.0,1.0,2,2,4,0,0,0,0,4,0,0,0,2,2,4,0,0,0,0,0,1,0,2,16,50
201000048986,10,7,5,1,2,1,1.0,3.0,0.0,33.0,0.0,0.0,2.0,1.0,1,2,3.0,2.0,4.0,1.0,0.0,0.0,1,0.0,1.0,2,2,4,0,0,0,0,4,0,0,2,0,2,2,0,2,0,1,0,1,0,2,9,45
200600005004,6,1,19,1,1,9,8.0,5.0,0.0,15.0,0.0,0.0,0.0,13.0,1,1,2.0,2.0,3.0,0.0,0.0,112.0,1,0.0,1.0,6,1,48,18,12,0,18,36,6,30,24,6,0,42,12,6,6,1,1,1,0,4,9,10
200700053843,7,9,28,2,1,9,2.0,3.0,0.0,7.0,0.0,0.0,0.0,13.0,1,1,3.0,2.0,2.0,2.0,0.0,78.0,-1,0.0,1.0,2,1,6,4,4,0,2,4,0,6,0,2,2,4,0,4,2,1,0,1,0,3,19,30
200500040119,5,6,10,1,2,1,1.0,1.0,0.0,7.0,0.0,0.0,2.0,1.0,1,1,5.0,0.0,0.0,1.0,0.0,0.0,1,0.0,1.0,2,2,6,0,0,0,2,4,0,2,4,0,0,2,0,4,0,1,0,1,0,3,18,0
201500017647,15,8,25,1,1,1,1.0,1.0,0.0,33.0,0.0,0.0,0.0,21.0,1,2,3.0,2.0,2.0,0.0,0.0,0.0,1,0.0,1.0,2,3,2,4,0,0,2,4,0,2,4,0,0,4,0,2,0,1,0,0,0,3,15,45
201400044609,14,1,10,1,1,3,8.0,2.0,0.0,10.0,0.0,0.0,2.0,23.0,1,1,3.0,2.0,2.0,1.0,0.0,0.0,1,0.0,1.0,2,2,2,0,0,0,0,2,0,0,0,2,0,2,0,0,0,1,1,0,0,2,11,45
200700021978,7,4,26,1,2,3,1.0,4.0,0.0,10.0,0.0,0.0,2.0,2.0,1,-1,4.0,2.0,3.0,1.0,0.0,88.0,1,0.0,1.0,3,1,3,6,0,0,0,9,0,9,0,0,0,3,0,3,3,1,1,0,0,2,17,31
200800026592,8,5,6,1,1,1,1.0,3.0,0.0,33.0,0.0,0.0,2.0,18.0,1,2,1.0,3.0,4.0,1.0,15.0,70.0,1,0.0,1.0,2,2,2,0,0,0,0,2,0,0,0,0,2,2,0,0,0,1,0,1,0,2,9,30
201200035535,12,5,13,1,2,1,1.0,6.0,0.0,7.0,0.0,1.0,0.0,1.0,1,-1,4.0,3.0,2.0,1.0,79.0,75.0,1,0.0,1.0,1,2,0,1,0,0,0,1,0,1,0,0,0,0,0,0,1,1,0,0,0,2,16,35
201500016962,15,12,24,1,2,1,1.0,1.0,0.0,7.0,0.0,0.0,0.0,1.0,1,1,3.0,2.0,0.0,2.0,0.0,-1.0,1,0.0,1.0,2,3,2,10,6,0,2,4,0,8,4,0,0,4,6,2,0,1,0,0,0,3,16,15
201700030188,17,5,30,1,2,1,1.0,6.0,1.0,10.0,0.0,0.0,1.0,4.0,1,1,6.0,0.0,0.0,1.0,0.0,0.0,1,0.0,1.0,1,1,2,0,0,1,0,1,0,0,1,1,0,1,0,0,1,0,1,0,0,3,13,55
201400026268,14,1,7,1,2,1,1.0,2.0,0.0,7.0,0.0,14.0,0.0,1.0,1,1,3.0,2.0,2.0,1.0,0.0,0.0,1,0.0,1.0,2,1,2,4,0,0,2,4,2,0,4,0,0,4,0,2,0,1,1,0,0,2,8,55
201700015249,17,8,5,1,1,1,1.0,1.0,1.0,7.0,0.0,0.0,2.0,0.0,1,1,3.0,2.0,2.0,4.0,0.0,0.0,1,0.0,1.0,2,1,4,2,0,0,2,4,0,0,6,0,0,4,0,2,0,1,0,0,0,4,16,0
201400053311,14,1,7,1,2,1,1.0,1.0,0.0,2.0,0.0,0.0,2.0,13.0,1,2,4.0,4.0,2.0,2.0,0.0,30.0,1,0.0,1.0,2,1,4,0,0,0,0,4,0,0,0,2,2,2,0,2,0,1,0,0,0,2,8,30
201100032910,11,7,2,1,2,1,1.0,2.0,0.0,7.0,0.0,0.0,2.0,2.0,1,1,4.0,2.0,2.0,1.0,0.0,0.0,1,0.0,1.0,2,1,2,2,0,0,0,4,0,2,2,0,0,2,0,2,0,1,1,0,0,2,11,5
201300038261,13,11,15,1,2,1,1.0,3.0,0.0,1.0,0.0,0.0,2.0,19.0,1,-1,3.0,2.0,2.0,1.0,0.0,0.0,1,0.0,5.0,2,2,2,2,0,0,0,4,0,4,0,0,0,2,0,0,2,1,0,1,0,2,15,20
201300050653,13,6,12,1,2,1,8.0,3.0,0.0,1.0,0.0,0.0,2.0,13.0,1,-1,4.0,0.0,0.0,1.0,0.0,100.0,1,0.0,1.0,2,2,4,0,0,0,0,4,2,0,0,0,2,0,0,2,2,1,0,0,0,2,14,15
201000036342,10,4,11,1,2,1,1.0,6.0,0.0,7.0,0.0,0.0,1.0,1.0,1,-1,4.0,3.0,1.0,1.0,20.0,90.0,1,0.0,1.0,1,1,1,1,0,1,0,1,0,0,2,0,0,1,1,0,0,1,0,0,0,3,16,20
200600044381,6,7,12,1,1,1,1.0,6.0,0.0,10.0,0.0,0.0,0.0,1.0,1,1,3.0,2.0,2.0,1.0,0.0,31.0,1,0.0,1.0,1,3,1,0,0,0,0,1,0,0,1,0,0,1,0,0,0,1,0,0,0,3,18,30
200500017468,5,3,8,1,2,1,1.0,6.0,0.0,7.0,0.0,0.0,1.0,2.0,1,-1,4.0,2.0,1.0,1.0,0.0,0.0,1,0.0,1.0,1,1,1,1,0,1,0,1,1,0,0,0,1,1,1,0,0,1,0,0,0,2,16,45
201700014520,17,5,16,1,1,1,1.0,7.0,1.0,7.0,0.0,8.0,0.0,2.0,1,1,2.0,2.0,2.0,1.0,0.0,60.0,1,0.0,1.0,1,3,1,0,0,0,0,1,0,0,0,0,1,1,0,0,0,0,0,0,1,3,9,20
200800029198,8,5,27,1,1,1,1.0,7.0,0.0,7.0,0.0,2.0,0.0,13.0,1,1,3.0,2.0,2.0,1.0,0.0,60.0,1,0.0,3.0,1,2,1,1,0,0,1,1,0,1,1,0,0,0,0,2,0,1,0,0,0,3,20,45
201700043822,17,1,3,1,2,3,1.0,2.0,2.0,7.0,0.0,0.0,2.0,23.0,1,1,3.0,2.0,4.0,1.0,0.0,0.0,1,3.0,1.0,2,1,2,2,0,0,0,4,0,0,0,0,4,4,0,0,0,1,1,0,0,2,9,5
201600016903,16,4,11,1,2,8,1.0,3.0,1.0,7.0,0.0,0.0,4.0,19.0,1,1,3.0,0.0,0.0,1.0,0.0,61.0,1,4.0,0.0,2,4,4,0,0,0,0,4,0,0,0,2,2,4,0,0,0,1,0,1,0,4,14,45
201200006013,12,4,17,1,1,6,1.0,1.0,0.0,7.0,0.0,0.0,2.0,9.0,1,1,2.0,1.0,2.0,1.0,0.0,0.0,1,5.0,1.0,2,1,2,2,0,0,0,4,0,0,2,2,0,4,0,0,0,1,1,0,0,2,14,30
201400015191,14,7,16,2,2,1,1.0,6.0,0.0,32.0,0.0,0.0,1.0,1.0,1,2,4.0,2.0,0.0,1.0,0.0,0.0,1,0.0,1.0,1,1,1,1,0,1,0,1,1,0,0,0,1,1,0,0,1,1,0,0,0,2,5,50
200500028596,5,5,25,1,2,9,1.0,6.0,0.0,10.0,0.0,0.0,2.0,10.0,1,1,4.0,2.0,2.0,1.0,0.0,155.0,-1,0.0,1.0,2,2,4,0,0,0,0,4,0,0,0,4,0,2,0,2,0,1,0,1,0,2,15,0
201500048410,15,10,9,2,1,1,1.0,2.0,0.0,7.0,0.0,0.0,2.0,2.0,1,1,1.0,3.0,4.0,1.0,20.0,140.0,1,0.0,1.0,2,3,2,2,0,0,0,4,0,0,4,0,0,0,0,0,4,1,1,0,0,3,19,0
201100057968,11,12,10,1,2,1,1.0,3.0,0.0,7.0,0.0,0.0,2.0,9.0,1,-1,4.0,1.0,0.0,2.0,0.0,0.0,1,0.0,0.0,2,1,0,4,0,0,0,4,0,4,0,0,0,2,0,2,0,0,0,1,0,2,13,15
200800029303,8,5,20,1,1,1,1.0,2.0,0.0,10.0,0.0,0.0,2.0,11.0,1,1,1.0,3.0,0.0,1.0,0.0,35.0,1,0.0,1.0,2,2,16,0,10,0,2,4,0,12,0,4,0,12,0,4,0,1,1,0,0,3,17,30
201400057092,14,5,27,1,2,1,8.0,3.0,0.0,33.0,0.0,0.0,2.0,1.0,1,2,4.0,2.0,1.0,2.0,0.0,50.0,1,0.0,1.0,2,2,4,0,0,0,0,4,0,0,0,0,4,4,0,0,0,1,0,0,0,2,20,0
201400008779,14,3,24,1,1,1,1.0,3.0,0.0,7.0,0.0,0.0,2.0,1.0,1,1,3.0,2.0,2.0,1.0,0.0,68.0,1,5.0,1.0,2,2,2,2,0,0,0,4,0,0,2,2,0,2,0,0,2,1,0,0,0,2,8,0
201700007759,17,6,27,1,1,1,1.0,7.0,1.0,1.0,0.0,16.0,0.0,14.0,1,2,3.0,3.0,2.0,2.0,0.0,41.0,1,0.0,3.0,1,3,1,0,0,0,0,1,0,0,0,0,1,1,0,0,0,0,0,0,0,3,8,40
201400005191,14,8,20,1,2,6,1.0,2.0,0.0,2.0,0.0,0.0,2.0,1.0,1,2,4.0,0.0,1.0,1.0,0.0,0.0,1,5.0,1.0,2,3,4,0,0,0,0,4,0,0,0,2,2,4,0,0,0,1,1,0,0,3,8,15
201000013241,10,8,7,1,1,1,1.0,1.0,0.0,7.0,0.0,0.0,2.0,13.0,1,1,2.0,2.0,2.0,1.0,68.0,77.0,1,0.0,1.0,2,4,4,4,4,0,0,4,0,4,4,0,0,0,4,2,2,1,0,0,0,4,16,15
201400049456,14,5,8,1,1,1,2.0,2.0,0.0,7.0,0.0,0.0,0.0,12.0,1,1,1.0,3.0,6.0,1.0,15.0,210.0,1,0.0,1.0,2,1,2,4,0,0,2,4,0,0,6,0,0,2,0,4,0,0,1,0,0,3,21,0
201600000268,16,12,3,3,1,1,1.0,1.0,1.0,7.0,0.0,0.0,2.0,5.0,1,1,3.0,2.0,2.0,0.0,0.0,25.0,1,0.0,1.0,2,3,4,0,0,0,0,4,0,0,4,0,0,2,0,0,2,1,0,0,0,3,18,30
200900062194,9,7,16,1,2,1,1.0,6.0,0.0,33.0,0.0,0.0,1.0,1.0,1,2,4.0,2.0,2.0,2.0,0.0,500.0,1,0.0,1.0,1,1,2,0,0,1,0,1,0,0,1,1,0,1,1,0,0,0,0,1,0,2,19,34
201000048899,10,8,18,1,1,1,1.0,7.0,0.0,7.0,0.0,3.0,0.0,1.0,1,1,3.0,3.0,2.0,2.0,0.0,83.0,1,0.0,1.0,1,2,1,0,0,0,0,1,0,0,1,0,0,1,0,0,0,1,0,0,0,2,10,10
201000030837,10,2,17,5,2,6,1.0,6.0,0.0,10.0,0.0,0.0,1.0,1.0,1,1,4.0,3.0,2.0,1.0,0.0,0.0,1,2.0,1.0,1,1,0,2,0,1,0,1,0,0,0,0,2,1,0,1,0,1,0,0,0,3,19,25
201500054875,15,3,26,1,2,5,1.0,6.0,0.0,33.0,0.0,0.0,1.0,1.0,1,2,4.0,0.0,2.0,2.0,0.0,100.0,1,0.0,1.0,1,1,1,1,0,1,0,1,1,0,0,0,1,2,0,0,0,0,0,0,0,3,7,50
201200008102,12,1,20,3,1,1,1.0,6.0,0.0,10.0,0.0,13.0,0.0,1.0,1,1,3.0,2.0,2.0,1.0,0.0,60.0,1,0.0,3.0,1,1,2,0,0,0,1,1,0,0,2,0,0,1,0,0,1,1,0,0,0,3,23,15
200600027719,6,5,14,5,2,2,1.0,3.0,0.0,7.0,0.0,0.0,2.0,1.0,1,1,4.0,2.0,2.0,1.0,0.0,88.0,1,0.0,1.0,2,2,4,4,0,0,4,4,0,4,4,0,0,0,0,8,0,1,0,0,0,2,2,0
200500052358,5,8,31,1,2,1,1.0,4.0,0.0,7.0,0.0,0.0,2.0,1.0,1,1,3.0,2.0,3.0,1.0,0.0,120.0,1,0.0,1.0,3,2,0,9,0,0,0,9,9,0,0,0,0,6,0,0,3,1,1,0,0,2,18,0
201600018009,16,10,15,1,2,1,1.0,6.0,1.0,7.0,0.0,6.0,0.0,10.0,1,1,3.0,2.0,2.0,2.0,0.0,0.0,1,0.0,4.0,1,3,5,1,4,0,1,1,0,5,1,0,0,2,3,1,0,0,0,1,0,3,18,15
201400021412,14,4,11,1,2,2,1.0,3.0,0.0,7.0,0.0,0.0,2.0,19.0,1,1,4.0,2.0,2.0,1.0,0.0,60.0,1,0.0,1.0,2,1,4,2,0,0,2,4,4,0,2,0,0,0,0,2,4,1,0,0,0,2,14,40
200900041924,9,7,6,1,2,2,1.0,3.0,0.0,7.0,0.0,0.0,2.0,15.0,1,1,4.0,2.0,0.0,1.0,0.0,84.0,1,0.0,1.0,2,1,4,0,0,0,0,4,0,0,0,2,2,0,0,4,0,1,0,1,0,2,14,0
201500042406,15,5,15,1,2,1,1.0,6.0,1.0,7.0,0.0,0.0,1.0,0.0,3,-1,4.0,2.0,2.0,1.0,0.0,60.0,1,0.0,1.0,1,3,1,0,0,1,0,0,1,0,0,0,0,0,1,0,0,0,0,0,0,3,15,30
201700024588,17,3,6,1,2,1,1.0,6.0,1.0,7.0,0.0,0.0,1.0,1.0,1,1,4.0,2.0,0.0,1.0,0.0,0.0,1,0.0,1.0,1,1,0,2,0,1,0,1,2,0,0,0,0,1,1,0,0,1,0,0,0,2,17,50
200900012474,9,7,8,1,2,1,8.0,3.0,0.0,7.0,0.0,0.0,2.0,9.0,1,1,4.0,2.0,2.0,2.0,0.0,124.0,1,0.0,1.0,2,2,4,0,0,0,0,4,0,2,0,2,0,2,0,2,0,1,0,0,0,2,9,40
201500028234,15,12,8,2,2,2,2.0,6.0,0.0,7.0,0.0,0.0,1.0,1.0,1,1,4.0,2.0,3.0,1.0,0.0,98.0,1,0.0,1.0,1,1,2,1,0,1,1,1,1,1,0,0,1,0,1,2,0,1,0,0,0,2,16,40
200900023693,9,4,1,1,2,3,1.0,6.0,0.0,7.0,0.0,0.0,1.0,1.0,1,1,4.0,2.0,2.0,1.0,0.0,60.0,1,0.0,1.0,1,1,1,1,0,1,0,1,1,0,0,1,0,1,1,0,0,1,0,0,0,2,9,50
200800003578,8,1,4,5,2,9,2.0,6.0,0.0,7.0,0.0,0.0,1.0,2.0,1,1,4.0,2.0,2.0,1.0,0.0,80.0,1,0.0,1.0,1,1,1,1,0,1,0,1,1,0,1,0,0,0,1,1,0,0,0,1,0,3,17,48
201000061734,10,2,26,1,2,1,2.0,2.0,0.0,30.0,0.0,0.0,2.0,2.0,1,2,4.0,1.0,1.0,1.0,0.0,120.0,1,0.0,1.0,2,2,4,0,0,0,0,4,0,0,4,0,0,2,0,2,0,1,1,0,0,2,10,30
201500051877,15,12,5,1,2,5,1.0,6.0,0.0,34.0,0.0,0.0,1.0,16.0,1,2,4.0,2.0,4.0,1.0,0.0,0.0,1,0.0,1.0,1,1,1,1,0,1,0,1,0,2,0,0,0,0,0,1,1,1,0,0,0,3,15,45
201600035640,16,4,19,1,1,1,1.0,5.0,1.0,7.0,0.0,0.0,2.0,13.0,1,1,3.0,2.0,2.0,2.0,0.0,0.0,1,0.0,1.0,3,2,3,9,0,0,3,9,0,0,12,0,0,6,0,3,3,1,0,1,0,2,17,35
201100039207,11,12,1,1,2,1,1.0,3.0,0.0,7.0,0.0,0.0,2.0,1.0,1,1,4.0,2.0,2.0,1.0,40.0,30.0,1,2.0,1.0,2,1,4,0,0,0,0,4,2,0,2,0,0,0,2,0,2,1,0,0,0,2,7,50
200600038617,6,7,6,1,2,2,1.0,2.0,0.0,7.0,0.0,0.0,2.0,1.0,1,-1,4.0,1.0,1.0,1.0,0.0,68.0,1,0.0,1.0,2,1,0,4,0,0,0,4,0,2,0,0,2,4,0,0,0,1,0,1,0,2,19,17
200700066103,7,10,8,1,2,1,1.0,7.0,0.0,7.0,0.0,4.0,0.0,2.0,1,1,1.0,3.0,5.0,1.0,20.0,175.0,1,0.0,1.0,1,2,1,0,0,0,0,1,0,0,0,0,1,1,0,0,0,1,0,0,0,2,9,0
201200050791,12,8,3,1,1,1,1.0,2.0,0.0,7.0,0.0,0.0,2.0,9.0,1,1,1.0,3.0,6.0,1.0,15.0,210.0,1,0.0,1.0,2,2,2,2,0,0,0,4,0,4,0,0,0,2,0,2,0,0,1,0,0,2,17,30
200800035132,8,6,21,1,1,1,1.0,3.0,0.0,7.0,0.0,3.0,2.0,0.0,1,1,1.0,1.0,4.0,2.0,10.0,120.0,1,0.0,1.0,2,2,2,4,0,0,2,4,0,2,4,0,0,6,0,0,0,1,0,1,0,2,20,6
201000052772,10,2,25,1,2,6,2.0,6.0,0.0,7.0,0.0,0.0,2.0,14.0,1,1,2.0,2.0,4.0,1.0,80.0,120.0,1,0.0,1.0,2,1,2,2,0,0,0,4,0,0,0,0,4,4,0,0,0,1,0,0,0,2,7,59
201500051200,15,1,31,1,2,7,8.0,6.0,0.0,7.0,0.0,0.0,1.0,1.0,1,-1,4.0,0.0,1.0,1.0,0.0,60.0,1,0.0,1.0,1,1,1,1,0,1,0,1,1,1,0,0,0,0,1,0,1,1,0,0,0,2,12,30
201100016009,11,6,28,1,2,1,1.0,3.0,0.0,31.0,0.0,0.0,2.0,1.0,1,2,4.0,2.0,3.0,1.0,0.0,84.0,1,0.0,1.0,2,2,2,2,0,0,0,4,0,2,0,0,2,2,0,2,0,1,0,1,0,2,7,20
200600011317,6,3,15,1,2,1,1.0,6.0,0.0,7.0,0.0,0.0,1.0,4.0,1,1,4.0,2.0,2.0,0.0,0.0,100.0,1,0.0,1.0,1,1,1,1,0,1,0,1,0,0,2,0,0,0,0,0,2,0,0,0,0,2,9,25
200600017690,6,4,24,1,2,1,1.0,6.0,0.0,33.0,0.0,0.0,1.0,1.0,1,2,3.0,2.0,2.0,2.0,0.0,57.0,1,0.0,1.0,1,1,1,1,0,1,0,1,1,0,1,0,0,1,0,0,1,1,0,0,0,3,9,15
201100053588,11,11,17,1,1,1,2.0,3.0,0.0,7.0,0.0,0.0,2.0,12.0,1,1,1.0,3.0,2.0,1.0,15.0,70.0,1,0.0,1.0,2,1,4,0,0,0,0,4,0,0,0,2,2,2,0,2,0,1,0,0,0,2,9,0
201500042482,15,9,29,1,2,1,1.0,1.0,0.0,7.0,0.0,0.0,2.0,10.0,1,1,4.0,2.0,0.0,0.0,0.0,0.0,-1,0.0,1.0,2,1,2,2,0,0,0,4,0,4,0,0,0,2,0,0,2,1,0,0,0,2,12,40
201300020802,13,7,2,1,2,1,1.0,6.0,0.0,7.0,0.0,0.0,1.0,1.0,1,1,4.0,2.0,3.0,1.0,0.0,0.0,1,0.0,1.0,1,1,0,2,0,1,0,1,1,1,0,0,0,0,0,0,2,1,0,0,0,3,15,16
201700025933,17,11,9,5,2,3,2.0,2.0,2.0,34.0,0.0,0.0,2.0,1.0,1,2,4.0,3.0,6.0,1.0,4.0,50.0,1,0.0,1.0,2,2,4,0,0,0,0,4,0,4,0,0,0,2,0,0,2,0,1,0,0,2,23,10
201700011752,17,7,15,1,1,3,1.0,3.0,0.0,7.0,0.0,0.0,2.0,15.0,1,1,3.0,2.0,2.0,1.0,506.0,10.0,1,0.0,-1.0,2,1,6,0,0,0,2,4,0,0,6,0,0,0,2,0,4,1,0,0,0,3,17,11
201500033800,15,12,15,1,2,1,3.0,6.0,0.0,7.0,0.0,0.0,1.0,1.0,1,1,3.0,2.0,2.0,1.0,0.0,0.0,1,0.0,1.0,1,1,1,1,0,1,0,1,0,0,2,0,0,0,0,0,2,1,0,0,0,2,15,10
200900015072,9,4,24,1,2,1,1.0,6.0,0.0,7.0,0.0,1.0,0.0,19.0,1,1,4.0,2.0,2.0,1.0,0.0,0.0,1,0.0,1.0,1,2,1,0,0,0,0,1,0,0,1,0,0,0,0,1,0,1,0,0,0,2,7,5
200600017443,6,4,17,1,2,1,1.0,3.0,0.0,2.0,0.0,0.0,2.0,11.0,1,2,4.0,2.0,0.0,0.0,0.0,0.0,1,0.0,0.0,2,1,2,4,0,0,2,4,0,2,4,0,0,0,4,2,0,1,1,0,0,3,18,30
200600013325,6,3,1,1,2,3,1.0,5.0,0.0,5.0,0.0,0.0,2.0,7.0,1,2,4.0,1.0,1.0,1.0,0.0,30.0,1,0.0,1.0,3,2,15,3,6,0,3,9,0,9,6,3,0,9,0,6,3,1,0,0,0,2,12,30
201400017532,14,12,9,3,1,1,9.0,6.0,0.0,10.0,0.0,13.0,0.0,1.0,1,1,3.0,2.0,2.0,1.0,0.0,67.0,0,0.0,3.0,1,3,1,0,0,0,0,1,0,0,0,0,1,1,0,0,0,0,0,0,1,3,5,45
200800062635,8,11,19,1,1,1,1.0,3.0,0.0,15.0,0.0,0.0,0.0,15.0,1,1,3.0,2.0,1.0,1.0,0.0,45.0,1,0.0,1.0,2,1,4,0,0,0,0,4,2,0,0,2,0,2,2,0,0,0,0,1,0,2,15,30
200800069435,8,12,31,3,2,1,1.0,6.0,0.0,7.0,0.0,13.0,0.0,1.0,1,1,3.0,2.0,2.0,1.0,0.0,80.0,1,0.0,3.0,1,3,1,0,0,0,0,1,0,0,1,0,0,1,0,0,0,1,0,0,0,3,22,0
200800057374,8,10,25,1,2,1,1.0,3.0,0.0,7.0,0.0,0.0,2.0,15.0,1,1,4.0,2.0,0.0,1.0,0.0,0.0,1,0.0,1.0,2,1,4,0,0,0,0,4,2,0,2,0,0,0,0,2,2,1,0,0,0,3,16,50
200900047025,9,10,8,1,2,1,1.0,1.0,0.0,7.0,0.0,0.0,9.0,1.0,1,1,4.0,2.0,2.0,0.0,0.0,55.0,1,0.0,1.0,2,1,2,2,0,0,0,4,0,0,4,0,0,0,0,4,0,1,0,1,0,2,18,45
200600013917,6,3,24,1,2,1,2.0,3.0,0.0,7.0,0.0,0.0,2.0,15.0,1,1,4.0,2.0,4.0,1.0,0.0,120.0,1,0.0,1.0,2,1,2,2,0,0,0,4,0,0,2,2,0,2,0,2,0,1,0,1,0,2,12,20
200600000681,6,1,20,1,2,2,1.0,6.0,0.0,2.0,0.0,0.0,1.0,15.0,1,2,4.0,2.0,2.0,1.0,0.0,68.0,1,0.0,1.0,1,1,1,1,0,1,0,1,0,0,1,0,1,0,1,1,0,1,0,0,0,2,17,10
201600021247,16,9,12,3,1,1,1.0,6.0,1.0,7.0,0.0,13.0,0.0,1.0,1,-1,3.0,2.0,2.0,1.0,0.0,0.0,1,0.0,3.0,1,3,1,0,0,0,0,1,1,0,0,0,0,1,0,0,0,1,0,0,0,3,20,0
201000026348,10,4,18,5,2,3,1.0,3.0,0.0,7.0,0.0,0.0,2.0,15.0,1,1,4.0,1.0,2.0,1.0,0.0,0.0,1,0.0,1.0,2,2,6,8,6,0,4,4,0,12,2,0,0,2,0,12,0,1,0,0,0,2,5,28
201000066420,10,8,7,1,2,1,1.0,6.0,0.0,38.0,0.0,7.0,0.0,14.0,1,-1,4.0,2.0,3.0,1.0,0.0,216.0,1,0.0,1.0,1,1,11,8,12,6,0,1,0,0,18,1,0,9,3,2,5,1,0,0,0,2,13,34
200900035740,9,9,19,1,1,3,1.0,3.0,0.0,17.0,0.0,0.0,2.0,1.0,1,1,2.0,2.0,2.0,1.0,0.0,75.0,1,0.0,1.0,2,1,6,0,0,0,2,4,0,2,2,2,0,4,0,2,0,1,0,1,0,4,17,30
201000033958,10,7,25,1,2,6,1.0,3.0,0.0,7.0,0.0,0.0,2.0,1.0,1,-1,3.0,2.0,2.0,1.0,0.0,50.0,1,5.0,1.0,2,2,8,0,2,0,2,4,4,4,0,0,0,6,0,0,2,1,0,0,0,2,17,35
201000044523,10,1,24,1,2,1,2.0,7.0,0.0,7.0,0.0,0.0,0.0,1.0,1,1,4.0,2.0,2.0,1.0,0.0,0.0,1,0.0,1.0,1,1,0,2,0,0,1,1,0,1,1,0,0,1,0,1,0,1,0,0,0,2,14,50
201400013727,14,2,22,1,2,1,1.0,6.0,0.0,7.0,0.0,0.0,1.0,1.0,1,1,4.0,3.0,1.0,1.0,21.0,182.0,1,0.0,1.0,1,1,0,2,0,1,0,1,0,1,1,0,0,1,0,0,1,1,0,0,0,3,15,55
200800055351,8,10,25,2,1,1,1.0,3.0,0.0,7.0,0.0,0.0,2.0,14.0,1,1,3.0,3.0,4.0,1.0,0.0,0.0,1,0.0,1.0,2,1,4,0,0,0,0,4,0,0,2,0,2,4,0,0,0,0,1,1,0,3,7,45
200600079143,6,12,17,1,2,3,1.0,7.0,0.0,7.0,0.0,0.0,0.0,13.0,1,1,4.0,1.0,2.0,1.0,0.0,60.0,1,0.0,1.0,2,1,2,2,0,0,0,4,0,0,2,0,2,2,0,2,0,0,0,0,0,2,9,25
200600061131,6,10,25,1,2,1,1.0,7.0,0.0,2.0,0.0,0.0,0.0,13.0,1,0,4.0,2.0,2.0,1.0,0.0,74.0,1,0.0,1.0,1,2,1,0,0,0,0,1,0,1,0,0,0,1,0,0,0,0,0,1,0,2,16,50
200700030209,7,5,15,5,2,1,8.0,2.0,0.0,7.0,0.0,0.0,0.0,2.0,1,1,4.0,3.0,2.0,1.0,0.0,0.0,1,0.0,1.0,2,1,4,0,0,0,0,4,0,0,0,0,4,2,0,2,0,1,1,0,0,2,4,45