Num_Acc,an,mois,jour,lum,agg,int,atm,col,senc,catv,occutc,obs,obsm,manv,catu,secu,catr,circ,nbv,prof,lartpc,larrout,surf,infra,situ,nb_veh,grav_simpl,Homme,Femme,Arrière,Autre_x,Avant,Conducteur,Autre_y,Inconnu,Loisirs,Professionnel,Travail,Adulte,Enfant,Jeune,Senior,choc_avant,choc_arriere,choc_lateral,choc_multiple,grav_order_max,heure,minute
201000040084,10,9,14,1,2,1,1.0,3.0,0.0,2.0,0.0,0.0,2.0,17.0,1,2,3.0,2.0,2.0,1.0,0.0,94.0,1,0.0,1.0,2,3,4,0,0,0,0,4,0,0,2,2,0,4,0,0,0,1,0,0,0,3,12,10
201100005623,11,4,8,1,1,6,1.0,3.0,0.0,1.0,0.0,0.0,2.0,1.0,1,0,3.0,2.0,2.0,0.0,0.0,60.0,1,5.0,0.0,2,3,4,2,0,0,2,4,2,2,0,0,2,2,0,0,4,1,0,1,0,3,18,0
200600055690,6,9,1,5,2,2,1.0,3.0,0.0,5.0,0.0,0.0,2.0,1.0,1,2,4.0,1.0,2.0,1.0,0.0,60.0,1,0.0,1.0,2,2,2,2,0,0,0,4,0,0,2,2,0,4,0,0,0,1,0,0,0,2,0,15
201400031551,14,7,1,1,2,1,1.0,6.0,0.0,7.0,0.0,0.0,1.0,15.0,1,1,4.0,2.0,2.0,1.0,0.0,60.0,1,0.0,1.0,1,1,2,0,0,1,0,1,0,0,2,0,0,1,0,0,1,1,0,0,0,3,15,15
200900052661,9,12,7,1,2,2,2.0,1.0,0.0,7.0,0.0,0.0,2.0,15.0,1,1,4.0,2.0,2.0,1.0,0.0,105.0,1,0.0,1.0,2,1,4,0,0,0,0,4,0,0,4,0,0,2,0,0,2,1,0,0,0,2,16,0
201300040634,13,12,20,2,2,1,1.0,7.0,0.0,33.0,0.0,0.0,0.0,15.0,1,2,3.0,2.0,2.0,1.0,0.0,0.0,1,0.0,1.0,1,3,1,0,0,0,0,1,0,0,1,0,0,1,0,0,0,0,0,1,0,3,17,40
200700046402,7,6,21,1,1,1,2.0,6.0,0.0,7.0,0.0,4.0,2.0,1.0,1,1,2.0,1.0,2.0,2.0,0.0,70.0,1,0.0,1.0,1,2,1,0,0,0,0,1,0,0,0,0,1,1,0,0,0,1,0,0,0,2,9,0
201600045251,16,12,31,1,1,1,1.0,6.0,1.0,7.0,0.0,3.0,0.0,1.0,1,1,1.0,1.0,4.0,1.0,15.0,140.0,1,0.0,1.0,1,1,2,0,0,0,1,1,1,1,0,0,0,1,0,1,0,1,0,0,0,2,14,50
201100009923,11,3,5,3,1,1,1.0,7.0,0.0,7.0,0.0,16.0,0.0,1.0,1,1,3.0,2.0,2.0,1.0,0.0,70.0,1,0.0,1.0,1,2,0,2,0,0,1,1,0,0,2,0,0,0,0,2,0,0,1,0,0,2,20,40
200800018307,8,4,19,1,1,1,1.0,3.0,0.0,7.0,0.0,0.0,2.0,1.0,1,1,3.0,2.0,2.0,1.0,0.0,82.0,1,5.0,1.0,2,1,4,0,0,0,0,4,0,0,2,0,2,2,0,2,0,1,0,1,0,4,12,45
201000057889,10,5,25,1,2,1,1.0,7.0,0.0,7.0,0.0,12.0,0.0,13.0,1,-1,9.0,1.0,4.0,1.0,0.0,130.0,1,0.0,1.0,1,3,1,0,0,0,0,1,0,1,0,0,0,1,0,0,0,1,0,0,0,3,13,20
201300054421,13,11,22,1,2,1,1.0,6.0,0.0,7.0,0.0,0.0,1.0,20.0,1,1,4.0,1.0,1.0,1.0,0.0,0.0,1,0.0,1.0,1,1,1,1,0,1,0,1,0,1,1,0,0,1,0,0,1,0,1,0,0,2,12,30
201400052085,14,1,1,5,2,2,1.0,6.0,0.0,2.0,0.0,0.0,1.0,1.0,1,-1,4.0,1.0,1.0,1.0,0.0,0.0,1,0.0,1.0,1,1,1,1,0,1,0,1,1,1,0,0,0,1,0,1,0,1,0,0,0,2,4,10
201400035755,14,6,24,1,2,1,1.0,6.0,0.0,7.0,0.0,0.0,1.0,19.0,1,1,4.0,2.0,2.0,1.0,0.0,0.0,1,0.0,1.0,1,1,1,1,0,1,0,1,0,0,1,0,1,1,1,0,0,1,0,0,0,2,8,25
201200005871,12,5,20,1,1,1,2.0,7.0,0.0,33.0,0.0,0.0,0.0,21.0,1,2,2.0,2.0,2.0,0.0,0.0,73.0,1,0.0,1.0,1,3,1,1,0,0,1,1,0,1,1,0,0,2,0,0,0,0,0,0,0,3,10,45
200700039250,7,6,25,1,2,1,1.0,2.0,0.0,33.0,0.0,0.0,2.0,12.0,1,2,4.0,1.0,4.0,1.0,15.0,140.0,1,1.0,1.0,2,2,4,0,0,0,0,4,0,2,0,0,2,2,0,2,0,1,1,0,0,2,7,20
200900034965,9,1,28,1,2,2,1.0,3.0,0.0,33.0,0.0,14.0,2.0,1.0,1,2,3.0,2.0,4.0,2.0,20.0,120.0,0,5.0,1.0,2,3,4,0,0,0,0,4,0,0,2,2,0,4,0,0,0,0,0,1,0,3,10,25
200900042043,9,8,4,1,2,7,1.0,6.0,0.0,7.0,0.0,0.0,1.0,0.0,3,-1,9.0,1.0,0.0,1.0,0.0,0.0,1,0.0,1.0,1,3,1,1,0,1,0,1,2,0,0,0,0,2,0,0,0,1,0,0,0,3,18,30
201400039256,14,6,20,1,2,1,1.0,7.0,0.0,7.0,0.0,0.0,2.0,17.0,1,1,4.0,2.0,2.0,1.0,0.0,0.0,1,0.0,1.0,2,1,2,2,0,0,0,4,0,0,0,0,4,2,0,2,0,0,0,1,0,2,9,0
201700048179,17,12,3,1,1,1,2.0,3.0,1.0,7.0,0.0,0.0,2.0,12.0,1,1,1.0,3.0,6.0,1.0,0.0,-1.0,1,0.0,1.0,2,2,4,2,0,0,2,4,0,0,6,0,0,2,2,2,0,1,0,0,0,2,12,15
200600056786,6,9,5,2,2,1,1.0,2.0,0.0,14.0,0.0,0.0,2.0,2.0,1,1,4.0,2.0,2.0,1.0,0.0,70.0,1,0.0,1.0,2,1,4,0,0,0,0,4,0,2,0,2,0,4,0,0,0,1,1,0,0,2,6,55
201000020645,10,2,18,1,2,1,1.0,3.0,0.0,7.0,0.0,0.0,2.0,0.0,1,-1,4.0,2.0,2.0,2.0,0.0,60.0,1,0.0,1.0,2,1,6,0,0,0,2,4,0,4,0,2,0,0,4,2,0,1,1,0,0,2,13,57
201000011675,10,7,29,1,1,1,1.0,2.0,0.0,7.0,0.0,0.0,2.0,2.0,1,1,1.0,3.0,3.0,1.0,0.0,20.0,1,0.0,1.0,2,2,2,2,0,0,0,4,0,0,2,2,0,2,0,2,0,1,1,0,0,2,17,45
200700028874,7,5,23,1,2,2,1.0,5.0,0.0,7.0,0.0,0.0,2.0,1.0,1,1,4.0,2.0,2.0,1.0,0.0,112.0,1,0.0,1.0,3,2,6,3,0,0,0,9,0,3,0,0,6,0,0,9,0,1,0,1,0,2,13,0
200900038020,9,6,16,1,1,1,1.0,1.0,0.0,7.0,0.0,0.0,0.0,13.0,1,1,3.0,2.0,2.0,1.0,0.0,56.0,1,0.0,1.0,2,1,2,2,0,0,0,4,0,0,0,0,4,2,0,2,0,1,0,0,0,3,8,0
201000013417,10,4,25,1,1,1,1.0,1.0,0.0,7.0,0.0,0.0,2.0,1.0,1,1,3.0,2.0,2.0,1.0,0.0,50.0,1,0.0,1.0,2,3,4,2,2,0,0,4,0,2,4,0,0,2,2,0,2,1,0,0,0,3,18,0
201000029592,10,10,1,1,2,3,1.0,3.0,0.0,7.0,0.0,0.0,2.0,15.0,1,1,4.0,2.0,2.0,1.0,0.0,0.0,1,5.0,0.0,2,1,4,0,0,0,0,4,0,0,4,0,0,2,2,0,0,1,0,1,0,2,19,25
201300001804,13,11,22,1,2,1,1.0,3.0,0.0,7.0,0.0,0.0,2.0,1.0,1,1,3.0,2.0,2.0,1.0,0.0,65.0,1,0.0,1.0,2,1,4,0,0,0,0,4,0,0,4,0,0,0,0,0,4,1,0,1,0,3,10,0
201300013998,13,1,22,5,2,1,1.0,2.0,0.0,7.0,0.0,0.0,2.0,1.0,1,1,4.0,2.0,2.0,1.0,0.0,70.0,1,0.0,1.0,2,2,0,4,0,0,0,4,0,0,0,0,4,0,0,4,0,1,1,0,0,2,20,15
200800073024,8,12,10,2,2,1,1.0,6.0,0.0,7.0,0.0,0.0,1.0,1.0,1,1,3.0,2.0,4.0,1.0,0.0,200.0,1,0.0,1.0,1,1,2,0,0,1,0,1,1,0,1,0,0,1,1,0,0,1,0,0,0,2,7,55
200500019266,5,4,28,5,2,3,2.0,3.0,0.0,7.0,0.0,0.0,2.0,1.0,1,1,9.0,2.0,2.0,2.0,0.0,0.0,1,0.0,0.0,2,1,4,0,0,0,0,4,4,0,0,0,0,2,2,0,0,1,0,0,0,2,21,30
200600061668,6,10,2,1,2,3,2.0,3.0,0.0,7.0,0.0,0.0,2.0,1.0,1,-1,4.0,2.0,1.0,1.0,0.0,0.0,1,0.0,1.0,2,1,2,2,0,0,0,4,0,2,2,0,0,2,0,2,0,1,0,0,0,2,12,30
200500001689,5,1,7,5,2,1,1.0,3.0,0.0,7.0,0.0,0.0,2.0,15.0,1,1,3.0,2.0,2.0,2.0,0.0,78.0,1,0.0,1.0,2,1,4,0,0,0,0,4,0,0,2,0,2,2,2,0,0,1,0,1,0,3,18,45
201600013006,16,8,26,3,1,1,1.0,6.0,2.0,7.0,0.0,3.0,0.0,1.0,1,1,3.0,1.0,0.0,0.0,0.0,55.0,1,3.0,1.0,1,2,1,0,0,0,0,1,0,0,1,0,0,1,0,0,0,1,0,0,0,2,0,15
200500071913,5,11,19,3,1,1,5.0,6.0,0.0,7.0,0.0,3.0,0.0,1.0,1,0,3.0,2.0,2.0,2.0,0.0,0.0,1,0.0,1.0,1,3,2,0,0,0,1,1,0,2,0,0,0,0,0,2,0,1,0,0,0,3,21,40
201000025613,10,1,18,1,2,1,1.0,2.0,0.0,7.0,0.0,0.0,2.0,2.0,1,1,4.0,2.0,2.0,3.0,20.0,80.0,1,0.0,1.0,2,2,2,2,0,0,0,4,0,0,2,2,0,4,0,0,0,1,1,0,0,2,10,30
200900007824,9,3,1,1,2,6,1.0,7.0,0.0,33.0,0.0,0.0,0.0,1.0,1,2,2.0,1.0,2.0,1.0,0.0,0.0,1,5.0,1.0,1,3,1,0,0,0,0,1,0,0,1,0,0,1,0,0,0,0,0,1,0,3,15,0
200600005760,6,1,21,1,1,1,1.0,1.0,0.0,7.0,0.0,0.0,2.0,13.0,1,1,3.0,2.0,0.0,1.0,0.0,0.0,1,0.0,0.0,2,3,6,0,0,0,2,4,4,2,0,0,0,4,2,0,0,1,0,0,0,3,11,0
201100005030,11,12,4,4,2,1,2.0,6.0,0.0,7.0,0.0,14.0,0.0,1.0,1,1,3.0,2.0,1.0,2.0,0.0,65.0,1,0.0,1.0,1,4,0,1,0,0,0,1,0,0,1,0,0,0,0,1,0,0,0,1,0,4,6,30
201200008119,12,8,9,1,1,3,1.0,1.0,0.0,7.0,0.0,0.0,-1.0,15.0,1,1,3.0,2.0,2.0,2.0,0.0,65.0,1,5.0,-1.0,2,1,2,2,0,0,0,4,2,0,2,0,0,2,0,0,2,1,0,0,0,3,11,30
201400044377,14,4,16,2,2,1,1.0,7.0,0.0,2.0,0.0,0.0,0.0,1.0,1,-1,4.0,1.0,1.0,1.0,0.0,0.0,1,0.0,1.0,1,2,1,0,0,0,0,1,0,0,1,0,0,0,0,1,0,1,0,0,0,2,19,40
201100005083,11,1,14,3,1,1,1.0,6.0,0.0,7.0,0.0,8.0,0.0,1.0,1,1,3.0,2.0,2.0,2.0,0.0,49.0,1,0.0,3.0,1,2,1,0,0,0,0,1,0,0,0,0,1,0,0,0,1,1,0,0,0,2,7,15
201500007131,15,9,15,2,1,1,8.0,6.0,0.0,33.0,0.0,3.0,0.0,1.0,1,2,3.0,2.0,0.0,0.0,0.0,70.0,1,0.0,3.0,1,3,1,0,0,0,0,1,0,0,1,0,0,1,0,0,0,0,0,1,0,3,19,30
201200039021,12,12,4,1,2,2,1.0,3.0,0.0,37.0,26.0,0.0,2.0,13.0,1,-1,4.0,2.0,2.0,1.0,0.0,0.0,1,0.0,1.0,2,1,4,0,0,0,0,4,2,0,0,2,0,0,2,2,0,1,0,1,0,3,15,10
200900031505,9,9,24,1,2,2,1.0,3.0,0.0,7.0,0.0,0.0,2.0,1.0,2,-1,4.0,2.0,2.0,1.0,0.0,0.0,1,0.0,1.0,2,2,2,4,0,0,2,4,2,0,4,0,0,2,0,0,4,1,0,0,0,2,15,48
201400043917,14,7,24,1,2,1,1.0,6.0,0.0,7.0,0.0,0.0,1.0,1.0,1,1,3.0,2.0,4.0,1.0,0.0,0.0,1,0.0,1.0,1,1,2,0,0,1,0,1,1,0,1,0,0,1,0,1,0,1,0,0,0,2,15,15
200900064841,9,9,30,3,2,2,5.0,6.0,0.0,7.0,0.0,13.0,0.0,1.0,1,1,2.0,3.0,3.0,1.0,15.0,90.0,1,3.0,1.0,1,2,0,1,0,0,0,1,0,0,1,0,0,0,0,1,0,1,0,0,0,2,6,25
201000008512,10,4,24,1,1,1,1.0,3.0,0.0,7.0,0.0,0.0,0.0,10.0,1,1,3.0,2.0,2.0,1.0,0.0,80.0,1,0.0,1.0,2,3,4,6,2,0,4,4,0,6,4,0,0,2,0,0,8,1,0,0,0,3,18,30
201300012117,13,8,22,1,1,1,1.0,3.0,0.0,7.0,0.0,0.0,0.0,9.0,1,1,3.0,2.0,2.0,0.0,0.0,60.0,1,0.0,1.0,2,1,2,2,0,0,0,4,0,0,4,0,0,2,0,0,2,1,0,0,0,2,18,45
201000029301,10,7,7,1,2,3,1.0,3.0,0.0,33.0,0.0,0.0,2.0,1.0,1,2,4.0,3.0,7.0,1.0,0.0,0.0,1,0.0,1.0,2,2,4,0,0,0,0,4,0,0,0,4,0,2,0,2,0,1,0,0,0,2,10,25
200700021635,7,4,20,1,2,1,1.0,3.0,0.0,7.0,0.0,0.0,0.0,10.0,1,1,4.0,2.0,4.0,1.0,0.0,130.0,1,0.0,1.0,2,2,4,0,0,0,0,4,0,0,2,2,0,2,0,0,2,1,0,1,0,2,10,22
201100015488,11,10,17,5,2,1,1.0,6.0,0.0,7.0,0.0,0.0,2.0,1.0,1,9,4.0,2.0,2.0,2.0,0.0,82.0,1,0.0,1.0,2,1,4,0,0,0,0,4,0,0,4,0,0,2,0,0,2,1,0,0,0,3,21,40
201400055767,14,10,19,5,2,1,1.0,4.0,0.0,10.0,0.0,0.0,2.0,1.0,1,1,4.0,2.0,1.0,1.0,0.0,0.0,1,0.0,1.0,3,1,12,0,0,0,3,9,3,0,6,0,3,6,0,6,0,1,1,0,1,2,20,15
200600007188,6,2,22,1,1,1,5.0,1.0,0.0,7.0,0.0,0.0,2.0,13.0,1,1,2.0,2.0,0.0,1.0,0.0,73.0,1,0.0,1.0,2,3,4,2,0,0,2,4,0,4,0,2,0,6,0,0,0,1,0,0,0,3,10,15
201600034697,16,6,3,1,2,1,1.0,6.0,2.0,7.0,0.0,0.0,1.0,4.0,1,1,4.0,0.0,2.0,1.0,0.0,34.0,1,0.0,1.0,1,1,1,1,0,1,0,1,0,1,1,0,0,0,0,1,1,0,1,0,0,2,16,50
200700020155,7,4,14,1,1,1,1.0,6.0,0.0,33.0,0.0,16.0,0.0,1.0,1,2,3.0,2.0,2.0,1.0,0.0,61.0,1,0.0,1.0,1,3,2,0,0,0,1,1,0,1,1,0,0,2,0,0,0,0,0,1,0,3,17,0
201600022201,16,10,17,5,2,9,1.0,3.0,0.0,2.0,0.0,11.0,2.0,17.0,1,2,4.0,2.0,2.0,1.0,0.0,0.0,1,5.0,1.0,2,2,4,0,0,0,0,4,0,2,0,2,0,4,0,0,0,1,0,0,0,2,7,30
201200014865,12,3,9,1,2,1,1.0,2.0,0.0,7.0,0.0,1.0,0.0,14.0,1,-1,4.0,2.0,4.0,2.0,0.0,0.0,1,0.0,1.0,2,3,2,2,0,0,0,4,0,2,2,0,0,2,0,0,2,0,1,0,1,3,10,50
201300048696,13,8,16,1,1,1,1.0,3.0,0.0,7.0,0.0,0.0,2.0,0.0,1,1,1.0,3.0,4.0,1.0,50.0,140.0,1,0.0,1.0,2,1,4,0,0,0,0,4,0,0,4,0,0,0,0,4,0,0,0,1,0,2,20,50
201000010398,10,5,15,1,2,4,1.0,3.0,0.0,7.0,0.0,0.0,2.0,15.0,1,1,3.0,2.0,2.0,4.0,0.0,120.0,1,0.0,1.0,2,1,4,0,0,0,0,4,0,0,4,0,0,0,0,0,4,1,0,1,0,3,17,15
201300016761,13,4,24,1,1,1,1.0,1.0,0.0,7.0,0.0,0.0,2.0,1.0,1,1,3.0,2.0,2.0,1.0,0.0,52.0,1,0.0,1.0,2,2,4,6,4,0,2,4,0,6,2,0,2,4,6,0,0,1,0,0,0,4,15,30
201400014188,14,3,15,5,2,1,1.0,6.0,0.0,34.0,0.0,0.0,6.0,1.0,1,-1,4.0,3.0,0.0,2.0,0.0,0.0,1,0.0,1.0,1,4,1,1,0,0,1,1,0,0,2,0,0,0,0,2,0,0,0,1,0,4,2,55
201100007846,11,11,9,1,2,1,1.0,1.0,0.0,7.0,0.0,0.0,2.0,19.0,1,1,4.0,2.0,0.0,2.0,0.0,70.0,-1,5.0,1.0,2,1,2,6,2,0,2,4,0,8,0,0,0,4,4,0,0,1,0,1,0,3,11,45
201200011782,12,10,25,1,2,1,1.0,6.0,0.0,31.0,0.0,0.0,2.0,0.0,1,2,4.0,1.0,3.0,2.0,0.0,107.0,1,0.0,1.0,2,3,4,0,0,0,0,4,0,2,0,0,2,4,0,0,0,0,0,1,0,3,8,40
200800068827,8,12,11,3,2,1,1.0,3.0,0.0,7.0,0.0,0.0,0.0,4.0,1,1,3.0,2.0,2.0,1.0,0.0,70.0,1,0.0,1.0,2,1,4,0,0,0,0,4,0,0,4,0,0,0,2,2,0,1,1,0,0,3,18,30
201000062984,10,10,15,1,2,1,1.0,6.0,1.0,7.0,0.0,0.0,1.0,1.0,3,-1,4.0,2.0,2.0,1.0,0.0,0.0,1,0.0,1.0,1,2,1,0,0,1,0,0,0,0,0,0,1,1,0,0,0,0,0,0,0,2,11,50
201000017472,10,7,8,1,1,1,1.0,6.0,0.0,33.0,0.0,13.0,0.0,1.0,1,2,3.0,2.0,2.0,3.0,0.0,68.0,1,0.0,3.0,1,3,0,1,0,0,0,1,0,0,1,0,0,1,0,0,0,0,0,1,0,3,18,30
201600017515,16,11,23,1,1,1,1.0,1.0,0.0,7.0,0.0,0.0,9.0,2.0,1,1,3.0,2.0,1.0,1.0,0.0,60.0,1,0.0,1.0,2,1,2,2,0,0,0,4,0,0,2,0,2,0,0,2,2,1,1,0,0,2,16,30
201100059803,11,10,5,1,2,5,1.0,3.0,0.0,10.0,0.0,0.0,2.0,1.0,1,-1,4.0,1.0,1.0,1.0,0.0,40.0,1,0.0,1.0,2,1,4,0,0,0,0,4,0,2,0,2,0,2,0,2,0,1,0,1,0,2,8,30
201100025050,11,1,3,5,2,1,1.0,7.0,0.0,7.0,0.0,0.0,1.0,1.0,1,1,4.0,2.0,2.0,1.0,0.0,40.0,1,0.0,1.0,1,1,2,0,0,1,0,1,0,0,1,0,1,1,0,0,1,1,0,0,0,3,18,45
200900007207,9,2,16,1,1,1,1.0,6.0,0.0,7.0,0.0,0.0,1.0,1.0,1,-1,4.0,2.0,2.0,1.0,0.0,0.0,1,0.0,1.0,1,1,0,2,0,1,0,1,0,0,1,1,0,1,1,0,0,1,0,0,0,3,12,55
201700057247,17,3,31,5,2,5,1.0,6.0,1.0,7.0,0.0,0.0,1.0,1.0,1,-1,4.0,2.0,1.0,3.0,0.0,100.0,1,6.0,1.0,1,1,1,1,0,1,0,1,0,0,1,0,1,1,0,1,0,1,0,0,0,2,20,50
201400038498,14,9,12,1,2,1,1.0,2.0,0.0,37.0,2.0,0.0,2.0,1.0,1,-1,3.0,2.0,2.0,2.0,0.0,0.0,1,0.0,1.0,2,1,4,2,0,2,0,4,2,0,0,4,0,4,0,2,0,1,1,0,0,2,14,45
200900021186,9,6,20,1,1,1,1.0,7.0,0.0,33.0,0.0,0.0,0.0,1.0,1,2,1.0,3.0,2.0,1.0,30.0,90.0,1,0.0,1.0,1,3,1,0,0,0,0,1,0,0,1,0,0,0,0,1,0,0,0,0,0,3,16,0
201000002306,10,11,10,5,2,1,1.0,6.0,0.0,10.0,0.0,0.0,1.0,1.0,1,1,6.0,0.0,0.0,1.0,0.0,77.0,1,0.0,1.0,1,1,1,1,0,1,0,1,0,0,2,0,0,0,1,1,0,1,0,0,0,2,18,45
200700071473,7,11,1,5,2,1,1.0,6.0,0.0,2.0,0.0,0.0,1.0,1.0,1,2,4.0,2.0,2.0,1.0,0.0,0.0,1,0.0,1.0,1,1,2,0,0,1,0,1,0,0,2,0,0,0,0,1,1,1,0,0,0,2,18,45
200800025693,8,5,14,1,2,1,1.0,3.0,0.0,33.0,0.0,0.0,2.0,1.0,1,2,4.0,3.0,2.0,1.0,37.0,126.0,1,6.0,1.0,2,3,2,2,0,0,0,4,0,0,0,0,4,2,0,0,2,1,1,0,0,3,18,0
200600072793,6,11,1,3,1,1,1.0,7.0,0.0,7.0,0.0,2.0,0.0,0.0,1,-1,3.0,2.0,2.0,1.0,0.0,49.0,1,0.0,1.0,1,4,1,0,0,0,0,1,1,0,0,0,0,0,0,0,1,1,0,0,0,4,23,0
200700048883,7,8,18,5,1,2,1.0,3.0,0.0,7.0,0.0,0.0,2.0,1.0,1,1,3.0,2.0,1.0,1.0,0.0,65.0,1,0.0,1.0,2,3,10,4,4,0,6,4,0,10,4,0,0,4,6,4,0,1,0,0,0,3,21,50
200500072938,5,11,20,5,2,1,1.0,1.0,0.0,3.0,0.0,0.0,2.0,15.0,1,1,4.0,2.0,2.0,1.0,0.0,60.0,1,0.0,1.0,2,1,4,0,0,0,0,4,2,0,2,0,0,0,0,2,2,1,0,0,0,3,21,15
201500037522,15,1,6,5,2,1,1.0,6.0,0.0,7.0,0.0,0.0,2.0,15.0,1,1,3.0,2.0,0.0,1.0,0.0,0.0,1,0.0,1.0,2,1,4,0,0,0,0,4,0,0,4,0,0,2,0,2,0,1,0,1,0,2,21,0
200800074195,8,12,17,3,1,1,1.0,6.0,0.0,7.0,0.0,0.0,2.0,12.0,1,1,1.0,3.0,4.0,0.0,20.0,70.0,1,3.0,1.0,3,1,9,3,0,0,3,9,0,3,3,6,0,6,0,0,6,0,0,0,0,2,18,10
200800064561,8,11,21,1,2,1,1.0,7.0,0.0,7.0,0.0,0.0,1.0,1.0,1,1,4.0,2.0,2.0,1.0,0.0,80.0,1,0.0,1.0,1,1,0,2,0,1,0,1,0,2,0,0,0,1,0,0,1,1,0,0,0,2,10,20
201700053859,17,9,8,5,2,2,1.0,6.0,1.0,31.0,0.0,0.0,2.0,1.0,1,2,4.0,1.0,2.0,1.0,0.0,0.0,1,0.0,1.0,2,2,2,0,0,0,0,2,0,0,2,0,0,2,0,0,0,0,0,1,0,2,4,0
200800014293,8,3,28,1,1,2,1.0,2.0,0.0,7.0,0.0,0.0,2.0,1.0,1,1,9.0,2.0,3.0,1.0,0.0,120.0,1,5.0,1.0,2,1,2,6,2,0,2,4,0,4,0,2,2,0,0,6,2,1,1,0,0,2,16,30
201500048552,15,5,1,1,2,2,2.0,3.0,0.0,7.0,0.0,0.0,2.0,1.0,1,1,9.0,1.0,1.0,1.0,0.0,0.0,1,0.0,1.0,2,2,4,0,0,0,0,4,0,4,0,0,0,0,0,2,2,1,0,0,0,2,14,45
201400000061,14,11,3,1,2,3,2.0,3.0,0.0,38.0,0.0,0.0,2.0,15.0,1,1,3.0,-1.0,2.0,-1.0,0.0,-1.0,-1,0.0,-1.0,2,1,4,0,0,0,0,4,0,0,2,2,0,4,0,0,0,1,0,0,0,4,8,45
201200057216,12,7,17,1,2,1,1.0,2.0,0.0,32.0,0.0,0.0,2.0,23.0,1,2,4.0,2.0,2.0,0.0,50.0,50.0,1,6.0,1.0,2,2,2,2,0,0,0,4,0,0,2,0,2,0,0,4,0,1,1,0,0,2,19,10
201500024831,15,2,25,1,2,6,2.0,6.0,0.0,30.0,0.0,14.0,0.0,1.0,1,2,4.0,3.0,2.0,1.0,0.0,0.0,1,5.0,1.0,1,2,1,0,0,0,0,1,0,0,0,1,0,1,0,0,0,1,0,0,0,2,7,50
201500040303,15,6,25,1,2,1,1.0,3.0,0.0,7.0,0.0,0.0,9.0,0.0,1,1,4.0,2.0,2.0,1.0,0.0,0.0,1,0.0,1.0,2,1,2,2,0,0,0,4,0,0,2,0,2,0,2,2,0,1,0,1,0,2,17,50
200800048715,8,9,13,3,1,1,1.0,7.0,0.0,33.0,0.0,16.0,0.0,1.0,1,-1,3.0,0.0,0.0,1.0,0.0,0.0,0,0.0,1.0,1,3,1,0,0,0,0,1,0,0,1,0,0,1,0,0,0,0,0,1,0,3,0,15
201000003170,10,3,14,1,1,1,1.0,3.0,0.0,30.0,0.0,0.0,2.0,18.0,1,0,3.0,3.0,2.0,1.0,50.0,258.0,1,0.0,1.0,2,3,2,2,0,0,0,4,4,0,0,0,0,2,0,0,2,0,1,1,0,3,12,15
200800011977,8,3,10,1,2,1,2.0,6.0,0.0,7.0,0.0,0.0,1.0,1.0,1,1,4.0,2.0,2.0,1.0,0.0,57.0,1,0.0,1.0,1,1,1,1,0,1,0,1,1,1,0,0,0,0,1,1,0,1,0,0,0,2,18,11
201600030573,16,4,2,2,2,1,1.0,3.0,1.0,7.0,0.0,0.0,9.0,10.0,1,1,4.0,2.0,2.0,1.0,0.0,0.0,1,0.0,1.0,2,1,4,2,0,0,2,4,0,6,0,0,0,4,0,2,0,1,1,0,0,3,18,40
201600019336,16,8,18,1,1,1,1.0,6.0,2.0,7.0,0.0,13.0,0.0,1.0,1,1,3.0,2.0,2.0,1.0,0.0,70.0,1,0.0,3.0,1,2,1,1,1,0,0,1,0,1,1,0,0,1,1,0,0,1,0,0,0,3,16,45
200900061529,9,3,9,1,2,1,1.0,5.0,0.0,7.0,0.0,0.0,2.0,1.0,1,1,2.0,1.0,3.0,1.0,0.0,90.0,1,0.0,1.0,4,2,16,0,0,0,0,16,0,4,0,0,12,16,0,0,0,1,0,1,0,2,17,45
201300003265,13,7,15,5,2,1,1.0,5.0,0.0,7.0,0.0,0.0,2.0,23.0,1,1,3.0,2.0,0.0,1.0,0.0,75.0,1,0.0,1.0,3,1,3,12,0,0,6,9,0,6,9,0,0,6,0,9,0,1,0,0,0,3,0,1
200800067217,8,11,18,1,2,1,1.0,3.0,0.0,7.0,0.0,0.0,2.0,9.0,1,-1,4.0,2.0,2.0,2.0,0.0,60.0,1,0.0,1.0,2,3,0,4,0,0,0,4,0,2,2,0,0,0,0,2,2,1,0,0,0,3,18,5
200900061968,9,6,13,1,2,1,1.0,3.0,0.0,2.0,0.0,0.0,2.0,15.0,1,2,3.0,2.0,2.0,1.0,0.0,0.0,1,0.0,1.0,2,3,0,2,0,0,0,2,2,0,0,0,0,0,2,0,0,0,1,1,0,3,13,10
201400055153,14,5,11,1,2,5,1.0,6.0,0.0,7.0,0.0,0.0,1.0,15.0,1,1,4.0,1.0,3.0,1.0,0.0,100.0,1,0.0,1.0,1,1,1,2,0,2,0,1,0,0,3,0,0,1,0,0,2,1,0,0,0,2,10,40
200500032239,5,6,3,1,2,1,1.0,1.0,0.0,7.0,0.0,0.0,2.0,13.0,1,1,2.0,2.0,2.0,1.0,0.0,66.0,1,0.0,0.0,2,1,4,0,0,0,0,4,0,0,4,0,0,2,2,0,0,1,0,0,0,3,17,20
200800028017,8,5,24,1,1,1,1.0,6.0,0.0,7.0,0.0,0.0,2.0,21.0,1,1,3.0,2.0,0.0,1.0,0.0,75.0,1,2.0,1.0,1,3,1,0,0,0,0,1,0,0,0,0,1,0,0,1,0,1,0,0,0,3,9,0