Num_Acc,an,mois,jour,lum,agg,int,atm,col,senc,catv,occutc,obs,obsm,manv,catu,secu,catr,circ,nbv,prof,lartpc,larrout,surf,infra,situ,nb_veh,grav_simpl,Homme,Femme,Arrière,Autre_x,Avant,Conducteur,Autre_y,Inconnu,Loisirs,Professionnel,Travail,Adulte,Enfant,Jeune,Senior,choc_avant,choc_arriere,choc_lateral,choc_multiple,grav_order_max,heure,minute
201300051347,13,3,23,1,2,4,1.0,3.0,0.0,33.0,0.0,0.0,2.0,1.0,1,2,4.0,1.0,3.0,0.0,10.0,100.0,1,0.0,1.0,2,3,2,2,0,0,0,4,0,2,2,0,0,4,0,0,0,1,1,0,0,3,11,10
201700029623,17,9,14,1,2,3,1.0,3.0,1.0,7.0,0.0,0.0,2.0,15.0,1,1,4.0,2.0,2.0,1.0,0.0,0.0,1,0.0,1.0,2,1,2,2,0,0,0,4,0,0,2,2,0,4,0,0,0,1,0,0,0,2,16,0
200800044237,8,8,21,1,2,1,1.0,2.0,0.0,7.0,0.0,0.0,2.0,1.0,1,1,4.0,2.0,2.0,1.0,0.0,0.0,1,0.0,1.0,2,3,4,0,0,0,0,4,0,0,2,2,0,4,0,0,0,1,1,0,0,3,10,50
201700033680,17,10,19,1,2,1,3.0,6.0,0.0,7.0,0.0,0.0,1.0,1.0,1,1,4.0,3.0,4.0,1.0,0.0,150.0,1,0.0,1.0,1,1,0,2,0,1,0,1,0,0,2,0,0,1,0,0,1,1,0,0,0,2,9,28
201000017982,10,4,25,1,1,1,1.0,3.0,0.0,7.0,0.0,3.0,2.0,1.0,1,1,1.0,3.0,3.0,1.0,15.0,210.0,1,0.0,1.0,2,2,8,0,4,0,0,4,0,4,4,0,0,2,4,0,2,1,0,1,0,3,18,0
200600027467,6,5,6,1,2,2,1.0,3.0,0.0,7.0,0.0,0.0,2.0,1.0,1,1,4.0,2.0,2.0,1.0,20.0,178.0,1,0.0,1.0,2,2,4,0,0,0,0,4,0,4,0,0,0,0,0,2,2,1,0,0,0,2,10,5
200800066178,8,11,21,5,2,1,1.0,6.0,0.0,7.0,0.0,4.0,0.0,1.0,1,1,9.0,2.0,2.0,1.0,0.0,0.0,1,0.0,1.0,1,2,1,0,0,0,0,1,1,0,0,0,0,1,0,0,0,1,0,0,0,2,19,0
201000029857,10,12,10,1,2,2,1.0,3.0,0.0,7.0,0.0,0.0,2.0,15.0,1,1,4.0,2.0,2.0,1.0,0.0,110.0,1,0.0,1.0,2,2,4,2,0,0,2,4,0,2,0,0,4,0,0,6,0,1,0,1,0,3,14,50
201100050432,11,3,6,1,2,2,1.0,3.0,0.0,7.0,0.0,0.0,2.0,15.0,1,-1,4.0,1.0,1.0,1.0,0.0,51.0,1,0.0,1.0,2,1,4,4,2,0,2,4,8,0,0,0,0,4,0,4,0,1,0,0,0,2,12,40
201000048864,10,11,17,1,2,3,2.0,3.0,0.0,34.0,0.0,0.0,2.0,0.0,1,2,4.0,1.0,0.0,1.0,0.0,0.0,1,0.0,1.0,2,3,4,0,0,0,0,4,2,2,0,0,0,2,0,2,0,1,0,1,0,3,21,0
201100021825,11,9,26,1,2,3,1.0,3.0,0.0,34.0,0.0,0.0,2.0,1.0,1,2,3.0,2.0,2.0,2.0,0.0,0.0,1,0.0,1.0,2,2,2,2,0,0,0,4,0,4,0,0,0,2,0,0,2,1,0,1,0,2,13,20
200600033800,6,6,20,1,2,2,1.0,3.0,0.0,7.0,0.0,0.0,2.0,16.0,1,1,4.0,4.0,2.0,0.0,0.0,58.0,1,5.0,5.0,2,1,0,4,0,0,0,4,0,4,0,0,0,4,0,0,0,0,0,1,0,3,7,45
200600003057,6,1,28,5,2,1,1.0,6.0,0.0,2.0,0.0,0.0,1.0,1.0,1,2,4.0,4.0,1.0,1.0,0.0,160.0,1,6.0,1.0,1,2,2,0,0,1,0,1,0,0,1,1,0,1,0,1,0,1,0,0,0,3,23,15
201000023308,10,10,14,1,1,1,6.0,7.0,0.0,7.0,0.0,0.0,9.0,17.0,1,1,1.0,1.0,2.0,1.0,25.0,90.0,1,0.0,3.0,1,3,1,1,0,0,1,1,0,1,1,0,0,0,0,0,2,1,0,0,0,4,11,30
200700050203,7,8,18,1,1,1,1.0,7.0,0.0,33.0,0.0,0.0,0.0,1.0,1,2,9.0,1.0,1.0,1.0,0.0,60.0,1,3.0,1.0,1,3,1,0,0,0,0,1,0,0,1,0,0,1,0,0,0,0,0,1,0,3,21,15
201100063286,11,4,28,5,2,1,1.0,6.0,1.0,34.0,0.0,0.0,2.0,14.0,1,2,4.0,1.0,1.0,1.0,0.0,30.0,1,0.0,1.0,2,2,2,2,0,0,2,2,0,4,0,0,0,0,0,4,0,1,0,0,0,2,0,30
201600033369,16,10,17,3,1,1,1.0,6.0,1.0,1.0,0.0,0.0,2.0,1.0,1,4,3.0,2.0,2.0,1.0,0.0,34.0,1,0.0,1.0,2,2,2,0,0,0,0,2,0,0,2,0,0,0,0,2,0,0,1,0,0,2,20,0
201100034233,11,7,9,1,1,1,1.0,5.0,0.0,7.0,0.0,0.0,2.0,2.0,1,1,2.0,1.0,2.0,0.0,0.0,0.0,-1,0.0,1.0,5,2,25,25,10,0,15,25,0,50,0,0,0,15,0,25,10,1,1,0,0,2,15,50
200700019084,7,4,17,1,2,1,1.0,6.0,0.0,7.0,0.0,0.0,1.0,1.0,1,1,3.0,2.0,2.0,1.0,0.0,65.0,1,0.0,1.0,1,1,1,1,0,1,0,1,0,0,1,0,1,1,0,0,1,0,0,1,0,3,19,45
201300009040,13,6,10,1,1,1,1.0,4.0,0.0,10.0,0.0,0.0,2.0,1.0,1,1,2.0,3.0,2.0,1.0,10.0,100.0,1,0.0,1.0,4,3,4,12,0,0,0,16,0,0,12,4,0,8,0,4,4,1,1,0,0,3,13,0
201000058353,10,12,29,1,2,2,1.0,3.0,0.0,7.0,0.0,0.0,2.0,16.0,1,1,4.0,2.0,5.0,1.0,0.0,0.0,1,0.0,1.0,2,1,2,2,0,0,0,4,0,0,4,0,0,2,0,0,2,1,0,1,0,2,14,30
201000066480,10,9,22,5,2,1,1.0,2.0,0.0,14.0,0.0,0.0,2.0,11.0,1,1,4.0,1.0,2.0,2.0,0.0,70.0,1,0.0,1.0,2,2,4,0,0,0,0,4,0,0,0,2,2,2,0,2,0,1,1,0,0,3,5,25
201500040535,15,2,11,1,2,1,1.0,3.0,0.0,7.0,0.0,0.0,0.0,15.0,1,-1,4.0,2.0,2.0,1.0,0.0,0.0,1,0.0,1.0,2,1,4,0,0,0,0,4,2,2,0,0,0,4,0,0,0,1,0,1,0,2,17,10
201400009758,14,9,27,1,2,1,1.0,6.0,0.0,7.0,0.0,0.0,1.0,1.0,1,1,3.0,2.0,2.0,0.0,0.0,90.0,1,0.0,1.0,1,1,2,1,1,1,0,1,0,1,2,0,0,1,1,0,1,0,0,1,0,2,10,45
200900054483,9,10,16,1,2,1,1.0,3.0,0.0,33.0,0.0,0.0,0.0,15.0,1,-1,4.0,2.0,2.0,1.0,0.0,70.0,1,0.0,1.0,2,2,2,2,0,0,0,4,0,2,2,0,0,4,0,0,0,1,1,0,0,2,18,25
201000027810,10,11,2,2,1,1,1.0,2.0,0.0,7.0,0.0,0.0,2.0,1.0,1,-1,2.0,2.0,4.0,1.0,0.0,36.0,1,0.0,1.0,2,1,4,6,4,0,2,4,0,10,0,0,0,0,4,6,0,1,1,0,0,2,20,45
200500063946,5,10,10,1,2,1,1.0,7.0,0.0,7.0,0.0,13.0,0.0,1.0,1,1,3.0,2.0,2.0,1.0,0.0,70.0,1,0.0,3.0,1,2,1,0,0,0,0,1,0,0,0,1,0,1,0,0,0,1,0,0,0,2,17,30
200600072500,6,11,1,1,1,1,1.0,1.0,0.0,7.0,0.0,0.0,0.0,10.0,1,1,3.0,2.0,2.0,1.0,0.0,0.0,1,0.0,1.0,2,2,4,0,0,0,0,4,0,0,2,0,2,2,0,2,0,0,1,0,0,3,11,30
200600010276,6,2,1,3,2,3,9.0,7.0,0.0,4.0,0.0,0.0,0.0,15.0,1,2,4.0,2.0,2.0,1.0,0.0,60.0,0,0.0,1.0,1,2,1,0,0,0,0,1,0,0,1,0,0,0,0,1,0,0,0,1,0,2,22,30
201400020809,14,3,24,1,2,1,8.0,6.0,0.0,7.0,0.0,0.0,1.0,14.0,1,-1,4.0,2.0,1.0,2.0,0.0,0.0,1,0.0,4.0,1,1,0,2,0,1,0,1,0,1,0,0,1,0,0,0,2,1,0,0,0,3,16,50
201400050117,14,7,9,1,2,1,3.0,3.0,0.0,30.0,0.0,0.0,0.0,1.0,1,2,4.0,2.0,1.0,1.0,0.0,42.0,1,0.0,0.0,2,2,4,2,0,0,2,4,0,4,2,0,0,0,0,6,0,1,0,1,0,2,19,20
200500016620,5,3,24,1,2,2,8.0,6.0,0.0,10.0,0.0,0.0,1.0,15.0,1,1,4.0,1.0,1.0,1.0,0.0,30.0,1,0.0,1.0,1,1,1,1,0,1,0,1,0,0,1,1,0,1,0,0,1,1,0,0,0,2,10,5
201700046608,17,5,19,5,1,1,2.0,6.0,2.0,7.0,0.0,4.0,0.0,13.0,1,1,1.0,3.0,3.0,1.0,20.0,105.0,1,0.0,1.0,1,2,0,1,0,0,0,1,0,0,1,0,0,0,0,1,0,1,0,0,0,2,0,15
200800001277,8,1,12,1,2,1,1.0,1.0,0.0,7.0,0.0,1.0,0.0,19.0,1,1,3.0,2.0,2.0,1.0,0.0,70.0,1,0.0,4.0,2,3,4,2,0,0,4,2,2,4,0,0,0,2,0,0,4,1,0,0,0,3,11,30
200900062085,9,7,21,1,1,1,1.0,2.0,0.0,7.0,0.0,0.0,2.0,2.0,1,1,3.0,2.0,2.0,2.0,0.0,75.0,1,0.0,1.0,2,3,0,4,0,0,0,4,0,0,4,0,0,0,0,4,0,1,1,0,0,3,13,30
200800068094,8,11,17,1,2,1,1.0,3.0,0.0,33.0,0.0,0.0,2.0,21.0,1,2,4.0,1.0,4.0,1.0,15.0,140.0,1,0.0,1.0,2,3,2,0,0,0,0,2,0,0,0,0,2,0,0,2,0,1,0,1,0,3,8,30
201000050844,10,1,4,1,2,1,1.0,6.0,0.0,10.0,0.0,0.0,0.0,1.0,1,1,3.0,2.0,2.0,1.0,0.0,0.0,1,0.0,1.0,1,1,1,1,0,1,0,1,0,0,0,1,1,1,0,1,0,1,0,0,0,3,14,20
200500084112,5,12,11,1,1,1,1.0,3.0,0.0,7.0,0.0,0.0,0.0,0.0,1,1,1.0,1.0,4.0,1.0,0.0,35.0,1,0.0,1.0,2,3,4,0,0,0,0,4,0,0,4,0,0,0,0,2,2,0,0,0,0,3,8,0
200800014763,8,3,8,3,1,1,1.0,5.0,0.0,7.0,0.0,0.0,0.0,1.0,1,1,1.0,3.0,2.0,1.0,40.0,70.0,1,0.0,1.0,3,2,6,6,0,0,3,9,0,3,3,0,6,0,0,12,0,1,1,0,0,2,6,8
201700040275,17,7,21,1,2,1,1.0,2.0,0.0,7.0,0.0,0.0,2.0,1.0,1,1,2.0,2.0,2.0,1.0,0.0,140.0,-1,0.0,1.0,2,2,4,0,0,0,0,4,0,4,0,0,0,4,0,0,0,1,1,0,0,2,20,35
201000061453,10,6,9,1,2,2,2.0,6.0,0.0,2.0,0.0,0.0,1.0,8.0,1,2,4.0,2.0,2.0,1.0,0.0,120.0,1,0.0,1.0,1,1,1,1,0,1,0,1,0,1,1,0,0,1,0,1,0,0,0,0,0,2,10,0
201500051295,15,9,10,1,2,3,1.0,6.0,0.0,37.0,0.0,0.0,1.0,7.0,1,-1,4.0,2.0,4.0,2.0,0.0,146.0,1,0.0,1.0,1,1,2,0,0,1,0,1,0,1,0,1,0,1,0,0,1,1,0,0,0,3,13,30
201200028593,12,11,6,5,2,1,2.0,6.0,0.0,7.0,0.0,0.0,1.0,1.0,1,1,4.0,2.0,2.0,1.0,0.0,60.0,1,0.0,1.0,1,1,1,1,0,1,0,1,0,0,2,0,0,0,1,1,0,1,0,0,0,3,19,15
200900068442,9,7,14,1,2,1,3.0,2.0,0.0,34.0,0.0,0.0,2.0,1.0,1,2,4.0,2.0,0.0,1.0,0.0,0.0,1,0.0,1.0,2,2,4,0,0,0,0,4,0,0,0,2,2,2,0,2,0,1,0,1,0,2,18,0
200600077013,6,12,31,1,2,1,8.0,3.0,0.0,7.0,0.0,0.0,2.0,13.0,1,1,4.0,2.0,2.0,1.0,0.0,78.0,1,0.0,1.0,2,1,0,4,0,0,0,4,0,0,4,0,0,0,0,2,2,1,0,0,0,4,9,53
201300052249,13,2,15,5,2,1,1.0,3.0,0.0,7.0,0.0,0.0,2.0,11.0,1,1,4.0,1.0,2.0,1.0,0.0,60.0,1,0.0,1.0,2,1,4,0,0,0,0,4,0,0,2,2,0,4,0,0,0,1,1,0,0,2,19,30
200500081232,5,12,27,1,2,2,8.0,3.0,0.0,7.0,0.0,0.0,2.0,1.0,1,1,4.0,2.0,2.0,1.0,0.0,120.0,1,0.0,1.0,2,1,6,0,2,0,0,4,0,2,4,0,0,2,0,4,0,1,0,1,0,2,13,10
200500069396,5,10,6,3,2,2,1.0,3.0,0.0,7.0,0.0,0.0,0.0,9.0,1,1,3.0,2.0,2.0,1.0,0.0,60.0,1,5.0,1.0,2,1,4,0,0,0,0,4,0,4,0,0,0,0,0,4,0,1,1,0,0,4,20,40
200600029429,6,5,22,1,2,1,1.0,6.0,0.0,7.0,0.0,0.0,1.0,2.0,1,1,2.0,2.0,4.0,1.0,0.0,60.0,1,0.0,1.0,1,1,1,1,0,1,0,1,0,1,1,0,0,1,0,1,0,1,0,0,0,3,17,55
201600011077,16,5,6,5,1,1,1.0,5.0,1.0,13.0,0.0,0.0,2.0,1.0,1,-1,4.0,2.0,2.0,2.0,0.0,0.0,1,0.0,1.0,3,1,6,6,0,0,3,9,0,3,9,0,0,12,0,0,0,1,1,0,0,3,21,15
200500055663,5,9,29,5,2,1,1.0,3.0,0.0,7.0,0.0,0.0,0.0,15.0,1,1,9.0,2.0,0.0,1.0,0.0,0.0,1,0.0,1.0,2,1,4,0,0,0,0,4,2,0,0,0,2,2,0,2,0,1,1,0,0,2,7,0
200700049458,7,8,17,2,2,1,1.0,6.0,0.0,7.0,0.0,0.0,1.0,1.0,1,1,4.0,2.0,2.0,1.0,0.0,82.0,1,0.0,1.0,1,1,2,0,0,1,0,1,2,0,0,0,0,0,1,1,0,1,0,0,0,3,21,18
201500003016,15,10,14,1,1,1,1.0,6.0,0.0,7.0,0.0,0.0,2.0,15.0,1,1,3.0,2.0,2.0,1.0,0.0,0.0,1,0.0,1.0,2,2,2,4,0,0,2,4,2,2,2,0,0,2,0,0,4,1,0,0,0,3,16,45
201600037964,16,5,24,1,2,1,1.0,7.0,1.0,7.0,0.0,0.0,0.0,1.0,1,0,4.0,1.0,2.0,1.0,0.0,0.0,-1,0.0,1.0,1,2,1,0,0,0,0,1,1,0,0,0,0,0,0,1,0,0,0,0,0,2,16,30
201600030510,16,8,8,1,2,1,1.0,6.0,0.0,7.0,0.0,0.0,1.0,4.0,1,1,6.0,0.0,0.0,0.0,0.0,0.0,1,0.0,0.0,1,1,2,0,0,1,0,1,2,0,0,0,0,0,0,2,0,0,1,0,0,2,16,40
200500057424,5,9,30,1,2,1,1.0,4.0,1.0,7.0,0.0,0.0,2.0,2.0,1,1,4.0,2.0,2.0,1.0,0.0,0.0,-1,0.0,1.0,3,2,3,6,3,0,0,6,0,9,0,0,0,6,0,3,0,1,1,0,0,2,12,1
200700026944,7,5,9,1,1,1,1.0,1.0,0.0,7.0,0.0,0.0,2.0,1.0,1,1,4.0,2.0,2.0,2.0,0.0,41.0,1,0.0,1.0,2,1,4,8,4,2,2,4,0,8,4,0,0,4,6,2,0,1,0,0,0,3,16,15
200500045649,5,7,15,1,2,2,1.0,1.0,0.0,7.0,0.0,0.0,2.0,1.0,1,1,4.0,2.0,2.0,1.0,0.0,67.0,1,5.0,1.0,2,2,0,6,0,0,2,4,0,2,4,0,0,4,2,0,0,1,0,0,0,2,18,30
200900023058,9,5,11,1,2,1,2.0,7.0,0.0,30.0,0.0,0.0,2.0,1.0,1,2,9.0,2.0,2.0,1.0,0.0,0.0,1,0.0,1.0,2,2,4,0,0,0,0,4,0,0,2,2,0,2,0,2,0,1,0,0,0,2,17,9
200900017442,9,6,13,1,1,1,1.0,7.0,0.0,7.0,0.0,16.0,0.0,13.0,2,1,3.0,2.0,2.0,1.0,0.0,0.0,1,0.0,3.0,1,4,0,2,0,0,1,1,0,1,1,0,0,1,0,0,1,0,0,0,1,4,10,0
201100037664,11,1,16,5,2,1,1.0,7.0,0.0,7.0,0.0,12.0,0.0,1.0,1,1,4.0,2.0,2.0,1.0,0.0,70.0,1,0.0,1.0,1,3,1,0,0,0,0,1,0,0,1,0,0,0,0,0,1,1,0,0,0,3,20,30
200900067131,9,10,23,3,2,1,5.0,7.0,0.0,7.0,0.0,6.0,0.0,14.0,2,1,3.0,2.0,2.0,2.0,0.0,71.0,1,0.0,1.0,1,4,2,0,0,0,1,1,0,0,2,0,0,0,0,2,0,0,0,1,0,4,5,0
200800031696,8,6,26,1,2,1,1.0,2.0,0.0,7.0,0.0,0.0,2.0,2.0,1,1,4.0,2.0,0.0,1.0,0.0,140.0,1,5.0,1.0,2,2,2,2,0,0,0,4,2,0,0,2,0,2,0,2,0,1,1,0,0,2,10,0
200700029632,7,5,6,1,2,1,1.0,3.0,0.0,2.0,0.0,0.0,2.0,1.0,1,2,4.0,1.0,1.0,1.0,0.0,30.0,1,0.0,1.0,2,2,2,2,0,0,0,4,0,0,4,0,0,0,2,2,0,1,0,0,0,2,18,5
201600048935,16,11,10,5,1,1,2.0,6.0,1.0,15.0,0.0,0.0,0.0,0.0,1,1,1.0,3.0,6.0,1.0,10.0,210.0,1,0.0,0.0,3,3,9,0,0,0,0,9,0,0,6,3,0,6,0,3,0,0,0,0,0,3,23,50
200800030693,8,6,5,1,1,1,1.0,3.0,0.0,7.0,0.0,0.0,0.0,9.0,1,1,4.0,0.0,1.0,1.0,0.0,0.0,1,0.0,1.0,2,3,4,0,0,0,0,4,0,0,2,0,2,2,0,0,2,1,0,0,0,3,17,45
201700036879,17,10,28,1,2,3,1.0,3.0,0.0,7.0,0.0,0.0,2.0,15.0,1,1,4.0,2.0,2.0,1.0,0.0,65.0,1,0.0,1.0,2,1,2,4,0,0,2,4,2,4,0,0,0,4,0,2,0,1,0,0,0,2,15,10
201100058423,11,5,17,5,2,2,1.0,6.0,0.0,7.0,0.0,0.0,1.0,16.0,1,1,4.0,2.0,2.0,3.0,0.0,121.0,1,0.0,1.0,1,1,2,0,0,1,0,1,0,0,2,0,0,0,0,0,2,0,0,1,0,2,22,5
200800030062,8,6,28,3,1,1,1.0,6.0,0.0,7.0,0.0,2.0,0.0,1.0,1,1,3.0,2.0,0.0,1.0,60.0,0.0,1,0.0,1.0,1,4,2,1,1,0,1,1,0,2,1,0,0,0,1,2,0,1,0,0,0,4,4,45
201200025212,12,6,23,1,2,2,1.0,6.0,0.0,7.0,0.0,0.0,2.0,15.0,1,-1,4.0,2.0,2.0,2.0,0.0,60.0,1,5.0,1.0,2,1,2,2,0,0,0,4,0,4,0,0,0,0,0,2,2,1,0,1,0,3,19,48
200800046142,8,8,14,1,2,1,1.0,1.0,0.0,7.0,0.0,0.0,2.0,15.0,1,1,4.0,2.0,2.0,2.0,0.0,0.0,1,0.0,1.0,2,1,4,2,0,0,2,4,0,2,4,0,0,2,0,2,2,1,0,0,0,3,10,30
200900036314,9,6,8,1,2,3,1.0,3.0,0.0,2.0,0.0,0.0,2.0,1.0,1,2,4.0,2.0,2.0,0.0,0.0,65.0,-1,0.0,1.0,2,2,2,2,0,0,0,4,0,0,2,0,2,2,0,2,0,1,0,0,0,2,18,35
201200032293,12,6,21,1,2,1,1.0,6.0,0.0,7.0,0.0,0.0,1.0,0.0,1,1,4.0,2.0,2.0,1.0,0.0,0.0,1,0.0,1.0,1,1,1,1,0,1,0,1,0,1,0,0,1,1,1,0,0,1,0,0,0,2,16,50
200700028411,7,5,31,1,2,1,1.0,6.0,0.0,10.0,0.0,0.0,1.0,4.0,3,-1,4.0,0.0,1.0,1.0,0.0,30.0,1,0.0,1.0,1,3,0,2,0,1,0,1,0,0,1,1,0,1,0,0,1,0,1,0,0,3,13,25
200500062318,5,9,8,1,1,1,8.0,4.0,0.0,5.0,0.0,0.0,0.0,1.0,1,2,1.0,1.0,3.0,1.0,20.0,105.0,1,0.0,1.0,6,3,30,6,0,0,0,36,0,6,6,12,12,30,0,6,0,1,1,0,0,3,18,0
201400036078,14,9,4,1,2,1,1.0,6.0,0.0,1.0,0.0,0.0,2.0,1.0,1,-1,4.0,2.0,2.0,1.0,0.0,0.0,1,0.0,1.0,2,3,4,0,0,0,0,4,2,0,0,0,2,0,0,0,4,1,0,1,0,3,15,0
201000056630,10,5,5,1,1,1,1.0,2.0,0.0,33.0,0.0,0.0,2.0,1.0,1,2,1.0,1.0,3.0,1.0,15.0,90.0,1,0.0,1.0,2,1,4,0,0,0,0,4,0,0,0,0,4,2,0,2,0,1,1,0,0,2,7,30
201600008260,16,3,27,1,2,1,8.0,3.0,0.0,30.0,0.0,0.0,2.0,18.0,1,2,3.0,3.0,2.0,1.0,10.0,60.0,1,0.0,1.0,2,3,2,2,0,0,0,4,0,0,2,0,2,0,0,2,2,1,0,1,0,3,15,45
200600067806,6,11,26,5,2,1,1.0,4.0,0.0,7.0,0.0,0.0,2.0,2.0,1,1,3.0,2.0,2.0,1.0,0.0,80.0,1,0.0,1.0,3,2,9,0,0,0,0,9,0,0,6,0,3,6,0,3,0,1,1,0,0,2,20,20
200700032080,7,6,16,2,1,1,1.0,7.0,0.0,7.0,0.0,0.0,0.0,1.0,1,1,3.0,2.0,0.0,1.0,0.0,64.0,1,0.0,3.0,1,3,0,1,0,0,0,1,0,0,1,0,0,0,0,1,0,0,0,0,1,3,6,0
200500049996,5,8,15,1,1,1,1.0,1.0,0.0,7.0,0.0,0.0,2.0,15.0,1,1,2.0,2.0,0.0,1.0,0.0,0.0,1,0.0,1.0,2,3,2,4,0,0,2,4,2,2,2,0,0,2,0,0,4,1,0,0,0,3,9,15
200500016544,5,3,18,1,2,1,1.0,3.0,0.0,5.0,0.0,0.0,2.0,18.0,1,2,4.0,3.0,3.0,1.0,10.0,90.0,1,0.0,1.0,2,3,4,0,0,0,0,4,0,0,2,2,0,2,0,2,0,1,1,0,0,3,9,25
200700052423,7,8,23,1,2,4,3.0,6.0,0.0,7.0,0.0,4.0,0.0,1.0,1,1,4.0,1.0,1.0,1.0,15.0,35.0,1,3.0,1.0,1,2,0,1,0,0,0,1,0,0,1,0,0,1,0,0,0,0,0,1,0,2,8,40
200500043019,5,7,29,1,2,1,1.0,3.0,0.0,5.0,0.0,0.0,2.0,19.0,1,2,9.0,2.0,0.0,1.0,0.0,41.0,1,0.0,1.0,2,1,8,2,2,0,4,4,0,6,4,0,0,2,2,6,0,1,0,1,0,3,12,0
201700033366,17,12,26,5,2,1,1.0,3.0,0.0,30.0,0.0,0.0,2.0,11.0,1,2,4.0,1.0,3.0,1.0,34.0,58.0,1,0.0,1.0,2,2,2,2,0,0,0,4,0,0,2,0,2,0,0,4,0,1,1,0,0,2,19,35
200800071564,8,12,18,1,2,2,1.0,6.0,0.0,7.0,0.0,0.0,1.0,15.0,1,1,3.0,3.0,4.0,1.0,0.0,0.0,1,0.0,1.0,1,1,1,1,0,1,0,1,0,1,1,0,0,1,0,0,1,1,0,0,0,2,10,50
200900044142,9,10,7,1,1,1,1.0,1.0,0.0,7.0,0.0,0.0,2.0,1.0,2,1,3.0,2.0,2.0,2.0,0.0,32.0,-1,0.0,1.0,2,2,6,2,0,0,4,4,0,4,4,0,0,0,4,0,4,1,0,0,0,3,10,30
200900011715,9,5,8,1,2,1,1.0,7.0,0.0,32.0,0.0,12.0,0.0,1.0,1,1,3.0,2.0,2.0,1.0,0.0,55.0,1,0.0,0.0,1,3,1,0,0,0,0,1,0,0,1,0,0,1,0,0,0,1,0,0,0,3,20,0
200900015602,9,4,20,1,2,1,1.0,2.0,0.0,7.0,0.0,0.0,2.0,2.0,2,1,4.0,2.0,2.0,1.0,0.0,85.0,1,0.0,1.0,2,2,4,2,0,0,2,4,4,2,0,0,0,6,0,0,0,1,1,0,0,2,15,50
200600014576,6,3,8,5,2,1,2.0,3.0,0.0,5.0,0.0,0.0,2.0,13.0,1,2,4.0,2.0,2.0,1.0,0.0,0.0,1,0.0,1.0,2,3,4,0,0,0,0,4,0,2,2,0,0,2,0,2,0,0,0,0,0,3,0,1
200900023077,9,5,13,1,1,2,1.0,3.0,0.0,7.0,0.0,0.0,2.0,1.0,1,1,3.0,0.0,2.0,1.0,0.0,62.0,-1,0.0,1.0,2,3,2,2,0,0,0,4,0,0,2,0,2,0,0,2,2,1,0,1,0,3,19,15
201700047130,17,1,30,1,1,1,2.0,2.0,1.0,7.0,0.0,0.0,2.0,2.0,1,1,1.0,3.0,6.0,1.0,0.0,-1.0,1,0.0,1.0,2,2,0,4,0,0,0,4,0,0,0,0,4,2,0,2,0,1,1,0,0,2,9,10
201700018242,17,4,19,2,2,1,1.0,6.0,1.0,17.0,0.0,6.0,0.0,1.0,1,1,3.0,1.0,2.0,1.0,0.0,74.0,1,0.0,4.0,1,2,1,0,0,0,0,1,0,0,0,1,0,1,0,0,0,1,0,0,0,2,7,10
200900039793,9,6,3,1,2,1,1.0,6.0,0.0,33.0,0.0,0.0,2.0,1.0,1,2,4.0,1.0,1.0,1.0,0.0,0.0,1,0.0,1.0,2,2,2,2,0,0,0,4,4,0,0,0,0,0,0,4,0,1,0,1,0,2,18,35
201000017809,10,1,10,1,1,1,1.0,6.0,0.0,7.0,0.0,3.0,0.0,0.0,1,1,1.0,3.0,3.0,1.0,10.0,120.0,1,0.0,0.0,1,3,1,1,0,0,1,1,0,1,0,1,0,1,0,0,1,1,0,0,0,3,16,30
201000025283,10,1,8,1,2,1,8.0,2.0,0.0,1.0,0.0,0.0,2.0,1.0,1,2,3.0,3.0,3.0,1.0,20.0,85.0,1,0.0,1.0,2,2,2,2,0,0,0,4,2,0,0,2,0,4,0,0,0,1,0,0,0,2,12,24
201700018884,17,12,7,2,1,9,9.0,6.0,1.0,7.0,0.0,2.0,0.0,1.0,1,1,3.0,2.0,2.0,1.0,5.0,870.0,0,0.0,-1.0,1,3,1,0,0,0,0,1,0,0,0,0,1,0,0,1,0,0,1,0,0,3,7,30
200600062991,6,10,20,1,2,1,1.0,3.0,0.0,7.0,0.0,0.0,2.0,14.0,1,1,9.0,2.0,4.0,2.0,15.0,120.0,1,0.0,1.0,2,1,0,4,0,0,0,4,4,0,0,0,0,0,0,4,0,1,0,0,0,2,16,0
201300008628,13,6,30,1,1,1,1.0,6.0,0.0,7.0,0.0,0.0,0.0,14.0,1,-1,3.0,2.0,2.0,0.0,0.0,70.0,1,0.0,3.0,1,3,1,0,0,0,0,1,0,0,1,0,0,1,0,0,0,0,0,0,1,3,9,30
201200032314,12,7,5,1,2,7,1.0,6.0,0.0,7.0,0.0,0.0,1.0,1.0,1,1,4.0,0.0,2.0,1.0,0.0,0.0,1,0.0,1.0,1,1,2,1,0,2,0,1,0,3,0,0,0,1,1,1,0,1,0,0,0,2,12,5
201600017815,16,5,20,1,2,3,1.0,3.0,0.0,7.0,0.0,0.0,2.0,1.0,1,1,4.0,2.0,2.0,1.0,0.0,0.0,1,0.0,1.0,2,1,2,2,0,0,0,4,2,0,0,0,2,4,0,0,0,1,0,1,0,2,14,25
201200050349,12,10,6,3,1,1,3.0,2.0,0.0,7.0,0.0,0.0,0.0,2.0,1,1,1.0,3.0,3.0,2.0,15.0,35.0,1,0.0,1.0,2,1,2,2,0,0,0,4,0,0,4,0,0,4,0,0,0,1,1,0,0,2,19,0