Num_Acc,an,mois,jour,lum,agg,int,atm,col,senc,catv,occutc,obs,obsm,manv,catu,secu,catr,circ,nbv,prof,lartpc,larrout,surf,infra,situ,nb_veh,grav_simpl,Homme,Femme,Arrière,Autre_x,Avant,Conducteur,Autre_y,Inconnu,Loisirs,Professionnel,Travail,Adulte,Enfant,Jeune,Senior,choc_avant,choc_arriere,choc_lateral,choc_multiple,grav_order_max,heure,minute
200600000275,6,1,31,5,2,2,1.0,3.0,0.0,2.0,0.0,0.0,2.0,9.0,1,2,4.0,0.0,2.0,1.0,0.0,100.0,1,0.0,1.0,2,2,4,0,0,0,0,4,2,0,2,0,0,4,0,0,0,1,0,0,0,2,20,40
201600040913,16,2,21,5,2,2,2.0,3.0,0.0,7.0,0.0,0.0,2.0,1.0,1,1,4.0,1.0,1.0,1.0,0.0,25.0,1,5.0,1.0,2,1,8,0,2,0,2,4,0,0,8,0,0,6,2,0,0,1,0,1,0,2,17,55
201100013132,11,9,24,1,2,6,1.0,3.0,0.0,7.0,0.0,0.0,2.0,0.0,1,1,4.0,0.0,0.0,0.0,0.0,0.0,-1,5.0,0.0,2,1,2,4,0,0,2,4,2,2,0,0,2,4,0,2,0,1,0,0,0,3,10,30
201400047463,14,7,25,1,1,1,1.0,3.0,0.0,7.0,0.0,0.0,2.0,11.0,1,1,1.0,3.0,4.0,1.0,65.0,140.0,1,2.0,1.0,2,1,4,0,0,0,0,4,0,0,2,0,2,4,0,0,0,1,0,0,0,4,18,59
201300051208,13,9,23,5,2,5,1.0,2.0,0.0,7.0,0.0,0.0,2.0,2.0,1,1,4.0,1.0,3.0,1.0,0.0,100.0,1,0.0,1.0,2,1,4,2,0,0,2,4,0,0,6,0,0,2,0,0,4,1,1,0,0,2,23,50
200800070622,8,12,30,1,2,1,1.0,6.0,1.0,7.0,0.0,0.0,1.0,17.0,3,-1,4.0,2.0,3.0,1.0,0.0,81.0,1,0.0,1.0,1,2,0,1,0,1,0,0,0,0,0,0,1,0,0,1,0,0,0,0,0,2,7,50
200500008562,5,2,12,1,2,1,3.0,6.0,0.0,7.0,0.0,0.0,1.0,20.0,1,1,4.0,2.0,0.0,1.0,0.0,50.0,1,0.0,1.0,1,1,1,1,0,1,0,1,1,0,1,0,0,1,0,1,0,0,1,0,0,2,14,10
201700028035,17,10,11,1,2,1,1.0,6.0,0.0,7.0,0.0,1.0,0.0,1.0,1,1,4.0,0.0,1.0,1.0,0.0,0.0,1,0.0,1.0,1,3,0,1,0,0,0,1,0,1,0,0,0,0,0,0,1,1,0,0,0,3,8,25
200900030286,9,5,30,1,2,1,1.0,2.0,0.0,7.0,0.0,0.0,2.0,2.0,1,1,4.0,3.0,2.0,1.0,20.0,80.0,1,0.0,1.0,2,1,2,8,4,0,2,4,0,10,0,0,0,6,4,0,0,0,1,0,0,2,19,0
200900024670,9,7,28,1,2,3,1.0,3.0,0.0,7.0,0.0,0.0,2.0,9.0,1,1,4.0,2.0,2.0,1.0,0.0,50.0,1,5.0,1.0,2,1,4,0,0,0,0,4,0,2,0,0,2,2,0,2,0,1,0,1,0,3,7,26
200800048928,8,9,19,1,1,2,1.0,3.0,0.0,33.0,0.0,0.0,2.0,1.0,1,2,4.0,0.0,2.0,1.0,0.0,37.0,-1,0.0,0.0,2,3,2,2,0,0,0,4,2,2,0,0,0,2,0,2,0,1,0,0,0,3,12,15
201200032450,12,9,28,1,2,1,1.0,5.0,0.0,7.0,0.0,1.0,2.0,17.0,1,1,4.0,2.0,2.0,1.0,0.0,0.0,1,0.0,1.0,3,1,9,3,0,0,3,9,0,3,6,0,3,0,0,6,6,1,0,1,0,2,16,30
201300039567,13,9,28,2,2,3,2.0,3.0,0.0,10.0,0.0,0.0,2.0,1.0,1,1,3.0,2.0,4.0,1.0,0.0,100.0,1,5.0,1.0,2,2,2,4,0,2,0,4,0,0,2,4,0,4,0,0,2,1,0,0,0,2,7,10
201300049467,13,9,13,1,1,1,1.0,4.0,0.0,7.0,0.0,0.0,2.0,2.0,1,1,3.0,3.0,4.0,1.0,0.0,-1.0,1,0.0,1.0,4,1,16,4,0,0,4,16,0,8,4,4,4,12,0,0,8,0,1,0,0,2,18,0
200900043817,9,6,9,1,2,3,2.0,6.0,0.0,7.0,0.0,0.0,1.0,1.0,1,1,4.0,2.0,2.0,2.0,0.0,0.0,1,0.0,1.0,1,1,2,0,0,1,0,1,1,1,0,0,0,1,1,0,0,1,0,0,0,2,11,35
201200028623,12,12,13,1,2,1,1.0,4.0,0.0,10.0,0.0,0.0,2.0,2.0,1,1,4.0,1.0,3.0,1.0,0.0,0.0,1,0.0,1.0,3,1,3,6,0,0,0,9,0,0,3,6,0,6,0,3,0,1,1,0,1,2,11,15
200800039260,8,7,11,1,2,1,1.0,2.0,0.0,7.0,0.0,0.0,0.0,15.0,1,1,4.0,2.0,2.0,1.0,0.0,89.0,1,0.0,1.0,2,1,2,2,0,0,0,4,0,2,0,0,2,4,0,0,0,1,0,0,0,3,12,35
201700025893,17,9,24,1,2,5,1.0,3.0,2.0,2.0,0.0,0.0,2.0,17.0,1,-1,4.0,1.0,0.0,1.0,0.0,40.0,1,0.0,1.0,2,2,2,4,0,0,2,4,0,6,0,0,0,6,0,0,0,0,0,1,0,2,17,30
200900069644,9,12,25,1,1,1,2.0,2.0,0.0,7.0,0.0,0.0,2.0,0.0,1,1,1.0,1.0,1.0,2.0,25.0,60.0,1,0.0,1.0,2,2,2,2,0,0,0,4,0,4,0,0,0,0,0,2,2,1,1,0,0,2,11,50
200500057987,5,9,17,2,2,2,1.0,3.0,0.0,4.0,0.0,0.0,2.0,1.0,1,2,4.0,2.0,2.0,0.0,0.0,0.0,1,0.0,1.0,2,3,4,0,0,0,0,4,0,0,0,2,2,2,0,2,0,1,0,0,0,3,6,8
201400030290,14,4,21,2,2,1,1.0,2.0,1.0,99.0,0.0,0.0,2.0,17.0,1,1,4.0,2.0,2.0,1.0,0.0,142.0,1,0.0,0.0,2,1,2,2,0,0,2,2,0,2,2,0,0,0,0,0,4,1,1,0,0,2,19,40
200600005899,6,1,28,1,1,1,4.0,1.0,0.0,7.0,0.0,0.0,2.0,1.0,1,1,1.0,2.0,2.0,2.0,0.0,80.0,0,3.0,1.0,2,1,4,2,0,0,2,4,0,2,4,0,0,4,0,0,2,1,1,0,0,3,15,15
200700019315,7,4,1,1,2,1,1.0,6.0,0.0,7.0,0.0,1.0,0.0,1.0,1,1,3.0,2.0,2.0,1.0,0.0,0.0,-1,0.0,4.0,1,3,1,0,0,0,0,1,0,0,1,0,0,0,0,0,1,1,0,0,0,3,15,30
200700024515,7,4,19,1,2,1,1.0,6.0,0.0,7.0,0.0,0.0,1.0,2.0,1,1,6.0,1.0,1.0,2.0,0.0,30.0,1,0.0,1.0,1,1,1,1,0,1,0,1,0,2,0,0,0,1,0,0,1,1,0,0,0,2,13,30
201500014154,15,3,9,1,2,1,1.0,6.0,0.0,7.0,0.0,0.0,1.0,1.0,1,1,4.0,2.0,6.0,2.0,0.0,155.0,1,0.0,1.0,1,1,1,2,0,1,1,1,1,0,2,0,0,2,0,1,0,1,0,0,0,3,10,40
201300002836,13,2,17,1,1,6,1.0,6.0,1.0,7.0,0.0,0.0,2.0,0.0,1,2,2.0,0.0,0.0,1.0,0.0,0.0,1,5.0,1.0,2,3,2,0,0,0,0,2,0,0,2,0,0,2,0,0,0,0,1,0,0,3,14,15
201200053125,12,4,27,1,1,1,1.0,4.0,0.0,7.0,0.0,0.0,2.0,2.0,1,1,1.0,3.0,3.0,1.0,20.0,105.0,1,0.0,1.0,4,1,8,16,0,0,8,16,12,0,8,0,4,8,0,12,4,1,1,0,0,2,16,30
201300046540,13,10,23,1,1,1,1.0,4.0,0.0,33.0,0.0,0.0,2.0,0.0,1,2,1.0,3.0,2.0,1.0,15.0,70.0,1,3.0,1.0,3,2,9,0,0,0,0,9,0,9,0,0,0,3,0,6,0,0,1,0,0,2,17,0
201600043418,16,9,21,1,2,1,1.0,3.0,0.0,2.0,0.0,0.0,0.0,23.0,1,2,3.0,2.0,3.0,0.0,0.0,140.0,1,2.0,1.0,2,2,4,0,0,0,0,4,0,0,0,2,2,2,0,2,0,1,0,0,0,2,13,10
200600020307,6,4,25,1,2,1,1.0,6.0,0.0,7.0,0.0,0.0,1.0,1.0,1,1,4.0,4.0,1.0,2.0,0.0,64.0,1,5.0,1.0,1,1,1,1,0,1,0,1,0,1,1,0,0,1,0,1,0,1,0,0,0,2,11,10
200500071111,5,11,21,2,2,3,1.0,1.0,0.0,7.0,0.0,0.0,9.0,15.0,1,1,3.0,2.0,0.0,2.0,0.0,60.0,1,0.0,1.0,2,1,4,0,0,0,0,4,4,0,0,0,0,2,0,2,0,1,0,0,0,3,7,15
201600025924,16,4,15,1,2,1,1.0,2.0,1.0,7.0,0.0,0.0,2.0,2.0,1,1,4.0,3.0,4.0,3.0,0.0,0.0,1,2.0,1.0,2,2,0,2,0,0,0,2,2,0,0,0,0,2,0,0,0,1,1,0,0,2,12,29
200800070436,8,12,24,1,2,1,1.0,5.0,0.0,7.0,0.0,0.0,2.0,17.0,1,1,4.0,2.0,2.0,1.0,0.0,60.0,1,0.0,1.0,3,1,9,0,0,0,0,9,0,0,3,3,3,3,3,3,0,1,0,0,0,3,11,55
200900002415,9,1,26,1,2,1,7.0,6.0,0.0,7.0,0.0,0.0,1.0,1.0,1,1,4.0,2.0,2.0,1.0,0.0,0.0,1,0.0,1.0,1,1,1,1,0,1,0,1,1,0,0,1,0,1,1,0,0,0,0,1,0,2,16,0
201100034974,11,10,27,2,2,1,1.0,7.0,0.0,7.0,0.0,0.0,1.0,0.0,1,1,3.0,0.0,0.0,1.0,0.0,0.0,1,0.0,1.0,1,1,1,1,0,1,0,1,0,1,0,0,1,2,0,0,0,1,0,0,0,3,21,5
201300037177,13,5,13,1,2,1,1.0,3.0,0.0,33.0,0.0,0.0,2.0,1.0,1,2,4.0,3.0,6.0,0.0,50.0,180.0,1,0.0,1.0,2,3,2,2,0,0,0,4,0,0,2,0,2,4,0,0,0,1,1,0,0,3,18,8
200600047359,6,8,3,1,2,1,1.0,3.0,0.0,7.0,0.0,0.0,0.0,22.0,1,-1,4.0,3.0,2.0,1.0,0.0,28.0,1,0.0,0.0,2,1,2,2,0,0,0,4,0,0,4,0,0,2,0,0,2,0,0,1,0,2,14,30
201300007258,13,9,22,1,1,1,1.0,7.0,0.0,33.0,0.0,2.0,0.0,1.0,1,2,3.0,2.0,2.0,0.0,0.0,69.0,1,0.0,3.0,1,3,1,0,0,0,0,1,0,0,1,0,0,0,0,1,0,1,0,0,0,3,14,0
201300000195,13,3,31,3,1,1,1.0,2.0,0.0,7.0,0.0,0.0,0.0,1.0,1,1,3.0,2.0,2.0,1.0,0.0,75.0,1,0.0,1.0,2,1,4,2,0,0,2,4,0,2,2,2,0,2,0,4,0,1,1,0,0,3,22,30
201200038341,12,3,20,1,2,3,1.0,3.0,0.0,7.0,0.0,0.0,2.0,15.0,1,1,3.0,2.0,2.0,1.0,0.0,70.0,1,0.0,1.0,2,1,2,2,0,0,0,4,0,4,0,0,0,4,0,0,0,1,0,0,0,2,8,30
200600033434,6,6,10,5,2,1,1.0,6.0,1.0,7.0,0.0,0.0,1.0,0.0,3,-1,4.0,2.0,2.0,1.0,0.0,70.0,1,0.0,1.0,1,3,1,0,0,1,0,0,0,0,1,0,0,1,0,0,0,1,0,0,0,3,22,30
200600033163,6,6,15,1,2,2,1.0,6.0,0.0,33.0,0.0,0.0,2.0,17.0,1,2,4.0,2.0,2.0,1.0,0.0,70.0,1,5.0,1.0,2,2,4,0,0,0,0,4,0,0,0,0,4,4,0,0,0,1,0,0,0,2,18,40
201500013332,15,12,9,1,2,6,1.0,4.0,0.0,7.0,0.0,0.0,2.0,1.0,1,1,3.0,1.0,2.0,1.0,0.0,70.0,1,3.0,1.0,3,2,6,0,0,0,0,6,0,6,0,0,0,3,0,3,0,1,1,0,0,2,12,20
200500008593,5,2,9,1,2,1,1.0,2.0,0.0,7.0,0.0,0.0,2.0,2.0,1,1,3.0,1.0,2.0,1.0,0.0,66.0,1,0.0,1.0,2,1,2,2,0,0,0,4,0,2,0,0,2,4,0,0,0,1,1,0,0,2,11,40
201400000312,14,3,30,1,1,1,1.0,6.0,0.0,33.0,0.0,8.0,0.0,1.0,1,2,3.0,2.0,2.0,0.0,0.0,60.0,1,0.0,3.0,1,4,1,0,0,0,0,1,0,0,1,0,0,1,0,0,0,0,0,1,0,4,12,30
201700038117,17,5,7,1,2,2,1.0,3.0,2.0,30.0,0.0,0.0,2.0,1.0,1,0,4.0,2.0,2.0,0.0,0.0,60.0,1,0.0,1.0,2,3,4,0,0,0,0,4,0,0,4,0,0,2,2,0,0,1,0,1,0,3,15,49
201300055085,13,8,20,5,2,2,1.0,6.0,0.0,7.0,0.0,0.0,2.0,1.0,1,1,4.0,1.0,1.0,1.0,0.0,60.0,1,0.0,1.0,2,2,4,0,0,0,2,2,0,0,4,0,0,0,0,4,0,1,0,0,0,2,1,5
200500037666,5,6,7,5,2,1,1.0,6.0,0.0,7.0,0.0,8.0,0.0,1.0,1,1,3.0,2.0,2.0,1.0,0.0,0.0,1,0.0,3.0,1,2,3,1,2,0,1,1,0,3,1,0,0,2,0,1,1,0,0,1,0,4,1,15
201300007965,13,11,24,2,1,1,1.0,6.0,0.0,7.0,0.0,13.0,0.0,0.0,1,-1,3.0,2.0,0.0,0.0,0.0,76.0,1,0.0,3.0,1,2,4,0,2,0,1,1,0,3,1,0,0,0,0,4,0,1,0,0,0,3,6,45
200900007105,9,2,27,3,1,1,1.0,7.0,0.0,7.0,0.0,13.0,0.0,1.0,2,1,3.0,2.0,0.0,0.0,60.0,0.0,1,0.0,1.0,1,3,2,1,1,0,1,1,0,2,1,0,0,0,1,2,0,0,0,1,0,3,19,45
201000023879,10,10,30,2,2,1,1.0,3.0,0.0,7.0,0.0,0.0,2.0,15.0,1,1,4.0,2.0,3.0,1.0,0.0,92.0,1,0.0,1.0,2,1,4,0,0,0,0,4,2,0,2,0,0,4,0,0,0,1,1,0,0,3,19,44
200600054020,6,9,30,5,2,6,2.0,6.0,0.0,33.0,0.0,7.0,0.0,1.0,1,2,9.0,2.0,4.0,1.0,0.0,0.0,1,0.0,1.0,1,2,2,0,1,0,0,1,0,2,0,0,0,0,0,2,0,1,0,0,0,2,6,50
201600008315,16,10,23,1,1,1,2.0,1.0,1.0,7.0,0.0,0.0,2.0,13.0,1,1,4.0,2.0,2.0,2.0,0.0,0.0,1,0.0,1.0,2,1,4,4,0,0,4,4,0,8,0,0,0,2,2,4,0,1,0,0,0,2,13,20
200500072311,5,11,6,1,1,3,1.0,1.0,0.0,7.0,0.0,0.0,2.0,16.0,1,1,9.0,2.0,2.0,1.0,0.0,91.0,1,5.0,1.0,2,2,2,2,0,0,0,4,2,0,0,2,0,4,0,0,0,1,0,0,0,2,15,0
200500033577,5,6,28,1,2,1,1.0,6.0,0.0,1.0,0.0,0.0,1.0,0.0,1,-1,4.0,2.0,0.0,1.0,0.0,0.0,1,0.0,1.0,1,1,1,1,0,1,0,1,2,0,0,0,0,0,1,1,0,0,0,0,0,2,15,0
201500016799,15,5,28,5,2,1,1.0,6.0,0.0,31.0,0.0,8.0,0.0,1.0,1,2,4.0,2.0,0.0,0.0,0.0,0.0,1,0.0,4.0,1,3,1,0,0,0,0,1,1,0,0,0,0,0,0,1,0,1,0,0,0,3,0,15
200500000061,5,1,14,1,1,1,7.0,3.0,0.0,7.0,0.0,0.0,2.0,13.0,1,1,3.0,2.0,2.0,1.0,0.0,74.0,1,0.0,1.0,2,2,4,0,0,0,0,4,0,0,0,2,2,4,0,0,0,1,0,1,0,2,12,15
201100001382,11,2,2,3,1,1,8.0,3.0,0.0,2.0,0.0,0.0,2.0,15.0,1,2,3.0,2.0,2.0,1.0,0.0,70.0,1,0.0,1.0,2,3,4,0,0,0,0,4,0,0,0,0,4,2,2,0,0,1,0,1,0,3,6,45
201100021114,11,11,9,5,2,1,1.0,6.0,0.0,31.0,0.0,0.0,1.0,1.0,1,-1,4.0,2.0,2.0,1.0,0.0,48.0,1,0.0,1.0,1,1,1,1,0,1,0,1,0,0,1,0,1,1,0,1,0,1,0,0,0,3,23,0
200600019767,6,4,10,1,2,2,1.0,3.0,0.0,7.0,0.0,0.0,2.0,1.0,1,1,9.0,2.0,2.0,1.0,0.0,0.0,1,5.0,1.0,2,1,0,4,0,0,0,4,0,4,0,0,0,2,0,0,2,1,0,0,0,2,15,20
201700030515,17,7,4,1,2,2,1.0,3.0,2.0,10.0,0.0,0.0,2.0,16.0,1,-1,4.0,2.0,2.0,1.0,0.0,0.0,1,0.0,1.0,2,2,2,0,0,0,0,2,0,0,2,0,0,0,0,2,0,1,1,0,0,2,19,40
200500016073,5,3,30,1,2,1,2.0,3.0,0.0,7.0,0.0,0.0,2.0,16.0,1,1,3.0,2.0,2.0,1.0,0.0,71.0,1,0.0,1.0,2,2,0,4,0,0,0,4,4,0,0,0,0,0,0,2,2,1,1,0,0,2,8,18
200800036257,8,7,12,1,2,1,1.0,6.0,0.0,7.0,0.0,0.0,1.0,23.0,1,1,3.0,2.0,2.0,2.0,0.0,60.0,1,0.0,1.0,1,1,2,0,0,1,0,1,2,0,0,0,0,1,1,0,0,1,0,0,0,3,18,0
201500015136,15,9,18,1,2,1,1.0,2.0,1.0,7.0,0.0,0.0,2.0,1.0,1,1,4.0,3.0,2.0,1.0,10.0,25.0,1,0.0,1.0,2,2,0,2,0,0,0,2,0,0,2,0,0,2,0,0,0,1,1,0,0,2,19,0
201100044304,11,10,11,5,2,1,8.0,1.0,0.0,7.0,0.0,0.0,2.0,13.0,1,1,3.0,2.0,2.0,1.0,0.0,0.0,1,2.0,1.0,2,3,4,2,0,0,2,4,0,0,6,0,0,4,0,0,2,1,0,0,0,3,20,25
200600076003,6,12,23,3,1,1,1.0,7.0,0.0,7.0,0.0,13.0,0.0,0.0,1,-1,4.0,2.0,2.0,1.0,0.0,40.0,1,0.0,0.0,1,3,2,0,0,0,1,1,0,1,1,0,0,0,0,2,0,1,0,0,0,3,21,10
200500014950,5,3,15,1,2,2,1.0,3.0,0.0,2.0,0.0,0.0,2.0,0.0,1,2,4.0,1.0,3.0,1.0,0.0,93.0,1,0.0,1.0,2,3,4,0,0,0,0,4,2,0,0,0,2,2,0,2,0,1,0,0,0,3,17,40
201400004911,14,3,21,3,1,1,1.0,6.0,0.0,33.0,0.0,9.0,0.0,1.0,1,2,3.0,2.0,2.0,1.0,68.0,0.0,1,0.0,1.0,1,3,1,0,0,0,0,1,0,0,1,0,0,1,0,0,0,1,0,0,0,3,20,0
200600069266,6,11,14,1,2,1,1.0,1.0,0.0,7.0,0.0,9.0,2.0,5.0,1,-1,4.0,2.0,2.0,1.0,0.0,60.0,1,0.0,1.0,2,2,2,2,0,0,0,4,0,2,0,0,2,0,0,2,2,1,0,1,0,2,15,25
200600009740,6,2,23,5,2,1,1.0,7.0,0.0,5.0,0.0,0.0,0.0,21.0,1,2,4.0,1.0,1.0,1.0,0.0,30.0,1,0.0,1.0,1,2,1,0,0,0,0,1,0,0,1,0,0,0,0,1,0,0,0,0,0,2,22,51
200700017502,7,3,28,1,2,1,1.0,6.0,0.0,7.0,0.0,0.0,2.0,15.0,1,1,4.0,2.0,2.0,1.0,0.0,120.0,1,0.0,1.0,2,1,4,2,0,0,2,4,0,2,2,2,0,2,0,4,0,1,0,0,0,2,14,30
201000013718,10,9,29,5,2,9,1.0,1.0,0.0,30.0,0.0,0.0,2.0,1.0,1,2,9.0,2.0,2.0,1.0,0.0,63.0,1,0.0,1.0,2,3,2,2,0,0,0,4,2,0,2,0,0,2,0,2,0,1,0,0,0,3,19,45
201100048887,11,5,27,1,2,2,1.0,3.0,0.0,14.0,0.0,0.0,2.0,1.0,1,9,2.0,2.0,2.0,1.0,0.0,0.0,1,0.0,1.0,2,1,4,0,0,0,0,4,0,0,2,2,0,4,0,0,0,1,1,0,0,3,20,45
200900030793,9,7,12,1,2,2,1.0,1.0,0.0,2.0,0.0,0.0,2.0,16.0,2,2,4.0,2.0,2.0,1.0,0.0,60.0,1,0.0,1.0,2,2,2,4,0,0,2,4,0,0,6,0,0,2,4,0,0,1,0,0,0,3,20,30
200700005524,7,1,19,1,2,1,1.0,6.0,0.0,7.0,0.0,1.0,1.0,1.0,1,1,4.0,2.0,2.0,1.0,0.0,0.0,1,0.0,1.0,1,1,0,2,0,1,0,1,1,0,0,1,0,0,0,2,0,1,0,0,0,2,7,45
200700021113,7,4,6,5,2,1,1.0,6.0,0.0,7.0,0.0,2.0,9.0,1.0,1,-1,3.0,2.0,2.0,2.0,0.0,90.0,1,0.0,3.0,1,2,2,0,0,0,1,1,0,1,1,0,0,0,0,2,0,1,0,0,0,3,22,40
200800042822,8,8,4,2,2,1,2.0,7.0,0.0,30.0,0.0,0.0,0.0,1.0,1,2,4.0,3.0,2.0,1.0,0.0,231.0,1,0.0,1.0,1,2,0,1,0,0,0,1,0,0,0,0,1,0,0,1,0,1,0,0,0,2,6,52
201200054667,12,4,17,5,2,1,1.0,6.0,2.0,7.0,0.0,0.0,2.0,1.0,1,-1,4.0,1.0,2.0,1.0,5.0,80.0,1,0.0,1.0,2,2,2,0,0,0,0,2,0,0,0,2,0,2,0,0,0,1,1,0,0,2,5,26
201200044371,12,12,17,5,2,2,2.0,6.0,0.0,7.0,0.0,0.0,1.0,1.0,1,1,4.0,2.0,1.0,1.0,80.0,50.0,1,0.0,1.0,1,1,1,1,0,1,0,1,0,2,0,0,0,1,1,0,0,1,0,0,0,2,19,55
201600020541,16,5,3,1,1,1,1.0,1.0,2.0,7.0,0.0,0.0,0.0,0.0,1,1,3.0,2.0,0.0,1.0,0.0,63.0,1,0.0,1.0,2,3,0,4,0,0,0,4,4,0,0,0,0,4,0,0,0,1,0,0,0,3,8,45
201700003844,17,4,28,3,1,2,1.0,1.0,1.0,2.0,0.0,0.0,2.0,9.0,1,2,3.0,2.0,2.0,1.0,7.0,15.0,1,0.0,-1.0,2,3,2,2,0,0,0,4,0,0,0,2,2,0,0,2,2,1,0,1,0,3,4,10
201000025546,10,12,10,5,2,3,1.0,3.0,0.0,7.0,0.0,0.0,2.0,15.0,1,1,4.0,2.0,2.0,2.0,0.0,0.0,1,0.0,0.0,2,1,2,2,0,0,0,4,0,0,4,0,0,2,0,2,0,1,0,0,0,3,22,27
201100026506,11,3,6,5,2,1,1.0,3.0,0.0,30.0,0.0,0.0,2.0,15.0,1,2,4.0,2.0,2.0,1.0,0.0,95.0,1,0.0,1.0,2,2,2,0,0,0,0,2,0,0,2,0,0,0,0,2,0,0,0,0,0,2,20,30
201300006644,13,6,14,1,1,1,1.0,6.0,0.0,33.0,0.0,2.0,6.0,21.0,1,2,3.0,2.0,2.0,1.0,0.0,51.0,1,0.0,1.0,1,3,1,0,0,0,0,1,0,1,0,0,0,0,0,1,0,0,0,1,0,3,13,45
201000058874,10,12,22,1,2,2,1.0,3.0,0.0,10.0,0.0,0.0,2.0,1.0,1,1,4.0,1.0,1.0,1.0,0.0,44.0,1,0.0,1.0,2,1,4,0,0,0,0,4,0,4,0,0,0,0,0,4,0,1,0,1,0,2,13,0
200600007754,6,2,14,5,2,1,1.0,3.0,0.0,5.0,0.0,0.0,2.0,13.0,1,2,4.0,2.0,2.0,1.0,0.0,58.0,1,0.0,1.0,2,2,4,0,0,0,0,4,0,0,2,0,2,0,0,2,2,1,0,1,0,2,18,15
201500013478,15,11,2,1,2,1,1.0,3.0,0.0,30.0,0.0,0.0,2.0,1.0,1,2,4.0,2.0,2.0,1.0,23.0,35.0,1,0.0,1.0,2,2,2,2,0,0,0,4,2,0,0,0,2,0,2,0,2,1,0,0,0,2,11,5
200600065278,6,10,4,3,1,1,1.0,7.0,0.0,7.0,0.0,0.0,0.0,2.0,1,1,2.0,1.0,2.0,1.0,15.0,20.0,1,0.0,1.0,1,2,1,0,0,0,0,1,0,0,0,0,1,1,0,0,0,0,1,0,0,2,3,45
201700024160,17,4,7,1,2,3,1.0,3.0,1.0,7.0,0.0,0.0,2.0,0.0,1,1,4.0,2.0,2.0,1.0,0.0,0.0,1,0.0,1.0,2,1,4,0,0,0,0,4,0,4,0,0,0,4,0,0,0,1,0,0,0,3,17,20
201700008011,17,8,16,1,2,1,1.0,6.0,1.0,7.0,0.0,0.0,1.0,0.0,1,1,4.0,2.0,2.0,1.0,0.0,-1.0,1,0.0,1.0,1,1,2,0,0,1,0,1,1,0,1,0,0,0,0,0,2,1,0,0,0,3,13,54
201200049080,12,1,7,1,1,1,1.0,7.0,0.0,7.0,0.0,16.0,0.0,1.0,1,1,3.0,1.0,2.0,2.0,0.0,70.0,1,0.0,1.0,1,3,0,1,0,0,0,1,0,0,1,0,0,0,0,1,0,1,0,0,0,3,12,55
201200022966,12,3,16,3,1,1,1.0,2.0,0.0,14.0,0.0,0.0,0.0,2.0,1,1,2.0,3.0,2.0,1.0,12.0,45.0,-1,0.0,1.0,2,1,4,0,0,0,0,4,0,0,2,2,0,4,0,0,0,1,1,0,0,3,21,15
200500041502,5,7,8,1,2,1,1.0,6.0,0.0,17.0,0.0,0.0,1.0,15.0,1,1,4.0,2.0,2.0,1.0,0.0,60.0,1,0.0,1.0,1,1,2,0,0,1,0,1,1,0,0,1,0,1,0,0,1,1,0,0,0,3,11,30
201100041557,11,12,8,5,2,1,1.0,1.0,0.0,7.0,0.0,0.0,2.0,5.0,1,0,4.0,2.0,2.0,1.0,0.0,0.0,1,0.0,1.0,2,3,4,0,0,0,0,4,0,2,2,0,0,2,0,0,2,1,0,0,0,3,17,20
201600002708,16,10,8,5,2,1,1.0,6.0,2.0,7.0,0.0,0.0,1.0,1.0,1,1,3.0,2.0,2.0,1.0,61.0,0.0,-1,0.0,1.0,1,1,1,1,0,1,0,1,0,0,0,0,2,1,0,1,0,1,0,0,0,3,19,45
201100006335,11,8,23,1,1,1,1.0,1.0,0.0,7.0,0.0,0.0,2.0,16.0,1,1,3.0,2.0,2.0,1.0,0.0,65.0,1,0.0,1.0,2,1,0,4,0,0,0,4,0,0,2,0,2,0,2,2,0,1,0,0,0,3,16,15
200800057605,8,10,25,1,2,2,1.0,3.0,0.0,7.0,0.0,0.0,2.0,1.0,1,1,4.0,2.0,2.0,1.0,0.0,54.0,1,0.0,1.0,2,1,6,0,0,0,2,4,0,2,4,0,0,0,4,2,0,1,0,1,0,2,15,15
200700052791,7,9,27,1,2,1,1.0,5.0,0.0,33.0,0.0,0.0,2.0,17.0,1,2,3.0,2.0,2.0,1.0,0.0,70.0,1,0.0,1.0,3,3,9,0,0,0,0,9,0,3,3,3,0,6,0,3,0,1,1,0,0,3,17,15
201200025612,12,11,18,5,2,3,1.0,6.0,0.0,7.0,0.0,0.0,1.0,1.0,1,-1,4.0,2.0,2.0,0.0,0.0,0.0,1,0.0,1.0,1,1,1,1,0,1,0,1,2,0,0,0,0,1,0,1,0,1,0,0,0,2,20,5
201600004550,16,7,12,3,1,1,1.0,2.0,1.0,15.0,0.0,0.0,2.0,2.0,1,-1,3.0,2.0,1.0,1.0,0.0,70.0,1,0.0,1.0,2,2,2,2,0,0,0,4,0,0,0,4,0,4,0,0,0,1,1,0,0,2,1,45
201400047770,14,11,17,3,1,1,2.0,3.0,0.0,7.0,0.0,0.0,0.0,17.0,1,1,1.0,3.0,4.0,1.0,20.0,140.0,1,0.0,1.0,2,1,2,4,0,0,2,4,0,0,4,2,0,4,0,0,2,1,0,1,0,2,17,30