Num_Acc,an,mois,jour,lum,agg,int,atm,col,senc,catv,occutc,obs,obsm,manv,catu,secu,catr,circ,nbv,prof,lartpc,larrout,surf,infra,situ,nb_veh,grav_simpl,Homme,Femme,Arrière,Autre_x,Avant,Conducteur,Autre_y,Inconnu,Loisirs,Professionnel,Travail,Adulte,Enfant,Jeune,Senior,choc_avant,choc_arriere,choc_lateral,choc_multiple,grav_order_max,heure,minute
200700075448,7,12,19,2,2,3,1.0,3.0,0.0,7.0,0.0,0.0,2.0,0.0,1,1,4.0,2.0,2.0,1.0,0.0,50.0,-1,0.0,1.0,2,1,0,4,0,0,0,4,0,0,0,0,4,2,2,0,0,1,0,0,0,3,7,45
201700005504,17,1,23,2,1,1,1.0,5.0,1.0,7.0,0.0,0.0,2.0,1.0,1,1,3.0,2.0,0.0,1.0,0.0,0.0,1,0.0,1.0,3,2,6,3,0,0,0,9,0,0,6,0,3,6,0,0,3,1,0,1,0,2,18,10
201700056588,17,5,15,1,2,7,1.0,3.0,1.0,33.0,0.0,0.0,2.0,18.0,1,2,4.0,2.0,2.0,1.0,0.0,0.0,1,0.0,1.0,2,2,4,0,0,0,0,4,0,2,0,0,2,4,0,0,0,1,0,0,0,2,12,50
201600029332,16,10,14,1,2,6,1.0,2.0,1.0,7.0,0.0,0.0,2.0,2.0,1,1,2.0,1.0,2.0,1.0,0.0,0.0,1,0.0,1.0,2,1,6,2,2,0,2,4,0,4,4,0,0,2,4,0,2,1,1,0,0,2,19,0
200700030983,7,5,4,5,2,1,3.0,5.0,0.0,7.0,0.0,0.0,2.0,2.0,1,1,4.0,1.0,2.0,1.0,80.0,100.0,1,0.0,1.0,4,1,12,4,0,0,0,16,0,16,0,0,0,0,0,16,0,0,1,1,0,3,19,55
201000004322,10,6,22,1,1,1,1.0,7.0,0.0,7.0,0.0,0.0,0.0,1.0,1,1,3.0,2.0,0.0,1.0,0.0,58.0,1,0.0,3.0,1,3,2,0,0,0,1,1,0,1,0,0,1,2,0,0,0,0,0,0,0,3,17,0
201400024572,14,9,23,1,2,3,1.0,6.0,0.0,7.0,0.0,0.0,1.0,1.0,1,-1,4.0,0.0,1.0,0.0,0.0,0.0,-1,0.0,0.0,1,1,2,0,0,1,0,1,0,1,1,0,0,0,1,0,1,1,0,0,0,2,16,50
200700068285,7,11,21,1,2,1,8.0,2.0,0.0,2.0,0.0,0.0,2.0,1.0,1,2,4.0,1.0,3.0,1.0,0.0,28.0,1,0.0,1.0,2,2,4,0,0,0,0,4,4,0,0,0,0,0,0,4,0,1,1,0,0,2,15,45
201100011813,11,6,10,3,1,1,1.0,1.0,0.0,10.0,0.0,0.0,2.0,1.0,1,1,3.0,2.0,2.0,0.0,0.0,0.0,1,0.0,1.0,2,3,4,0,0,0,0,4,0,0,2,2,0,2,0,2,0,1,0,0,0,3,4,45
200900036569,9,7,4,5,2,3,1.0,6.0,2.0,7.0,0.0,0.0,1.0,1.0,3,-1,4.0,2.0,2.0,1.0,0.0,60.0,1,0.0,1.0,1,2,0,1,0,1,0,0,0,0,1,0,0,0,0,1,0,0,0,0,0,2,4,30
201600008633,16,7,9,1,1,1,1.0,7.0,2.0,99.0,0.0,8.0,0.0,1.0,1,1,2.0,2.0,2.0,1.0,0.0,60.0,1,0.0,3.0,1,3,2,2,2,0,1,1,0,3,1,0,0,0,2,0,2,1,0,0,0,4,15,45
201700049308,17,6,21,1,1,1,1.0,3.0,2.0,33.0,0.0,0.0,2.0,1.0,1,2,2.0,3.0,8.0,1.0,15.0,280.0,1,0.0,1.0,2,2,4,0,0,0,0,4,0,0,0,0,4,4,0,0,0,0,0,1,0,2,8,10
200500022411,5,4,16,5,1,1,1.0,3.0,0.0,15.0,0.0,0.0,2.0,12.0,1,1,1.0,3.0,4.0,1.0,15.0,140.0,1,0.0,1.0,2,1,2,2,0,0,0,4,2,0,0,0,2,2,0,2,0,1,1,0,0,2,21,0
201300024385,13,9,27,1,2,1,1.0,1.0,0.0,7.0,0.0,0.0,2.0,15.0,1,1,3.0,2.0,0.0,2.0,0.0,66.0,1,0.0,1.0,2,1,4,0,0,0,0,4,0,2,0,0,2,2,2,0,0,1,1,0,0,2,9,0
201600038863,16,8,16,1,2,1,1.0,6.0,2.0,7.0,0.0,0.0,2.0,1.0,1,-1,3.0,2.0,6.0,1.0,0.0,60.0,1,0.0,1.0,1,1,1,1,0,1,0,1,0,0,2,0,0,1,0,0,1,1,0,0,0,3,13,0
200700004488,7,1,29,1,2,3,2.0,6.0,0.0,7.0,0.0,0.0,1.0,1.0,1,1,4.0,1.0,1.0,1.0,0.0,30.0,1,0.0,1.0,1,1,1,1,0,1,0,1,0,0,1,1,0,2,0,0,0,1,0,0,0,2,8,25
200900051491,9,12,16,1,2,2,8.0,7.0,0.0,30.0,0.0,0.0,2.0,1.0,1,2,4.0,2.0,2.0,1.0,0.0,61.0,1,0.0,1.0,2,2,2,2,0,0,0,4,2,0,2,0,0,0,0,2,2,1,0,1,0,2,12,30
200800065708,8,11,2,1,2,1,1.0,3.0,0.0,7.0,0.0,0.0,2.0,15.0,1,1,4.0,2.0,2.0,1.0,0.0,70.0,1,0.0,1.0,2,2,6,0,2,0,0,4,0,6,0,0,0,2,4,0,0,1,0,0,0,2,16,0
201500026762,15,6,2,1,2,2,1.0,6.0,0.0,10.0,0.0,0.0,1.0,15.0,1,-1,4.0,2.0,0.0,1.0,0.0,0.0,1,0.0,0.0,1,1,1,1,0,1,0,1,2,0,0,0,0,1,0,0,1,1,0,0,0,3,9,55
200800010662,8,2,16,3,1,1,1.0,4.0,0.0,7.0,0.0,0.0,2.0,2.0,1,1,1.0,3.0,2.0,1.0,20.0,70.0,1,0.0,1.0,3,2,9,3,0,0,3,9,0,3,9,0,0,6,0,3,3,1,1,0,0,2,7,5
200500039071,5,6,29,1,2,1,1.0,6.0,0.0,7.0,0.0,0.0,1.0,17.0,1,1,3.0,2.0,1.0,0.0,0.0,0.0,1,0.0,1.0,1,1,1,1,0,1,0,1,0,0,0,1,1,1,0,1,0,1,0,0,0,2,11,0
200800044279,8,8,18,1,2,3,1.0,3.0,0.0,33.0,0.0,0.0,2.0,1.0,1,2,4.0,2.0,3.0,2.0,0.0,90.0,1,5.0,1.0,2,2,4,0,0,0,0,4,0,0,4,0,0,2,0,2,0,1,0,1,0,2,19,40
201100060393,11,3,12,1,2,1,8.0,6.0,0.0,7.0,0.0,0.0,1.0,1.0,1,-1,4.0,2.0,1.0,1.0,0.0,66.0,1,0.0,1.0,1,1,1,1,0,1,0,1,2,0,0,0,0,1,0,0,1,0,0,1,0,2,17,10
201000041226,10,12,8,5,2,3,3.0,6.0,0.0,7.0,0.0,0.0,1.0,1.0,1,1,4.0,2.0,2.0,1.0,0.0,60.0,1,0.0,0.0,1,1,1,1,0,1,0,1,0,0,2,0,0,0,0,0,2,1,0,0,0,3,17,30
200600077493,6,12,4,2,2,2,2.0,3.0,0.0,2.0,0.0,0.0,2.0,1.0,1,2,3.0,2.0,2.0,1.0,0.0,76.0,1,0.0,1.0,2,2,2,2,0,0,0,4,4,0,0,0,0,2,0,2,0,1,1,0,0,2,7,50
200600021376,6,4,12,1,2,3,1.0,6.0,0.0,2.0,0.0,0.0,1.0,1.0,1,2,4.0,2.0,4.0,1.0,0.0,120.0,1,0.0,1.0,1,1,0,2,0,1,0,1,0,0,2,0,0,0,0,2,0,1,0,0,0,2,17,50
200900033475,9,1,1,5,2,4,2.0,7.0,0.0,2.0,0.0,0.0,0.0,16.0,1,2,4.0,1.0,1.0,1.0,0.0,0.0,1,0.0,1.0,1,2,1,0,0,0,0,1,0,0,0,1,0,0,0,1,0,0,0,0,0,2,19,50
201600014877,16,5,27,1,2,6,1.0,6.0,1.0,7.0,0.0,0.0,1.0,0.0,3,-1,4.0,0.0,2.0,1.0,0.0,0.0,-1,0.0,0.0,1,3,1,0,0,1,0,0,0,1,0,0,0,0,0,0,1,0,0,0,0,3,19,30
201400043569,14,7,24,1,2,1,1.0,3.0,0.0,37.0,1.0,0.0,2.0,13.0,1,1,2.0,2.0,4.0,1.0,0.0,0.0,1,0.0,1.0,2,1,4,0,0,0,0,4,0,0,0,2,2,4,0,0,0,0,0,1,0,2,19,0
200500061064,5,9,9,5,2,2,2.0,5.0,0.0,7.0,0.0,0.0,2.0,2.0,1,1,3.0,2.0,4.0,1.0,0.0,0.0,1,0.0,1.0,3,1,6,6,0,0,3,9,6,3,0,0,3,6,0,6,0,1,1,0,0,2,19,5
200900055040,9,9,9,1,2,1,1.0,3.0,0.0,7.0,0.0,0.0,2.0,1.0,1,1,4.0,2.0,3.0,1.0,10.0,120.0,1,0.0,1.0,2,2,0,4,0,0,0,4,2,0,2,0,0,0,0,2,2,1,0,0,0,2,16,35
201300012151,13,11,12,2,1,1,8.0,7.0,0.0,33.0,0.0,4.0,0.0,1.0,1,2,1.0,3.0,2.0,0.0,7.0,200.0,1,0.0,1.0,1,4,1,0,0,0,0,1,0,0,0,0,1,1,0,0,0,1,0,0,0,4,17,30
201200020202,12,7,28,1,1,1,1.0,3.0,0.0,10.0,0.0,0.0,2.0,13.0,1,-1,3.0,2.0,2.0,1.0,0.0,62.0,1,5.0,1.0,2,2,4,0,0,0,0,4,0,0,2,2,0,4,0,0,0,1,0,0,0,3,10,15
200700023742,7,4,3,1,2,1,1.0,6.0,0.0,7.0,0.0,0.0,1.0,15.0,1,1,4.0,1.0,1.0,1.0,0.0,0.0,1,0.0,1.0,1,1,1,1,0,1,0,1,0,0,1,0,1,0,0,1,1,1,0,0,0,2,12,15
201000061775,10,5,22,5,2,2,1.0,2.0,0.0,7.0,0.0,0.0,2.0,2.0,1,1,4.0,2.0,3.0,1.0,0.0,100.0,1,5.0,1.0,2,1,4,0,0,0,0,4,0,2,2,0,0,0,0,4,0,1,1,0,0,2,3,0
201700019119,17,9,3,1,1,1,1.0,1.0,1.0,33.0,0.0,0.0,2.0,13.0,1,2,3.0,2.0,2.0,2.0,0.0,68.0,1,0.0,1.0,2,4,2,2,0,0,0,4,0,0,4,0,0,0,0,2,2,1,0,0,0,4,16,0
201300034710,13,12,9,1,2,1,1.0,6.0,0.0,7.0,0.0,0.0,1.0,1.0,1,1,3.0,2.0,3.0,1.0,0.0,60.0,1,0.0,1.0,1,1,1,1,0,1,0,1,0,0,1,0,1,1,1,0,0,1,0,0,0,2,16,20
201500042714,15,8,30,1,2,1,1.0,6.0,0.0,7.0,0.0,1.0,0.0,1.0,1,1,4.0,1.0,0.0,2.0,0.0,0.0,1,0.0,1.0,1,2,1,0,0,0,0,1,0,1,0,0,0,1,0,0,0,1,0,0,0,2,14,30
201600020649,16,9,27,1,2,2,1.0,3.0,1.0,7.0,0.0,0.0,2.0,15.0,1,1,4.0,2.0,3.0,1.0,0.0,0.0,1,5.0,1.0,2,1,4,2,0,0,2,4,4,2,0,0,0,4,0,2,0,1,0,1,0,3,20,30
200500056264,5,1,4,1,2,1,1.0,6.0,0.0,7.0,0.0,0.0,1.0,0.0,1,-1,4.0,2.0,2.0,1.0,0.0,0.0,1,0.0,1.0,1,1,1,1,0,1,0,1,0,1,1,0,0,1,0,1,0,1,0,0,0,2,12,1
201000028947,10,3,25,1,2,3,1.0,6.0,0.0,10.0,0.0,0.0,1.0,4.0,1,-1,4.0,1.0,2.0,1.0,0.0,0.0,1,0.0,1.0,2,1,4,2,0,2,0,4,4,0,0,2,0,6,0,0,0,1,1,0,0,2,10,5
201600000947,16,7,16,1,1,1,1.0,6.0,2.0,7.0,0.0,8.0,0.0,1.0,1,1,3.0,2.0,0.0,1.0,0.0,48.0,1,0.0,1.0,1,3,2,0,0,0,1,1,0,1,1,0,0,0,0,2,0,1,0,0,0,3,21,0
200700031974,7,6,17,2,2,3,2.0,3.0,0.0,7.0,0.0,0.0,2.0,1.0,1,1,3.0,2.0,0.0,1.0,0.0,87.0,1,0.0,1.0,2,2,6,2,4,0,0,4,0,4,4,0,0,4,4,0,0,1,0,0,0,2,20,30
200800021284,8,4,4,1,2,1,1.0,6.0,0.0,37.0,20.0,0.0,1.0,0.0,1,-1,4.0,2.0,1.0,1.0,0.0,3.0,1,0.0,1.0,1,1,1,1,0,1,0,1,0,1,0,0,1,1,0,1,0,1,0,0,0,3,18,0
201300012623,13,5,9,3,1,1,1.0,7.0,0.0,7.0,0.0,2.0,0.0,1.0,1,1,3.0,2.0,2.0,1.0,0.0,53.0,1,0.0,3.0,1,3,1,0,0,0,0,1,0,0,0,1,0,1,0,0,0,1,0,0,0,3,2,30
201300008039,13,5,24,3,2,1,1.0,1.0,0.0,10.0,0.0,0.0,2.0,5.0,1,1,3.0,2.0,0.0,0.0,0.0,64.0,1,0.0,1.0,2,4,4,0,0,0,0,4,0,2,2,0,0,4,0,0,0,1,0,0,0,4,4,0
201000013278,10,3,20,5,2,9,1.0,6.0,0.0,7.0,0.0,1.0,0.0,1.0,1,0,3.0,2.0,1.0,2.0,0.0,63.0,1,0.0,1.0,1,4,1,0,0,0,0,1,0,0,1,0,0,0,0,0,1,1,0,0,0,4,20,45
201700057164,17,12,17,2,2,1,1.0,3.0,1.0,7.0,0.0,1.0,0.0,9.0,1,1,4.0,1.0,1.0,1.0,0.0,0.0,1,0.0,1.0,2,1,4,0,0,0,0,4,0,4,0,0,0,4,0,0,0,1,0,0,0,2,8,46
200600051829,6,9,2,5,2,1,1.0,1.0,0.0,1.0,0.0,0.0,2.0,13.0,1,-1,9.0,2.0,2.0,2.0,0.0,58.0,1,0.0,1.0,2,3,4,0,0,0,0,4,0,2,2,0,0,0,2,2,0,1,0,0,0,3,21,15
201100014148,11,4,14,1,1,1,1.0,3.0,0.0,7.0,0.0,0.0,2.0,21.0,1,1,3.0,2.0,0.0,1.0,0.0,0.0,-1,0.0,1.0,2,1,4,0,0,0,0,4,0,0,0,2,2,0,0,2,2,1,0,1,0,2,7,45
200900010486,9,4,25,5,1,1,1.0,1.0,0.0,7.0,0.0,0.0,2.0,21.0,2,1,3.0,2.0,2.0,2.0,0.0,76.0,0,0.0,1.0,2,3,4,2,2,0,0,4,0,0,6,0,0,2,0,4,0,1,0,0,0,3,20,55
200800042258,8,7,18,1,2,5,1.0,3.0,0.0,7.0,0.0,0.0,9.0,10.0,1,1,4.0,2.0,4.0,2.0,0.0,160.0,1,3.0,1.0,2,1,4,0,0,0,0,4,0,0,4,0,0,4,0,0,0,0,1,0,0,2,12,25
201600047374,16,2,20,3,1,1,2.0,6.0,2.0,7.0,0.0,3.0,0.0,13.0,1,1,2.0,1.0,3.0,1.0,15.0,105.0,1,3.0,1.0,1,3,1,0,0,0,0,1,1,0,0,0,0,1,0,0,0,1,0,0,0,3,4,32
201600005539,16,7,2,1,1,6,1.0,2.0,0.0,7.0,0.0,0.0,2.0,2.0,1,1,3.0,2.0,2.0,1.0,0.0,0.0,1,5.0,1.0,2,1,4,0,0,0,0,4,0,0,2,2,0,0,2,2,0,1,1,0,0,3,18,15
201400012549,14,12,11,3,1,1,1.0,7.0,0.0,14.0,0.0,3.0,0.0,1.0,1,1,1.0,3.0,2.0,1.0,20.0,72.0,1,0.0,1.0,1,3,1,0,0,0,0,1,0,0,0,1,0,1,0,0,0,1,0,0,0,3,6,30
200600059944,6,10,17,1,1,1,1.0,1.0,0.0,7.0,0.0,0.0,2.0,1.0,1,1,4.0,0.0,0.0,3.0,0.0,40.0,1,0.0,0.0,2,1,4,0,0,0,0,4,2,0,0,0,2,4,0,0,0,1,0,0,0,4,17,0
201200028039,12,5,27,5,2,3,1.0,3.0,0.0,7.0,0.0,0.0,2.0,1.0,1,1,4.0,2.0,2.0,1.0,0.0,0.0,1,0.0,1.0,2,1,6,2,0,0,4,4,0,0,8,0,0,4,0,4,0,1,0,0,0,2,0,40
200700001307,7,1,9,3,2,1,9.0,6.0,0.0,7.0,0.0,6.0,0.0,1.0,1,1,3.0,2.0,2.0,1.0,0.0,61.0,1,0.0,1.0,1,2,1,0,0,0,0,1,0,0,0,0,1,0,0,1,0,1,0,0,0,2,17,30
200600062095,6,10,7,1,1,1,1.0,1.0,0.0,33.0,0.0,0.0,2.0,13.0,1,2,4.0,2.0,2.0,1.0,0.0,60.0,1,0.0,1.0,2,2,2,2,0,0,0,4,0,0,4,0,0,2,0,2,0,1,0,0,0,2,14,25
201300048625,13,4,24,1,1,1,1.0,6.0,0.0,7.0,0.0,3.0,0.0,0.0,1,1,1.0,1.0,1.0,2.0,10.0,45.0,1,3.0,1.0,1,2,0,2,0,0,1,1,0,1,0,0,1,0,0,2,0,1,0,0,0,2,16,10
200700067581,7,11,15,1,2,1,1.0,2.0,0.0,10.0,0.0,0.0,2.0,2.0,1,1,2.0,2.0,2.0,1.0,0.0,120.0,1,0.0,1.0,2,2,4,2,0,0,2,4,0,2,2,2,0,2,2,2,0,1,1,0,0,2,14,30
200500072184,5,11,2,1,1,1,1.0,6.0,0.0,7.0,0.0,2.0,0.0,1.0,1,1,3.0,2.0,0.0,4.0,0.0,78.0,1,0.0,1.0,1,3,1,0,0,0,0,1,0,0,0,0,1,1,0,0,0,1,0,0,0,3,9,0
201100012265,11,5,30,1,1,1,1.0,3.0,0.0,7.0,0.0,0.0,2.0,17.0,1,1,3.0,2.0,2.0,1.0,0.0,0.0,1,0.0,1.0,2,1,4,0,0,0,0,4,0,0,0,0,4,0,0,4,0,0,0,1,0,3,17,30
201000011714,10,8,28,1,2,1,1.0,1.0,0.0,7.0,0.0,0.0,0.0,0.0,1,-1,3.0,0.0,0.0,0.0,0.0,0.0,1,0.0,1.0,2,2,4,0,0,0,0,4,0,2,2,0,0,0,0,2,2,1,0,0,0,3,13,15
201500016284,15,7,4,2,1,1,1.0,2.0,0.0,7.0,0.0,0.0,2.0,2.0,1,1,1.0,3.0,2.0,1.0,10.0,140.0,1,0.0,1.0,2,1,4,0,0,0,0,4,0,0,2,0,2,2,0,2,0,1,1,0,0,2,5,45
200600052135,6,9,23,3,1,1,1.0,6.0,0.0,7.0,0.0,2.0,0.0,13.0,1,1,4.0,2.0,2.0,2.0,0.0,46.0,1,0.0,1.0,1,3,3,0,1,0,1,1,0,2,1,0,0,0,0,1,2,1,0,0,0,3,3,45
201700041942,17,2,17,1,2,1,1.0,3.0,0.0,7.0,0.0,0.0,2.0,15.0,1,1,4.0,2.0,0.0,1.0,0.0,100.0,1,0.0,1.0,2,1,4,0,0,0,0,4,0,4,0,0,0,2,0,0,2,1,0,1,0,3,8,40
200600019280,6,4,29,1,2,1,1.0,4.0,0.0,7.0,0.0,0.0,0.0,2.0,1,1,4.0,3.0,2.0,1.0,0.0,40.0,1,0.0,1.0,3,1,15,3,6,0,3,9,0,9,3,0,6,9,6,3,0,1,1,0,0,3,15,50
201400003806,14,9,16,1,2,1,1.0,4.0,0.0,1.0,0.0,14.0,0.0,1.0,1,2,3.0,2.0,0.0,1.0,0.0,0.0,1,0.0,1.0,3,3,9,0,0,0,0,9,0,0,9,0,0,0,0,0,9,1,0,0,0,3,15,30
201200033827,12,7,4,1,2,1,1.0,1.0,0.0,7.0,0.0,0.0,2.0,15.0,1,1,4.0,2.0,1.0,1.0,0.0,60.0,1,0.0,1.0,2,1,2,2,0,0,0,4,0,0,0,4,0,2,0,2,0,1,0,0,0,3,11,15
200700052316,7,8,18,5,2,1,1.0,2.0,0.0,30.0,0.0,0.0,0.0,0.0,1,-1,4.0,3.0,2.0,0.0,20.0,76.0,1,0.0,0.0,2,2,4,0,0,0,0,4,4,0,0,0,0,2,0,2,0,0,1,0,0,2,0,5
201000021177,10,5,21,1,2,1,1.0,6.0,1.0,2.0,0.0,0.0,2.0,0.0,2,0,4.0,2.0,1.0,2.0,0.0,70.0,1,0.0,1.0,2,3,6,0,0,0,4,2,2,0,4,0,0,0,2,4,0,0,0,0,0,3,18,30
200700039925,7,7,27,1,1,2,1.0,3.0,0.0,7.0,0.0,0.0,2.0,1.0,1,1,2.0,2.0,2.0,1.0,0.0,70.0,1,5.0,1.0,2,1,6,2,0,0,4,4,0,4,4,0,0,4,0,0,4,1,0,1,0,3,10,0
201400036828,14,2,15,1,2,1,8.0,6.0,0.0,7.0,0.0,0.0,2.0,1.0,1,1,2.0,2.0,6.0,1.0,0.0,160.0,1,0.0,4.0,2,1,6,2,0,2,2,4,2,0,6,0,0,0,0,6,2,1,0,0,0,3,14,5
200700031601,7,5,10,1,1,1,1.0,3.0,0.0,7.0,0.0,13.0,2.0,21.0,1,1,1.0,3.0,6.0,1.0,10.0,210.0,1,0.0,1.0,2,1,6,0,0,0,2,4,0,2,2,0,2,4,0,2,0,1,0,1,0,2,19,44
200900023455,9,7,27,1,2,1,1.0,6.0,0.0,30.0,0.0,16.0,0.0,1.0,1,2,3.0,0.0,2.0,1.0,0.0,60.0,1,0.0,0.0,1,2,1,0,0,0,0,1,0,0,0,1,0,1,0,0,0,0,0,1,0,2,10,45
201600037018,16,6,4,1,1,9,1.0,3.0,1.0,7.0,0.0,12.0,2.0,2.0,1,1,3.0,1.0,3.0,1.0,50.0,50.0,1,3.0,1.0,2,3,6,2,0,0,4,4,0,2,6,0,0,2,0,6,0,1,0,0,0,3,19,45
201100054308,11,3,26,1,1,1,1.0,2.0,0.0,31.0,0.0,0.0,0.0,1.0,1,2,1.0,3.0,2.0,1.0,10.0,70.0,1,0.0,1.0,2,3,4,0,0,0,0,4,0,0,4,0,0,2,0,2,0,0,0,1,0,3,18,0
201100016136,11,8,12,1,2,4,1.0,6.0,0.0,31.0,0.0,1.0,2.0,1.0,1,2,4.0,2.0,3.0,1.0,0.0,0.0,1,0.0,1.0,2,2,2,2,0,0,0,4,0,2,0,0,2,2,0,0,2,1,0,0,0,2,11,45
200600078187,6,12,31,5,2,1,2.0,3.0,0.0,7.0,0.0,0.0,2.0,11.0,1,1,4.0,1.0,2.0,1.0,0.0,60.0,1,0.0,1.0,2,1,6,0,0,0,2,4,0,2,4,0,0,2,0,4,0,1,1,0,0,2,20,15
201200044036,12,1,21,5,2,2,2.0,3.0,0.0,7.0,0.0,0.0,2.0,1.0,1,1,4.0,2.0,0.0,1.0,0.0,0.0,1,0.0,1.0,2,1,10,4,6,0,4,4,0,8,6,0,0,8,4,2,0,1,0,0,0,3,19,20
200600074179,6,12,4,1,1,1,3.0,2.0,0.0,20.0,0.0,0.0,2.0,1.0,1,-1,3.0,2.0,2.0,1.0,0.0,60.0,1,0.0,3.0,2,3,4,0,0,0,0,4,0,0,0,4,0,4,0,0,0,1,1,0,0,3,9,0
200500037135,5,6,24,1,1,1,1.0,2.0,0.0,10.0,0.0,0.0,0.0,23.0,1,-1,2.0,3.0,4.0,1.0,50.0,210.0,1,0.0,2.0,2,2,4,0,0,0,0,4,0,0,0,4,0,4,0,0,0,1,1,0,0,2,10,10
200800062406,8,11,15,1,1,1,8.0,6.0,0.0,7.0,0.0,8.0,0.0,1.0,1,1,3.0,2.0,0.0,2.0,0.0,50.0,-1,0.0,1.0,1,3,1,1,0,0,1,1,0,1,0,0,1,1,0,0,1,1,0,0,0,3,8,30
200600071979,6,11,7,2,1,1,1.0,3.0,0.0,7.0,0.0,0.0,2.0,15.0,1,1,3.0,2.0,2.0,1.0,0.0,63.0,1,0.0,1.0,2,1,4,2,0,0,2,4,0,4,0,0,2,2,2,2,0,1,0,0,0,3,17,30
200600010659,6,2,15,5,2,1,2.0,6.0,0.0,7.0,0.0,1.0,0.0,1.0,1,-1,4.0,1.0,4.0,1.0,0.0,120.0,1,0.0,1.0,1,1,5,0,0,3,1,1,0,2,1,2,0,3,0,2,0,1,0,0,0,2,3,20
201300048552,13,6,26,1,2,1,1.0,3.0,0.0,33.0,0.0,0.0,2.0,1.0,1,2,4.0,0.0,2.0,1.0,0.0,0.0,1,0.0,1.0,2,1,2,2,0,0,0,4,0,4,0,0,0,0,0,2,2,0,1,0,0,2,9,40
200500060089,5,9,23,1,2,3,1.0,3.0,0.0,5.0,0.0,0.0,2.0,18.0,1,2,4.0,2.0,2.0,1.0,0.0,60.0,1,0.0,1.0,2,2,4,0,0,0,0,4,0,0,2,2,0,4,0,0,0,1,0,0,0,2,12,30
201500038142,15,1,16,2,2,5,1.0,6.0,0.0,34.0,0.0,0.0,2.0,9.0,1,2,4.0,1.0,2.0,1.0,0.0,61.0,1,0.0,0.0,2,2,2,2,0,0,0,4,0,2,0,0,2,4,0,0,0,0,0,1,0,2,17,50
201100005963,11,6,10,4,2,3,3.0,3.0,0.0,7.0,0.0,0.0,2.0,1.0,1,1,3.0,2.0,2.0,0.0,0.0,40.0,1,2.0,1.0,2,1,2,2,0,0,0,4,0,4,0,0,0,0,0,4,0,1,0,0,0,2,21,30
201500007698,15,5,15,2,1,1,1.0,6.0,0.0,7.0,0.0,13.0,9.0,13.0,1,1,3.0,2.0,2.0,1.0,0.0,73.0,1,0.0,0.0,1,4,0,1,0,0,0,1,0,0,0,0,1,1,0,0,0,1,0,0,0,4,5,0
200800026260,8,5,31,1,2,1,1.0,6.0,0.0,7.0,0.0,0.0,0.0,4.0,3,-1,4.0,0.0,0.0,0.0,80.0,80.0,1,0.0,0.0,1,2,1,1,0,1,0,1,0,2,0,0,0,0,0,2,0,0,1,0,0,2,17,50
201600036294,16,6,16,1,2,2,1.0,3.0,1.0,2.0,0.0,0.0,2.0,1.0,1,2,4.0,2.0,2.0,1.0,0.0,0.0,1,0.0,1.0,2,2,4,2,0,0,2,4,0,0,6,0,0,2,2,2,0,1,0,1,0,2,20,10
201600046077,16,8,22,3,1,1,1.0,2.0,1.0,7.0,0.0,4.0,2.0,2.0,1,1,1.0,3.0,6.0,1.0,0.0,-1.0,1,0.0,1.0,2,2,4,2,2,0,0,4,0,0,6,0,0,4,2,0,0,1,1,0,0,2,0,30
200900036752,9,9,13,5,1,1,1.0,7.0,0.0,32.0,0.0,14.0,0.0,1.0,1,2,3.0,2.0,2.0,2.0,14.0,26.0,1,0.0,1.0,1,2,1,0,0,0,0,1,0,0,1,0,0,1,0,0,0,1,0,0,0,2,5,35
201400017442,14,5,8,2,1,2,1.0,3.0,0.0,7.0,0.0,0.0,2.0,19.0,1,-1,3.0,2.0,2.0,1.0,0.0,40.0,1,5.0,1.0,2,1,2,6,2,0,2,4,0,4,4,0,0,0,2,6,0,1,0,0,0,3,20,0
200600079514,6,12,29,5,2,1,1.0,3.0,0.0,7.0,0.0,0.0,2.0,17.0,1,1,4.0,2.0,2.0,1.0,0.0,65.0,1,0.0,1.0,2,1,4,2,0,0,2,4,2,2,2,0,0,2,0,4,0,1,0,0,0,2,22,40
200600059778,6,10,15,1,1,1,1.0,1.0,0.0,33.0,0.0,0.0,2.0,13.0,1,2,3.0,2.0,2.0,1.0,0.0,65.0,1,0.0,1.0,2,3,4,4,0,0,4,4,0,4,4,0,0,8,0,0,0,1,0,0,0,3,16,15
200600071225,6,11,12,3,1,1,1.0,7.0,0.0,7.0,0.0,0.0,0.0,13.0,1,1,3.0,2.0,2.0,1.0,0.0,55.0,1,0.0,1.0,1,3,3,1,2,0,1,1,0,3,1,0,0,0,1,3,0,0,0,0,1,4,4,45
201600054477,16,3,13,1,2,2,1.0,6.0,2.0,7.0,0.0,0.0,2.0,9.0,1,-1,4.0,2.0,4.0,0.0,0.0,0.0,-1,0.0,1.0,2,2,2,0,0,0,0,2,0,0,0,0,2,0,0,2,0,1,0,1,0,2,14,21
201100004945,11,7,9,1,1,1,1.0,1.0,0.0,33.0,0.0,0.0,2.0,1.0,1,2,3.0,2.0,2.0,2.0,0.0,68.0,1,0.0,1.0,2,3,4,0,0,0,0,4,0,0,4,0,0,2,0,0,2,1,0,0,1,3,15,30
201300008359,13,4,10,1,1,1,1.0,2.0,0.0,31.0,0.0,0.0,2.0,1.0,1,2,3.0,1.0,1.0,1.0,38.0,0.0,1,0.0,1.0,2,3,2,2,0,0,0,4,0,0,2,2,0,4,0,0,0,1,1,0,0,3,11,15