Num_Acc,an,mois,jour,lum,agg,int,atm,col,senc,catv,occutc,obs,obsm,manv,catu,secu,catr,circ,nbv,prof,lartpc,larrout,surf,infra,situ,nb_veh,grav_simpl,Homme,Femme,Arrière,Autre_x,Avant,Conducteur,Autre_y,Inconnu,Loisirs,Professionnel,Travail,Adulte,Enfant,Jeune,Senior,choc_avant,choc_arriere,choc_lateral,choc_multiple,grav_order_max,heure,minute
200600026578,6,5,23,1,2,1,1.0,7.0,0.0,7.0,0.0,0.0,0.0,13.0,1,1,4.0,2.0,3.0,1.0,0.0,90.0,1,0.0,1.0,2,1,4,0,0,0,0,4,0,0,2,0,2,4,0,0,0,0,0,0,0,2,8,25
200500006507,5,1,22,1,2,1,1.0,1.0,0.0,7.0,0.0,0.0,2.0,1.0,1,1,4.0,2.0,2.0,1.0,0.0,131.0,1,0.0,1.0,2,1,4,0,0,0,0,4,0,0,4,0,0,2,0,2,0,1,0,0,0,2,11,40
200900024549,9,7,14,1,2,1,1.0,2.0,0.0,7.0,0.0,0.0,2.0,15.0,1,-1,3.0,4.0,3.0,1.0,0.0,104.0,1,0.0,1.0,2,1,4,0,0,0,0,4,0,4,0,0,0,0,0,2,2,1,1,0,0,3,14,25
200800036425,8,7,30,1,1,1,1.0,6.0,0.0,7.0,0.0,16.0,0.0,1.0,1,1,4.0,2.0,2.0,1.0,0.0,40.0,1,0.0,3.0,1,2,1,0,0,0,0,1,0,0,0,0,1,0,0,1,0,1,0,0,0,2,7,45
201300046984,13,6,13,1,1,1,1.0,6.0,0.0,7.0,0.0,0.0,2.0,1.0,1,1,1.0,1.0,2.0,1.0,15.0,30.0,1,1.0,1.0,3,1,9,0,0,0,0,9,0,0,0,3,6,6,0,0,3,1,1,0,0,2,8,35
201700012730,17,7,21,1,1,1,1.0,1.0,1.0,7.0,0.0,0.0,9.0,2.0,1,1,3.0,2.0,2.0,2.0,0.0,0.0,1,0.0,1.0,2,1,4,2,0,0,2,4,0,2,2,0,2,0,0,6,0,1,0,0,0,3,17,30
201200042673,12,6,2,5,2,1,1.0,6.0,0.0,7.0,0.0,9.0,0.0,1.0,1,1,3.0,2.0,2.0,2.0,0.0,60.0,-1,0.0,4.0,1,1,1,1,0,0,1,1,0,0,2,0,0,0,0,2,0,1,0,0,0,2,5,25
201200057151,12,5,21,1,2,3,3.0,6.0,0.0,30.0,0.0,0.0,1.0,1.0,1,2,4.0,2.0,1.0,1.0,40.0,100.0,1,0.0,1.0,1,1,1,1,0,1,0,1,2,0,0,0,0,1,0,0,1,1,0,0,0,2,11,30
201400011967,14,8,6,1,1,1,2.0,7.0,0.0,7.0,0.0,0.0,0.0,1.0,1,1,3.0,2.0,2.0,1.0,0.0,60.0,1,0.0,1.0,1,3,0,2,0,0,1,1,0,1,1,0,0,1,1,0,0,1,0,0,0,3,13,15
201700010399,17,9,17,5,2,1,1.0,6.0,2.0,7.0,0.0,4.0,0.0,1.0,1,1,4.0,1.0,2.0,2.0,0.0,50.0,1,0.0,1.0,1,3,1,0,0,0,0,1,0,0,1,0,0,0,0,0,1,1,0,0,0,3,5,30
200700005358,7,1,17,5,2,4,2.0,3.0,0.0,2.0,0.0,0.0,2.0,3.0,1,-1,4.0,2.0,0.0,1.0,0.0,60.0,1,0.0,1.0,2,3,2,2,0,0,0,4,0,0,4,0,0,2,2,0,0,1,0,0,0,3,18,10
200500079107,5,12,23,1,2,6,1.0,1.0,0.0,7.0,0.0,0.0,2.0,1.0,1,1,2.0,1.0,2.0,1.0,0.0,75.0,1,3.0,1.0,2,1,2,2,0,0,0,4,0,0,4,0,0,4,0,0,0,1,0,0,0,3,20,30
201300018878,13,12,20,1,2,1,8.0,3.0,0.0,7.0,0.0,0.0,2.0,19.0,1,1,3.0,2.0,0.0,1.0,0.0,53.0,1,0.0,1.0,2,1,2,2,0,0,0,4,2,0,2,0,0,2,0,0,2,1,0,1,0,2,9,30
200500070542,5,11,2,3,1,1,2.0,7.0,0.0,2.0,0.0,0.0,0.0,1.0,1,2,3.0,2.0,0.0,2.0,0.0,70.0,1,0.0,3.0,1,3,1,0,0,0,0,1,0,0,1,0,0,1,0,0,0,0,0,0,0,3,20,0
200500070463,5,11,26,3,1,1,2.0,6.0,0.0,7.0,0.0,0.0,2.0,21.0,1,1,3.0,2.0,2.0,3.0,0.0,62.0,1,0.0,1.0,1,3,2,0,0,0,1,1,0,1,0,0,1,2,0,0,0,1,0,0,0,3,17,30
200700034920,7,6,1,5,2,1,8.0,1.0,0.0,7.0,0.0,0.0,9.0,1.0,1,1,3.0,2.0,2.0,0.0,0.0,71.0,1,0.0,1.0,2,1,4,2,0,0,2,4,0,2,4,0,0,2,2,2,0,1,0,0,0,3,21,0
200900014648,9,6,24,1,2,2,1.0,3.0,0.0,15.0,0.0,0.0,2.0,15.0,1,1,2.0,1.0,1.0,3.0,0.0,40.0,1,0.0,1.0,2,1,2,2,0,0,0,4,2,0,0,0,2,2,0,0,2,1,0,1,0,2,8,15
200500052184,5,8,29,1,2,3,1.0,3.0,0.0,4.0,0.0,0.0,2.0,1.0,1,2,4.0,2.0,2.0,1.0,0.0,107.0,1,0.0,1.0,2,2,4,2,0,0,2,4,0,2,4,0,0,4,0,0,2,1,0,1,0,3,19,10
200900061978,9,6,21,5,2,1,1.0,3.0,0.0,7.0,0.0,0.0,2.0,13.0,1,1,4.0,1.0,1.0,2.0,0.0,60.0,1,0.0,1.0,2,1,6,0,0,0,2,4,0,0,4,2,0,2,0,4,0,0,1,1,0,3,23,30
200700076119,7,12,25,1,1,1,1.0,1.0,0.0,7.0,0.0,0.0,2.0,15.0,1,1,2.0,3.0,6.0,1.0,0.0,220.0,1,5.0,1.0,2,1,4,4,0,0,4,4,0,4,4,0,0,0,0,4,4,1,0,0,0,3,15,45
200600049359,6,8,27,1,2,1,1.0,7.0,0.0,4.0,0.0,0.0,0.0,1.0,1,2,4.0,2.0,2.0,1.0,0.0,60.0,1,0.0,1.0,1,2,1,0,0,0,0,1,0,0,1,0,0,1,0,0,0,0,0,0,0,2,11,45
200800041239,8,7,25,1,2,2,1.0,6.0,1.0,2.0,0.0,0.0,0.0,0.0,3,-1,4.0,2.0,1.0,1.0,25.0,25.0,1,0.0,1.0,1,2,1,2,0,3,0,0,1,2,0,0,0,1,2,0,0,0,0,0,0,2,16,20
201400024888,14,12,13,1,2,2,1.0,2.0,0.0,7.0,0.0,0.0,2.0,1.0,1,1,4.0,1.0,1.0,1.0,0.0,0.0,1,0.0,1.0,2,1,0,4,0,0,0,4,0,4,0,0,0,4,0,0,0,1,1,0,0,2,9,30
200900015153,9,6,10,1,2,3,2.0,3.0,0.0,7.0,0.0,0.0,2.0,15.0,1,1,4.0,2.0,2.0,1.0,0.0,60.0,1,0.0,1.0,2,1,2,4,0,0,2,4,0,6,0,0,0,2,2,0,2,1,0,0,0,2,16,35
201300019298,13,8,19,1,2,6,1.0,3.0,0.0,7.0,0.0,0.0,2.0,10.0,1,-1,4.0,2.0,1.0,2.0,17.0,78.0,1,0.0,1.0,2,1,2,2,0,0,0,4,0,0,4,0,0,0,0,2,2,1,0,0,0,2,15,25
200600044386,6,7,2,1,2,1,1.0,6.0,0.0,7.0,0.0,8.0,0.0,13.0,1,1,3.0,2.0,2.0,1.0,0.0,63.0,1,0.0,4.0,1,2,3,0,1,0,1,1,0,2,1,0,0,0,2,0,1,1,0,0,0,3,17,45
201200010850,12,6,21,1,2,1,1.0,1.0,0.0,36.0,0.0,0.0,2.0,6.0,1,2,3.0,2.0,3.0,2.0,0.0,0.0,1,0.0,1.0,2,2,4,0,0,0,0,4,2,0,2,0,0,0,0,4,0,1,0,0,0,2,21,0
200500054534,5,9,3,1,1,1,1.0,1.0,0.0,2.0,0.0,0.0,2.0,15.0,1,2,4.0,2.0,2.0,1.0,0.0,45.0,1,0.0,1.0,2,3,10,0,4,0,2,4,0,6,4,0,0,0,6,4,0,1,0,1,0,3,16,15
200600046575,6,8,23,1,1,1,1.0,7.0,0.0,33.0,0.0,0.0,0.0,1.0,1,2,3.0,2.0,2.0,2.0,0.0,50.0,1,0.0,1.0,1,3,1,0,0,0,0,1,0,0,1,0,0,1,0,0,0,0,0,1,0,3,18,15
200600013803,6,3,26,5,2,1,1.0,6.0,0.0,7.0,0.0,1.0,0.0,1.0,1,1,4.0,1.0,1.0,1.0,0.0,30.0,1,0.0,1.0,1,2,0,1,0,0,0,1,0,0,1,0,0,0,0,0,1,1,0,0,0,2,22,0
201000013358,10,11,24,1,2,1,1.0,6.0,0.0,7.0,0.0,0.0,1.0,15.0,1,1,3.0,2.0,2.0,0.0,60.0,0.0,1,0.0,1.0,1,1,1,1,0,1,0,1,0,0,2,0,0,0,0,0,2,1,0,0,0,3,10,45
201100063731,11,8,10,5,2,1,1.0,2.0,0.0,7.0,0.0,0.0,2.0,2.0,1,1,4.0,1.0,1.0,2.0,0.0,40.0,1,0.0,1.0,2,1,2,2,0,0,0,4,2,0,2,0,0,2,0,2,0,1,1,0,0,2,23,36
200900022243,9,5,20,1,2,1,1.0,6.0,0.0,33.0,0.0,11.0,0.0,1.0,1,-1,3.0,3.0,2.0,2.0,0.0,0.0,1,0.0,1.0,1,4,1,0,0,0,0,1,0,1,0,0,0,1,0,0,0,1,0,0,0,4,19,5
200600024773,6,5,15,1,1,1,1.0,7.0,0.0,7.0,0.0,13.0,0.0,1.0,1,-1,2.0,2.0,2.0,4.0,80.0,60.0,1,0.0,1.0,1,4,1,1,0,0,1,1,0,1,1,0,0,0,0,0,2,1,0,0,0,4,15,30
201600041157,16,12,15,1,2,1,1.0,3.0,0.0,7.0,0.0,0.0,2.0,0.0,1,-1,3.0,2.0,4.0,1.0,0.0,0.0,1,0.0,1.0,2,1,4,0,0,0,0,4,0,2,2,0,0,2,2,0,0,0,0,0,0,3,13,37
200900004326,9,2,17,1,1,1,1.0,5.0,0.0,7.0,0.0,0.0,2.0,1.0,2,1,2.0,2.0,0.0,1.0,0.0,72.0,1,0.0,1.0,7,1,42,35,0,0,28,49,7,35,14,14,7,35,0,7,35,1,1,1,0,2,15,15
200500066548,5,10,20,1,1,1,1.0,4.0,0.0,7.0,0.0,0.0,2.0,1.0,1,1,4.0,2.0,2.0,1.0,0.0,69.0,0,0.0,1.0,3,3,0,9,0,0,0,9,0,0,0,0,9,6,0,3,0,1,1,0,0,3,8,55
201600049113,16,4,5,1,2,1,2.0,6.0,1.0,7.0,0.0,0.0,1.0,15.0,1,1,4.0,1.0,2.0,1.0,0.0,0.0,1,0.0,1.0,1,1,2,0,0,1,0,1,0,1,1,0,0,1,0,0,1,1,0,0,0,2,13,20
200500074175,5,11,19,1,2,1,1.0,2.0,0.0,2.0,0.0,0.0,2.0,1.0,1,2,9.0,2.0,2.0,1.0,0.0,0.0,1,0.0,1.0,2,2,2,2,0,0,0,4,4,0,0,0,0,2,2,0,0,1,1,0,0,2,13,0
200900056353,9,10,25,2,2,2,1.0,4.0,0.0,7.0,0.0,0.0,2.0,1.0,1,1,3.0,2.0,2.0,1.0,0.0,0.0,1,0.0,1.0,3,1,6,6,0,0,3,9,0,3,9,0,0,12,0,0,0,1,1,0,0,2,17,45
200700023974,7,4,2,1,2,1,1.0,6.0,0.0,33.0,0.0,0.0,1.0,1.0,1,2,3.0,2.0,2.0,1.0,0.0,0.0,1,0.0,1.0,1,1,2,0,0,1,0,1,1,1,0,0,0,0,0,1,1,1,0,0,0,3,12,30
201300047347,13,1,2,3,1,1,8.0,7.0,0.0,15.0,0.0,0.0,0.0,1.0,1,1,2.0,3.0,6.0,1.0,100.0,210.0,1,0.0,1.0,1,2,1,0,0,0,0,1,0,1,0,0,0,1,0,0,0,0,0,0,1,2,3,30
201300033350,13,1,9,2,2,1,1.0,6.0,0.0,7.0,0.0,0.0,1.0,1.0,1,1,4.0,2.0,2.0,1.0,0.0,70.0,1,6.0,1.0,1,1,0,2,0,1,0,1,2,0,0,0,0,0,0,2,0,1,0,0,0,2,7,40
201600006246,16,8,24,1,2,3,1.0,2.0,0.0,7.0,0.0,0.0,0.0,0.0,1,2,4.0,2.0,2.0,1.0,0.0,100.0,1,0.0,1.0,2,2,2,0,0,0,0,2,0,0,2,0,0,0,0,0,2,0,1,0,0,2,11,55
201700035716,17,4,5,2,1,1,1.0,6.0,2.0,7.0,0.0,2.0,0.0,13.0,1,1,3.0,3.0,1.0,1.0,90.0,50.0,1,0.0,3.0,1,4,0,1,0,0,0,1,0,0,0,0,1,1,0,0,0,1,0,0,0,4,7,0
201400042157,14,6,11,1,2,8,1.0,6.0,1.0,7.0,0.0,0.0,1.0,1.0,3,-1,4.0,2.0,2.0,1.0,0.0,0.0,1,0.0,1.0,1,3,0,1,0,1,0,0,0,0,1,0,0,0,0,0,1,1,0,0,0,3,13,30
200600072142,6,11,25,1,1,1,2.0,7.0,0.0,7.0,0.0,0.0,0.0,0.0,1,1,3.0,2.0,2.0,0.0,0.0,59.0,1,0.0,3.0,1,3,2,2,2,0,1,1,0,3,1,0,0,0,0,0,4,0,0,0,0,4,16,30
200900000828,9,2,12,3,2,1,1.0,2.0,0.0,7.0,0.0,0.0,2.0,1.0,1,1,4.0,3.0,3.0,2.0,0.0,80.0,1,0.0,1.0,2,1,4,2,0,0,2,4,0,0,4,0,2,4,0,0,2,1,1,0,0,2,19,50
200700020052,7,4,22,1,1,1,1.0,3.0,0.0,7.0,0.0,0.0,2.0,13.0,1,1,3.0,2.0,2.0,1.0,0.0,78.0,1,0.0,1.0,2,1,2,2,0,0,0,4,0,2,2,0,0,4,0,0,0,0,0,1,0,2,16,30
201500049397,15,11,2,3,1,1,1.0,1.0,0.0,7.0,0.0,0.0,2.0,5.0,1,1,1.0,3.0,3.0,1.0,10.0,210.0,1,0.0,1.0,2,3,8,0,2,0,2,4,0,0,6,2,0,8,0,0,0,1,0,0,0,3,21,50
200500028994,5,5,9,1,2,1,1.0,6.0,0.0,7.0,0.0,0.0,2.0,1.0,1,1,4.0,2.0,2.0,1.0,0.0,85.0,1,0.0,1.0,2,1,2,2,0,0,0,4,0,0,4,0,0,4,0,0,0,0,1,0,0,2,21,0
201100019959,11,5,19,1,2,1,1.0,6.0,0.0,30.0,0.0,0.0,2.0,17.0,1,2,4.0,2.0,2.0,1.0,0.0,0.0,1,0.0,1.0,2,2,4,0,0,0,0,4,0,4,0,0,0,0,2,0,2,1,0,1,0,2,8,15
200600042111,6,7,16,5,1,1,1.0,3.0,0.0,7.0,0.0,0.0,2.0,19.0,1,1,1.0,1.0,1.0,1.0,0.0,0.0,1,7.0,1.0,2,1,10,8,8,2,4,4,0,14,4,0,0,6,10,2,0,1,0,1,0,2,23,40
200900061496,9,12,31,5,2,1,1.0,3.0,0.0,33.0,0.0,0.0,2.0,1.0,1,2,3.0,2.0,2.0,1.0,0.0,60.0,1,0.0,1.0,2,3,2,2,0,0,0,4,0,0,4,0,0,2,0,2,0,1,0,0,0,3,18,0
201100025576,11,2,9,5,1,9,2.0,6.0,0.0,7.0,0.0,16.0,0.0,1.0,1,-1,3.0,2.0,2.0,2.0,0.0,60.0,1,0.0,3.0,1,2,1,0,0,0,0,1,0,0,1,0,0,1,0,0,0,1,0,0,0,2,23,0
201200053588,12,11,10,5,2,4,1.0,3.0,0.0,32.0,0.0,0.0,2.0,17.0,1,2,4.0,2.0,2.0,2.0,0.0,56.0,1,0.0,1.0,2,1,2,4,0,0,0,6,2,2,2,0,0,6,0,0,0,1,1,0,0,2,20,0
201300000232,13,12,17,2,2,1,8.0,3.0,0.0,30.0,0.0,0.0,2.0,1.0,1,2,3.0,2.0,1.0,1.0,0.0,0.0,1,0.0,1.0,2,3,2,2,0,0,0,4,4,0,0,0,0,2,2,0,0,1,1,0,0,3,10,15
201200029359,12,1,6,1,2,9,1.0,3.0,0.0,7.0,0.0,0.0,2.0,15.0,1,1,4.0,2.0,2.0,1.0,0.0,82.0,1,0.0,1.0,2,1,2,2,0,0,0,4,2,0,2,0,0,2,0,2,0,1,0,0,0,2,15,15
201600035853,16,10,7,1,1,1,1.0,3.0,2.0,7.0,0.0,0.0,2.0,15.0,1,1,3.0,2.0,2.0,1.0,0.0,70.0,1,0.0,1.0,2,1,4,0,0,0,0,4,0,4,0,0,0,0,0,4,0,1,0,0,0,2,17,45
201400035127,14,4,4,1,1,1,1.0,2.0,0.0,7.0,0.0,12.0,2.0,1.0,1,1,3.0,3.0,4.0,1.0,0.0,0.0,1,0.0,1.0,2,2,0,4,0,0,0,4,2,2,0,0,0,2,0,2,0,1,1,0,0,2,20,0
201000052970,10,6,18,1,2,2,1.0,3.0,0.0,7.0,0.0,0.0,2.0,15.0,1,1,2.0,3.0,3.0,1.0,0.0,80.0,1,0.0,1.0,2,2,2,2,0,0,0,4,0,0,2,2,0,2,0,2,0,1,0,1,0,2,14,20
200800022921,8,3,29,1,2,2,1.0,3.0,0.0,7.0,0.0,0.0,2.0,15.0,1,1,3.0,3.0,5.0,1.0,0.0,0.0,1,0.0,1.0,2,1,0,4,0,0,0,4,0,0,2,2,0,2,0,2,0,1,0,0,0,2,15,50
201400055699,14,9,11,5,2,2,1.0,3.0,0.0,7.0,0.0,0.0,2.0,10.0,1,1,4.0,2.0,6.0,1.0,0.0,0.0,1,0.0,1.0,2,1,4,0,0,0,0,4,0,0,0,0,4,4,0,0,0,1,1,0,0,2,19,50
201300004207,13,7,6,2,1,2,1.0,1.0,0.0,7.0,0.0,0.0,2.0,19.0,1,1,3.0,2.0,2.0,1.0,0.0,53.0,1,5.0,0.0,2,3,2,4,0,0,2,4,4,2,0,0,0,0,0,4,2,1,0,0,0,3,21,15
201000023483,10,4,1,1,2,3,8.0,3.0,0.0,17.0,0.0,0.0,2.0,15.0,1,1,4.0,2.0,2.0,1.0,0.0,0.0,1,0.0,1.0,2,1,4,0,0,0,0,4,0,0,0,2,2,2,2,0,0,1,0,1,0,2,8,13
200500083302,5,12,19,1,1,1,1.0,6.0,0.0,2.0,0.0,14.0,0.0,1.0,1,2,3.0,2.0,2.0,0.0,0.0,72.0,1,0.0,1.0,1,2,1,0,0,0,0,1,0,0,0,0,1,0,1,0,0,0,0,0,0,2,13,21
200900064639,9,10,26,1,2,1,8.0,4.0,0.0,7.0,0.0,0.0,2.0,1.0,1,1,4.0,3.0,2.0,1.0,0.0,80.0,1,0.0,1.0,3,2,3,6,0,0,0,9,0,0,9,0,0,6,0,0,3,1,1,0,0,2,11,50
200500026309,5,5,5,1,1,1,2.0,5.0,0.0,7.0,0.0,0.0,2.0,13.0,1,1,3.0,2.0,2.0,1.0,0.0,62.0,1,0.0,1.0,3,1,15,12,12,0,6,9,0,18,9,0,0,9,12,6,0,1,0,0,0,3,16,45
201300034977,13,12,21,1,2,9,1.0,1.0,0.0,7.0,0.0,0.0,2.0,1.0,1,-1,3.0,2.0,2.0,1.0,0.0,71.0,1,0.0,1.0,2,2,4,4,2,0,2,4,0,2,6,0,0,2,2,4,0,1,0,0,0,4,10,40
200700023196,7,4,22,2,2,1,1.0,2.0,0.0,2.0,0.0,0.0,2.0,1.0,1,2,4.0,2.0,2.0,1.0,0.0,60.0,1,0.0,1.0,2,2,4,0,0,0,0,4,0,0,4,0,0,2,0,2,0,1,1,0,0,2,21,40
200500050218,5,8,17,1,2,1,1.0,6.0,0.0,9.0,0.0,0.0,9.0,1.0,1,1,3.0,2.0,2.0,2.0,0.0,50.0,1,0.0,1.0,2,1,4,0,0,0,0,4,0,0,4,0,0,0,0,0,4,0,1,0,0,3,12,0
200700012364,7,3,21,3,1,1,8.0,6.0,0.0,7.0,0.0,8.0,0.0,1.0,1,1,3.0,2.0,2.0,1.0,0.0,64.0,1,0.0,3.0,1,1,1,1,0,0,1,1,0,1,1,0,0,0,1,1,0,1,0,0,0,3,20,15
200900006427,9,1,8,1,2,1,1.0,2.0,0.0,30.0,0.0,0.0,2.0,1.0,1,2,4.0,2.0,2.0,1.0,0.0,60.0,1,0.0,1.0,2,2,6,2,0,0,6,2,0,0,8,0,0,2,2,4,0,1,1,0,0,2,14,30
201100048487,11,7,1,1,2,1,1.0,6.0,0.0,7.0,0.0,0.0,1.0,1.0,1,1,4.0,2.0,2.0,1.0,50.0,25.0,1,0.0,1.0,1,1,2,0,0,1,0,1,1,0,0,0,1,1,1,0,0,1,0,0,0,2,19,0
201600015156,16,7,18,5,2,1,1.0,6.0,1.0,7.0,0.0,0.0,1.0,1.0,1,1,4.0,2.0,1.0,1.0,0.0,80.0,1,0.0,1.0,1,1,1,1,0,1,0,1,0,0,1,0,1,2,0,0,0,1,0,0,0,2,1,20
201500050645,15,5,18,5,2,7,2.0,3.0,0.0,33.0,0.0,0.0,2.0,1.0,1,2,4.0,2.0,3.0,1.0,0.0,0.0,1,0.0,1.0,2,2,4,0,0,0,0,4,0,0,0,2,2,2,0,0,2,1,0,0,0,2,21,25
201400049154,14,4,11,1,2,1,1.0,2.0,0.0,7.0,0.0,0.0,2.0,1.0,1,1,4.0,2.0,2.0,1.0,0.0,60.0,1,0.0,0.0,2,1,4,2,0,0,2,4,6,0,0,0,0,6,0,0,0,1,1,0,0,2,19,37
201400044963,14,12,5,1,2,1,1.0,4.0,0.0,7.0,0.0,0.0,2.0,23.0,1,-1,3.0,3.0,5.0,2.0,0.0,0.0,1,2.0,1.0,3,2,9,0,0,0,0,9,0,6,0,0,3,3,0,6,0,1,1,0,0,2,8,55
200900041388,9,4,15,3,1,1,1.0,7.0,0.0,33.0,0.0,0.0,0.0,0.0,1,2,1.0,1.0,3.0,4.0,15.0,105.0,1,0.0,1.0,1,2,1,0,0,0,0,1,0,0,1,0,0,1,0,0,0,0,0,0,0,2,1,30
201000008174,10,8,27,1,2,1,1.0,3.0,0.0,7.0,0.0,0.0,2.0,1.0,1,1,3.0,2.0,0.0,2.0,0.0,0.0,1,0.0,1.0,2,1,4,2,0,0,2,4,0,2,2,0,2,2,4,0,0,1,0,1,0,3,17,15
200900039071,9,7,19,1,1,1,1.0,6.0,0.0,33.0,0.0,3.0,0.0,14.0,1,2,1.0,2.0,1.0,2.0,0.0,90.0,1,3.0,2.0,1,2,0,1,0,0,0,1,0,0,1,0,0,0,0,1,0,1,0,0,0,2,19,15
201400020741,14,6,23,1,1,9,8.0,6.0,0.0,7.0,0.0,3.0,0.0,13.0,1,1,1.0,0.0,0.0,0.0,0.0,0.0,-1,3.0,0.0,1,2,2,2,2,0,1,1,0,0,4,0,0,1,3,0,0,1,0,0,0,3,20,13
201100005974,11,8,29,1,1,1,7.0,5.0,0.0,7.0,0.0,0.0,2.0,5.0,1,1,3.0,2.0,0.0,1.0,0.0,70.0,1,2.0,1.0,3,4,6,12,3,0,6,9,0,9,6,0,3,12,0,0,6,1,0,0,0,4,18,0
201600038208,16,11,21,1,2,1,1.0,6.0,2.0,10.0,0.0,1.0,0.0,1.0,1,1,4.0,2.0,2.0,1.0,0.0,0.0,1,0.0,1.0,1,2,1,0,0,0,0,1,0,0,0,1,0,1,0,0,0,1,0,0,0,2,11,5
201400020941,14,8,9,3,1,6,3.0,6.0,0.0,7.0,0.0,14.0,0.0,6.0,1,1,3.0,2.0,2.0,1.0,300.0,100.0,1,5.0,1.0,1,2,2,1,1,0,1,1,0,0,3,0,0,1,1,0,1,1,0,0,0,2,0,10
201300027441,13,9,1,1,2,1,1.0,2.0,0.0,7.0,0.0,0.0,0.0,1.0,1,1,3.0,2.0,2.0,1.0,0.0,50.0,1,0.0,1.0,2,2,4,0,0,0,0,4,0,0,4,0,0,0,0,0,4,1,1,0,0,2,11,30
201200036211,12,9,4,1,2,3,8.0,6.0,0.0,7.0,0.0,0.0,1.0,4.0,1,-1,4.0,2.0,2.0,2.0,0.0,70.0,1,0.0,1.0,1,1,2,0,0,1,0,1,1,1,0,0,0,1,0,0,1,0,1,0,0,2,10,40
200700068856,7,11,15,1,2,2,1.0,6.0,0.0,7.0,0.0,0.0,1.0,15.0,3,-1,4.0,1.0,3.0,1.0,0.0,0.0,1,0.0,1.0,1,2,2,0,0,1,0,1,1,0,0,1,0,2,0,0,0,1,0,0,0,2,16,35
201100036314,11,12,21,1,2,3,9.0,3.0,0.0,7.0,0.0,0.0,2.0,15.0,1,1,2.0,2.0,2.0,1.0,0.0,0.0,1,0.0,1.0,2,1,2,2,0,0,0,4,0,4,0,0,0,4,0,0,0,1,0,0,0,3,14,45
200900036089,9,5,21,1,2,1,1.0,3.0,0.0,7.0,0.0,0.0,2.0,2.0,1,1,4.0,1.0,2.0,1.0,0.0,130.0,1,0.0,1.0,2,1,0,4,0,0,0,4,0,4,0,0,0,4,0,0,0,1,0,1,0,2,14,5
201000036281,10,9,17,1,2,1,1.0,3.0,0.0,7.0,0.0,0.0,2.0,9.0,1,1,3.0,2.0,3.0,1.0,0.0,100.0,1,0.0,1.0,2,1,2,2,0,0,0,4,0,0,4,0,0,4,0,0,0,1,0,0,0,3,15,55
200500072012,5,11,4,1,1,1,1.0,6.0,0.0,7.0,0.0,6.0,0.0,1.0,1,1,3.0,2.0,2.0,2.0,0.0,59.0,1,0.0,3.0,1,2,0,1,0,0,0,1,0,0,1,0,0,1,0,0,0,1,0,0,0,2,9,45
200600075177,6,12,19,5,2,1,1.0,7.0,0.0,33.0,0.0,1.0,0.0,0.0,1,2,4.0,2.0,2.0,1.0,0.0,90.0,1,0.0,1.0,1,3,1,1,0,0,1,1,0,1,1,0,0,1,1,0,0,0,0,0,0,4,21,30
201500055787,15,4,8,1,2,7,1.0,3.0,0.0,7.0,0.0,0.0,2.0,1.0,1,1,4.0,1.0,1.0,1.0,0.0,0.0,1,0.0,1.0,2,2,2,2,0,0,0,4,0,0,0,2,2,2,0,0,2,1,1,0,0,2,13,45
200800072646,8,12,15,5,2,1,1.0,2.0,0.0,7.0,0.0,0.0,2.0,2.0,1,1,4.0,2.0,3.0,1.0,15.0,79.0,1,0.0,1.0,2,3,0,4,0,0,0,4,4,0,0,0,0,0,0,0,4,1,1,0,0,3,17,10
200800045635,8,8,6,5,2,2,1.0,3.0,0.0,7.0,0.0,0.0,2.0,9.0,1,1,4.0,1.0,2.0,1.0,0.0,0.0,1,0.0,1.0,2,1,4,0,0,0,0,4,2,0,0,0,2,2,0,2,0,1,0,0,0,2,22,10
200700009278,7,2,10,1,2,1,8.0,7.0,0.0,7.0,0.0,2.0,0.0,1.0,1,1,4.0,2.0,2.0,1.0,0.0,0.0,1,0.0,1.0,1,3,1,0,0,0,0,1,0,0,1,0,0,0,0,1,0,1,0,0,0,3,17,0
201500044206,15,3,17,2,2,1,1.0,3.0,0.0,7.0,0.0,0.0,2.0,13.0,1,1,4.0,2.0,2.0,1.0,0.0,-1.0,1,0.0,1.0,2,1,6,0,0,0,2,4,0,0,6,0,0,0,0,4,2,1,0,0,0,3,19,20
200800020233,8,4,10,1,2,1,1.0,3.0,0.0,7.0,0.0,0.0,2.0,17.0,1,-1,4.0,2.0,0.0,1.0,0.0,139.0,1,0.0,1.0,2,1,2,2,0,0,0,4,2,0,0,0,2,4,0,0,0,1,0,0,0,3,17,35
200800044841,8,8,7,1,1,1,1.0,6.0,0.0,7.0,0.0,0.0,0.0,17.0,1,1,3.0,2.0,3.0,4.0,0.0,108.0,1,0.0,1.0,2,2,0,2,0,0,0,2,0,0,0,0,2,2,0,0,0,1,0,0,0,2,12,20
200500060605,5,9,27,1,2,1,1.0,3.0,0.0,7.0,0.0,0.0,2.0,10.0,1,1,4.0,2.0,2.0,1.0,0.0,120.0,1,0.0,1.0,2,1,4,0,0,0,0,4,0,0,4,0,0,2,0,2,0,1,0,1,0,3,13,0
201700030240,17,6,4,1,2,1,1.0,6.0,1.0,7.0,0.0,0.0,1.0,20.0,1,-1,4.0,0.0,2.0,2.0,0.0,0.0,-1,0.0,4.0,1,1,0,2,0,1,0,1,2,0,0,0,0,0,0,1,1,0,1,0,0,3,20,21