Num_Acc,an,mois,jour,lum,agg,int,atm,col,senc,catv,occutc,obs,obsm,manv,catu,secu,catr,circ,nbv,prof,lartpc,larrout,surf,infra,situ,nb_veh,grav_simpl,Homme,Femme,Arrière,Autre_x,Avant,Conducteur,Autre_y,Inconnu,Loisirs,Professionnel,Travail,Adulte,Enfant,Jeune,Senior,choc_avant,choc_arriere,choc_lateral,choc_multiple,grav_order_max,heure,minute
200900038550,9,11,14,1,2,2,1.0,3.0,0.0,7.0,0.0,8.0,2.0,1.0,2,1,3.0,2.0,2.0,1.0,0.0,159.0,1,5.0,4.0,2,1,6,8,6,0,4,4,0,10,4,0,0,8,0,6,0,1,0,1,0,3,12,45
201000045319,10,1,29,1,2,2,1.0,3.0,0.0,7.0,0.0,0.0,2.0,1.0,1,1,4.0,2.0,2.0,1.0,50.0,120.0,1,0.0,1.0,2,1,4,2,0,0,2,4,0,0,4,2,0,4,0,2,0,1,1,0,0,2,13,30
200700042210,7,7,7,1,2,1,1.0,2.0,0.0,7.0,0.0,0.0,2.0,2.0,1,1,4.0,2.0,2.0,1.0,0.0,0.0,1,0.0,1.0,2,1,0,6,0,0,2,4,0,6,0,0,0,2,0,0,4,1,1,0,0,3,18,15
200700073193,7,11,30,1,1,1,1.0,1.0,0.0,10.0,0.0,0.0,2.0,13.0,1,1,3.0,2.0,2.0,3.0,0.0,58.0,1,0.0,1.0,2,4,2,2,0,0,0,4,0,0,0,0,4,0,0,4,0,1,0,0,0,4,16,30
201100027529,11,5,10,1,2,2,1.0,3.0,0.0,7.0,0.0,0.0,2.0,1.0,1,1,4.0,2.0,2.0,1.0,0.0,50.0,1,0.0,1.0,2,1,2,2,0,0,0,4,0,2,2,0,0,2,0,0,2,1,0,0,1,3,11,40
200800003749,8,1,12,5,1,3,2.0,6.0,0.0,7.0,0.0,0.0,2.0,1.0,1,1,3.0,2.0,3.0,1.0,0.0,98.0,1,5.0,1.0,2,2,4,0,0,0,0,4,0,0,0,0,4,0,0,4,0,1,0,0,0,2,1,50
201400023195,14,4,15,1,2,3,1.0,3.0,0.0,33.0,0.0,0.0,2.0,0.0,1,2,3.0,2.0,0.0,1.0,0.0,0.0,1,0.0,1.0,2,1,4,2,0,0,2,4,0,6,0,0,0,6,0,0,0,0,0,0,0,2,8,45
201200053180,12,6,25,1,1,1,1.0,7.0,0.0,7.0,0.0,4.0,0.0,0.0,1,1,1.0,1.0,3.0,2.0,15.0,105.0,1,0.0,1.0,1,2,1,0,0,0,0,1,0,0,0,0,1,0,0,1,0,1,0,0,0,2,14,30
201700043966,17,8,21,1,2,2,1.0,3.0,0.0,7.0,0.0,0.0,2.0,1.0,1,-1,4.0,2.0,2.0,1.0,0.0,85.0,1,0.0,1.0,2,2,4,0,0,0,0,4,0,2,0,0,2,2,0,0,2,1,0,1,0,2,17,40
201300008493,13,9,13,3,1,6,1.0,6.0,0.0,33.0,0.0,12.0,0.0,0.0,1,2,3.0,2.0,0.0,0.0,40.0,100.0,1,0.0,1.0,1,3,1,0,0,0,0,1,0,0,1,0,0,0,0,1,0,0,0,0,1,3,20,45
200500021053,5,4,23,1,2,1,1.0,6.0,0.0,7.0,0.0,0.0,1.0,1.0,1,1,4.0,3.0,1.0,1.0,150.0,30.0,1,0.0,1.0,1,1,2,0,0,1,0,1,0,0,2,0,0,1,1,0,0,1,0,0,0,2,17,10
201400003410,14,1,17,1,1,1,7.0,7.0,0.0,7.0,0.0,13.0,0.0,1.0,1,1,3.0,2.0,2.0,0.0,0.0,55.0,1,0.0,3.0,1,3,0,1,0,0,0,1,0,0,0,0,1,1,0,0,0,0,0,1,0,3,9,0
200900010916,9,5,23,1,2,2,1.0,6.0,0.0,7.0,0.0,0.0,1.0,15.0,3,-1,2.0,2.0,2.0,0.0,0.0,0.0,-1,0.0,0.0,1,3,2,0,0,1,0,1,0,1,0,0,1,1,0,0,1,1,0,0,0,3,9,45
200900066458,9,7,4,1,2,3,1.0,7.0,0.0,31.0,0.0,0.0,0.0,1.0,1,2,4.0,2.0,1.0,1.0,0.0,0.0,1,0.0,1.0,1,3,1,0,0,0,0,1,0,0,1,0,0,1,0,0,0,0,0,1,0,3,9,10
201200035608,12,6,27,1,2,2,1.0,4.0,1.0,15.0,0.0,0.0,2.0,1.0,1,1,4.0,2.0,2.0,2.0,0.0,0.0,1,3.0,1.0,3,1,15,0,0,3,3,9,0,0,0,15,0,6,0,9,0,1,1,0,0,2,7,0
201100041403,11,12,29,1,2,1,8.0,6.0,1.0,7.0,0.0,0.0,0.0,0.0,3,-1,4.0,1.0,2.0,1.0,0.0,0.0,1,0.0,1.0,1,2,1,0,0,1,0,0,0,0,1,0,0,0,1,0,0,0,0,0,0,2,16,30
201500048241,15,12,20,1,2,1,1.0,1.0,0.0,7.0,0.0,0.0,2.0,13.0,1,1,4.0,2.0,0.0,1.0,0.0,38.0,1,0.0,1.0,2,3,4,2,0,0,2,4,0,6,0,0,0,6,0,0,0,1,0,0,0,3,9,40
200700070980,7,11,2,1,2,2,8.0,3.0,0.0,20.0,0.0,0.0,2.0,1.0,2,1,4.0,1.0,2.0,1.0,0.0,56.0,1,0.0,1.0,2,3,4,4,4,0,2,2,0,6,2,0,0,4,4,0,0,1,0,0,0,3,13,25
201400030288,14,4,10,1,2,1,1.0,2.0,0.0,7.0,0.0,0.0,2.0,2.0,1,1,4.0,2.0,0.0,1.0,0.0,70.0,1,0.0,1.0,2,1,2,4,0,0,2,4,4,0,0,2,0,6,0,0,0,1,1,0,0,2,11,10
200700013105,7,3,2,1,1,1,1.0,3.0,0.0,7.0,0.0,0.0,2.0,0.0,1,1,3.0,2.0,0.0,1.0,0.0,60.0,1,0.0,1.0,2,1,0,4,0,0,0,4,2,0,0,0,2,2,0,0,2,1,0,0,1,3,12,30
201300053064,13,4,2,5,2,1,1.0,6.0,0.0,7.0,0.0,4.0,0.0,14.0,1,-1,4.0,3.0,4.0,2.0,0.0,80.0,1,2.0,1.0,1,2,1,0,0,0,0,1,0,1,0,0,0,0,0,1,0,1,0,0,0,2,1,0
200900066590,9,9,11,1,2,2,1.0,3.0,0.0,7.0,0.0,0.0,2.0,1.0,1,1,4.0,2.0,3.0,1.0,0.0,107.0,1,0.0,1.0,2,1,4,0,0,0,0,4,4,0,0,0,0,0,2,2,0,1,0,0,0,2,8,0
201200047283,12,3,12,1,2,2,1.0,6.0,0.0,7.0,0.0,0.0,1.0,16.0,1,1,3.0,2.0,1.0,2.0,0.0,108.0,1,0.0,1.0,1,1,2,0,0,1,0,1,2,0,0,0,0,2,0,0,0,1,0,0,0,3,9,0
201700022759,17,5,20,1,2,6,1.0,3.0,0.0,2.0,0.0,0.0,2.0,1.0,1,2,4.0,2.0,2.0,1.0,7.0,10.0,1,0.0,-1.0,2,2,2,4,0,0,2,4,2,2,0,0,2,2,2,2,0,1,0,0,0,3,11,20
200900063902,9,4,25,1,2,2,1.0,3.0,0.0,33.0,0.0,0.0,2.0,18.0,1,2,3.0,2.0,2.0,1.0,50.0,50.0,-1,5.0,0.0,2,3,4,2,0,0,2,4,0,6,0,0,0,4,0,2,0,1,0,1,0,3,13,5
200500040861,5,7,14,1,2,1,1.0,7.0,0.0,7.0,0.0,0.0,0.0,1.0,1,-1,4.0,2.0,0.0,1.0,0.0,36.0,1,0.0,0.0,1,4,1,0,0,0,0,1,1,0,0,0,0,0,0,0,1,0,0,0,0,4,15,15
200900016148,9,8,20,1,2,1,1.0,2.0,0.0,10.0,0.0,0.0,2.0,2.0,1,1,4.0,1.0,1.0,1.0,0.0,0.0,1,0.0,1.0,2,1,2,2,0,0,0,4,0,0,0,0,4,4,0,0,0,1,1,0,0,2,7,45
201600017777,16,6,28,1,1,1,1.0,7.0,1.0,31.0,0.0,5.0,0.0,16.0,1,-1,3.0,2.0,2.0,2.0,0.0,60.0,1,0.0,1.0,1,3,1,0,0,0,0,1,0,0,1,0,0,0,0,0,1,0,0,0,0,3,14,15
201700023420,17,12,4,3,2,1,1.0,1.0,2.0,7.0,0.0,0.0,2.0,1.0,1,1,3.0,2.0,2.0,1.0,0.0,0.0,1,0.0,1.0,2,3,2,2,0,0,0,4,0,0,2,0,2,4,0,0,0,1,0,0,0,3,18,0
200700071584,7,11,15,3,1,1,1.0,5.0,0.0,7.0,0.0,0.0,2.0,11.0,1,1,1.0,3.0,6.0,1.0,15.0,210.0,1,0.0,1.0,3,1,9,3,0,0,3,9,0,3,0,3,6,6,0,6,0,1,1,0,0,2,19,30
201100043860,11,9,24,3,1,1,1.0,7.0,0.0,7.0,0.0,13.0,0.0,14.0,1,1,3.0,2.0,2.0,1.0,0.0,70.0,1,0.0,3.0,1,2,1,0,0,0,0,1,1,0,0,0,0,1,0,0,0,0,0,0,1,2,22,35
200600024845,6,5,23,3,1,1,1.0,6.0,0.0,7.0,0.0,8.0,0.0,1.0,1,1,3.0,2.0,2.0,1.0,0.0,62.0,1,0.0,0.0,1,3,2,0,0,0,1,1,0,1,1,0,0,0,0,2,0,0,0,1,0,3,2,30
200700053975,7,9,29,1,1,1,1.0,6.0,0.0,7.0,0.0,8.0,0.0,13.0,1,1,3.0,0.0,2.0,1.0,0.0,65.0,0,0.0,3.0,1,2,0,1,0,0,0,1,1,0,0,0,0,1,0,0,0,1,0,0,0,2,13,30
200500027439,5,5,11,1,2,1,1.0,6.0,0.0,7.0,0.0,0.0,1.0,4.0,1,-1,6.0,2.0,2.0,1.0,0.0,0.0,1,0.0,0.0,1,1,1,1,0,1,0,1,2,0,0,0,0,0,0,1,1,0,1,0,0,3,18,15
201200032702,12,3,15,1,2,9,1.0,6.0,1.0,32.0,0.0,0.0,0.0,0.0,2,0,4.0,0.0,0.0,1.0,0.0,100.0,1,6.0,4.0,1,3,1,0,0,0,1,0,1,0,0,0,0,0,1,0,0,0,0,0,0,3,8,35
201600043197,16,2,15,1,2,1,1.0,2.0,2.0,7.0,0.0,0.0,2.0,1.0,1,1,3.0,1.0,2.0,1.0,0.0,0.0,1,0.0,1.0,2,1,2,2,0,0,0,4,2,0,2,0,0,2,0,2,0,1,1,0,0,2,11,10
200900023076,9,5,2,2,1,1,1.0,1.0,0.0,7.0,0.0,0.0,2.0,2.0,1,1,3.0,2.0,2.0,1.0,0.0,61.0,1,0.0,1.0,2,3,2,2,0,0,0,4,0,0,2,0,2,0,0,4,0,1,0,0,0,3,5,45
201500004586,15,1,5,1,2,1,1.0,2.0,0.0,33.0,0.0,0.0,2.0,1.0,1,2,3.0,2.0,0.0,1.0,0.0,0.0,1,5.0,1.0,2,3,4,0,0,0,0,4,0,0,2,0,2,2,0,0,2,1,1,0,0,3,13,30
200800004084,8,1,22,1,2,1,1.0,6.0,0.0,7.0,0.0,1.0,0.0,1.0,1,1,4.0,2.0,1.0,1.0,0.0,89.0,1,0.0,1.0,1,2,2,1,2,0,0,1,0,3,0,0,0,1,2,0,0,1,0,0,0,2,12,0
201000045016,10,10,9,5,2,1,1.0,6.0,0.0,7.0,0.0,2.0,0.0,15.0,1,-1,4.0,2.0,1.0,3.0,0.0,66.0,1,0.0,3.0,1,3,3,0,1,0,1,1,0,0,3,0,0,0,0,3,0,0,0,1,0,4,22,5
200600015623,6,3,11,3,1,6,1.0,3.0,0.0,17.0,0.0,0.0,2.0,1.0,1,1,3.0,2.0,2.0,1.0,0.0,0.0,1,5.0,1.0,2,1,4,0,0,0,0,4,0,0,2,2,0,2,0,2,0,1,1,0,0,3,5,15
201500055898,15,7,7,1,2,2,1.0,3.0,0.0,7.0,0.0,0.0,2.0,1.0,1,1,4.0,2.0,6.0,1.0,40.0,267.0,1,0.0,1.0,2,1,4,0,0,0,0,4,0,0,0,4,0,2,0,2,0,1,0,0,0,2,19,40
201500016609,15,1,31,2,2,1,4.0,6.0,0.0,7.0,0.0,15.0,0.0,14.0,1,1,3.0,2.0,2.0,2.0,0.0,0.0,0,0.0,4.0,1,2,0,1,0,0,0,1,0,0,0,0,1,0,0,1,0,1,0,0,0,2,7,55
200500026335,5,5,21,5,1,1,5.0,6.0,0.0,7.0,0.0,6.0,0.0,21.0,1,1,3.0,2.0,2.0,1.0,0.0,70.0,1,0.0,3.0,1,1,1,1,0,0,1,1,0,1,1,0,0,2,0,0,0,1,0,0,0,3,2,45
201100064437,11,3,1,1,2,1,1.0,2.0,0.0,7.0,0.0,0.0,2.0,2.0,1,1,4.0,1.0,3.0,1.0,15.0,105.0,1,0.0,1.0,2,2,2,2,0,0,0,4,0,0,4,0,0,2,0,2,0,1,1,0,0,2,14,0
201700004989,17,12,28,1,1,1,1.0,4.0,2.0,13.0,0.0,0.0,2.0,2.0,1,1,3.0,2.0,2.0,1.0,0.0,96.0,1,0.0,1.0,3,1,9,0,0,0,0,9,0,0,3,3,3,6,0,0,3,1,1,0,0,3,12,50
201000033765,10,3,20,1,1,4,2.0,3.0,0.0,7.0,0.0,0.0,2.0,1.0,1,1,3.0,2.0,2.0,1.0,0.0,45.0,1,5.0,1.0,2,1,4,4,0,0,4,4,4,0,4,0,0,2,0,2,4,1,0,1,0,3,12,5
200800013773,8,3,13,1,1,1,1.0,6.0,0.0,7.0,0.0,3.0,0.0,2.0,1,1,3.0,3.0,4.0,1.0,12.0,120.0,1,0.0,3.0,1,2,0,1,0,0,0,1,0,0,0,0,1,1,0,0,0,1,0,0,0,2,13,55
200600050135,6,8,12,1,2,6,8.0,7.0,0.0,7.0,0.0,7.0,0.0,0.0,1,1,4.0,2.0,2.0,1.0,20.0,60.0,1,5.0,0.0,1,3,1,0,0,0,0,1,0,1,0,0,0,0,0,0,1,1,0,0,0,3,9,10
201700017050,17,9,17,2,1,1,1.0,1.0,2.0,7.0,0.0,0.0,2.0,1.0,1,1,3.0,2.0,2.0,1.0,0.0,69.0,1,0.0,1.0,2,4,10,4,6,0,4,4,0,0,14,0,0,8,0,6,0,1,0,0,0,4,6,40
200700021884,7,4,24,1,2,1,1.0,6.0,0.0,7.0,0.0,0.0,2.0,13.0,1,-1,4.0,2.0,2.0,1.0,0.0,106.0,1,0.0,1.0,2,2,8,2,6,0,0,4,0,8,0,2,0,4,0,4,2,1,0,0,0,2,18,0
201500001216,15,9,8,1,1,1,1.0,7.0,0.0,7.0,0.0,0.0,0.0,2.0,1,1,4.0,3.0,2.0,1.0,0.0,0.0,1,0.0,1.0,1,3,2,0,0,0,1,1,1,1,0,0,0,2,0,0,0,0,0,0,1,3,18,45
201700016944,17,12,23,4,2,1,1.0,6.0,0.0,2.0,0.0,1.0,0.0,0.0,1,2,4.0,2.0,2.0,1.0,5.0,810.0,1,0.0,-1.0,1,3,1,0,0,0,0,1,1,0,0,0,0,0,1,0,0,1,0,0,0,3,3,0
201500042889,15,6,22,1,2,1,2.0,6.0,0.0,7.0,0.0,0.0,1.0,1.0,1,1,4.0,1.0,2.0,1.0,0.0,0.0,1,0.0,1.0,1,1,0,2,0,1,0,1,1,0,0,0,1,1,1,0,0,0,0,1,0,2,17,5
201200043881,12,2,16,1,2,1,1.0,2.0,0.0,10.0,0.0,1.0,0.0,20.0,1,1,4.0,2.0,0.0,1.0,0.0,0.0,1,0.0,1.0,2,1,4,0,0,0,0,4,0,0,0,4,0,0,0,4,0,1,1,0,0,2,12,20
200700064912,7,10,1,1,1,1,3.0,6.0,0.0,7.0,0.0,4.0,2.0,1.0,1,1,2.0,3.0,4.0,1.0,15.0,120.0,1,0.0,1.0,2,2,4,0,0,0,0,4,0,0,0,0,4,2,0,2,0,1,0,0,0,2,8,0
201300045782,13,1,12,1,1,1,2.0,6.0,0.0,7.0,0.0,3.0,9.0,0.0,1,1,1.0,1.0,2.0,3.0,15.0,70.0,1,0.0,1.0,1,2,1,0,0,0,0,1,1,0,0,0,0,1,0,0,0,1,0,0,0,2,14,0
201500029142,15,5,20,1,2,1,1.0,2.0,0.0,7.0,0.0,0.0,2.0,13.0,1,1,3.0,3.0,4.0,1.0,0.0,0.0,1,0.0,1.0,2,1,4,0,0,0,0,4,0,0,4,0,0,2,0,2,0,1,1,0,0,2,17,40
200700068093,7,11,23,1,1,9,2.0,2.0,0.0,7.0,0.0,0.0,2.0,15.0,1,-1,4.0,2.0,2.0,1.0,0.0,64.0,1,0.0,1.0,2,1,2,2,0,0,0,4,0,0,0,0,4,2,0,2,0,1,1,0,0,2,7,20
200900063090,9,12,5,1,2,1,2.0,7.0,0.0,7.0,0.0,0.0,0.0,1.0,3,-1,6.0,1.0,1.0,1.0,0.0,12.0,1,0.0,1.0,1,2,2,0,0,1,0,1,2,0,0,0,0,2,0,0,0,0,0,0,0,3,11,20
201700053317,17,2,21,1,2,1,1.0,6.0,1.0,32.0,0.0,0.0,1.0,17.0,1,2,4.0,2.0,3.0,1.0,0.0,100.0,1,0.0,1.0,1,1,1,1,0,1,0,1,1,0,1,0,0,0,0,2,0,1,0,0,0,2,17,0
200500040706,5,7,9,3,1,1,2.0,1.0,0.0,7.0,0.0,1.0,0.0,1.0,1,1,3.0,2.0,1.0,1.0,0.0,71.0,1,0.0,3.0,2,1,10,2,4,0,4,4,0,8,2,2,0,4,0,8,0,1,0,0,0,3,2,0
201100062457,11,3,14,1,2,2,1.0,6.0,0.0,7.0,0.0,9.0,0.0,0.0,1,1,4.0,1.0,4.0,1.0,0.0,0.0,1,2.0,1.0,1,2,1,0,0,0,0,1,0,0,1,0,0,1,0,0,0,1,0,0,0,2,18,30
200600009631,6,2,23,5,2,1,8.0,3.0,0.0,7.0,0.0,0.0,2.0,9.0,1,1,4.0,2.0,2.0,1.0,0.0,60.0,1,0.0,1.0,2,1,4,0,0,0,0,4,0,0,4,0,0,2,0,0,2,1,0,1,0,2,19,40
201200056901,12,7,20,2,2,4,1.0,3.0,0.0,10.0,0.0,0.0,2.0,1.0,1,1,4.0,1.0,2.0,1.0,0.0,0.0,1,0.0,1.0,2,1,4,2,0,0,2,4,0,0,0,0,6,2,0,4,0,1,0,0,0,2,20,30
201400041037,14,5,25,1,2,2,1.0,3.0,0.0,1.0,0.0,0.0,2.0,16.0,1,2,3.0,2.0,4.0,1.0,0.0,181.0,1,5.0,1.0,2,2,4,0,0,0,0,4,4,0,0,0,0,4,0,0,0,1,0,1,0,2,13,0
200500019365,5,4,12,1,2,1,1.0,3.0,0.0,7.0,0.0,0.0,2.0,2.0,1,-1,4.0,2.0,2.0,4.0,0.0,82.0,1,0.0,1.0,2,1,4,0,0,0,0,4,4,0,0,0,0,2,0,2,0,1,0,0,0,3,17,35
201600054604,16,7,11,2,2,2,1.0,3.0,1.0,10.0,0.0,0.0,2.0,1.0,1,1,4.0,3.0,2.0,1.0,0.0,80.0,1,0.0,1.0,2,1,2,2,0,0,0,4,0,4,0,0,0,2,0,2,0,1,0,1,0,3,5,50
201400054054,14,4,4,2,2,2,1.0,2.0,0.0,7.0,0.0,0.0,2.0,15.0,1,1,4.0,2.0,2.0,1.0,0.0,0.0,1,0.0,1.0,2,1,4,0,0,0,0,4,0,2,2,0,0,4,0,0,0,1,1,0,0,3,20,0
200700054942,7,9,11,1,2,3,1.0,3.0,0.0,33.0,0.0,0.0,2.0,1.0,1,2,2.0,2.0,2.0,1.0,0.0,65.0,1,0.0,1.0,2,3,2,2,0,0,0,4,2,0,0,0,2,2,0,2,0,1,0,1,0,3,7,55
200500031742,5,5,12,1,1,1,1.0,2.0,0.0,5.0,0.0,0.0,2.0,3.0,1,2,1.0,0.0,2.0,1.0,15.0,185.0,1,0.0,1.0,2,2,2,2,0,0,0,4,2,0,0,0,2,2,0,2,0,1,1,0,0,2,8,10
200800018526,8,4,8,1,2,1,1.0,6.0,0.0,14.0,0.0,0.0,9.0,4.0,1,-1,3.0,2.0,0.0,1.0,0.0,0.0,1,0.0,1.0,1,1,2,0,0,1,0,1,0,1,0,1,0,1,1,0,0,0,1,0,0,3,14,30
201300035096,13,3,3,1,1,1,1.0,3.0,0.0,7.0,0.0,0.0,0.0,0.0,1,1,3.0,2.0,2.0,1.0,0.0,0.0,1,0.0,0.0,2,1,4,0,0,0,0,4,4,0,0,0,0,0,0,4,0,1,0,1,0,3,14,20
200800010544,8,2,28,2,2,2,1.0,6.0,0.0,7.0,0.0,1.0,2.0,1.0,1,1,4.0,1.0,1.0,1.0,0.0,0.0,1,0.0,1.0,2,2,4,0,0,0,0,4,0,4,0,0,0,2,0,2,0,1,0,1,0,2,18,45
201400055148,14,5,7,1,2,7,8.0,6.0,0.0,7.0,0.0,0.0,1.0,1.0,1,1,4.0,1.0,0.0,1.0,0.0,0.0,1,0.0,1.0,1,1,2,0,0,1,0,1,0,2,0,0,0,2,0,0,0,1,0,0,0,2,15,15
201600026247,16,5,25,1,2,1,1.0,6.0,1.0,7.0,0.0,0.0,1.0,0.0,1,1,4.0,0.0,0.0,0.0,0.0,0.0,-1,0.0,1.0,1,1,1,1,0,1,0,1,0,2,0,0,0,0,0,1,1,0,0,0,0,3,12,0
200900005598,9,5,14,1,2,1,2.0,3.0,0.0,7.0,0.0,0.0,2.0,11.0,1,1,4.0,1.0,4.0,1.0,15.0,140.0,1,0.0,1.0,2,1,4,0,0,0,0,4,0,0,2,0,2,2,0,2,0,1,0,0,0,2,9,20
201700007370,17,6,1,1,1,1,1.0,3.0,1.0,33.0,0.0,0.0,2.0,1.0,1,2,1.0,1.0,5.0,1.0,15.0,500.0,1,7.0,1.0,2,3,4,0,0,0,0,4,0,0,2,2,0,4,0,0,0,0,0,1,0,3,17,20
201200023699,12,3,16,3,2,1,1.0,6.0,0.0,33.0,0.0,14.0,0.0,1.0,1,2,3.0,2.0,2.0,1.0,0.0,73.0,1,0.0,1.0,1,2,2,0,0,0,1,1,0,2,0,0,0,1,1,0,0,0,0,0,0,2,20,35
200800059202,8,10,4,5,2,1,1.0,6.0,0.0,40.0,0.0,0.0,1.0,1.0,1,-1,4.0,2.0,2.0,1.0,0.0,0.0,1,0.0,4.0,1,1,2,0,0,1,0,1,0,1,0,1,0,1,1,0,0,0,0,0,0,2,23,17
201100036793,11,2,15,5,2,2,2.0,6.0,0.0,7.0,0.0,0.0,1.0,15.0,1,1,4.0,2.0,3.0,1.0,0.0,100.0,1,5.0,0.0,1,1,1,1,0,1,0,1,0,1,1,0,0,2,0,0,0,1,0,0,0,2,20,15
200900010761,9,3,2,1,2,2,1.0,3.0,0.0,7.0,0.0,0.0,2.0,16.0,1,1,4.0,2.0,2.0,1.0,0.0,0.0,1,0.0,1.0,2,1,4,0,0,0,0,4,0,0,2,0,2,2,0,2,0,1,0,1,0,2,17,40
200900045171,9,10,24,2,2,1,2.0,6.0,0.0,7.0,0.0,13.0,0.0,2.0,2,1,4.0,2.0,2.0,1.0,0.0,60.0,1,0.0,1.0,1,2,1,1,0,0,1,1,0,0,2,0,0,0,0,0,2,1,0,0,0,2,6,15
201600040021,16,1,28,5,2,2,1.0,3.0,1.0,7.0,0.0,0.0,2.0,1.0,1,1,4.0,4.0,0.0,1.0,0.0,50.0,1,5.0,1.0,2,1,2,2,0,0,0,4,0,4,0,0,0,2,0,2,0,1,0,0,0,3,22,10
200600000438,6,1,31,3,2,1,1.0,6.0,0.0,7.0,0.0,0.0,2.0,15.0,1,-1,4.0,0.0,2.0,0.0,0.0,0.0,-1,0.0,0.0,1,2,1,0,0,0,0,1,0,1,0,0,0,0,0,1,0,1,0,0,0,2,19,0
200800014663,8,3,8,1,1,1,1.0,6.0,0.0,33.0,0.0,4.0,0.0,2.0,1,2,1.0,3.0,4.0,1.0,15.0,140.0,1,3.0,1.0,1,2,1,0,0,0,0,1,0,0,0,1,0,1,0,0,0,0,0,1,0,2,14,35
201500017146,15,7,7,1,1,1,1.0,1.0,0.0,7.0,0.0,0.0,2.0,1.0,1,1,3.0,2.0,0.0,1.0,0.0,68.0,1,0.0,1.0,2,3,6,2,4,0,0,4,0,4,2,2,0,2,4,2,0,1,0,0,0,4,12,30
200900033663,9,9,3,5,2,2,1.0,3.0,0.0,2.0,0.0,0.0,2.0,1.0,1,2,4.0,2.0,2.0,1.0,0.0,0.0,1,0.0,1.0,2,3,2,2,0,0,0,4,0,0,4,0,0,0,2,2,0,1,0,0,0,3,21,30
200500034940,5,6,7,1,2,1,1.0,6.0,0.0,5.0,0.0,0.0,1.0,1.0,1,2,9.0,2.0,4.0,1.0,0.0,140.0,1,0.0,1.0,1,1,1,1,0,1,0,1,1,0,0,0,1,1,0,1,0,1,0,0,0,2,19,35
200600045498,6,8,20,1,1,1,1.0,6.0,0.0,7.0,0.0,0.0,2.0,13.0,1,1,3.0,2.0,2.0,0.0,0.0,40.0,1,0.0,1.0,2,1,4,0,0,0,0,4,0,0,4,0,0,2,0,2,0,1,0,0,0,3,18,30
200500004798,5,1,14,1,2,2,1.0,6.0,0.0,5.0,0.0,7.0,0.0,21.0,1,2,4.0,1.0,4.0,1.0,0.0,120.0,1,0.0,1.0,1,2,1,0,0,0,0,1,0,0,0,0,1,0,0,1,0,1,0,0,0,2,9,47
200600034095,6,6,13,1,2,1,1.0,2.0,0.0,7.0,0.0,0.0,2.0,2.0,1,1,2.0,1.0,1.0,1.0,0.0,38.0,1,3.0,1.0,2,2,0,4,0,0,0,4,0,0,2,0,2,4,0,0,0,1,1,0,0,2,10,25
201600005274,16,8,13,1,1,1,1.0,1.0,1.0,1.0,0.0,0.0,2.0,1.0,1,0,3.0,2.0,2.0,0.0,0.0,72.0,1,0.0,1.0,2,3,4,2,0,0,2,4,0,2,4,0,0,6,0,0,0,1,0,0,0,3,11,45
201400017974,14,1,12,1,1,2,8.0,3.0,0.0,7.0,0.0,0.0,2.0,1.0,1,1,3.0,2.0,2.0,1.0,0.0,59.0,1,0.0,1.0,2,2,2,2,0,0,0,4,0,0,4,0,0,2,0,2,0,1,0,1,0,3,10,20
201400002777,14,9,3,1,2,1,1.0,1.0,0.0,33.0,0.0,0.0,2.0,13.0,1,2,4.0,2.0,1.0,1.0,0.0,0.0,1,0.0,1.0,2,3,2,2,0,0,0,4,0,0,4,0,0,0,0,2,2,1,0,0,0,3,18,0
200600039584,6,7,14,1,1,2,1.0,6.0,0.0,2.0,0.0,0.0,2.0,1.0,1,2,4.0,2.0,1.0,1.0,0.0,0.0,1,0.0,1.0,2,1,4,0,0,0,0,4,2,0,2,0,0,0,2,2,0,1,0,0,0,2,16,30
201700051282,17,1,19,2,1,1,1.0,5.0,1.0,10.0,0.0,0.0,2.0,1.0,1,1,1.0,3.0,6.0,1.0,10.0,210.0,1,0.0,1.0,3,1,12,3,3,0,3,9,9,6,0,0,0,6,6,3,0,1,1,0,0,2,7,40
200900047556,9,3,2,1,2,1,1.0,6.0,0.0,7.0,0.0,0.0,1.0,0.0,1,1,4.0,2.0,2.0,1.0,0.0,80.0,1,0.0,1.0,1,1,2,0,0,1,0,1,0,2,0,0,0,0,0,1,1,1,0,0,0,2,10,0
201300011241,13,9,29,1,2,1,1.0,2.0,0.0,30.0,0.0,0.0,2.0,1.0,1,2,4.0,1.0,1.0,1.0,0.0,50.0,1,0.0,1.0,2,2,2,2,0,0,0,4,0,0,2,2,0,4,0,0,0,1,1,0,0,2,12,15
200700015014,7,3,9,5,2,1,3.0,7.0,0.0,2.0,0.0,0.0,0.0,0.0,1,2,4.0,2.0,2.0,1.0,0.0,0.0,1,0.0,1.0,1,3,1,0,0,0,0,1,0,1,0,0,0,0,0,1,0,0,0,0,0,3,4,20
201300031387,13,10,12,1,2,2,1.0,3.0,0.0,7.0,0.0,0.0,2.0,1.0,1,-1,4.0,3.0,2.0,1.0,0.0,0.0,1,0.0,1.0,2,1,2,2,0,0,0,4,0,4,0,0,0,2,0,2,0,1,1,0,0,2,11,0
200900063064,9,11,14,5,2,1,8.0,2.0,0.0,7.0,0.0,0.0,0.0,2.0,1,1,3.0,3.0,2.0,1.0,0.0,60.0,1,0.0,0.0,2,1,4,2,0,0,2,4,0,2,4,0,0,6,0,0,0,1,1,0,0,2,17,15