Num_Acc,an,mois,jour,lum,agg,int,atm,col,senc,catv,occutc,obs,obsm,manv,catu,secu,catr,circ,nbv,prof,lartpc,larrout,surf,infra,situ,nb_veh,grav_simpl,Homme,Femme,Arrière,Autre_x,Avant,Conducteur,Autre_y,Inconnu,Loisirs,Professionnel,Travail,Adulte,Enfant,Jeune,Senior,choc_avant,choc_arriere,choc_lateral,choc_multiple,grav_order_max,heure,minute
200600055063,6,9,25,2,2,1,1.0,6.0,0.0,7.0,0.0,0.0,1.0,20.0,1,1,4.0,2.0,2.0,1.0,0.0,70.0,1,0.0,4.0,1,1,2,0,0,1,0,1,0,0,2,0,0,1,1,0,0,1,0,0,0,2,7,40
200800032723,8,6,16,1,2,6,1.0,3.0,0.0,7.0,0.0,0.0,9.0,16.0,1,1,4.0,2.0,2.0,1.0,0.0,78.0,1,0.0,0.0,2,1,2,2,0,0,0,4,0,4,0,0,0,2,0,2,0,0,1,0,0,2,18,0
201000012580,10,7,28,3,1,1,1.0,6.0,0.0,33.0,0.0,13.0,0.0,1.0,1,9,3.0,2.0,2.0,2.0,0.0,60.0,1,0.0,3.0,1,4,1,0,0,0,0,1,0,0,1,0,0,1,0,0,0,1,0,0,0,4,23,45
200500025424,5,5,3,1,1,1,1.0,1.0,0.0,7.0,0.0,0.0,2.0,0.0,1,1,2.0,2.0,0.0,2.0,0.0,70.0,1,0.0,1.0,2,2,2,4,0,0,2,4,2,2,2,0,0,4,0,0,2,1,0,0,0,3,20,0
200700005204,7,1,12,2,2,2,1.0,6.0,0.0,7.0,0.0,0.0,2.0,1.0,1,1,3.0,1.0,1.0,0.0,0.0,30.0,1,0.0,1.0,1,2,1,0,0,0,0,1,0,0,0,1,0,1,0,0,0,0,1,0,0,2,7,20
201400013668,14,8,27,1,2,1,1.0,2.0,0.0,37.0,1.0,0.0,2.0,2.0,1,1,4.0,2.0,2.0,2.0,0.0,99.0,1,0.0,1.0,2,1,6,0,0,0,2,4,2,2,0,2,0,4,0,2,0,1,1,0,0,2,18,30
200800022964,8,1,31,5,2,2,2.0,6.0,0.0,7.0,0.0,0.0,1.0,16.0,3,-1,4.0,1.0,2.0,1.0,0.0,30.0,1,0.0,1.0,1,2,0,2,0,1,0,1,2,0,0,0,0,0,1,1,0,0,0,1,0,2,21,55
200500040631,5,7,14,3,2,1,1.0,6.0,0.0,7.0,0.0,8.0,0.0,0.0,1,1,3.0,2.0,2.0,1.0,0.0,55.0,1,0.0,3.0,1,3,0,1,0,0,0,1,0,0,1,0,0,1,0,0,0,1,0,0,0,3,1,30
201300047116,13,9,5,1,1,1,7.0,6.0,0.0,33.0,0.0,0.0,2.0,2.0,1,2,2.0,3.0,2.0,1.0,12.0,70.0,1,0.0,1.0,2,2,4,0,0,0,0,4,2,2,0,0,0,0,0,4,0,0,0,0,0,2,9,35
200700043923,7,7,6,1,2,1,1.0,3.0,0.0,2.0,0.0,0.0,0.0,1.0,1,2,4.0,2.0,2.0,1.0,0.0,83.0,1,0.0,1.0,2,3,6,0,2,0,0,4,0,6,0,0,0,0,0,6,0,1,0,0,0,3,14,31
200500036277,5,6,3,1,2,2,2.0,6.0,0.0,7.0,0.0,0.0,1.0,1.0,1,1,4.0,3.0,4.0,1.0,20.0,120.0,1,5.0,1.0,1,2,2,0,0,1,0,1,0,0,2,0,0,1,0,1,0,1,0,0,0,2,15,25
201400038255,14,2,15,5,2,1,1.0,1.0,0.0,7.0,0.0,0.0,2.0,13.0,1,-1,4.0,2.0,2.0,2.0,0.0,45.0,1,0.0,1.0,2,3,4,0,0,0,0,4,0,4,0,0,0,2,0,2,0,1,0,0,0,3,19,20
201600011281,16,10,20,4,2,2,2.0,3.0,2.0,30.0,0.0,0.0,2.0,1.0,1,2,4.0,2.0,2.0,1.0,0.0,60.0,1,0.0,1.0,2,3,4,0,0,0,0,4,0,0,2,2,0,2,0,2,0,1,0,1,0,3,22,20
201500037727,15,12,29,1,2,1,1.0,7.0,0.0,30.0,0.0,0.0,0.0,0.0,1,1,3.0,2.0,2.0,1.0,0.0,0.0,1,0.0,1.0,1,2,1,0,0,0,0,1,0,0,0,0,1,1,0,0,0,0,0,0,0,2,8,10
200700035548,7,6,14,1,1,2,2.0,3.0,0.0,7.0,0.0,0.0,2.0,1.0,1,1,3.0,2.0,2.0,3.0,0.0,0.0,1,0.0,1.0,2,2,2,2,0,0,0,4,0,0,2,0,2,2,0,0,2,1,0,0,0,4,12,35
201300052379,13,6,22,1,2,1,1.0,6.0,1.0,33.0,0.0,0.0,1.0,1.0,3,-1,4.0,2.0,1.0,1.0,0.0,120.0,1,0.0,1.0,1,2,1,0,0,1,0,0,0,0,1,0,0,0,1,0,0,0,0,0,0,2,21,0
201500043664,15,2,26,5,2,2,2.0,6.0,0.0,10.0,0.0,0.0,1.0,15.0,1,-1,2.0,1.0,2.0,1.0,30.0,70.0,1,6.0,1.0,1,1,1,1,0,1,0,1,1,0,0,0,1,2,0,0,0,1,0,0,0,2,19,5
201500056319,15,6,19,1,2,1,1.0,4.0,0.0,7.0,0.0,0.0,2.0,23.0,1,1,4.0,1.0,4.0,1.0,15.0,140.0,1,0.0,1.0,3,1,9,0,0,0,0,9,0,0,0,9,0,6,0,3,0,1,1,0,0,2,16,30
201100016415,11,11,28,5,2,1,1.0,6.0,0.0,7.0,0.0,0.0,1.0,1.0,1,1,4.0,2.0,6.0,1.0,0.0,0.0,1,0.0,1.0,1,1,1,1,0,1,0,1,0,1,1,0,0,1,0,1,0,1,0,0,0,2,22,10
200500051746,5,8,2,1,1,1,1.0,7.0,0.0,15.0,0.0,3.0,0.0,2.0,1,-1,2.0,3.0,4.0,4.0,20.0,36.0,1,0.0,1.0,1,3,1,0,0,0,0,1,0,0,0,1,0,1,0,0,0,1,0,0,0,3,17,40
200800006924,8,2,10,1,2,1,1.0,7.0,0.0,33.0,0.0,6.0,0.0,1.0,1,2,4.0,2.0,2.0,4.0,0.0,60.0,1,0.0,1.0,1,3,1,0,0,0,0,1,0,1,0,0,0,0,0,1,0,1,0,0,0,3,18,0
200700027418,7,5,9,5,2,2,1.0,3.0,0.0,7.0,0.0,0.0,2.0,19.0,1,1,4.0,1.0,1.0,1.0,0.0,60.0,1,0.0,1.0,2,2,0,2,0,0,0,2,0,0,2,0,0,0,0,2,0,1,0,0,0,2,23,30
201300015257,13,7,3,1,2,1,1.0,2.0,0.0,7.0,0.0,0.0,2.0,2.0,1,-1,4.0,2.0,1.0,2.0,0.0,100.0,1,0.0,1.0,2,2,4,0,0,0,0,4,0,0,0,4,0,2,0,2,0,1,1,0,0,2,17,50
201000028905,10,3,14,5,2,1,1.0,5.0,0.0,7.0,0.0,0.0,0.0,1.0,1,-1,4.0,2.0,2.0,1.0,0.0,64.0,1,0.0,1.0,4,2,16,8,4,0,4,16,24,0,0,0,0,8,4,12,0,1,0,0,1,2,20,40
201700030884,17,7,24,1,2,1,1.0,6.0,0.0,1.0,0.0,12.0,0.0,1.0,1,-1,9.0,2.0,2.0,0.0,0.0,0.0,1,0.0,1.0,1,2,1,0,0,0,0,1,0,1,0,0,0,1,0,0,0,0,0,1,0,2,17,0
201500041091,15,12,4,2,2,1,8.0,3.0,0.0,7.0,0.0,0.0,2.0,15.0,1,-1,4.0,2.0,2.0,1.0,0.0,50.0,1,0.0,1.0,2,1,4,0,0,0,0,4,0,0,0,0,4,2,0,2,0,1,0,0,0,3,8,20
200900070227,9,7,30,5,2,2,1.0,3.0,0.0,7.0,0.0,0.0,0.0,1.0,1,-1,4.0,1.0,1.0,1.0,0.0,0.0,1,0.0,1.0,2,1,2,2,0,0,0,4,0,0,2,2,0,2,0,2,0,1,0,0,0,2,1,30
200700004672,7,1,19,1,2,1,2.0,3.0,0.0,10.0,0.0,0.0,2.0,15.0,1,-1,4.0,2.0,3.0,1.0,0.0,0.0,1,0.0,0.0,2,2,4,0,0,0,0,4,0,0,0,4,0,4,0,0,0,0,0,1,0,2,10,55
201100040698,11,5,7,1,2,1,1.0,6.0,0.0,7.0,0.0,0.0,1.0,1.0,1,1,6.0,0.0,0.0,1.0,15.0,110.0,1,0.0,1.0,1,1,2,0,0,1,0,1,0,0,2,0,0,1,1,0,0,1,0,0,0,2,14,20
201100034570,11,8,16,1,2,1,1.0,3.0,0.0,1.0,0.0,0.0,2.0,1.0,1,-1,3.0,2.0,2.0,1.0,0.0,85.0,1,0.0,1.0,2,2,4,0,0,0,0,4,0,4,0,0,0,4,0,0,0,1,0,0,0,2,14,55
201400026578,14,11,2,1,2,3,1.0,2.0,0.0,7.0,0.0,0.0,2.0,16.0,1,1,4.0,2.0,2.0,1.0,0.0,0.0,1,0.0,1.0,2,1,4,0,0,0,0,4,0,0,4,0,0,2,2,0,0,1,1,0,0,2,15,10
201100048109,11,5,10,1,2,2,1.0,3.0,0.0,7.0,0.0,0.0,2.0,1.0,1,1,4.0,0.0,2.0,1.0,0.0,75.0,1,0.0,1.0,2,1,6,0,0,0,2,4,0,2,0,0,4,2,2,2,0,1,1,0,0,2,7,5
201200007040,12,7,22,1,1,1,1.0,6.0,0.0,7.0,0.0,13.0,0.0,0.0,1,1,2.0,2.0,2.0,0.0,0.0,70.0,1,0.0,3.0,1,3,3,1,2,0,1,1,0,3,1,0,0,2,2,0,0,1,0,0,0,3,7,30
200500016676,5,3,25,1,2,3,1.0,3.0,0.0,7.0,0.0,0.0,2.0,1.0,1,1,4.0,1.0,3.0,1.0,0.0,90.0,1,0.0,1.0,2,1,2,2,0,0,0,4,0,0,2,2,0,0,0,2,2,1,0,0,0,2,14,45
201200030563,12,1,18,1,2,1,8.0,4.0,0.0,7.0,0.0,0.0,2.0,23.0,1,1,4.0,2.0,2.0,2.0,0.0,100.0,1,0.0,1.0,3,1,6,3,0,0,0,9,0,0,0,3,6,6,0,3,0,1,1,0,0,2,12,40
201400003457,14,3,25,1,1,1,1.0,1.0,0.0,7.0,0.0,0.0,2.0,1.0,1,1,4.0,2.0,2.0,2.0,0.0,37.0,1,0.0,1.0,2,1,2,2,0,0,0,4,2,0,2,0,0,2,2,0,0,1,0,0,0,3,7,45
201100024963,11,11,22,1,2,1,1.0,6.0,0.0,32.0,0.0,0.0,2.0,1.0,1,2,4.0,2.0,2.0,1.0,0.0,60.0,1,0.0,1.0,2,2,2,2,0,0,0,4,0,4,0,0,0,4,0,0,0,0,1,0,1,2,8,15
200700049160,7,8,31,1,2,2,1.0,3.0,1.0,7.0,0.0,0.0,2.0,15.0,1,2,4.0,3.0,5.0,1.0,10.0,170.0,1,0.0,1.0,2,3,2,0,0,0,0,2,0,0,2,0,0,0,0,2,0,1,1,0,0,3,21,10
200800041171,8,7,10,2,2,2,2.0,1.0,0.0,1.0,0.0,0.0,2.0,9.0,1,-1,4.0,1.0,1.0,1.0,0.0,0.0,1,0.0,1.0,2,3,2,2,0,0,0,4,0,0,4,0,0,2,2,0,0,1,0,0,0,3,22,5
200500016480,5,3,15,1,2,3,1.0,6.0,0.0,4.0,0.0,0.0,5.0,1.0,1,2,4.0,1.0,3.0,1.0,0.0,90.0,1,0.0,1.0,1,2,1,0,0,0,0,1,0,0,0,1,0,0,0,1,0,1,0,0,0,2,17,50
201500002638,15,4,16,1,1,1,1.0,1.0,0.0,7.0,0.0,0.0,2.0,1.0,1,1,3.0,2.0,1.0,1.0,0.0,50.0,1,0.0,1.0,2,1,0,4,0,0,0,4,0,0,2,2,0,2,0,2,0,1,0,0,0,3,9,0
201600018344,16,10,1,3,1,2,1.0,1.0,1.0,7.0,0.0,0.0,2.0,13.0,1,1,3.0,2.0,0.0,2.0,0.0,0.0,1,5.0,1.0,2,3,4,0,0,0,0,4,2,0,2,0,0,0,0,2,2,1,0,0,0,3,23,0
201200054821,12,8,29,1,2,3,1.0,3.0,0.0,7.0,0.0,0.0,2.0,9.0,1,1,4.0,1.0,1.0,2.0,0.0,0.0,1,0.0,1.0,2,1,4,0,0,0,0,4,0,2,0,2,0,2,0,2,0,1,1,0,0,2,10,50
201500041659,15,1,23,1,2,1,1.0,2.0,0.0,1.0,0.0,0.0,0.0,1.0,1,0,4.0,2.0,0.0,1.0,0.0,60.0,1,0.0,1.0,2,3,0,2,0,0,0,2,0,2,0,0,0,0,0,2,0,0,1,0,0,3,16,0
201300033686,13,7,2,1,2,2,1.0,3.0,0.0,30.0,0.0,0.0,2.0,1.0,1,-1,4.0,2.0,4.0,1.0,0.0,0.0,1,0.0,1.0,2,2,4,0,0,0,0,4,0,0,2,2,0,2,0,2,0,1,0,1,0,2,10,40
201300024433,13,1,28,1,2,1,1.0,7.0,0.0,7.0,0.0,0.0,1.0,1.0,1,1,4.0,2.0,4.0,1.0,0.0,134.0,1,0.0,1.0,1,1,1,1,0,1,0,1,1,1,0,0,0,1,1,0,0,1,0,0,0,2,8,0
200700037714,7,6,11,1,2,2,1.0,2.0,0.0,7.0,0.0,0.0,2.0,2.0,1,-1,4.0,2.0,3.0,1.0,0.0,90.0,1,0.0,1.0,2,2,2,2,0,0,0,4,4,0,0,0,0,2,0,2,0,1,1,0,0,2,17,0
201200031854,12,9,12,1,2,2,1.0,3.0,0.0,30.0,0.0,0.0,2.0,1.0,1,2,4.0,2.0,2.0,1.0,0.0,60.0,1,0.0,1.0,2,3,4,0,0,0,0,4,0,4,0,0,0,0,0,4,0,1,0,0,0,3,18,30
201300056530,13,7,18,1,2,1,1.0,2.0,0.0,10.0,0.0,0.0,2.0,23.0,1,1,4.0,1.0,2.0,1.0,0.0,70.0,1,3.0,1.0,2,1,4,0,0,0,0,4,0,0,0,2,2,2,0,2,0,1,1,0,0,2,19,0
201100050296,11,2,4,1,2,3,1.0,5.0,0.0,7.0,0.0,0.0,2.0,15.0,1,1,3.0,2.0,2.0,1.0,0.0,60.0,1,0.0,1.0,3,1,9,0,0,0,0,9,6,0,0,0,3,6,0,3,0,1,0,1,0,2,20,25
201100018329,11,10,10,1,2,1,1.0,6.0,0.0,7.0,0.0,0.0,1.0,1.0,1,1,4.0,1.0,1.0,1.0,0.0,37.0,1,0.0,1.0,1,1,2,0,0,1,0,1,0,0,1,0,1,1,0,1,0,1,0,0,0,3,17,50
200800062436,8,11,30,1,1,1,1.0,6.0,0.0,7.0,0.0,2.0,0.0,1.0,1,1,3.0,2.0,0.0,1.0,0.0,60.0,1,0.0,3.0,1,3,1,1,0,0,1,1,0,1,1,0,0,0,1,1,0,1,0,0,0,3,14,0
200800046562,8,8,14,1,1,6,1.0,7.0,0.0,3.0,0.0,12.0,0.0,1.0,1,1,3.0,2.0,0.0,1.0,0.0,0.0,1,5.0,1.0,1,2,2,1,1,0,1,1,1,2,0,0,0,1,2,0,0,0,0,1,0,4,14,0
200500021055,5,4,5,1,2,1,1.0,3.0,0.0,7.0,0.0,0.0,2.0,11.0,1,1,4.0,3.0,4.0,1.0,15.0,120.0,1,0.0,1.0,2,1,4,0,0,0,0,4,0,0,2,2,0,2,0,2,0,1,0,0,0,2,17,20
200800000049,8,1,4,1,1,1,1.0,6.0,0.0,7.0,0.0,2.0,0.0,1.0,1,1,3.0,2.0,2.0,2.0,0.0,67.0,1,0.0,3.0,1,4,1,0,0,0,0,1,1,0,0,0,0,0,0,1,0,0,0,1,0,4,13,0
200700066132,7,10,20,1,1,1,1.0,5.0,0.0,7.0,0.0,0.0,2.0,1.0,1,1,1.0,3.0,3.0,1.0,15.0,210.0,1,0.0,1.0,3,2,3,9,0,0,3,9,0,3,6,3,0,6,0,6,0,1,1,1,0,2,12,45
200600021047,6,4,3,1,2,1,1.0,6.0,0.0,7.0,0.0,0.0,1.0,19.0,1,-1,4.0,1.0,1.0,1.0,49.0,66.0,1,0.0,1.0,1,1,2,0,0,1,0,1,2,0,0,0,0,0,1,0,1,1,0,0,0,2,18,37
200900071926,9,9,17,1,2,2,1.0,3.0,0.0,31.0,0.0,0.0,2.0,17.0,1,2,4.0,2.0,0.0,1.0,0.0,0.0,1,0.0,1.0,2,2,4,0,0,0,0,4,0,2,0,0,2,0,0,4,0,0,1,1,0,2,19,5
201000053769,10,11,9,1,2,1,8.0,3.0,0.0,10.0,0.0,0.0,2.0,1.0,1,1,3.0,2.0,2.0,1.0,0.0,30.0,1,0.0,1.0,2,1,4,0,0,0,0,4,2,0,0,2,0,0,0,4,0,1,0,0,0,2,14,25
201200045013,12,11,9,5,2,3,2.0,6.0,0.0,7.0,0.0,14.0,1.0,17.0,1,1,4.0,1.0,0.0,2.0,0.0,0.0,1,0.0,0.0,1,1,1,2,0,1,1,1,0,3,0,0,0,0,0,1,2,1,0,0,0,2,19,20
200800019106,8,4,11,1,2,6,6.0,2.0,0.0,7.0,0.0,0.0,4.0,0.0,1,-1,4.0,0.0,0.0,0.0,0.0,0.0,-1,0.0,0.0,2,1,2,4,0,0,2,4,0,4,0,0,2,2,0,4,0,1,1,0,0,3,17,0
200800023675,8,5,30,1,1,1,1.0,1.0,0.0,33.0,0.0,0.0,2.0,17.0,1,2,3.0,2.0,2.0,2.0,0.0,60.0,1,0.0,1.0,2,4,4,2,0,0,2,4,0,2,4,0,0,4,2,0,0,1,0,0,0,4,17,0
200900033431,9,1,12,1,2,2,1.0,3.0,0.0,7.0,0.0,0.0,2.0,1.0,2,-1,4.0,1.0,1.0,1.0,0.0,40.0,1,0.0,0.0,2,2,2,6,2,0,0,6,0,2,6,0,0,8,0,0,0,1,0,1,0,2,12,9
201400055921,14,2,12,5,2,2,2.0,3.0,0.0,7.0,0.0,0.0,0.0,1.0,1,1,4.0,1.0,1.0,1.0,0.0,0.0,1,0.0,1.0,2,1,4,0,0,0,0,4,0,0,2,2,0,4,0,0,0,1,0,1,0,2,17,50
200500045250,5,7,6,1,2,1,1.0,3.0,0.0,2.0,0.0,0.0,2.0,2.0,1,2,3.0,2.0,2.0,1.0,0.0,0.0,1,0.0,1.0,2,2,4,0,0,0,0,4,0,0,2,2,0,2,0,2,0,1,0,0,0,2,9,15
201200047419,12,4,28,5,2,1,9.0,6.0,0.0,30.0,0.0,1.0,0.0,0.0,1,2,3.0,2.0,0.0,0.0,0.0,0.0,1,0.0,1.0,1,2,2,0,0,0,1,1,1,1,0,0,0,0,1,1,0,0,0,0,0,3,4,25
200600064180,6,10,23,1,2,1,1.0,3.0,0.0,30.0,0.0,0.0,2.0,17.0,1,2,4.0,2.0,2.0,1.0,0.0,85.0,1,0.0,1.0,2,2,4,0,0,0,0,4,0,2,2,0,0,2,2,0,0,1,0,0,0,2,17,35
201400004797,14,5,31,1,2,1,7.0,1.0,0.0,1.0,0.0,0.0,0.0,1.0,1,9,3.0,2.0,2.0,2.0,0.0,40.0,1,0.0,1.0,2,3,2,2,0,0,0,4,0,0,2,2,0,2,0,0,2,0,0,0,0,3,9,0
200800012253,8,3,7,5,2,2,2.0,3.0,0.0,33.0,0.0,0.0,2.0,1.0,1,-1,4.0,1.0,2.0,1.0,0.0,0.0,1,0.0,1.0,2,3,4,0,0,0,0,4,0,2,0,2,0,4,0,0,0,1,0,0,0,3,22,5
201600031702,16,9,21,1,2,1,1.0,5.0,0.0,1.0,0.0,0.0,2.0,1.0,1,0,4.0,2.0,3.0,1.0,0.0,156.0,1,0.0,1.0,3,1,9,0,0,0,0,9,0,9,0,0,0,3,0,6,0,1,0,0,0,2,16,30
201300040635,13,1,3,5,2,1,2.0,2.0,0.0,7.0,0.0,0.0,2.0,2.0,1,-1,4.0,2.0,2.0,0.0,0.0,90.0,1,0.0,1.0,2,2,4,0,0,0,0,4,0,2,0,2,0,4,0,0,0,1,1,0,0,2,20,0
200800061893,8,10,11,1,2,2,1.0,6.0,0.0,7.0,0.0,0.0,2.0,1.0,1,1,4.0,1.0,1.0,1.0,0.0,40.0,1,0.0,1.0,2,1,4,0,0,0,0,4,4,0,0,0,0,2,0,2,0,1,1,0,0,2,9,45
201000065325,10,7,8,1,2,5,1.0,6.0,0.0,32.0,0.0,0.0,1.0,1.0,1,2,4.0,2.0,2.0,1.0,0.0,100.0,1,0.0,1.0,1,2,1,1,0,1,0,1,0,2,0,0,0,1,0,1,0,1,0,0,0,2,19,10
200900008912,9,6,8,5,2,3,8.0,6.0,0.0,2.0,0.0,12.0,0.0,14.0,1,2,4.0,2.0,2.0,1.0,0.0,110.0,1,0.0,1.0,1,3,1,0,0,0,0,1,0,0,1,0,0,1,0,0,0,1,0,0,0,3,22,20
200600020778,6,4,17,1,1,1,1.0,1.0,0.0,7.0,0.0,3.0,2.0,5.0,1,1,2.0,2.0,2.0,1.0,0.0,130.0,1,0.0,1.0,2,4,4,0,0,0,0,4,0,2,0,2,0,4,0,0,0,1,0,0,0,4,20,25
201700015505,17,4,29,1,2,1,1.0,1.0,2.0,7.0,0.0,3.0,2.0,13.0,1,-1,3.0,2.0,2.0,1.0,0.0,70.0,1,0.0,1.0,2,3,4,0,0,0,0,4,0,2,0,2,0,2,0,2,0,1,0,0,0,3,11,15
200600071747,6,11,22,3,1,1,1.0,3.0,0.0,7.0,0.0,0.0,2.0,15.0,1,1,2.0,2.0,0.0,0.0,0.0,0.0,1,5.0,1.0,2,2,4,0,0,0,0,4,0,0,2,0,2,0,0,2,2,1,0,1,0,2,7,15
201400052326,14,9,13,5,2,5,1.0,3.0,0.0,33.0,0.0,0.0,2.0,1.0,1,2,4.0,1.0,3.0,2.0,0.0,0.0,1,0.0,1.0,2,2,4,0,0,0,0,4,0,2,2,0,0,2,0,2,0,1,0,0,0,2,0,59
200500032043,5,5,14,5,2,2,1.0,1.0,0.0,2.0,0.0,0.0,2.0,5.0,1,-1,4.0,1.0,1.0,1.0,0.0,99.0,1,0.0,1.0,2,2,2,2,0,0,0,4,0,2,2,0,0,4,0,0,0,1,0,0,0,2,22,0
201400007387,14,10,18,1,1,1,1.0,1.0,0.0,7.0,0.0,0.0,2.0,5.0,1,1,4.0,2.0,2.0,1.0,0.0,41.0,1,0.0,1.0,2,1,4,0,0,0,0,4,0,0,4,0,0,2,2,0,0,1,0,0,0,3,16,30
201300035614,13,8,11,1,2,1,1.0,2.0,1.0,7.0,0.0,0.0,0.0,2.0,1,1,3.0,2.0,0.0,1.0,0.0,70.0,-1,0.0,1.0,2,2,2,2,0,0,2,2,0,4,0,0,0,2,0,2,0,1,1,0,0,2,20,20
201400000120,14,4,30,3,1,1,1.0,1.0,0.0,7.0,0.0,0.0,2.0,13.0,1,1,3.0,2.0,2.0,1.0,0.0,55.0,1,0.0,1.0,2,1,4,6,4,0,2,4,0,6,4,0,0,4,4,2,0,1,0,0,0,3,21,0
200600076885,6,12,8,2,2,2,3.0,1.0,0.0,7.0,0.0,0.0,2.0,15.0,1,1,3.0,2.0,3.0,1.0,0.0,82.0,1,5.0,1.0,2,1,0,4,0,0,0,4,0,0,0,2,2,2,0,2,0,1,0,0,0,2,7,55
201500021745,15,12,23,1,2,1,8.0,5.0,0.0,7.0,0.0,0.0,2.0,0.0,1,1,4.0,2.0,2.0,1.0,0.0,0.0,1,0.0,1.0,3,1,9,0,0,0,0,9,0,0,6,0,3,9,0,0,0,0,0,0,0,3,17,20
200700042739,7,7,29,1,2,1,1.0,2.0,0.0,31.0,0.0,0.0,2.0,2.0,1,2,4.0,2.0,2.0,1.0,0.0,60.0,1,0.0,1.0,2,3,4,0,0,0,0,4,0,2,2,0,0,2,0,2,0,1,1,0,0,3,10,45
200900055263,9,11,28,5,1,1,1.0,4.0,0.0,7.0,0.0,0.0,2.0,1.0,1,1,3.0,2.0,3.0,1.0,0.0,105.0,1,0.0,1.0,3,1,6,3,0,0,0,9,0,0,6,0,3,6,0,3,0,1,0,1,0,3,17,15
200800043908,8,8,21,5,2,2,1.0,6.0,0.0,7.0,0.0,0.0,0.0,1.0,1,1,4.0,0.0,2.0,1.0,0.0,59.0,1,0.0,0.0,2,3,6,4,4,0,2,4,0,6,0,4,0,8,0,2,0,1,0,0,0,3,5,5
201700018904,17,11,15,2,2,1,1.0,6.0,2.0,7.0,0.0,0.0,1.0,1.0,1,1,3.0,2.0,2.0,1.0,0.0,60.0,1,0.0,1.0,1,1,1,1,0,1,0,1,0,0,1,0,1,0,0,0,2,1,0,0,0,2,17,45
201700009434,17,4,13,1,2,1,1.0,2.0,1.0,32.0,0.0,0.0,2.0,23.0,1,2,4.0,2.0,2.0,3.0,0.0,60.0,1,0.0,1.0,2,2,4,0,0,0,0,4,0,2,0,0,2,0,0,2,2,1,0,0,0,2,18,10
201700032746,17,7,25,1,2,1,1.0,2.0,1.0,7.0,0.0,9.0,2.0,14.0,1,1,3.0,3.0,2.0,1.0,0.0,0.0,1,0.0,5.0,2,1,4,2,0,0,2,4,4,0,2,0,0,0,0,6,0,1,0,0,0,2,17,10
201500051583,15,3,7,5,2,1,1.0,6.0,0.0,7.0,0.0,0.0,2.0,22.0,1,-1,4.0,1.0,1.0,1.0,0.0,0.0,1,0.0,1.0,2,1,4,0,0,0,0,4,0,0,0,2,2,4,0,0,0,0,1,1,0,2,21,30
200800006085,8,2,4,5,2,1,1.0,6.0,0.0,7.0,0.0,0.0,1.0,1.0,1,1,3.0,2.0,2.0,1.0,0.0,0.0,1,0.0,1.0,1,1,1,1,0,1,0,1,0,0,2,0,0,0,0,0,2,1,0,0,0,4,18,45
201100021542,11,7,31,2,2,1,1.0,6.0,0.0,7.0,0.0,6.0,0.0,0.0,1,1,4.0,2.0,2.0,1.0,0.0,0.0,1,0.0,1.0,1,2,2,0,0,0,1,1,0,2,0,0,0,0,1,1,0,1,0,0,0,2,20,0
201300049732,13,11,27,3,1,1,1.0,3.0,0.0,7.0,0.0,0.0,0.0,1.0,1,1,1.0,1.0,1.0,3.0,10.0,70.0,1,3.0,1.0,2,2,2,2,0,0,0,4,4,0,0,0,0,0,0,4,0,1,0,1,0,2,17,45
201100044245,11,12,16,5,2,3,2.0,6.0,0.0,10.0,0.0,0.0,1.0,15.0,1,1,4.0,2.0,2.0,1.0,0.0,110.0,1,0.0,1.0,1,1,2,0,0,1,0,1,0,0,1,1,0,1,0,0,1,1,0,0,0,3,8,10
201600026865,16,2,1,1,2,1,1.0,4.0,2.0,7.0,0.0,0.0,0.0,0.0,1,1,2.0,0.0,2.0,1.0,0.0,0.0,1,0.0,1.0,3,1,6,6,0,0,3,9,0,12,0,0,0,3,3,6,0,0,0,0,0,2,7,50
201200022339,12,3,22,1,2,1,1.0,6.0,0.0,7.0,0.0,0.0,1.0,1.0,1,1,3.0,2.0,2.0,1.0,0.0,80.0,1,0.0,1.0,1,1,0,2,0,1,0,1,1,0,0,0,1,0,0,1,1,1,0,0,0,3,8,0
201200020710,12,6,9,2,1,1,2.0,7.0,0.0,7.0,0.0,3.0,0.0,14.0,1,1,2.0,1.0,2.0,0.0,0.0,0.0,1,0.0,1.0,1,2,2,0,0,0,1,1,0,0,2,0,0,0,0,2,0,1,0,0,0,2,6,40
201100041660,11,4,9,1,2,1,1.0,2.0,0.0,33.0,0.0,0.0,2.0,2.0,1,2,4.0,2.0,0.0,1.0,0.0,40.0,1,0.0,1.0,2,2,4,0,0,0,0,4,0,4,0,0,0,4,0,0,0,1,1,0,0,2,18,5
201500035038,15,11,16,2,1,1,1.0,5.0,0.0,10.0,0.0,0.0,2.0,1.0,1,1,3.0,2.0,2.0,1.0,0.0,40.0,1,0.0,1.0,3,3,6,3,0,0,0,9,0,0,0,3,6,6,0,3,0,1,1,0,0,3,17,0
200900045618,9,9,13,1,1,1,1.0,7.0,0.0,33.0,0.0,0.0,0.0,1.0,1,2,3.0,2.0,2.0,0.0,0.0,0.0,1,0.0,3.0,1,1,1,1,0,0,1,1,0,1,1,0,0,2,0,0,0,0,0,1,0,3,15,30
201500005804,15,10,1,1,2,1,7.0,6.0,0.0,7.0,0.0,0.0,1.0,1.0,1,1,4.0,2.0,2.0,1.0,0.0,50.0,1,0.0,1.0,1,1,1,1,0,1,0,1,0,1,0,0,1,1,0,0,1,1,0,0,0,3,8,30