Num_Acc,an,mois,jour,lum,agg,int,atm,col,senc,catv,occutc,obs,obsm,manv,catu,secu,catr,circ,nbv,prof,lartpc,larrout,surf,infra,situ,nb_veh,grav_simpl,Homme,Femme,Arrière,Autre_x,Avant,Conducteur,Autre_y,Inconnu,Loisirs,Professionnel,Travail,Adulte,Enfant,Jeune,Senior,choc_avant,choc_arriere,choc_lateral,choc_multiple,grav_order_max,heure,minute
201000006866,10,10,24,5,2,1,2.0,6.0,0.0,7.0,0.0,6.0,0.0,1.0,1,0,4.0,2.0,2.0,1.0,0.0,62.0,1,0.0,4.0,1,4,2,0,0,0,1,1,0,1,1,0,0,0,0,2,0,0,0,1,0,4,4,30
200500049092,5,8,28,1,1,1,1.0,6.0,0.0,5.0,0.0,8.0,0.0,1.0,1,2,4.0,2.0,2.0,1.0,0.0,60.0,-1,0.0,1.0,1,4,1,0,0,0,0,1,0,0,1,0,0,0,0,1,0,1,0,0,0,4,14,30
200900006317,9,2,9,1,1,1,3.0,6.0,0.0,7.0,0.0,13.0,0.0,1.0,1,1,3.0,3.0,0.0,1.0,0.0,0.0,1,0.0,3.0,1,3,1,0,0,0,0,1,0,0,1,0,0,0,0,0,1,1,0,0,0,3,11,45
201400011226,14,7,15,5,2,1,1.0,2.0,0.0,33.0,0.0,0.0,2.0,1.0,1,2,4.0,1.0,1.0,1.0,0.0,0.0,1,0.0,1.0,2,2,2,2,0,0,0,4,0,4,0,0,0,0,0,4,0,1,1,0,0,2,0,30
201400046354,14,6,28,1,2,1,1.0,6.0,0.0,1.0,0.0,0.0,1.0,1.0,1,-1,4.0,2.0,13.0,1.0,0.0,130.0,1,0.0,1.0,1,1,1,1,0,1,0,1,0,2,0,0,0,0,0,1,1,1,0,0,0,2,17,10
200600033090,6,6,26,1,2,2,1.0,3.0,0.0,1.0,0.0,0.0,2.0,0.0,1,0,4.0,2.0,2.0,1.0,0.0,60.0,1,0.0,1.0,2,4,4,0,0,0,0,4,4,0,0,0,0,2,0,0,2,1,0,1,0,4,8,35
201200002183,12,6,11,1,1,1,2.0,1.0,0.0,7.0,0.0,0.0,2.0,13.0,1,1,3.0,2.0,0.0,1.0,0.0,54.0,1,0.0,1.0,2,2,4,0,0,0,0,4,0,0,2,0,2,0,0,2,2,1,0,0,0,3,17,0
200600001426,6,1,11,4,2,1,2.0,4.0,0.0,7.0,0.0,1.0,0.0,1.0,1,1,2.0,3.0,2.0,1.0,0.0,73.0,-1,0.0,1.0,4,1,8,8,0,0,0,16,0,0,0,0,16,8,0,8,0,1,1,0,0,2,17,25
201000005988,10,9,11,1,1,1,1.0,6.0,0.0,7.0,0.0,2.0,0.0,1.0,1,1,3.0,2.0,0.0,0.0,0.0,56.0,1,0.0,3.0,1,3,1,0,0,0,0,1,0,0,1,0,0,1,0,0,0,1,0,0,0,3,17,15
201000023164,10,8,2,1,1,1,1.0,6.0,0.0,7.0,0.0,4.0,0.0,2.0,1,1,3.0,0.0,1.0,0.0,0.0,0.0,1,0.0,1.0,1,2,1,0,0,0,0,1,0,1,0,0,0,0,0,1,0,1,0,0,0,2,8,40
201300044278,13,3,24,5,2,1,1.0,6.0,0.0,2.0,0.0,0.0,2.0,17.0,1,-1,3.0,2.0,2.0,1.0,0.0,0.0,1,0.0,1.0,2,2,2,2,0,0,0,4,2,2,0,0,0,4,0,0,0,1,0,1,0,2,21,50
200500023954,5,4,15,5,2,1,8.0,6.0,0.0,7.0,0.0,15.0,0.0,0.0,1,0,3.0,2.0,2.0,1.0,0.0,65.0,1,0.0,3.0,1,4,1,0,0,0,0,1,1,0,0,0,0,0,0,1,0,0,0,1,0,4,5,0
201400032558,14,6,4,1,2,1,1.0,3.0,0.0,15.0,0.0,0.0,2.0,1.0,1,1,4.0,2.0,2.0,1.0,0.0,92.0,1,0.0,1.0,2,1,2,2,0,0,0,4,2,0,0,2,0,4,0,0,0,1,0,1,0,2,16,5
200500030180,5,5,14,1,2,6,2.0,7.0,0.0,2.0,0.0,0.0,0.0,15.0,1,2,4.0,1.0,3.0,1.0,0.0,90.0,1,0.0,1.0,1,2,0,1,0,0,0,1,0,0,0,1,0,0,0,1,0,0,1,0,0,2,11,50
201400014504,14,4,11,1,2,1,1.0,6.0,0.0,32.0,0.0,0.0,2.0,1.0,1,-1,4.0,2.0,0.0,2.0,0.0,0.0,1,0.0,1.0,2,2,2,2,0,0,0,4,2,2,0,0,0,4,0,0,0,1,0,0,0,2,15,15
200900033403,9,1,22,4,2,3,2.0,2.0,0.0,33.0,0.0,0.0,2.0,1.0,1,2,3.0,2.0,2.0,1.0,0.0,120.0,1,0.0,1.0,2,2,4,0,0,0,0,4,0,0,2,0,2,0,0,2,2,1,0,0,0,2,19,0
201200011064,12,1,1,5,2,1,1.0,6.0,0.0,7.0,0.0,0.0,1.0,0.0,1,1,4.0,3.0,4.0,1.0,0.0,0.0,1,0.0,1.0,1,1,2,0,0,1,0,1,0,0,2,0,0,0,1,0,1,0,1,0,0,2,1,30
200700069645,7,11,8,1,2,2,1.0,3.0,0.0,33.0,0.0,0.0,2.0,1.0,1,2,4.0,2.0,4.0,1.0,40.0,256.0,1,0.0,1.0,2,2,2,2,0,0,0,4,0,0,0,2,2,0,0,4,0,1,0,0,0,2,13,20
201000060230,10,9,8,1,2,1,2.0,7.0,0.0,2.0,0.0,0.0,0.0,1.0,1,2,4.0,1.0,5.0,1.0,4.0,164.0,1,0.0,1.0,1,2,0,1,0,0,0,1,0,0,0,1,0,0,0,1,0,0,0,1,0,2,10,0
200500059731,5,9,18,1,2,1,1.0,2.0,0.0,7.0,0.0,9.0,2.0,1.0,1,-1,4.0,2.0,5.0,1.0,0.0,150.0,1,0.0,1.0,2,2,8,0,0,0,4,4,0,4,4,0,0,0,0,4,4,1,1,0,0,3,9,45
201600031723,16,10,18,2,2,1,1.0,3.0,0.0,7.0,0.0,0.0,2.0,1.0,1,1,6.0,0.0,0.0,1.0,0.0,0.0,1,0.0,0.0,2,1,0,4,0,0,0,4,2,2,0,0,0,2,0,0,2,1,0,0,0,2,19,13
200800000570,8,1,29,3,1,1,1.0,6.0,1.0,7.0,0.0,0.0,1.0,1.0,3,-1,3.0,2.0,2.0,3.0,0.0,60.0,1,0.0,1.0,1,2,1,0,0,1,0,0,0,0,1,0,0,0,1,0,0,1,0,0,0,2,9,0
200900059841,9,10,6,1,1,2,1.0,3.0,0.0,2.0,0.0,0.0,2.0,1.0,1,2,3.0,2.0,2.0,2.0,0.0,0.0,1,0.0,1.0,2,4,4,0,0,0,0,4,4,0,0,0,0,0,0,2,2,1,0,0,0,4,15,45
201000056598,10,4,9,1,1,1,1.0,7.0,0.0,7.0,0.0,0.0,0.0,2.0,1,1,1.0,1.0,3.0,2.0,0.0,90.0,1,0.0,2.0,1,2,0,2,0,0,1,1,0,0,2,0,0,1,0,1,0,1,0,0,0,2,18,30
200500012036,5,2,11,3,2,1,2.0,7.0,0.0,7.0,0.0,0.0,1.0,11.0,1,1,2.0,2.0,0.0,1.0,0.0,0.0,1,0.0,1.0,1,1,0,2,0,1,0,1,0,2,0,0,0,1,0,0,1,1,0,0,0,2,20,50
201600040272,16,7,16,1,2,3,1.0,6.0,0.0,7.0,0.0,0.0,1.0,15.0,1,-1,3.0,0.0,4.0,1.0,0.0,40.0,1,0.0,1.0,1,1,0,2,0,1,0,1,1,0,1,0,0,1,0,0,1,1,0,0,0,3,11,30
201600001097,16,7,15,1,2,1,1.0,6.0,0.0,7.0,0.0,0.0,1.0,4.0,1,1,4.0,2.0,2.0,1.0,75.0,0.0,1,0.0,1.0,1,1,0,2,0,1,0,1,0,0,2,0,0,0,0,1,1,0,1,0,0,2,17,45
201200031478,12,7,23,1,2,3,1.0,3.0,0.0,7.0,0.0,0.0,2.0,16.0,1,-1,4.0,2.0,2.0,1.0,0.0,71.0,-1,5.0,1.0,2,1,4,0,0,0,0,4,4,0,0,0,0,0,0,0,4,1,0,0,0,2,15,55
200800052095,8,9,5,1,2,1,2.0,7.0,0.0,30.0,0.0,0.0,0.0,1.0,1,2,4.0,2.0,2.0,2.0,0.0,62.0,1,0.0,1.0,1,2,0,1,0,0,0,1,0,0,0,1,0,0,0,1,0,0,0,0,0,2,16,25
201200019932,12,3,1,1,1,2,1.0,3.0,0.0,7.0,0.0,0.0,2.0,1.0,1,1,3.0,2.0,2.0,1.0,0.0,58.0,1,0.0,1.0,2,1,4,2,0,0,2,4,2,2,0,0,2,2,0,0,4,1,0,1,0,3,17,0
201400034948,14,10,3,1,2,2,1.0,7.0,0.0,33.0,0.0,0.0,0.0,1.0,1,2,4.0,2.0,4.0,1.0,0.0,0.0,1,5.0,0.0,1,2,1,0,0,0,0,1,0,1,0,0,0,0,0,1,0,0,0,0,0,2,18,35
201200038676,12,11,8,5,2,1,1.0,3.0,0.0,7.0,0.0,0.0,2.0,15.0,1,1,4.0,2.0,2.0,1.0,0.0,60.0,1,0.0,1.0,2,1,4,0,0,0,0,4,0,0,2,0,2,2,0,2,0,1,0,0,0,3,19,0
200700066763,7,10,19,5,2,1,1.0,6.0,0.0,10.0,0.0,0.0,1.0,1.0,3,-1,4.0,2.0,2.0,1.0,0.0,69.0,1,0.0,1.0,1,2,2,0,0,1,0,1,0,0,2,0,0,2,0,0,0,1,0,0,0,2,22,25
200700062380,7,10,11,1,2,1,1.0,3.0,0.0,30.0,0.0,0.0,2.0,17.0,1,2,4.0,2.0,4.0,2.0,0.0,120.0,1,0.0,1.0,2,2,2,2,0,0,0,4,0,2,2,0,0,2,0,2,0,1,0,0,0,2,18,10
200900024028,9,7,19,5,2,1,1.0,7.0,0.0,32.0,0.0,12.0,0.0,17.0,1,2,3.0,2.0,2.0,2.0,0.0,75.0,1,0.0,4.0,1,3,1,0,0,0,0,1,1,0,0,0,0,0,0,1,0,0,0,0,0,3,22,40
201600009613,16,2,17,1,2,1,1.0,1.0,0.0,7.0,0.0,0.0,2.0,1.0,1,1,3.0,2.0,2.0,4.0,0.0,0.0,1,0.0,1.0,2,2,2,2,0,0,0,4,2,0,0,0,2,4,0,0,0,1,0,0,0,3,13,30
200500065839,5,10,4,5,2,1,1.0,3.0,0.0,7.0,0.0,0.0,2.0,16.0,1,-1,4.0,3.0,6.0,1.0,0.0,180.0,1,0.0,1.0,2,1,4,0,0,0,0,4,2,0,0,0,2,0,0,4,0,0,0,1,0,3,20,23
201400053004,14,9,11,5,2,1,1.0,2.0,0.0,7.0,0.0,0.0,2.0,23.0,1,1,4.0,2.0,0.0,1.0,0.0,0.0,1,0.0,1.0,2,1,4,4,2,0,2,4,0,0,8,0,0,6,0,2,0,1,1,0,0,2,20,40
200600020500,6,4,14,1,2,1,1.0,3.0,0.0,7.0,0.0,0.0,2.0,22.0,1,-1,4.0,2.0,2.0,1.0,0.0,78.0,1,0.0,1.0,2,1,0,4,0,0,0,4,0,2,0,0,2,2,0,2,0,1,0,1,0,3,11,35
201000033237,10,9,14,1,2,1,1.0,6.0,0.0,7.0,0.0,0.0,1.0,0.0,1,-1,4.0,2.0,2.0,1.0,0.0,0.0,1,0.0,1.0,1,1,2,0,0,1,0,1,0,0,2,0,0,0,0,0,2,1,0,0,0,2,8,52
201000064109,10,11,28,5,2,2,1.0,6.0,0.0,30.0,0.0,0.0,2.0,1.0,1,2,4.0,2.0,3.0,1.0,0.0,0.0,1,5.0,1.0,2,2,2,0,0,0,0,2,0,2,0,0,0,0,0,2,0,1,0,0,0,2,22,35
201100016752,11,7,30,3,1,1,1.0,3.0,0.0,7.0,0.0,0.0,2.0,0.0,1,1,1.0,1.0,3.0,1.0,0.0,145.0,1,0.0,1.0,2,1,4,2,0,0,2,4,0,2,2,2,0,2,0,4,0,0,0,1,0,3,4,0
201000053803,10,3,5,1,2,1,1.0,7.0,0.0,10.0,0.0,0.0,1.0,4.0,1,1,4.0,2.0,1.0,1.0,0.0,30.0,1,0.0,1.0,1,1,1,1,0,1,0,1,1,0,0,1,0,2,0,0,0,0,1,0,0,2,10,20
201700031340,17,12,6,5,2,1,8.0,6.0,1.0,7.0,0.0,6.0,0.0,14.0,1,1,3.0,2.0,2.0,3.0,0.0,78.0,1,0.0,1.0,1,2,2,1,1,0,1,1,0,0,3,0,0,0,1,2,0,1,0,0,0,3,1,30
200500010135,5,2,2,5,1,1,1.0,7.0,0.0,7.0,0.0,4.0,0.0,19.0,1,1,1.0,3.0,4.0,1.0,15.0,155.0,1,0.0,1.0,1,2,1,0,0,0,0,1,0,0,0,0,1,1,0,0,0,1,0,0,0,2,23,30
200800060793,8,10,17,1,2,1,1.0,7.0,0.0,7.0,0.0,0.0,1.0,1.0,1,1,2.0,3.0,4.0,1.0,5.0,120.0,1,0.0,1.0,1,1,2,0,0,1,0,1,1,0,1,0,0,1,0,0,1,1,0,0,0,4,11,25
200500041611,5,7,23,1,2,1,1.0,1.0,0.0,2.0,0.0,0.0,2.0,13.0,1,2,4.0,2.0,2.0,1.0,0.0,40.0,1,0.0,1.0,2,3,2,2,0,0,0,4,0,0,4,0,0,2,2,0,0,1,0,0,0,3,18,0
200500067364,5,10,9,4,2,1,1.0,6.0,1.0,7.0,0.0,0.0,1.0,2.0,3,-1,2.0,2.0,3.0,1.0,0.0,90.0,1,0.0,1.0,1,2,1,0,0,1,0,0,0,0,1,0,0,1,0,0,0,1,0,0,0,2,19,30
201300012803,13,11,25,1,2,2,1.0,3.0,0.0,7.0,0.0,0.0,0.0,15.0,1,1,3.0,0.0,2.0,1.0,0.0,0.0,1,0.0,1.0,2,1,2,2,0,0,0,4,0,2,0,0,2,4,0,0,0,1,0,0,0,3,12,0
200900046089,9,9,22,1,1,9,1.0,3.0,0.0,33.0,0.0,0.0,2.0,2.0,1,2,3.0,2.0,2.0,2.0,0.0,64.0,1,0.0,1.0,2,3,2,2,0,0,0,4,0,2,0,2,0,2,0,2,0,1,0,1,0,3,17,30
201400043940,14,10,23,1,2,1,1.0,6.0,0.0,7.0,0.0,0.0,1.0,0.0,1,1,2.0,2.0,2.0,1.0,0.0,0.0,1,0.0,1.0,1,1,2,0,0,1,0,1,0,0,2,0,0,2,0,0,0,1,0,0,0,2,14,50
201300026766,13,2,20,1,1,1,1.0,2.0,0.0,7.0,0.0,0.0,2.0,2.0,1,1,3.0,3.0,2.0,1.0,0.0,70.0,1,0.0,1.0,2,1,8,6,8,0,2,4,0,14,0,0,0,4,8,2,0,1,1,0,0,2,13,55
201300051669,13,12,10,1,2,2,1.0,3.0,0.0,7.0,0.0,0.0,2.0,15.0,1,1,4.0,2.0,1.0,2.0,0.0,0.0,1,0.0,1.0,2,1,2,2,0,0,0,4,0,0,0,4,0,4,0,0,0,1,0,0,0,2,11,15
201400005671,14,10,22,1,1,1,1.0,3.0,0.0,7.0,0.0,0.0,2.0,1.0,1,1,3.0,2.0,2.0,3.0,0.0,60.0,1,0.0,1.0,2,3,2,4,0,0,2,4,0,2,2,2,0,0,0,2,4,1,0,1,0,3,10,45
200600024217,6,5,2,3,1,1,1.0,6.0,0.0,7.0,0.0,8.0,0.0,1.0,1,1,3.0,2.0,2.0,1.0,0.0,60.0,1,0.0,3.0,1,3,1,0,0,0,0,1,0,0,1,0,0,0,0,1,0,1,0,0,0,3,1,30
201200040340,12,8,25,1,1,1,1.0,7.0,0.0,10.0,0.0,6.0,0.0,1.0,1,-1,3.0,2.0,2.0,1.0,0.0,67.0,1,0.0,3.0,1,4,1,0,0,0,0,1,0,0,1,0,0,0,0,0,1,1,0,0,0,4,15,25
201400010716,14,10,31,5,2,2,1.0,3.0,0.0,32.0,0.0,0.0,0.0,2.0,1,2,4.0,2.0,2.0,1.0,0.0,0.0,1,0.0,1.0,2,2,2,2,0,0,0,4,0,4,0,0,0,4,0,0,0,1,0,0,0,2,17,30
200700069601,7,11,18,5,2,1,2.0,1.0,0.0,1.0,0.0,0.0,2.0,15.0,1,-1,4.0,2.0,3.0,1.0,0.0,90.0,1,0.0,1.0,2,2,2,4,0,0,2,4,0,2,4,0,0,0,4,2,0,1,0,1,0,2,21,0
200500000917,5,1,20,1,1,1,8.0,1.0,0.0,7.0,0.0,0.0,2.0,13.0,1,1,3.0,2.0,2.0,2.0,0.0,66.0,1,0.0,1.0,2,1,4,4,2,0,2,4,0,4,4,0,0,2,0,2,4,1,0,0,0,3,17,30
201400032209,14,4,4,1,2,2,1.0,3.0,0.0,7.0,0.0,0.0,2.0,1.0,1,1,4.0,2.0,2.0,1.0,0.0,105.0,1,5.0,1.0,2,2,4,2,0,0,2,4,0,6,0,0,0,0,0,0,6,1,0,0,0,2,8,55
200600061521,6,10,17,1,2,2,2.0,3.0,0.0,7.0,0.0,0.0,2.0,1.0,1,-1,4.0,2.0,2.0,1.0,0.0,0.0,1,0.0,1.0,2,1,2,2,0,0,0,4,0,2,0,0,2,2,0,2,0,1,0,1,0,2,7,20
201500023866,15,10,8,1,2,2,1.0,6.0,0.0,7.0,0.0,0.0,1.0,16.0,1,1,4.0,2.0,2.0,1.0,0.0,0.0,1,0.0,1.0,1,1,1,1,0,1,0,1,1,0,1,0,0,0,0,0,2,1,0,0,0,3,12,10
200500048216,5,8,29,1,2,1,1.0,1.0,0.0,7.0,0.0,1.0,9.0,1.0,1,1,3.0,2.0,2.0,1.0,0.0,56.0,1,0.0,1.0,2,2,2,2,0,0,0,4,0,0,4,0,0,2,2,0,0,1,0,0,0,3,11,0
201200045461,12,12,27,1,2,1,1.0,6.0,0.0,7.0,0.0,0.0,1.0,1.0,1,1,3.0,2.0,2.0,1.0,0.0,90.0,1,0.0,1.0,1,1,1,1,0,1,0,1,0,0,1,1,0,0,0,1,1,1,0,0,0,2,16,0
201300051661,13,12,5,1,2,2,1.0,3.0,0.0,33.0,0.0,0.0,2.0,1.0,1,2,4.0,1.0,4.0,1.0,60.0,120.0,1,0.0,0.0,2,2,4,0,0,0,0,4,2,0,0,2,0,2,0,0,2,1,1,0,0,2,16,0
201300011027,13,6,13,1,2,2,1.0,3.0,0.0,2.0,0.0,0.0,2.0,1.0,1,2,4.0,1.0,1.0,1.0,0.0,0.0,1,0.0,1.0,2,2,2,2,0,0,0,4,0,2,2,0,0,2,0,2,0,1,0,1,0,2,14,15
200600039266,6,7,21,1,2,1,1.0,6.0,1.0,7.0,0.0,0.0,1.0,14.0,3,-1,4.0,2.0,2.0,1.0,0.0,54.0,1,0.0,4.0,1,3,1,0,0,1,0,0,0,0,0,0,1,0,0,1,0,1,0,0,0,3,18,25
200900067332,9,10,22,3,1,1,2.0,1.0,0.0,7.0,0.0,0.0,9.0,15.0,1,1,3.0,2.0,3.0,1.0,0.0,0.0,1,0.0,1.0,2,1,6,0,0,0,2,4,2,2,2,0,0,2,0,4,0,1,0,1,0,3,19,30
200700008451,7,2,20,1,2,1,1.0,2.0,0.0,2.0,0.0,0.0,2.0,1.0,1,2,4.0,2.0,2.0,1.0,0.0,68.0,1,0.0,1.0,2,2,2,2,0,0,0,4,0,0,4,0,0,2,2,0,0,1,1,0,0,2,14,35
201200011471,12,6,19,1,2,1,1.0,3.0,0.0,37.0,1.0,0.0,2.0,1.0,1,1,4.0,1.0,2.0,1.0,0.0,35.0,1,0.0,1.0,2,1,2,2,0,0,0,4,0,0,2,2,0,2,0,2,0,1,0,0,0,2,17,10
201400053354,14,3,13,5,2,1,1.0,6.0,1.0,7.0,0.0,0.0,2.0,22.0,1,-1,4.0,0.0,4.0,2.0,0.0,120.0,1,0.0,5.0,2,2,2,0,0,0,0,2,0,0,0,0,2,2,0,0,0,1,0,0,0,2,19,15
200900071569,9,9,27,5,2,1,1.0,7.0,1.0,7.0,0.0,0.0,1.0,0.0,3,-1,4.0,2.0,2.0,1.0,0.0,60.0,1,5.0,1.0,1,4,1,0,0,1,0,0,0,1,0,0,0,0,0,0,1,0,0,0,0,4,20,7
201100057248,11,5,20,5,2,6,1.0,3.0,0.0,2.0,0.0,0.0,2.0,1.0,1,2,4.0,0.0,2.0,1.0,0.0,65.0,1,0.0,1.0,2,2,4,0,0,0,0,4,0,0,4,0,0,0,0,4,0,1,0,0,0,2,22,35
201600003300,16,12,18,1,1,1,1.0,6.0,2.0,33.0,0.0,4.0,0.0,14.0,1,2,3.0,2.0,2.0,2.0,0.0,50.0,1,2.0,3.0,1,3,1,0,0,0,0,1,0,0,1,0,0,0,0,1,0,0,0,1,0,3,11,0
201200054842,12,9,13,1,2,3,1.0,6.0,0.0,7.0,0.0,0.0,2.0,1.0,1,-1,4.0,2.0,2.0,1.0,0.0,80.0,1,0.0,1.0,2,1,4,0,0,0,0,4,0,0,0,0,4,2,0,2,0,0,0,1,0,2,8,0
200800029999,8,6,19,1,2,1,1.0,1.0,0.0,7.0,0.0,0.0,0.0,23.0,1,1,9.0,2.0,2.0,4.0,0.0,55.0,1,0.0,1.0,2,1,4,0,0,0,0,4,0,0,0,0,4,2,0,2,0,1,0,1,0,3,7,30
201300049852,13,6,4,1,1,1,1.0,6.0,0.0,33.0,0.0,13.0,0.0,0.0,1,2,1.0,1.0,3.0,1.0,10.0,110.0,1,0.0,2.0,1,2,1,0,0,0,0,1,0,0,1,0,0,0,0,1,0,1,0,0,0,2,12,30
201000059074,10,8,7,1,1,1,1.0,7.0,0.0,7.0,0.0,13.0,0.0,1.0,1,1,2.0,3.0,4.0,1.0,11.0,144.0,1,0.0,3.0,1,2,1,0,0,0,0,1,0,0,1,0,0,0,0,1,0,1,0,0,0,2,15,45
201500029836,15,4,17,1,2,1,1.0,6.0,1.0,30.0,0.0,0.0,1.0,2.0,3,-1,9.0,0.0,0.0,1.0,0.0,0.0,1,0.0,0.0,1,3,0,1,0,1,0,0,0,1,0,0,0,0,1,0,0,0,0,0,0,3,12,30
200900000442,9,1,12,1,2,1,1.0,7.0,0.0,32.0,0.0,0.0,0.0,21.0,1,2,4.0,2.0,2.0,1.0,0.0,30.0,1,0.0,1.0,1,2,1,0,0,0,0,1,1,0,0,0,0,1,0,0,0,1,0,0,0,2,9,30
201500007894,15,9,16,3,1,1,1.0,1.0,0.0,2.0,0.0,0.0,2.0,1.0,1,2,3.0,2.0,2.0,1.0,0.0,60.0,1,0.0,1.0,2,3,4,0,0,0,0,4,0,0,4,0,0,0,0,4,0,1,0,0,0,3,20,30
201000026040,10,9,25,5,2,1,3.0,6.0,0.0,7.0,0.0,0.0,1.0,1.0,1,1,4.0,2.0,4.0,3.0,0.0,116.0,1,0.0,1.0,1,1,2,1,0,1,1,1,0,0,3,0,0,0,1,2,0,1,0,0,0,4,0,21
200500019910,5,4,10,1,2,1,1.0,3.0,0.0,1.0,0.0,0.0,2.0,9.0,1,0,4.0,2.0,1.0,1.0,0.0,60.0,1,0.0,1.0,2,2,2,2,0,0,0,4,0,0,4,0,0,2,2,0,0,1,0,0,0,2,15,15
201100055078,11,7,3,1,1,1,1.0,4.0,0.0,7.0,0.0,0.0,0.0,2.0,1,1,1.0,1.0,2.0,2.0,15.0,37.0,1,1.0,1.0,3,3,6,3,0,0,0,9,0,0,9,0,0,9,0,0,0,1,1,0,0,3,11,20
200600038894,6,7,7,1,2,2,1.0,2.0,0.0,7.0,0.0,0.0,2.0,1.0,1,1,4.0,2.0,2.0,1.0,0.0,70.0,1,0.0,1.0,2,2,0,8,4,0,2,2,0,8,0,0,0,2,4,0,2,1,1,0,0,2,11,0
200700072803,7,11,20,1,2,3,2.0,3.0,0.0,7.0,0.0,0.0,2.0,10.0,1,-1,4.0,2.0,0.0,1.0,0.0,0.0,1,0.0,1.0,2,1,6,0,0,0,2,4,0,2,0,4,0,4,0,2,0,1,1,0,0,2,11,15
200800033865,8,6,15,1,2,1,1.0,6.0,0.0,7.0,0.0,0.0,1.0,4.0,1,-1,4.0,4.0,1.0,1.0,0.0,100.0,1,0.0,1.0,1,1,1,1,0,1,0,1,0,0,2,0,0,0,0,1,1,0,1,0,0,2,12,25
200500059688,5,9,1,1,2,1,1.0,7.0,0.0,1.0,0.0,0.0,0.0,19.0,1,-1,4.0,1.0,1.0,1.0,0.0,30.0,1,0.0,1.0,1,2,1,0,0,0,0,1,0,0,1,0,0,0,1,0,0,1,0,0,0,2,15,40
201200035664,12,8,14,1,2,1,1.0,3.0,0.0,30.0,0.0,0.0,2.0,17.0,1,2,4.0,3.0,3.0,1.0,20.0,60.0,1,0.0,1.0,2,2,2,2,0,0,0,4,0,2,0,2,0,2,0,2,0,1,0,0,0,2,15,35
201000034189,10,1,29,2,2,1,2.0,6.0,0.0,7.0,0.0,0.0,1.0,1.0,1,1,3.0,2.0,2.0,1.0,0.0,56.0,1,0.0,1.0,1,1,0,2,0,1,0,1,0,0,2,0,0,1,1,0,0,1,0,0,0,2,17,0
201600050066,16,4,12,3,1,1,1.0,6.0,1.0,15.0,0.0,3.0,0.0,13.0,1,1,1.0,3.0,6.0,1.0,30.0,127.0,1,0.0,1.0,1,4,1,0,0,0,0,1,0,0,0,1,0,1,0,0,0,1,0,0,0,4,6,15
200900039382,9,11,30,3,1,1,2.0,1.0,0.0,10.0,0.0,0.0,2.0,1.0,1,1,3.0,2.0,0.0,1.0,64.0,0.0,1,0.0,1.0,2,1,4,0,0,0,0,4,0,0,2,0,2,2,2,0,0,1,1,0,0,4,17,30
200800050068,8,9,16,5,2,1,1.0,7.0,0.0,33.0,0.0,0.0,0.0,1.0,1,2,4.0,2.0,2.0,1.0,0.0,120.0,1,0.0,1.0,1,2,1,1,0,0,1,1,0,2,0,0,0,1,0,1,0,0,0,1,0,2,20,40
200500000848,5,1,29,1,1,1,1.0,1.0,0.0,7.0,0.0,0.0,2.0,1.0,1,1,3.0,2.0,0.0,0.0,0.0,103.0,1,0.0,1.0,2,1,4,2,0,0,2,4,4,2,0,0,0,2,0,2,2,1,0,0,0,3,10,30
200500049523,5,8,21,1,1,1,2.0,7.0,0.0,5.0,0.0,13.0,0.0,14.0,1,2,3.0,2.0,0.0,2.0,0.0,70.0,1,0.0,0.0,1,3,1,0,0,0,0,1,0,0,1,0,0,0,0,1,0,1,0,0,0,3,17,45
201400052399,14,1,22,5,2,3,1.0,6.0,0.0,33.0,0.0,1.0,0.0,14.0,1,2,4.0,1.0,1.0,1.0,0.0,42.0,1,0.0,1.0,1,3,1,0,0,0,0,1,0,1,0,0,0,0,0,1,0,0,0,1,0,3,2,33
200500023658,5,4,10,3,1,1,1.0,6.0,0.0,7.0,0.0,0.0,0.0,0.0,1,1,2.0,2.0,1.0,1.0,0.0,80.0,1,0.0,1.0,2,1,2,2,0,0,0,4,0,0,4,0,0,2,0,2,0,0,0,1,0,3,2,45
200800053649,8,9,18,1,1,1,1.0,6.0,0.0,33.0,0.0,0.0,2.0,1.0,1,2,1.0,3.0,4.0,0.0,20.0,70.0,1,0.0,1.0,2,2,4,0,0,0,0,4,0,2,0,0,2,2,0,2,0,0,0,1,0,2,17,5
201400024617,14,10,2,1,2,4,1.0,6.0,0.0,7.0,0.0,0.0,1.0,1.0,1,-1,4.0,1.0,1.0,1.0,0.0,0.0,1,0.0,1.0,1,1,1,1,0,1,0,1,0,2,0,0,0,1,1,0,0,1,0,0,0,2,16,0
200600073996,6,12,24,3,1,1,9.0,6.0,0.0,7.0,0.0,13.0,0.0,13.0,1,1,3.0,2.0,2.0,2.0,0.0,0.0,0,0.0,3.0,1,3,1,0,0,0,0,1,0,0,0,0,1,1,0,0,0,1,0,0,0,3,20,45
200500075147,5,11,7,1,2,3,1.0,3.0,0.0,10.0,0.0,0.0,2.0,15.0,1,1,4.0,2.0,4.0,1.0,0.0,120.0,1,0.0,1.0,2,1,2,2,0,0,0,4,0,0,0,4,0,2,0,2,0,1,0,0,0,2,14,30
201100007544,11,8,21,1,1,1,1.0,1.0,0.0,2.0,0.0,0.0,2.0,1.0,1,2,2.0,2.0,2.0,1.0,0.0,67.0,1,0.0,1.0,2,3,6,4,4,0,2,4,0,6,4,0,0,2,4,4,0,1,0,0,0,3,19,0