Num_Acc,an,mois,jour,lum,agg,int,atm,col,senc,catv,occutc,obs,obsm,manv,catu,secu,catr,circ,nbv,prof,lartpc,larrout,surf,infra,situ,nb_veh,grav_simpl,Homme,Femme,Arrière,Autre_x,Avant,Conducteur,Autre_y,Inconnu,Loisirs,Professionnel,Travail,Adulte,Enfant,Jeune,Senior,choc_avant,choc_arriere,choc_lateral,choc_multiple,grav_order_max,heure,minute
200500082501,5,12,4,1,2,3,2.0,3.0,0.0,10.0,0.0,0.0,2.0,22.0,1,-1,4.0,2.0,2.0,1.0,0.0,60.0,1,0.0,1.0,2,1,4,0,0,0,0,4,0,0,4,0,0,4,0,0,0,1,0,1,0,2,13,13
200600048873,6,8,16,1,2,3,1.0,3.0,0.0,7.0,0.0,0.0,2.0,13.0,1,1,4.0,2.0,2.0,0.0,0.0,6.0,1,0.0,1.0,2,1,2,2,0,0,0,4,0,4,0,0,0,2,0,2,0,1,1,0,0,3,8,50
200800069518,8,12,31,3,1,1,8.0,7.0,0.0,7.0,0.0,2.0,0.0,1.0,1,1,3.0,2.0,2.0,2.0,0.0,61.0,1,0.0,1.0,1,3,1,0,0,0,0,1,0,0,1,0,0,0,0,1,0,0,0,0,1,3,23,30
201200028858,12,5,19,5,2,1,8.0,2.0,0.0,7.0,0.0,0.0,2.0,1.0,1,1,4.0,2.0,3.0,1.0,0.0,60.0,1,0.0,1.0,2,1,2,4,0,0,2,4,0,0,6,0,0,4,0,2,0,1,1,0,0,2,3,45
201000000348,10,4,2,1,1,1,2.0,3.0,0.0,7.0,0.0,0.0,0.0,17.0,1,1,3.0,2.0,0.0,1.0,0.0,0.0,1,0.0,1.0,2,1,2,2,0,0,0,4,0,0,0,0,4,0,0,4,0,1,0,1,0,2,15,0
200800035000,8,6,26,1,2,2,1.0,6.0,0.0,7.0,0.0,0.0,1.0,15.0,1,1,4.0,1.0,2.0,1.0,0.0,0.0,1,0.0,1.0,1,1,2,0,0,1,0,1,0,2,0,0,0,2,0,0,0,1,0,0,0,2,8,40
200600036413,6,6,7,1,2,1,1.0,3.0,0.0,7.0,0.0,0.0,2.0,11.0,1,1,3.0,2.0,4.0,1.0,0.0,120.0,1,0.0,1.0,2,1,2,2,0,0,0,4,2,0,2,0,0,2,0,2,0,1,0,0,0,2,18,30
201000030219,10,3,14,1,2,1,1.0,7.0,0.0,31.0,0.0,15.0,0.0,1.0,1,2,3.0,2.0,4.0,1.0,30.0,120.0,1,0.0,1.0,1,2,1,0,0,0,0,1,0,0,1,0,0,0,1,0,0,1,0,0,0,2,16,40
201200023640,12,1,11,1,2,1,1.0,7.0,0.0,3.0,0.0,0.0,1.0,2.0,1,-1,4.0,1.0,2.0,1.0,0.0,0.0,1,0.0,1.0,1,1,2,0,0,1,0,1,0,2,0,0,0,0,0,1,1,1,0,0,0,2,16,30
200500012029,5,1,18,1,1,1,2.0,5.0,0.0,7.0,0.0,0.0,2.0,13.0,1,1,3.0,2.0,2.0,0.0,0.0,0.0,1,0.0,1.0,5,1,15,10,0,0,0,25,5,0,0,0,20,15,0,10,0,1,1,0,0,2,8,0
201600023864,16,5,9,1,2,6,3.0,3.0,2.0,7.0,0.0,0.0,0.0,16.0,1,-1,4.0,2.0,2.0,1.0,0.0,100.0,1,0.0,1.0,2,2,4,2,0,0,2,4,6,0,0,0,0,0,2,2,2,1,0,1,0,2,14,50
201100006791,11,6,12,1,2,1,1.0,3.0,0.0,7.0,0.0,0.0,2.0,15.0,1,1,3.0,2.0,0.0,1.0,0.0,60.0,1,0.0,1.0,2,3,2,4,0,0,2,4,0,2,4,0,0,0,0,4,2,1,0,1,0,3,18,45
201600028887,16,8,14,1,2,6,1.0,2.0,1.0,37.0,0.0,0.0,2.0,2.0,1,1,4.0,2.0,4.0,1.0,0.0,0.0,1,0.0,1.0,2,1,0,4,0,0,0,4,0,0,2,2,0,4,0,0,0,1,1,0,0,2,10,20
200700046229,7,7,24,1,2,1,1.0,7.0,0.0,31.0,0.0,0.0,0.0,21.0,1,2,4.0,2.0,1.0,1.0,0.0,0.0,1,0.0,1.0,1,2,1,0,0,0,0,1,0,0,0,1,0,1,0,0,0,0,0,1,0,2,17,10
200800006246,8,2,4,1,1,1,1.0,1.0,0.0,7.0,0.0,0.0,0.0,13.0,1,1,3.0,2.0,2.0,1.0,0.0,52.0,1,0.0,1.0,2,3,4,0,0,0,0,4,0,0,2,0,2,2,0,2,0,1,0,0,0,3,13,0
201700035850,17,5,12,1,2,2,1.0,6.0,1.0,7.0,0.0,0.0,1.0,1.0,3,-1,3.0,2.0,2.0,1.0,0.0,70.0,1,0.0,1.0,1,3,1,0,0,1,0,0,0,0,1,0,0,0,0,1,0,1,0,0,0,3,16,5
200500031502,5,5,6,1,2,3,1.0,3.0,0.0,7.0,0.0,0.0,2.0,2.0,1,1,4.0,1.0,1.0,1.0,0.0,0.0,1,0.0,1.0,2,2,4,2,2,0,0,4,0,4,2,0,0,0,2,4,0,1,0,1,0,2,15,30
201600043148,16,11,11,5,2,1,9.0,2.0,0.0,7.0,0.0,1.0,2.0,1.0,1,-1,6.0,0.0,0.0,0.0,0.0,0.0,-1,0.0,1.0,2,2,0,4,0,0,2,2,0,4,0,0,0,0,0,4,0,1,1,0,0,2,23,0
201100032818,11,6,11,5,2,1,1.0,6.0,0.0,7.0,0.0,2.0,0.0,1.0,1,1,4.0,2.0,2.0,1.0,0.0,0.0,1,0.0,1.0,1,1,1,1,0,0,1,1,0,2,0,0,0,2,0,0,0,1,0,0,0,3,22,10
200800040901,8,7,25,1,2,1,1.0,6.0,0.0,7.0,0.0,0.0,1.0,1.0,1,1,4.0,2.0,2.0,1.0,0.0,60.0,1,0.0,1.0,1,1,0,2,0,1,0,1,0,0,1,1,0,1,1,0,0,0,0,0,0,2,18,15
200700051195,7,8,13,1,2,1,1.0,3.0,0.0,7.0,0.0,0.0,2.0,2.0,1,-1,4.0,1.0,1.0,1.0,0.0,0.0,1,0.0,1.0,2,1,4,0,0,0,0,4,2,0,2,0,0,2,2,0,0,1,1,0,0,2,19,35
200500026824,5,5,9,1,1,1,1.0,6.0,0.0,7.0,0.0,0.0,0.0,0.0,1,1,3.0,0.0,2.0,3.0,0.0,68.0,1,0.0,1.0,2,2,4,2,0,0,2,4,4,2,0,0,0,2,0,4,0,0,0,1,0,2,19,30
200900049879,9,9,24,1,2,1,1.0,2.0,0.0,7.0,0.0,0.0,2.0,2.0,1,-1,3.0,2.0,2.0,1.0,0.0,0.0,1,0.0,1.0,2,1,2,2,0,0,0,4,0,0,4,0,0,0,2,0,2,1,1,0,0,2,11,20
200900027333,9,10,24,5,2,2,2.0,2.0,0.0,7.0,0.0,0.0,2.0,1.0,1,1,4.0,1.0,2.0,1.0,0.0,0.0,1,0.0,1.0,2,1,4,0,0,0,0,4,0,0,4,0,0,0,0,4,0,1,1,0,0,2,1,50
201600000720,16,7,13,1,1,1,1.0,1.0,1.0,7.0,0.0,0.0,2.0,1.0,1,1,3.0,2.0,0.0,0.0,0.0,0.0,1,0.0,1.0,2,1,4,0,0,0,0,4,0,0,0,0,4,0,0,4,0,1,0,0,0,3,8,0
201300011243,13,9,30,1,2,1,1.0,2.0,0.0,7.0,0.0,0.0,2.0,1.0,1,1,4.0,1.0,1.0,1.0,0.0,0.0,1,0.0,1.0,2,1,2,2,0,0,0,4,0,0,4,0,0,0,0,0,4,0,0,1,0,2,9,54
201700043364,17,4,2,1,2,1,1.0,6.0,2.0,7.0,0.0,0.0,1.0,1.0,1,1,4.0,2.0,2.0,1.0,0.0,0.0,1,0.0,1.0,1,1,1,1,0,1,0,1,0,1,1,0,0,1,1,0,0,0,0,1,0,3,17,25
201600042501,16,2,12,1,2,1,2.0,4.0,1.0,7.0,0.0,0.0,2.0,2.0,1,1,3.0,3.0,2.0,1.0,0.0,0.0,1,0.0,1.0,3,2,6,0,0,0,0,6,0,0,6,0,0,3,0,3,0,1,0,0,0,2,15,20
201300021839,13,8,30,1,2,1,1.0,6.0,0.0,7.0,0.0,0.0,1.0,1.0,1,1,4.0,2.0,4.0,2.0,0.0,0.0,1,0.0,1.0,1,1,1,1,0,1,0,1,0,0,2,0,0,0,0,1,1,1,0,0,0,2,14,50
201100062758,11,12,4,5,2,2,2.0,6.0,0.0,32.0,0.0,0.0,2.0,1.0,1,2,4.0,2.0,2.0,1.0,0.0,0.0,1,0.0,1.0,2,2,0,2,0,0,0,2,0,0,0,0,2,0,0,2,0,1,1,0,0,2,19,40
200500083884,5,12,30,5,2,1,3.0,4.0,0.0,7.0,0.0,0.0,2.0,1.0,1,1,2.0,2.0,2.0,2.0,0.0,70.0,1,0.0,1.0,4,1,8,8,0,0,0,16,4,0,12,0,0,12,0,4,0,1,1,0,0,2,18,0
201100055695,11,4,29,1,1,1,3.0,3.0,0.0,7.0,0.0,3.0,2.0,2.0,1,1,1.0,3.0,4.0,1.0,20.0,210.0,1,0.0,1.0,2,1,4,0,0,0,0,4,0,4,0,0,0,0,0,4,0,1,0,0,0,2,20,0
200900018673,9,3,14,1,1,1,1.0,3.0,0.0,10.0,0.0,0.0,2.0,1.0,2,1,3.0,2.0,0.0,1.0,0.0,70.0,1,0.0,1.0,2,2,8,2,2,0,4,4,0,6,4,0,0,2,2,6,0,1,0,0,0,3,19,45
201300050321,13,11,29,2,2,3,1.0,4.0,0.0,32.0,0.0,0.0,0.0,1.0,1,2,4.0,1.0,4.0,1.0,0.0,0.0,1,0.0,1.0,3,2,9,0,0,0,0,9,0,6,0,0,3,0,0,9,0,1,1,0,0,2,7,20
201600025160,16,6,7,1,2,1,1.0,2.0,1.0,7.0,0.0,0.0,2.0,2.0,1,1,2.0,3.0,4.0,1.0,0.0,0.0,1,0.0,1.0,2,2,2,2,0,0,0,4,0,0,0,0,4,2,0,0,2,1,1,0,0,2,18,30
200500035677,5,6,23,1,2,1,1.0,4.0,1.0,7.0,0.0,0.0,2.0,0.0,1,2,4.0,3.0,3.0,1.0,15.0,90.0,1,0.0,1.0,3,2,6,0,0,0,0,6,0,0,3,3,0,6,0,0,0,1,1,0,0,2,14,25
200900038538,9,3,9,1,1,1,1.0,2.0,0.0,15.0,0.0,0.0,2.0,12.0,1,1,1.0,3.0,2.0,1.0,15.0,140.0,1,0.0,1.0,2,1,4,0,0,0,0,4,0,0,0,2,2,4,0,0,0,1,1,0,0,2,16,10
201100027868,11,9,13,1,2,1,1.0,4.0,0.0,7.0,0.0,0.0,2.0,2.0,1,-1,4.0,2.0,2.0,2.0,0.0,0.0,1,0.0,1.0,4,1,12,8,4,0,0,16,0,12,4,4,0,8,4,4,4,1,1,0,0,2,16,10
200600060418,6,10,15,5,2,1,1.0,1.0,0.0,7.0,0.0,0.0,2.0,1.0,1,1,4.0,2.0,1.0,2.0,0.0,0.0,1,0.0,1.0,2,2,2,4,0,0,2,4,0,6,0,0,0,0,0,6,0,1,0,0,0,2,22,50
201500019033,15,12,9,1,1,1,1.0,2.0,0.0,37.0,1.0,0.0,2.0,1.0,1,1,3.0,2.0,2.0,1.0,0.0,0.0,1,0.0,1.0,2,2,2,2,0,0,0,4,0,0,0,2,2,2,0,2,0,1,1,0,0,3,9,30
200900063496,9,12,16,5,1,1,1.0,4.0,0.0,7.0,0.0,0.0,2.0,2.0,1,-1,2.0,3.0,3.0,1.0,5.0,35.0,1,0.0,1.0,3,1,9,0,0,0,0,9,0,0,3,3,3,9,0,0,0,1,1,0,0,2,21,5
201600029987,16,2,13,3,2,1,1.0,3.0,1.0,7.0,0.0,0.0,2.0,0.0,1,2,4.0,0.0,0.0,0.0,0.0,0.0,-1,0.0,0.0,2,2,2,0,0,0,0,2,0,2,0,0,0,2,0,0,0,1,0,0,0,2,1,43
201600027863,16,5,9,1,2,1,1.0,6.0,2.0,7.0,0.0,0.0,1.0,1.0,1,1,4.0,2.0,4.0,1.0,0.0,0.0,1,0.0,1.0,1,1,1,1,0,1,0,1,1,0,0,0,1,1,1,0,0,1,0,0,0,3,17,25
200700019531,7,4,19,5,2,1,1.0,3.0,0.0,7.0,0.0,0.0,0.0,15.0,1,1,4.0,2.0,2.0,1.0,0.0,62.0,1,0.0,1.0,2,1,4,2,0,0,2,4,0,2,4,0,0,4,2,0,0,1,0,0,0,3,21,45
200600019847,6,4,28,1,2,1,1.0,3.0,0.0,7.0,0.0,0.0,2.0,2.0,1,-1,4.0,3.0,5.0,1.0,0.0,0.0,1,0.0,1.0,2,1,4,2,0,0,2,4,0,4,0,0,2,2,2,2,0,0,0,1,0,2,15,55
201600032255,16,6,18,2,1,1,1.0,7.0,2.0,7.0,0.0,13.0,0.0,14.0,1,1,1.0,3.0,2.0,2.0,0.0,70.0,1,0.0,0.0,1,1,1,1,0,0,1,1,0,1,1,0,0,1,0,1,0,0,0,0,1,2,16,45
200700030950,7,5,17,1,2,4,2.0,7.0,0.0,7.0,0.0,3.0,0.0,12.0,1,-1,2.0,1.0,1.0,1.0,0.0,50.0,1,0.0,1.0,1,3,1,0,0,0,0,1,0,1,0,0,0,0,0,1,0,1,0,0,0,3,16,0
201200026088,12,6,2,3,2,3,1.0,3.0,0.0,7.0,0.0,0.0,2.0,1.0,1,1,4.0,2.0,2.0,3.0,0.0,100.0,1,0.0,1.0,2,2,6,2,0,0,4,4,0,4,0,0,4,2,0,6,0,1,0,0,0,2,23,40
201300042189,13,7,18,1,2,3,1.0,6.0,0.0,7.0,0.0,0.0,2.0,15.0,1,1,4.0,2.0,1.0,1.0,0.0,60.0,1,0.0,1.0,2,1,2,2,0,0,0,4,0,4,0,0,0,0,0,2,2,0,0,1,0,2,11,0
200600079638,6,12,12,5,2,1,1.0,3.0,0.0,7.0,0.0,0.0,2.0,15.0,1,1,4.0,2.0,2.0,1.0,0.0,60.0,1,0.0,1.0,2,1,4,0,0,0,0,4,0,0,2,0,2,4,0,0,0,1,0,1,0,2,19,0
200500016398,5,3,11,5,2,2,1.0,2.0,0.0,5.0,0.0,0.0,2.0,1.0,1,2,4.0,2.0,4.0,1.0,0.0,120.0,1,0.0,1.0,2,2,6,0,0,0,2,4,0,2,4,0,0,2,0,4,0,1,1,0,0,2,0,15
201000013818,10,8,23,1,1,1,1.0,2.0,0.0,7.0,0.0,0.0,2.0,15.0,1,1,2.0,2.0,2.0,1.0,0.0,106.0,1,0.0,1.0,2,1,2,2,0,0,0,4,0,2,2,0,0,2,0,2,0,1,1,0,0,3,16,15
201300043776,13,3,28,1,2,1,1.0,6.0,0.0,7.0,0.0,2.0,0.0,2.0,1,-1,3.0,1.0,3.0,2.0,0.0,0.0,1,0.0,1.0,1,3,1,0,0,0,0,1,0,1,0,0,0,1,0,0,0,1,0,0,0,3,11,25
200800041774,8,7,5,5,1,1,1.0,6.0,0.0,7.0,0.0,4.0,2.0,0.0,2,1,3.0,3.0,4.0,0.0,10.0,70.0,1,0.0,1.0,2,2,6,2,2,0,2,4,0,4,4,0,0,2,0,6,0,0,0,0,0,2,0,40
201000025419,10,6,4,1,2,1,1.0,1.0,0.0,7.0,0.0,0.0,2.0,1.0,1,1,4.0,2.0,2.0,1.0,0.0,0.0,1,0.0,1.0,2,1,4,0,0,0,0,4,2,0,2,0,0,0,0,4,0,1,0,0,0,2,14,56
200500012433,5,3,27,4,2,3,8.0,6.0,0.0,4.0,0.0,0.0,2.0,1.0,1,2,3.0,2.0,2.0,1.0,0.0,60.0,1,0.0,1.0,1,3,1,0,0,0,0,1,0,0,1,0,0,0,1,0,0,1,0,0,0,3,3,0
200600069696,6,11,2,1,1,1,1.0,4.0,1.0,7.0,0.0,0.0,0.0,3.0,1,-1,2.0,2.0,2.0,1.0,0.0,70.0,1,0.0,1.0,5,1,15,5,0,0,0,20,0,0,0,15,5,15,0,0,5,1,1,0,0,2,7,55
200600070574,6,11,23,5,2,1,2.0,1.0,1.0,7.0,0.0,0.0,2.0,13.0,1,1,4.0,2.0,0.0,1.0,0.0,6.0,1,0.0,1.0,2,2,2,0,0,0,0,2,0,2,0,0,0,2,0,0,0,1,0,0,0,2,20,30
201000047548,10,11,29,5,1,3,1.0,2.0,0.0,7.0,0.0,0.0,2.0,1.0,1,1,2.0,2.0,2.0,1.0,0.0,74.0,1,0.0,1.0,2,1,4,2,0,0,2,4,0,0,6,0,0,2,0,4,0,1,1,0,0,2,19,45
200600050689,6,9,8,1,1,3,1.0,1.0,0.0,20.0,0.0,0.0,2.0,16.0,1,-1,3.0,2.0,2.0,0.0,0.0,50.0,1,0.0,1.0,2,1,4,0,0,0,0,4,0,0,0,2,2,0,0,4,0,1,0,0,0,2,15,45
200700077232,7,12,12,5,2,1,1.0,3.0,0.0,7.0,0.0,0.0,0.0,9.0,1,1,4.0,2.0,2.0,1.0,0.0,0.0,1,0.0,1.0,2,1,4,0,0,0,0,4,0,0,0,0,4,0,0,4,0,1,0,0,0,2,17,5
201100042916,11,3,10,1,2,4,1.0,2.0,0.0,7.0,0.0,0.0,0.0,2.0,1,1,2.0,2.0,3.0,2.0,0.0,103.0,1,0.0,1.0,2,1,2,2,0,0,0,4,0,0,4,0,0,2,0,2,0,1,1,0,0,3,14,25
200700061793,7,10,26,2,2,3,1.0,3.0,0.0,2.0,0.0,0.0,2.0,1.0,1,2,3.0,2.0,2.0,1.0,0.0,73.0,1,0.0,1.0,2,3,4,0,0,0,0,4,0,0,0,2,2,4,0,0,0,1,0,1,0,3,7,50
201000032370,10,2,24,1,2,1,1.0,3.0,0.0,2.0,0.0,0.0,2.0,1.0,1,2,4.0,2.0,2.0,1.0,0.0,0.0,1,0.0,1.0,2,2,2,2,0,0,0,4,4,0,0,0,0,2,2,0,0,1,0,0,0,2,12,30
200800003515,8,1,18,1,2,1,2.0,2.0,0.0,2.0,0.0,0.0,2.0,2.0,1,2,3.0,2.0,2.0,1.0,0.0,65.0,1,0.0,1.0,2,2,2,2,0,0,0,4,2,0,0,2,0,0,0,4,0,1,1,0,0,2,15,50
201600054691,16,10,8,1,2,1,1.0,2.0,2.0,7.0,0.0,0.0,2.0,10.0,1,1,4.0,2.0,3.0,1.0,0.0,0.0,1,0.0,1.0,2,1,4,2,0,0,2,4,0,0,6,0,0,6,0,0,0,1,0,0,0,2,10,40
201100021084,11,10,31,1,2,1,1.0,4.0,0.0,7.0,0.0,0.0,2.0,2.0,1,-1,4.0,1.0,2.0,1.0,0.0,0.0,1,0.0,1.0,3,1,3,6,0,0,0,9,0,0,9,0,0,0,0,3,6,1,1,0,0,2,16,15
201000062788,10,5,25,1,2,1,1.0,3.0,0.0,1.0,0.0,0.0,2.0,1.0,1,-1,4.0,3.0,2.0,2.0,0.0,0.0,1,0.0,1.0,2,2,4,0,0,0,0,4,0,0,4,0,0,4,0,0,0,1,0,0,0,2,19,10
200900040384,9,4,3,3,1,1,1.0,2.0,0.0,33.0,0.0,0.0,2.0,2.0,1,2,1.0,3.0,2.0,1.0,20.0,200.0,1,0.0,1.0,2,3,6,6,6,0,2,4,0,0,12,0,0,0,6,2,4,1,1,0,0,3,21,10
201000049502,10,6,2,1,2,1,1.0,6.0,0.0,7.0,0.0,0.0,0.0,1.0,1,1,3.0,3.0,2.0,1.0,0.0,40.0,1,0.0,1.0,3,1,6,3,0,0,0,9,3,0,3,0,3,3,3,0,3,1,1,0,0,2,15,0
201200047119,12,5,23,1,2,1,1.0,3.0,0.0,7.0,0.0,0.0,2.0,20.0,1,-1,4.0,1.0,1.0,1.0,0.0,40.0,1,0.0,1.0,2,1,4,0,0,0,0,4,2,0,2,0,0,0,0,4,0,0,0,1,0,2,15,15
200900043141,9,6,27,1,1,1,1.0,5.0,0.0,7.0,0.0,0.0,2.0,2.0,1,1,1.0,3.0,4.0,1.0,20.0,150.0,1,0.0,1.0,3,1,6,3,0,0,0,9,0,0,0,0,9,6,0,3,0,0,1,1,0,2,15,30
200700000775,7,1,21,5,2,9,1.0,5.0,0.0,7.0,0.0,0.0,9.0,20.0,1,1,4.0,2.0,2.0,1.0,0.0,0.0,1,0.0,1.0,3,1,6,6,0,0,3,9,0,6,3,0,3,3,6,0,3,1,1,0,0,3,19,30
201300049498,13,10,11,5,1,1,2.0,7.0,0.0,7.0,0.0,4.0,0.0,0.0,1,1,3.0,2.0,4.0,3.0,15.0,140.0,1,0.0,1.0,1,3,0,1,0,0,0,1,0,0,1,0,0,0,0,1,0,1,0,0,0,3,0,30
201500003100,15,9,7,1,1,1,1.0,1.0,0.0,10.0,0.0,0.0,2.0,1.0,1,1,3.0,2.0,2.0,2.0,0.0,70.0,1,0.0,1.0,2,1,2,2,0,0,0,4,0,0,2,2,0,0,0,0,4,1,0,0,0,3,16,0
201600003495,16,3,18,1,1,1,1.0,3.0,1.0,15.0,0.0,0.0,2.0,15.0,1,1,3.0,2.0,2.0,1.0,0.0,70.0,1,5.0,1.0,2,1,2,2,0,0,0,4,0,0,2,2,0,0,0,4,0,1,0,1,0,3,13,45
201500036694,15,5,8,1,2,2,1.0,2.0,0.0,7.0,0.0,0.0,2.0,1.0,1,1,4.0,2.0,2.0,1.0,0.0,0.0,1,0.0,0.0,2,1,6,2,0,0,4,4,0,8,0,0,0,4,0,4,0,1,1,0,0,2,14,30
200600059325,6,10,13,1,1,1,1.0,6.0,0.0,7.0,0.0,2.0,0.0,13.0,1,1,3.0,2.0,2.0,0.0,0.0,66.0,1,0.0,3.0,1,4,1,0,0,0,0,1,0,0,1,0,0,0,0,0,1,1,0,0,0,4,16,30
201400035269,14,10,30,1,2,3,1.0,3.0,0.0,7.0,0.0,0.0,2.0,15.0,1,1,4.0,2.0,2.0,1.0,0.0,-1.0,1,5.0,0.0,2,1,2,4,0,0,2,4,2,0,4,0,0,0,2,4,0,0,0,1,0,2,14,0
200700070757,7,11,26,1,2,1,1.0,3.0,0.0,7.0,0.0,0.0,2.0,7.0,1,-1,4.0,2.0,2.0,0.0,0.0,0.0,1,0.0,1.0,2,1,4,2,0,0,2,4,0,6,0,0,0,4,0,2,0,1,0,1,0,3,14,30
200800001165,8,1,30,3,1,1,1.0,7.0,0.0,33.0,0.0,16.0,0.0,1.0,1,2,3.0,2.0,0.0,1.0,0.0,55.0,1,0.0,1.0,1,2,1,0,0,0,0,1,0,0,1,0,0,1,0,0,0,1,0,0,0,2,19,45
201500001118,15,5,14,1,1,1,1.0,1.0,0.0,7.0,0.0,13.0,9.0,19.0,1,1,4.0,2.0,1.0,2.0,0.0,60.0,1,0.0,1.0,2,3,4,0,0,0,0,4,0,0,2,2,0,4,0,0,0,0,1,0,1,3,10,45
200600025315,6,5,11,5,2,2,1.0,3.0,0.0,2.0,0.0,0.0,2.0,1.0,1,2,4.0,1.0,0.0,1.0,0.0,80.0,-1,0.0,1.0,2,2,4,0,0,0,0,4,0,2,0,2,0,0,2,2,0,1,0,0,0,2,21,26
201600044505,16,11,29,1,2,1,1.0,6.0,0.0,7.0,0.0,0.0,1.0,1.0,1,1,4.0,3.0,2.0,1.0,0.0,-1.0,1,0.0,0.0,1,1,2,0,0,1,0,1,1,0,1,0,0,0,1,1,0,1,0,0,0,2,14,10
200700065915,7,10,6,1,2,1,1.0,2.0,0.0,33.0,0.0,0.0,2.0,1.0,1,2,3.0,2.0,0.0,1.0,0.0,0.0,1,0.0,1.0,2,3,4,0,0,0,0,4,0,4,0,0,0,2,0,2,0,0,1,1,0,3,18,30
200700077697,7,12,18,5,2,2,1.0,3.0,0.0,34.0,0.0,0.0,2.0,17.0,1,2,4.0,2.0,2.0,1.0,0.0,60.0,1,0.0,1.0,2,3,4,0,0,0,0,4,0,0,2,2,0,0,0,4,0,1,0,0,0,3,19,45
201000021380,10,6,18,1,1,1,1.0,1.0,0.0,7.0,0.0,0.0,2.0,1.0,1,-1,3.0,2.0,2.0,2.0,0.0,60.0,1,0.0,1.0,2,1,4,0,0,0,0,4,0,0,4,0,0,4,0,0,0,1,0,0,0,2,17,0
201300007610,13,7,11,1,1,3,1.0,3.0,0.0,7.0,0.0,0.0,2.0,1.0,1,1,3.0,0.0,2.0,2.0,0.0,76.0,1,5.0,1.0,2,1,4,2,0,0,2,4,0,2,4,0,0,2,0,0,4,1,0,1,0,4,12,30
200500032449,5,6,17,5,2,1,1.0,6.0,0.0,5.0,0.0,0.0,1.0,1.0,1,-1,4.0,1.0,3.0,1.0,0.0,110.0,1,0.0,1.0,1,2,1,1,0,1,0,1,0,1,1,0,0,1,0,1,0,1,0,0,0,2,23,40
200600002175,6,1,8,1,1,9,2.0,6.0,0.0,7.0,0.0,0.0,0.0,1.0,1,1,2.0,1.0,2.0,1.0,0.0,140.0,1,0.0,1.0,1,1,1,1,0,0,1,1,0,1,1,0,0,2,0,0,0,1,0,0,0,2,15,10
200500007300,5,2,4,1,2,1,1.0,3.0,0.0,7.0,0.0,0.0,2.0,15.0,1,1,4.0,2.0,2.0,1.0,0.0,60.0,1,0.0,1.0,2,1,4,0,0,0,0,4,0,2,0,0,2,4,0,0,0,1,0,0,0,3,7,50
201300036085,13,11,15,1,2,1,1.0,4.0,0.0,7.0,0.0,0.0,2.0,1.0,1,1,3.0,2.0,2.0,1.0,0.0,0.0,1,0.0,1.0,3,2,6,3,0,0,0,9,3,6,0,0,0,6,0,3,0,1,1,0,0,2,9,30
201200000080,12,3,25,1,2,1,1.0,7.0,0.0,3.0,0.0,0.0,0.0,10.0,1,0,4.0,2.0,2.0,1.0,0.0,50.0,1,0.0,1.0,1,3,1,0,0,0,0,1,0,0,1,0,0,1,0,0,0,0,0,1,0,3,17,30
201100033913,11,10,2,3,2,1,1.0,6.0,0.0,7.0,0.0,2.0,0.0,0.0,1,1,4.0,1.0,1.0,1.0,0.0,0.0,1,0.0,1.0,1,2,1,0,0,0,0,1,0,1,0,0,0,1,0,0,0,1,0,0,0,2,6,40
200900005549,9,5,28,1,2,2,1.0,6.0,0.0,1.0,0.0,0.0,2.0,2.0,1,2,4.0,2.0,2.0,2.0,0.0,96.0,1,0.0,1.0,2,2,2,0,0,0,0,2,0,0,2,0,0,2,0,0,0,1,1,0,0,2,13,40
200700043184,7,7,19,1,2,1,1.0,6.0,0.0,2.0,0.0,8.0,0.0,9.0,1,2,4.0,1.0,2.0,2.0,66.0,75.0,1,5.0,1.0,1,3,1,0,0,0,0,1,0,0,1,0,0,0,0,1,0,1,0,0,0,3,17,0
200500043880,5,7,21,1,2,3,1.0,5.0,0.0,7.0,0.0,0.0,0.0,15.0,1,-1,4.0,1.0,1.0,1.0,0.0,60.0,1,0.0,1.0,3,1,9,0,0,0,0,9,0,0,3,3,3,9,0,0,0,0,1,1,0,2,14,0
201700015353,17,5,29,1,1,3,1.0,2.0,1.0,7.0,0.0,0.0,0.0,15.0,1,1,3.0,2.0,2.0,1.0,6.0,10.0,1,0.0,1.0,2,1,0,4,0,0,0,4,2,2,0,0,0,2,0,2,0,1,1,0,0,3,16,0
201400030085,14,8,29,1,2,3,1.0,1.0,0.0,7.0,0.0,0.0,2.0,1.0,1,1,4.0,2.0,2.0,1.0,0.0,0.0,1,0.0,1.0,2,1,8,0,2,0,2,4,0,0,2,6,0,4,2,2,0,1,0,0,0,2,19,34
200800070247,8,12,13,1,2,1,1.0,2.0,0.0,2.0,0.0,0.0,2.0,2.0,1,2,4.0,2.0,2.0,0.0,0.0,0.0,1,0.0,1.0,2,2,6,0,0,0,2,4,0,2,4,0,0,2,0,4,0,1,1,0,0,2,16,5
200900033219,9,6,5,1,2,1,1.0,6.0,0.0,10.0,0.0,0.0,1.0,1.0,3,0,4.0,2.0,2.0,1.0,0.0,68.0,1,0.0,1.0,1,2,1,1,0,1,0,1,1,0,0,1,0,0,1,1,0,1,0,0,0,2,8,20