Num_Acc,an,mois,jour,lum,agg,int,atm,col,senc,catv,occutc,obs,obsm,manv,catu,secu,catr,circ,nbv,prof,lartpc,larrout,surf,infra,situ,nb_veh,grav_simpl,Homme,Femme,Arrière,Autre_x,Avant,Conducteur,Autre_y,Inconnu,Loisirs,Professionnel,Travail,Adulte,Enfant,Jeune,Senior,choc_avant,choc_arriere,choc_lateral,choc_multiple,grav_order_max,heure,minute
200700001494,7,1,10,1,2,2,1.0,3.0,0.0,7.0,0.0,0.0,2.0,1.0,1,1,4.0,2.0,2.0,1.0,0.0,60.0,1,0.0,1.0,2,1,4,0,0,0,0,4,0,0,2,0,2,0,0,0,4,1,0,1,0,3,14,15
201400000194,14,1,22,5,2,1,2.0,6.0,0.0,7.0,0.0,0.0,1.0,1.0,1,1,3.0,2.0,2.0,1.0,0.0,0.0,1,0.0,3.0,1,1,2,0,0,1,0,1,1,0,1,0,0,1,0,0,1,1,0,0,0,3,17,45
200500061477,5,9,6,1,2,1,2.0,3.0,0.0,7.0,0.0,0.0,2.0,15.0,1,1,2.0,3.0,4.0,1.0,20.0,80.0,1,0.0,1.0,2,1,4,0,0,0,0,4,0,4,0,0,0,2,0,2,0,1,0,1,0,2,8,30
201500030040,15,4,12,1,2,6,1.0,3.0,0.0,33.0,0.0,0.0,2.0,0.0,1,2,4.0,2.0,2.0,1.0,0.0,0.0,1,5.0,1.0,2,2,4,0,0,0,0,4,0,4,0,0,0,0,0,4,0,1,0,0,0,2,18,20
201200053433,12,10,10,1,1,1,1.0,4.0,0.0,7.0,0.0,14.0,0.0,2.0,1,1,1.0,1.0,2.0,1.0,100.0,70.0,1,0.0,1.0,3,1,9,0,0,0,0,9,0,0,0,0,9,3,0,6,0,1,0,0,0,2,16,30
201400009956,14,3,7,5,2,1,1.0,6.0,0.0,7.0,0.0,0.0,1.0,1.0,1,1,3.0,0.0,2.0,1.0,0.0,65.0,1,6.0,1.0,1,1,0,2,0,1,0,1,1,0,0,0,1,1,0,0,1,1,0,0,0,3,20,0
200500054660,5,9,2,1,2,1,1.0,6.0,0.0,17.0,0.0,6.0,0.0,1.0,1,-1,3.0,2.0,2.0,2.0,0.0,55.0,1,2.0,3.0,1,3,1,0,0,0,0,1,0,0,0,1,0,0,0,0,1,1,0,0,0,3,7,45
200800008729,8,2,6,5,2,1,1.0,6.0,0.0,40.0,0.0,0.0,1.0,1.0,1,1,4.0,2.0,2.0,1.0,0.0,0.0,1,0.0,1.0,1,1,2,0,0,1,0,1,0,0,1,1,0,2,0,0,0,1,0,0,0,2,20,10
201100019067,11,12,23,1,2,1,1.0,3.0,0.0,7.0,0.0,0.0,2.0,10.0,1,1,4.0,2.0,0.0,1.0,0.0,0.0,1,0.0,1.0,2,1,2,2,0,0,0,4,0,4,0,0,0,2,0,2,0,0,0,1,0,3,11,50
201400009789,14,6,16,1,2,1,1.0,7.0,0.0,2.0,0.0,0.0,0.0,1.0,1,2,4.0,1.0,1.0,3.0,0.0,30.0,1,0.0,3.0,1,2,1,0,0,0,0,1,0,0,1,0,0,0,0,0,1,0,0,1,0,2,18,45
201200055944,12,1,26,1,2,1,2.0,6.0,0.0,30.0,0.0,0.0,1.0,1.0,1,2,4.0,2.0,2.0,1.0,0.0,185.0,1,0.0,1.0,1,2,1,1,0,1,0,1,1,0,1,0,0,1,0,1,0,1,0,0,0,2,8,50
200700069328,7,11,15,1,1,1,1.0,3.0,0.0,7.0,0.0,0.0,2.0,14.0,1,1,4.0,2.0,2.0,1.0,0.0,60.0,1,0.0,1.0,2,1,4,0,0,0,0,4,0,0,2,0,2,2,2,0,0,1,0,1,0,3,15,0
200600076397,6,12,29,5,2,3,1.0,6.0,0.0,7.0,0.0,12.0,0.0,2.0,1,1,3.0,2.0,4.0,2.0,0.0,76.0,1,5.0,1.0,1,2,1,0,0,0,0,1,0,1,0,0,0,1,0,0,0,1,0,0,0,2,21,5
200700044108,7,7,16,1,2,1,1.0,3.0,0.0,7.0,0.0,0.0,2.0,19.0,1,1,4.0,2.0,1.0,1.0,0.0,35.0,1,0.0,4.0,2,1,2,2,0,0,0,4,0,0,0,0,4,2,0,2,0,1,0,1,0,2,8,0
201200047581,12,5,19,1,2,1,1.0,6.0,0.0,7.0,0.0,0.0,1.0,1.0,1,1,4.0,1.0,1.0,1.0,0.0,25.0,1,0.0,1.0,1,1,1,1,0,1,0,1,0,0,1,1,0,0,0,0,2,1,0,0,0,3,9,0
201500051764,15,9,8,5,2,2,1.0,3.0,0.0,33.0,0.0,0.0,2.0,17.0,1,2,4.0,2.0,4.0,1.0,0.0,0.0,1,0.0,1.0,2,2,4,0,0,0,0,4,0,0,0,2,2,2,0,2,0,1,0,1,0,2,20,15
201100048995,11,3,19,1,2,1,1.0,6.0,0.0,7.0,0.0,0.0,1.0,4.0,1,1,4.0,1.0,2.0,2.0,0.0,0.0,1,0.0,1.0,1,1,1,1,0,1,0,1,0,0,2,0,0,0,0,1,1,0,1,0,0,3,15,45
200500060023,5,9,18,1,2,2,1.0,5.0,0.0,7.0,0.0,0.0,2.0,1.0,1,1,4.0,1.0,3.0,1.0,0.0,90.0,1,0.0,1.0,3,1,9,3,0,0,3,9,0,3,9,0,0,9,0,3,0,1,0,0,0,2,18,20
200800044918,8,8,14,1,2,3,1.0,3.0,0.0,7.0,0.0,0.0,2.0,15.0,1,1,4.0,3.0,3.0,1.0,20.0,115.0,1,0.0,1.0,2,1,4,4,2,0,2,4,0,4,4,0,0,4,2,0,2,1,0,0,1,2,17,0
201000000816,10,4,23,1,2,9,1.0,6.0,0.0,7.0,0.0,0.0,0.0,0.0,1,1,9.0,2.0,2.0,0.0,0.0,60.0,1,0.0,1.0,1,1,0,2,0,1,0,1,2,0,0,0,0,1,1,0,0,0,1,0,0,3,8,15
200900054749,9,7,17,1,2,2,1.0,3.0,0.0,7.0,0.0,0.0,2.0,1.0,1,1,4.0,2.0,2.0,1.0,0.0,0.0,1,0.0,1.0,2,1,0,4,0,0,0,4,0,0,4,0,0,2,0,0,2,1,0,0,0,2,10,18
201100044903,11,8,9,1,1,1,1.0,7.0,0.0,7.0,0.0,8.0,2.0,0.0,1,1,2.0,3.0,4.0,1.0,0.0,72.0,1,0.0,3.0,1,1,2,1,1,0,1,1,0,2,1,0,0,0,0,3,0,1,0,0,0,2,14,10
201500035272,15,2,22,1,2,3,1.0,3.0,0.0,33.0,0.0,0.0,2.0,1.0,1,2,4.0,2.0,2.0,0.0,0.0,0.0,1,0.0,1.0,2,3,4,0,0,0,0,4,0,2,2,0,0,2,0,0,2,1,0,1,0,3,10,50
200800073797,8,12,4,2,2,3,2.0,6.0,0.0,7.0,0.0,0.0,1.0,15.0,3,-1,4.0,1.0,1.0,1.0,0.0,0.0,1,0.0,1.0,1,2,0,2,0,1,0,1,1,0,0,0,1,2,0,0,0,1,0,0,0,2,8,15
201200017274,12,1,23,5,2,3,1.0,3.0,0.0,7.0,0.0,0.0,2.0,15.0,1,1,4.0,2.0,2.0,1.0,0.0,60.0,1,0.0,1.0,2,1,4,0,0,0,0,4,0,0,4,0,0,2,0,2,0,1,0,0,0,3,18,30
200900068176,9,10,28,1,2,1,1.0,3.0,0.0,33.0,0.0,0.0,2.0,1.0,1,2,4.0,2.0,3.0,1.0,0.0,0.0,1,0.0,1.0,2,2,4,0,0,0,0,4,0,2,0,0,2,0,0,4,0,1,0,0,0,2,13,50
200500069673,5,10,8,1,2,1,1.0,6.0,0.0,7.0,0.0,0.0,0.0,1.0,1,-1,4.0,1.0,1.0,2.0,0.0,25.0,1,0.0,1.0,1,1,1,1,0,1,0,1,0,0,2,0,0,1,1,0,0,1,0,0,0,2,16,30
201200005775,12,2,11,1,1,1,8.0,7.0,0.0,7.0,0.0,13.0,0.0,1.0,1,-1,3.0,2.0,0.0,1.0,0.0,0.0,1,0.0,3.0,1,3,1,1,0,0,1,1,0,1,1,0,0,0,0,0,2,1,0,0,0,3,14,45
201300037141,13,3,12,1,2,1,2.0,2.0,0.0,7.0,0.0,0.0,0.0,2.0,1,1,4.0,2.0,4.0,1.0,0.0,120.0,1,0.0,1.0,2,2,2,2,0,0,0,4,0,0,0,0,4,4,0,0,0,1,1,0,0,2,8,26
200700069367,7,11,22,5,2,1,1.0,3.0,0.0,10.0,0.0,0.0,2.0,16.0,1,1,4.0,2.0,4.0,1.0,0.0,109.0,1,0.0,1.0,2,1,2,2,0,0,0,4,0,0,2,2,0,4,0,0,0,1,0,0,0,2,17,27
201200029825,12,12,16,5,1,1,1.0,6.0,0.0,7.0,0.0,0.0,0.0,0.0,1,1,4.0,1.0,2.0,1.0,0.0,60.0,1,0.0,1.0,1,2,0,1,0,0,0,1,0,0,1,0,0,0,0,1,0,0,0,0,0,2,20,50
200500041715,5,7,23,1,1,1,1.0,1.0,0.0,5.0,0.0,0.0,2.0,13.0,1,2,3.0,2.0,0.0,1.0,0.0,66.0,1,0.0,1.0,2,3,4,0,0,0,0,4,0,0,4,0,0,4,0,0,0,1,0,0,0,3,18,30
201500024822,15,4,27,1,2,1,8.0,3.0,0.0,7.0,0.0,0.0,2.0,1.0,1,1,4.0,2.0,2.0,3.0,0.0,0.0,1,0.0,1.0,2,2,0,4,0,0,0,4,0,2,0,0,2,2,0,2,0,1,0,0,0,2,8,10
201400038886,14,9,23,1,2,3,1.0,3.0,0.0,7.0,0.0,0.0,2.0,1.0,1,1,4.0,2.0,2.0,1.0,0.0,0.0,1,0.0,1.0,2,2,2,2,0,0,0,4,0,0,2,2,0,2,0,2,0,1,0,0,0,2,9,50
201400025094,14,2,28,5,2,1,1.0,1.0,0.0,7.0,0.0,0.0,2.0,13.0,1,1,4.0,2.0,2.0,1.0,0.0,80.0,1,0.0,1.0,2,1,4,0,0,0,0,4,0,4,0,0,0,2,0,2,0,1,0,0,0,2,22,30
200800033211,8,6,29,1,2,1,1.0,6.0,1.0,7.0,0.0,0.0,1.0,2.0,3,-1,4.0,2.0,2.0,1.0,0.0,70.0,1,0.0,1.0,1,2,1,0,0,1,0,0,0,0,1,0,0,0,0,1,0,0,0,1,0,2,19,0
201300043996,13,11,28,4,2,1,1.0,6.0,0.0,7.0,0.0,0.0,1.0,1.0,1,1,3.0,0.0,2.0,2.0,0.0,77.0,1,0.0,1.0,1,1,1,1,0,1,0,1,2,0,0,0,0,1,1,0,0,1,0,0,0,3,7,45
200500066088,5,10,18,1,2,3,2.0,3.0,0.0,7.0,0.0,0.0,2.0,15.0,1,1,4.0,2.0,2.0,1.0,0.0,74.0,1,0.0,1.0,2,1,2,2,0,0,0,4,0,2,0,0,2,4,0,0,0,1,0,0,0,3,15,40
201400019147,14,2,13,3,1,2,3.0,3.0,0.0,10.0,0.0,0.0,2.0,19.0,1,1,3.0,2.0,2.0,1.0,61.0,0.0,1,0.0,1.0,2,3,4,0,0,0,0,4,0,0,0,4,0,2,0,2,0,1,0,1,0,3,6,45
201300049224,13,1,5,1,1,1,1.0,4.0,0.0,7.0,0.0,0.0,2.0,2.0,1,1,3.0,1.0,4.0,1.0,10.0,140.0,1,0.0,1.0,3,1,6,3,0,0,0,9,0,0,9,0,0,3,0,6,0,1,1,0,0,2,12,20
200800049298,8,9,3,1,1,1,1.0,1.0,0.0,7.0,0.0,0.0,9.0,1.0,1,1,3.0,2.0,1.0,1.0,0.0,0.0,1,0.0,1.0,2,1,4,0,0,0,0,4,0,2,2,0,0,2,2,0,0,1,1,0,0,2,15,30
200500037805,5,6,16,1,1,1,1.0,6.0,0.0,7.0,0.0,13.0,0.0,1.0,1,1,4.0,2.0,2.0,2.0,0.0,0.0,1,0.0,1.0,1,2,1,0,0,0,0,1,0,0,1,0,0,0,0,0,1,1,0,0,0,2,12,0
200700037234,7,6,11,1,2,3,1.0,5.0,0.0,33.0,0.0,0.0,2.0,10.0,1,2,2.0,3.0,4.0,1.0,20.0,20.0,1,5.0,1.0,3,3,3,6,0,0,0,9,0,3,6,0,0,6,0,3,0,1,0,1,0,3,15,40
201200049748,12,11,3,1,1,1,2.0,3.0,0.0,7.0,0.0,0.0,2.0,1.0,1,1,1.0,3.0,8.0,1.0,15.0,140.0,1,0.0,1.0,2,2,2,2,0,0,0,4,0,0,4,0,0,4,0,0,0,1,0,0,0,2,10,0
201300030867,13,3,27,1,2,1,1.0,3.0,0.0,30.0,0.0,0.0,2.0,1.0,1,2,6.0,2.0,2.0,1.0,0.0,0.0,1,0.0,1.0,2,2,4,2,0,0,2,4,0,0,6,0,0,0,2,4,0,1,1,0,0,3,18,5
200800068376,8,11,15,5,2,2,2.0,6.0,0.0,7.0,0.0,0.0,2.0,1.0,1,1,4.0,1.0,1.0,1.0,0.0,87.0,1,0.0,0.0,2,1,4,4,2,0,2,4,0,4,4,0,0,2,0,6,0,1,0,0,0,2,2,35
200900027141,9,10,16,1,2,1,8.0,4.0,0.0,7.0,0.0,0.0,2.0,12.0,1,-1,4.0,2.0,4.0,2.0,0.0,139.0,1,0.0,1.0,4,1,12,8,4,0,0,16,0,4,0,16,0,16,0,4,0,1,1,1,0,2,14,5
201300017057,13,7,27,3,1,1,1.0,6.0,0.0,7.0,0.0,13.0,0.0,1.0,1,0,4.0,0.0,2.0,1.0,0.0,33.0,1,0.0,1.0,1,4,1,0,0,0,0,1,0,0,1,0,0,0,0,1,0,0,0,0,1,4,2,15
201600020673,16,12,5,1,2,3,1.0,6.0,1.0,7.0,0.0,0.0,1.0,15.0,1,1,4.0,1.0,2.0,1.0,0.0,0.0,1,0.0,1.0,1,1,0,2,0,1,0,1,2,0,0,0,0,0,0,0,2,1,0,0,0,2,10,0
201200059441,12,3,16,1,2,3,2.0,6.0,0.0,7.0,0.0,0.0,1.0,1.0,1,1,4.0,2.0,2.0,1.0,0.0,0.0,1,0.0,1.0,1,1,1,1,0,1,0,1,0,0,1,1,0,0,0,0,2,1,0,0,0,3,17,58
201000057190,10,4,16,1,1,1,1.0,4.0,0.0,7.0,0.0,0.0,2.0,2.0,1,1,2.0,3.0,2.0,1.0,100.0,70.0,1,0.0,1.0,3,1,9,0,0,0,0,9,0,0,0,3,6,9,0,0,0,1,0,0,0,2,17,15
200800003479,8,1,10,2,2,1,1.0,3.0,0.0,34.0,0.0,0.0,0.0,1.0,1,2,2.0,3.0,0.0,1.0,0.0,0.0,1,0.0,1.0,2,2,2,2,0,0,0,4,2,0,2,0,0,2,0,2,0,1,0,1,0,2,17,25
201100024484,11,6,10,1,2,2,1.0,3.0,0.0,7.0,0.0,0.0,2.0,0.0,1,1,2.0,1.0,3.0,2.0,0.0,0.0,1,0.0,1.0,2,1,0,4,0,0,0,4,0,4,0,0,0,4,0,0,0,1,0,1,0,2,18,0
201000012135,10,11,8,5,2,6,1.0,6.0,0.0,2.0,0.0,11.0,0.0,1.0,1,2,3.0,0.0,0.0,1.0,0.0,0.0,1,5.0,1.0,1,3,1,0,0,0,0,1,0,0,0,0,1,1,0,0,0,1,0,0,0,3,0,30
201500027755,15,4,19,5,2,6,1.0,1.0,0.0,7.0,0.0,0.0,2.0,9.0,1,1,4.0,2.0,2.0,2.0,0.0,0.0,1,5.0,1.0,2,1,4,2,0,0,2,4,0,2,4,0,0,2,0,4,0,1,0,1,0,3,1,40
200900036273,9,6,23,3,1,1,1.0,6.0,0.0,33.0,0.0,13.0,0.0,14.0,1,2,3.0,2.0,2.0,1.0,0.0,0.0,1,0.0,1.0,1,4,1,0,0,0,0,1,0,1,0,0,0,1,0,0,0,1,0,0,0,4,22,0
201300009086,13,11,23,3,1,1,1.0,6.0,0.0,7.0,0.0,6.0,0.0,1.0,1,1,3.0,2.0,2.0,0.0,0.0,60.0,1,2.0,3.0,1,1,3,1,2,0,1,1,0,3,1,0,0,1,0,3,0,1,0,0,0,3,5,30
201700020000,17,5,22,1,1,2,1.0,3.0,2.0,7.0,0.0,0.0,2.0,19.0,1,1,3.0,2.0,2.0,1.0,0.0,15.0,1,0.0,-1.0,2,1,4,4,0,2,2,4,0,0,6,2,0,2,2,4,0,1,0,1,0,3,14,20
201700034397,17,4,26,1,1,1,8.0,1.0,2.0,7.0,0.0,0.0,2.0,13.0,1,1,3.0,2.0,2.0,2.0,0.0,60.0,1,0.0,1.0,2,3,2,2,0,0,0,4,2,0,0,2,0,2,0,2,0,1,0,0,0,3,13,0
200900026745,9,10,5,5,2,1,8.0,7.0,0.0,30.0,0.0,0.0,0.0,1.0,1,2,4.0,2.0,0.0,1.0,0.0,0.0,1,0.0,1.0,1,2,0,1,0,0,0,1,0,0,1,0,0,0,0,1,0,1,0,0,0,2,22,25
201200009904,12,9,14,1,2,3,1.0,3.0,0.0,7.0,0.0,0.0,2.0,1.0,1,1,3.0,2.0,2.0,1.0,0.0,53.0,1,0.0,1.0,2,1,4,0,0,0,0,4,0,0,4,0,0,0,2,0,2,1,0,1,0,4,18,0
200500035981,5,6,1,1,2,3,1.0,2.0,0.0,15.0,0.0,0.0,2.0,2.0,1,-1,3.0,2.0,2.0,1.0,0.0,94.0,1,0.0,1.0,2,1,2,2,0,0,0,4,0,0,2,2,0,2,0,0,2,1,1,0,0,3,17,25
200800043817,8,8,26,1,2,2,1.0,3.0,0.0,2.0,0.0,0.0,2.0,16.0,1,2,4.0,1.0,1.0,2.0,0.0,124.0,1,0.0,1.0,2,2,2,2,0,0,0,4,0,2,0,0,2,0,2,2,0,1,0,1,0,2,12,10
201300045439,13,5,30,1,1,1,8.0,7.0,0.0,31.0,0.0,0.0,0.0,1.0,1,2,1.0,3.0,2.0,1.0,20.0,70.0,1,3.0,1.0,1,2,1,0,0,0,0,1,0,0,1,0,0,1,0,0,0,1,0,0,0,2,20,15
201100039382,11,7,4,1,2,1,1.0,6.0,0.0,32.0,0.0,0.0,1.0,1.0,1,2,4.0,2.0,2.0,1.0,0.0,0.0,1,0.0,1.0,1,1,2,1,0,1,1,1,0,1,2,0,0,0,1,2,0,1,0,0,0,3,17,45
201200047354,12,9,16,1,2,1,1.0,2.0,0.0,2.0,0.0,0.0,2.0,2.0,1,2,3.0,2.0,2.0,1.0,0.0,148.0,1,0.0,1.0,2,2,4,0,0,0,0,4,4,0,0,0,0,2,0,0,2,1,1,0,0,2,14,40
201400030743,14,6,10,2,2,1,1.0,1.0,0.0,1.0,0.0,0.0,2.0,0.0,1,-1,4.0,1.0,2.0,1.0,0.0,0.0,1,0.0,1.0,2,3,4,0,0,0,0,4,0,4,0,0,0,0,2,2,0,1,0,0,0,3,21,5
201100029734,11,6,21,1,2,1,1.0,6.0,0.0,7.0,0.0,0.0,1.0,0.0,1,1,4.0,2.0,2.0,1.0,0.0,70.0,1,0.0,1.0,1,1,2,0,0,1,0,1,1,0,1,0,0,0,1,1,0,1,0,0,0,2,19,15
201600029785,16,11,9,1,2,1,3.0,7.0,1.0,2.0,0.0,0.0,0.0,0.0,1,2,4.0,2.0,2.0,1.0,0.0,60.0,1,0.0,1.0,1,2,1,0,0,0,0,1,1,0,0,0,0,0,1,0,0,0,0,0,0,2,9,35
200700004571,7,1,5,5,1,6,1.0,3.0,0.0,2.0,0.0,0.0,2.0,1.0,1,2,3.0,2.0,2.0,1.0,0.0,60.0,1,0.0,1.0,2,2,4,0,0,0,0,4,0,0,0,0,4,2,0,2,0,1,0,0,0,2,7,50
200900007365,9,1,31,3,1,1,1.0,6.0,0.0,7.0,0.0,2.0,0.0,1.0,1,1,4.0,2.0,2.0,1.0,0.0,42.0,1,0.0,3.0,1,3,1,1,0,0,1,1,0,1,1,0,0,0,0,2,0,0,0,1,0,3,18,45
201000060133,10,1,26,5,2,1,1.0,7.0,0.0,30.0,0.0,0.0,1.0,21.0,1,2,4.0,1.0,3.0,1.0,0.0,106.0,1,0.0,1.0,1,2,1,0,0,0,0,1,0,0,1,0,0,0,0,1,0,1,0,0,0,2,18,52
200500006690,5,1,19,1,1,1,1.0,2.0,0.0,7.0,0.0,0.0,0.0,21.0,1,1,1.0,1.0,2.0,1.0,30.0,70.0,1,0.0,1.0,2,1,4,0,0,0,0,4,0,4,0,0,0,0,0,0,4,1,0,0,0,3,14,30
201600054087,16,11,27,1,2,2,1.0,6.0,2.0,7.0,0.0,0.0,1.0,4.0,3,-1,4.0,1.0,1.0,1.0,0.0,0.0,1,0.0,1.0,1,2,0,1,0,1,0,0,0,0,0,0,1,0,0,1,0,0,1,0,0,2,10,50
201100042087,11,4,28,1,2,3,1.0,3.0,0.0,7.0,0.0,0.0,2.0,15.0,1,1,4.0,0.0,2.0,1.0,0.0,60.0,1,0.0,0.0,2,1,4,0,0,0,0,4,0,0,0,2,2,4,0,0,0,1,0,1,0,3,7,30
201400012473,14,6,13,1,2,1,1.0,1.0,0.0,31.0,0.0,0.0,2.0,1.0,1,2,4.0,1.0,2.0,1.0,0.0,40.0,1,0.0,1.0,2,3,2,2,0,0,0,4,0,4,0,0,0,2,0,2,0,1,0,0,0,3,11,0
201600017519,16,12,13,1,1,1,1.0,1.0,0.0,7.0,0.0,0.0,0.0,0.0,1,1,3.0,0.0,0.0,0.0,0.0,0.0,-1,0.0,0.0,2,3,2,4,0,0,2,4,0,6,0,0,0,4,0,0,2,0,0,0,0,3,13,30
200500008470,5,2,3,1,2,1,1.0,1.0,0.0,2.0,0.0,0.0,2.0,13.0,1,2,3.0,2.0,2.0,1.0,0.0,60.0,1,0.0,1.0,2,2,4,0,0,0,0,4,4,0,0,0,0,2,0,2,0,1,0,0,0,2,17,30
200500008925,5,2,13,1,2,2,8.0,6.0,0.0,7.0,0.0,0.0,1.0,1.0,1,1,4.0,2.0,2.0,1.0,0.0,60.0,1,0.0,1.0,1,1,2,0,0,1,0,1,0,0,2,0,0,1,0,1,0,1,0,0,0,2,16,5
200500046594,5,7,27,1,2,5,1.0,3.0,0.0,7.0,0.0,0.0,2.0,16.0,1,1,2.0,3.0,5.0,1.0,0.0,160.0,1,0.0,1.0,2,2,4,0,0,0,0,4,0,0,4,0,0,4,0,0,0,1,0,1,0,2,18,0
201200021758,12,1,13,1,2,1,8.0,6.0,0.0,7.0,0.0,0.0,1.0,0.0,1,1,4.0,2.0,2.0,1.0,0.0,0.0,1,0.0,1.0,1,1,1,1,0,1,0,1,1,0,1,0,0,1,0,1,0,1,0,0,0,3,14,13
200500051288,5,8,2,1,2,1,8.0,6.0,0.0,7.0,0.0,0.0,1.0,1.0,1,1,4.0,1.0,2.0,1.0,0.0,50.0,1,0.0,1.0,1,1,2,0,0,1,0,1,0,0,1,0,1,0,0,2,0,1,0,0,0,2,14,0
200900003889,9,1,11,1,1,1,1.0,6.0,0.0,7.0,0.0,4.0,0.0,1.0,2,1,1.0,3.0,5.0,2.0,6.0,175.0,1,0.0,1.0,1,2,1,1,0,0,1,1,2,0,0,0,0,2,0,0,0,1,0,0,0,3,13,45
201300009945,13,6,18,1,2,1,1.0,2.0,0.0,2.0,0.0,0.0,2.0,2.0,1,2,4.0,2.0,2.0,1.0,0.0,60.0,1,0.0,1.0,2,3,4,0,0,0,0,4,0,2,2,0,0,2,0,2,0,1,1,0,0,3,14,0
201200007310,12,10,4,1,2,1,1.0,7.0,0.0,2.0,0.0,0.0,0.0,14.0,1,2,2.0,2.0,0.0,4.0,0.0,0.0,-1,0.0,3.0,1,3,1,0,0,0,0,1,1,0,0,0,0,1,0,0,0,1,0,0,0,3,14,15
201300017817,13,4,10,1,1,1,1.0,7.0,0.0,33.0,0.0,16.0,0.0,1.0,1,2,3.0,2.0,2.0,2.0,0.0,45.0,1,0.0,3.0,1,3,1,0,0,0,0,1,0,0,1,0,0,0,0,1,0,1,0,0,0,3,19,0
200600016477,6,3,24,1,1,1,1.0,5.0,0.0,7.0,0.0,0.0,2.0,1.0,1,1,2.0,2.0,2.0,1.0,0.0,65.0,1,0.0,1.0,4,1,16,0,0,0,0,16,0,0,12,0,4,8,0,8,0,1,1,0,0,4,16,15
200900029290,9,3,14,5,2,1,1.0,7.0,0.0,2.0,0.0,0.0,0.0,1.0,1,2,4.0,1.0,1.0,1.0,0.0,87.0,1,0.0,1.0,1,3,1,0,0,0,0,1,0,1,0,0,0,1,0,0,0,0,0,0,0,3,20,45
200700035444,7,6,6,1,2,1,8.0,5.0,0.0,7.0,0.0,0.0,2.0,17.0,1,1,4.0,2.0,2.0,1.0,0.0,60.0,1,0.0,1.0,3,1,6,6,3,0,0,9,9,3,0,0,0,0,3,9,0,1,0,0,0,2,15,10
201500008997,15,3,2,1,1,1,1.0,3.0,0.0,2.0,0.0,0.0,2.0,17.0,1,2,3.0,2.0,2.0,4.0,0.0,0.0,1,5.0,1.0,2,3,4,0,0,0,0,4,2,0,0,0,2,2,2,0,0,1,0,1,0,3,18,15
201400006732,14,1,26,1,2,3,1.0,3.0,0.0,7.0,0.0,0.0,2.0,18.0,1,1,3.0,2.0,0.0,1.0,0.0,38.0,1,0.0,1.0,2,3,4,2,0,0,2,4,2,2,2,0,0,2,0,4,0,1,0,0,0,3,16,15
201700028871,17,6,23,2,1,9,1.0,4.0,1.0,14.0,0.0,3.0,2.0,2.0,1,1,3.0,1.0,3.0,4.0,0.0,128.0,1,3.0,1.0,3,3,9,0,0,0,0,9,0,0,0,3,6,6,0,3,0,1,1,0,0,3,6,15
201300021671,13,1,11,3,1,1,9.0,7.0,0.0,7.0,0.0,2.0,0.0,0.0,1,1,3.0,2.0,2.0,2.0,59.0,0.0,0,0.0,1.0,1,4,1,0,0,0,0,1,0,0,0,0,1,1,0,0,0,0,0,1,0,4,5,45
201600002671,16,8,21,1,1,2,1.0,1.0,1.0,7.0,0.0,0.0,0.0,1.0,1,1,3.0,2.0,2.0,1.0,43.0,0.0,1,0.0,1.0,2,1,4,0,0,0,0,4,0,0,4,0,0,2,0,2,0,1,0,0,0,3,18,30
201400042693,14,9,11,1,2,9,1.0,6.0,0.0,7.0,0.0,6.0,0.0,1.0,1,1,9.0,3.0,2.0,1.0,40.0,40.0,1,0.0,4.0,1,3,0,1,0,0,0,1,1,0,0,0,0,0,0,0,1,1,0,0,0,3,12,42
201100008782,11,8,5,5,2,1,1.0,7.0,0.0,30.0,0.0,0.0,0.0,1.0,1,2,4.0,2.0,0.0,1.0,0.0,35.0,1,0.0,1.0,1,3,1,0,0,0,0,1,0,0,1,0,0,1,0,0,0,0,0,0,0,3,22,15
201300021122,13,4,13,1,2,1,1.0,2.0,0.0,7.0,0.0,0.0,2.0,2.0,1,1,4.0,2.0,2.0,1.0,0.0,70.0,1,0.0,1.0,2,2,2,4,0,0,2,4,0,0,4,2,0,4,0,2,0,1,1,0,0,2,16,6
201300010746,13,1,23,1,2,1,2.0,6.0,0.0,33.0,0.0,0.0,1.0,1.0,1,2,4.0,1.0,3.0,1.0,0.0,145.0,1,0.0,1.0,1,3,1,1,0,1,0,1,0,2,0,0,0,1,1,0,0,1,0,0,0,3,13,14
200900038250,9,1,8,1,2,2,1.0,6.0,0.0,7.0,0.0,0.0,1.0,1.0,1,1,4.0,2.0,2.0,1.0,0.0,81.0,1,0.0,1.0,1,1,1,1,0,1,0,1,0,0,2,0,0,1,1,0,0,1,0,0,0,2,12,20
201700009353,17,3,31,5,2,3,1.0,1.0,1.0,7.0,0.0,0.0,2.0,1.0,1,1,3.0,3.0,2.0,1.0,15.0,30.0,1,0.0,1.0,2,1,4,0,0,0,0,4,0,2,2,0,0,2,2,0,0,1,0,0,0,2,21,40
201100017739,11,1,28,5,2,1,1.0,1.0,0.0,7.0,0.0,0.0,2.0,1.0,1,1,3.0,2.0,2.0,1.0,0.0,64.0,1,0.0,1.0,2,3,4,0,0,0,0,4,0,0,2,0,2,4,0,0,0,1,0,0,0,3,20,0
200800035682,8,6,28,1,2,1,1.0,6.0,0.0,1.0,0.0,1.0,0.0,2.0,1,0,4.0,2.0,2.0,1.0,0.0,98.0,1,0.0,1.0,2,2,2,2,0,0,0,4,0,2,2,0,0,2,0,0,2,1,0,1,0,2,13,20