Num_Acc,an,mois,jour,lum,agg,int,atm,col,senc,catv,occutc,obs,obsm,manv,catu,secu,catr,circ,nbv,prof,lartpc,larrout,surf,infra,situ,nb_veh,grav_simpl,Homme,Femme,Arrière,Autre_x,Avant,Conducteur,Autre_y,Inconnu,Loisirs,Professionnel,Travail,Adulte,Enfant,Jeune,Senior,choc_avant,choc_arriere,choc_lateral,choc_multiple,grav_order_max,heure,minute
201000065344,10,7,22,1,2,1,1.0,6.0,0.0,7.0,0.0,0.0,1.0,1.0,1,-1,4.0,1.0,1.0,1.0,0.0,40.0,1,0.0,1.0,1,1,2,0,0,1,0,1,0,1,1,0,0,0,1,1,0,1,0,0,0,2,18,30
200800025194,8,5,13,1,2,1,1.0,6.0,0.0,7.0,0.0,0.0,1.0,1.0,1,-1,4.0,2.0,2.0,1.0,0.0,60.0,1,0.0,1.0,1,1,1,1,0,1,0,1,0,0,1,0,1,1,0,0,1,1,0,0,0,2,9,0
201400029683,14,4,17,1,2,1,1.0,7.0,0.0,33.0,0.0,0.0,0.0,16.0,1,2,3.0,1.0,4.0,1.0,0.0,0.0,-1,0.0,1.0,1,3,1,0,0,0,0,1,0,0,1,0,0,1,0,0,0,1,0,0,0,3,15,45
201400046426,14,2,10,1,1,1,1.0,6.0,0.0,31.0,0.0,14.0,0.0,1.0,1,2,1.0,3.0,5.0,1.0,0.0,175.0,1,0.0,1.0,1,2,1,0,0,0,0,1,0,0,0,0,1,1,0,0,0,1,0,0,0,2,15,15
200800031536,8,6,20,1,2,1,1.0,2.0,0.0,7.0,0.0,0.0,0.0,2.0,1,1,4.0,2.0,1.0,1.0,0.0,60.0,1,0.0,1.0,2,1,4,0,0,0,0,4,4,0,0,0,0,4,0,0,0,1,1,0,0,2,18,35
201400019624,14,1,23,1,2,1,1.0,2.0,0.0,10.0,0.0,0.0,2.0,1.0,1,1,3.0,2.0,2.0,1.0,0.0,66.0,1,0.0,1.0,2,1,4,0,0,0,0,4,0,0,2,0,2,4,0,0,0,1,1,0,0,2,17,25
200600054109,6,9,4,1,2,1,1.0,6.0,0.0,7.0,0.0,14.0,0.0,1.0,1,-1,4.0,2.0,4.0,1.0,0.0,120.0,1,0.0,1.0,1,2,0,1,0,0,0,1,0,0,0,1,0,1,0,0,0,1,0,0,0,2,9,20
201300047918,13,12,26,1,1,1,1.0,3.0,0.0,10.0,0.0,4.0,2.0,11.0,1,1,1.0,3.0,6.0,1.0,15.0,210.0,1,0.0,1.0,2,2,2,4,0,0,2,4,0,0,4,2,0,4,0,0,2,1,0,0,0,2,9,2
200800006457,8,2,16,1,2,1,1.0,3.0,0.0,7.0,0.0,0.0,0.0,15.0,1,1,3.0,2.0,2.0,1.0,0.0,0.0,1,0.0,1.0,2,3,6,2,0,0,4,4,0,4,4,0,0,2,4,2,0,1,0,1,0,3,14,30
201400042514,14,3,18,1,2,1,1.0,3.0,0.0,33.0,0.0,0.0,2.0,17.0,1,2,4.0,2.0,2.0,1.0,80.0,60.0,1,0.0,1.0,2,1,2,4,2,0,0,4,0,6,0,0,0,4,0,2,0,1,0,0,0,2,14,0
201000043523,10,9,22,1,2,1,1.0,6.0,0.0,31.0,0.0,0.0,2.0,0.0,1,2,3.0,2.0,1.0,1.0,0.0,0.0,0,0.0,1.0,2,4,4,0,0,0,0,4,0,2,0,2,0,2,0,2,0,1,0,0,0,4,12,30
200500045301,5,7,12,1,2,2,1.0,3.0,0.0,2.0,0.0,0.0,2.0,1.0,1,-1,4.0,1.0,1.0,1.0,0.0,70.0,1,0.0,1.0,2,3,2,0,0,0,0,2,0,2,0,0,0,0,2,0,0,0,0,1,0,3,15,25
201100047336,11,9,16,1,2,3,1.0,3.0,0.0,30.0,0.0,0.0,2.0,1.0,1,2,3.0,2.0,3.0,2.0,0.0,0.0,1,0.0,1.0,2,2,4,0,0,0,0,4,0,0,0,0,4,2,0,2,0,1,0,0,0,2,8,10
201100010863,11,9,22,1,1,1,7.0,3.0,0.0,7.0,0.0,0.0,2.0,1.0,1,1,3.0,2.0,2.0,1.0,0.0,60.0,1,0.0,1.0,2,3,2,2,0,0,0,4,0,0,4,0,0,2,0,2,0,0,1,0,1,3,19,0
200900019547,9,7,11,1,2,1,1.0,5.0,0.0,7.0,0.0,0.0,2.0,1.0,1,1,4.0,2.0,2.0,2.0,0.0,75.0,1,0.0,1.0,3,3,12,3,3,0,3,9,0,0,15,0,0,3,3,6,3,0,0,1,0,4,10,30
201100034829,11,6,13,1,2,2,1.0,3.0,0.0,7.0,0.0,0.0,2.0,1.0,1,1,4.0,2.0,2.0,1.0,0.0,0.0,1,0.0,1.0,2,1,2,2,0,0,0,4,0,4,0,0,0,2,2,0,0,0,0,0,0,2,7,45
200700075150,7,12,15,1,1,1,1.0,7.0,0.0,2.0,0.0,0.0,0.0,1.0,1,2,3.0,2.0,2.0,1.0,0.0,50.0,1,0.0,1.0,1,3,1,0,0,0,0,1,0,0,1,0,0,0,1,0,0,1,0,0,0,3,16,15
201400028910,14,11,22,5,2,1,2.0,1.0,0.0,30.0,0.0,0.0,2.0,17.0,1,2,4.0,2.0,2.0,2.0,0.0,58.0,1,0.0,1.0,2,2,4,0,0,0,0,4,0,0,4,0,0,2,0,2,0,1,0,0,0,2,18,25
200900032638,9,11,29,1,2,1,2.0,7.0,0.0,32.0,0.0,0.0,0.0,21.0,1,2,4.0,2.0,2.0,1.0,0.0,100.0,1,0.0,1.0,1,1,1,1,0,0,1,1,0,0,2,0,0,1,0,0,1,0,0,0,0,2,11,20
201300036688,13,11,25,5,2,1,1.0,3.0,0.0,34.0,0.0,0.0,2.0,1.0,1,2,3.0,2.0,2.0,1.0,21.0,32.0,1,0.0,1.0,2,4,4,0,0,0,0,4,0,0,2,0,2,4,0,0,0,0,0,1,0,4,20,20
201600035129,16,1,30,1,2,1,1.0,6.0,2.0,7.0,0.0,0.0,1.0,1.0,1,1,3.0,2.0,3.0,1.0,0.0,64.0,1,5.0,1.0,1,1,1,1,0,1,0,1,1,0,1,0,0,1,0,0,1,0,0,1,0,3,16,40
200800004962,8,1,1,5,2,2,1.0,3.0,0.0,7.0,0.0,0.0,2.0,2.0,1,1,3.0,3.0,4.0,0.0,0.0,120.0,-1,0.0,1.0,2,1,4,2,0,0,2,4,0,6,0,0,0,4,0,2,0,1,1,0,0,2,18,40
200500061147,5,9,26,1,2,1,1.0,3.0,0.0,7.0,0.0,0.0,2.0,0.0,1,1,4.0,1.0,1.0,1.0,0.0,30.0,1,0.0,0.0,2,1,4,0,0,0,0,4,0,0,0,2,2,2,0,0,2,1,0,1,0,2,8,45
201700037359,17,10,31,1,2,1,1.0,2.0,2.0,7.0,0.0,0.0,2.0,15.0,1,1,4.0,2.0,2.0,1.0,0.0,85.0,1,0.0,1.0,2,1,4,0,0,0,0,4,0,2,2,0,0,2,0,0,2,1,1,0,0,3,14,55
201000065602,10,5,16,1,2,4,1.0,6.0,1.0,7.0,0.0,12.0,1.0,16.0,3,-1,4.0,1.0,1.0,1.0,0.0,130.0,1,0.0,1.0,1,2,0,1,0,1,0,0,0,0,0,0,1,1,0,0,0,0,0,0,0,2,16,2
201600048008,16,12,11,5,1,1,1.0,3.0,1.0,7.0,0.0,0.0,2.0,12.0,1,1,1.0,3.0,6.0,1.0,15.0,210.0,1,3.0,1.0,2,1,2,2,0,0,0,4,0,0,4,0,0,2,0,2,0,1,0,1,0,2,20,40
200600073518,6,12,22,1,1,1,1.0,6.0,0.0,7.0,0.0,0.0,1.0,1.0,1,1,3.0,2.0,2.0,1.0,0.0,60.0,1,0.0,1.0,1,1,1,1,0,1,0,1,0,0,2,0,0,1,1,0,0,1,0,0,0,3,3,30
200600051824,6,9,16,2,2,1,1.0,7.0,0.0,2.0,0.0,6.0,0.0,1.0,1,2,3.0,2.0,2.0,1.0,0.0,50.0,1,0.0,3.0,1,3,1,0,0,0,0,1,0,0,1,0,0,0,0,1,0,1,0,0,0,3,19,30
201100037040,11,10,5,2,2,1,1.0,7.0,0.0,7.0,0.0,9.0,0.0,1.0,1,1,4.0,1.0,2.0,1.0,0.0,0.0,1,0.0,1.0,1,2,1,1,0,0,1,1,0,1,1,0,0,0,1,0,1,0,0,0,1,2,21,30
200800069252,8,12,27,1,1,1,1.0,6.0,0.0,7.0,0.0,0.0,1.0,1.0,1,1,3.0,2.0,2.0,2.0,0.0,42.0,1,0.0,1.0,1,1,2,1,0,2,0,1,2,1,0,0,0,1,0,2,0,1,0,0,0,3,12,30
200900059414,9,11,28,1,2,1,8.0,3.0,0.0,7.0,0.0,0.0,2.0,9.0,1,1,4.0,2.0,2.0,2.0,0.0,0.0,1,0.0,1.0,2,2,8,0,2,0,4,2,0,0,8,0,0,4,0,2,2,1,1,0,0,2,16,5
201700028571,17,10,9,1,2,1,1.0,3.0,1.0,7.0,0.0,0.0,2.0,14.0,1,1,3.0,2.0,2.0,1.0,0.0,0.0,1,0.0,1.0,2,1,0,4,0,0,0,4,0,0,4,0,0,0,0,0,4,1,0,1,0,2,16,45
201400016959,14,6,26,3,1,1,1.0,6.0,0.0,7.0,0.0,14.0,0.0,1.0,1,1,3.0,2.0,0.0,0.0,0.0,49.0,1,0.0,3.0,1,2,2,2,2,0,1,1,0,3,1,0,0,0,2,2,0,1,0,0,0,4,0,1
201700044138,17,11,20,1,2,1,1.0,6.0,1.0,7.0,0.0,0.0,1.0,1.0,1,1,4.0,2.0,2.0,1.0,10.0,70.0,1,0.0,1.0,1,1,2,0,0,1,0,1,0,0,0,0,2,2,0,0,0,1,0,0,0,2,7,50
201300003888,13,12,31,3,1,1,1.0,7.0,0.0,7.0,0.0,16.0,0.0,14.0,1,1,3.0,2.0,2.0,2.0,0.0,70.0,1,0.0,3.0,1,3,1,0,0,0,0,1,0,0,1,0,0,1,0,0,0,0,0,0,0,3,23,45
201000048216,10,8,13,1,2,1,1.0,6.0,0.0,7.0,0.0,0.0,1.0,15.0,1,1,6.0,2.0,2.0,1.0,0.0,0.0,-1,0.0,1.0,1,1,0,2,0,1,0,1,1,0,0,0,1,1,0,1,0,1,0,0,0,2,7,45
201500027003,15,1,30,3,2,1,1.0,3.0,0.0,7.0,0.0,0.0,2.0,13.0,1,1,4.0,3.0,4.0,2.0,0.0,70.0,1,0.0,1.0,2,1,4,0,0,0,0,4,0,0,4,0,0,4,0,0,0,1,1,0,0,2,19,30
201600009967,16,6,25,1,1,3,7.0,3.0,1.0,7.0,0.0,0.0,0.0,0.0,1,1,3.0,2.0,2.0,0.0,0.0,55.0,1,0.0,1.0,2,1,4,4,0,0,4,4,0,4,4,0,0,2,0,0,6,0,0,0,0,3,16,45
200700057946,7,9,8,5,2,1,5.0,6.0,0.0,7.0,0.0,6.0,0.0,14.0,1,1,3.0,2.0,2.0,1.0,3.0,62.0,1,0.0,4.0,1,2,1,1,0,0,1,1,0,1,1,0,0,0,0,2,0,1,0,0,0,2,2,15
201000000843,10,7,30,5,2,1,1.0,7.0,0.0,33.0,0.0,6.0,0.0,1.0,1,2,3.0,2.0,2.0,3.0,0.0,53.0,1,0.0,1.0,1,4,1,0,0,0,0,1,0,0,1,0,0,1,0,0,0,1,0,0,0,4,1,45
200900023003,9,4,29,1,1,1,1.0,1.0,0.0,7.0,0.0,0.0,2.0,1.0,1,1,3.0,0.0,2.0,1.0,40.0,20.0,-1,0.0,0.0,2,1,2,2,0,0,0,4,0,4,0,0,0,2,0,2,0,0,0,0,0,2,8,0
201200006730,12,7,24,3,1,1,1.0,6.0,0.0,7.0,0.0,2.0,0.0,19.0,1,1,3.0,2.0,2.0,2.0,0.0,68.0,1,0.0,3.0,1,4,1,0,0,0,0,1,0,0,1,0,0,0,0,1,0,1,0,0,0,4,1,15
201100054307,11,3,26,1,1,1,1.0,6.0,0.0,7.0,0.0,4.0,0.0,1.0,1,1,1.0,3.0,2.0,1.0,0.0,36.0,1,0.0,1.0,1,2,3,0,1,0,1,1,0,0,3,0,0,0,0,3,0,1,0,0,0,2,8,10
200600005815,6,1,21,3,1,1,1.0,3.0,0.0,14.0,0.0,0.0,2.0,1.0,1,1,1.0,3.0,4.0,1.0,24.0,340.0,1,0.0,1.0,2,1,4,2,0,0,2,4,0,2,0,4,0,4,0,0,2,1,0,0,0,3,0,2
200600013666,6,3,17,1,2,1,1.0,6.0,0.0,7.0,0.0,0.0,2.0,1.0,1,-1,4.0,1.0,2.0,1.0,0.0,60.0,1,0.0,1.0,2,1,4,0,0,0,0,4,0,0,4,0,0,2,0,2,0,1,1,0,0,2,15,40
201600035054,16,9,29,1,2,2,1.0,6.0,1.0,7.0,0.0,0.0,1.0,1.0,1,1,3.0,2.0,2.0,1.0,37.0,141.0,1,0.0,1.0,1,1,1,1,0,1,0,1,1,1,0,0,0,0,0,0,2,1,0,0,0,4,8,50
200800028641,8,5,25,1,1,1,1.0,7.0,0.0,7.0,0.0,16.0,0.0,1.0,1,1,3.0,2.0,2.0,2.0,0.0,0.0,1,0.0,3.0,1,3,1,1,0,0,1,1,0,1,1,0,0,0,0,2,0,0,0,0,1,3,20,0
200800014698,8,3,21,1,1,1,3.0,5.0,0.0,17.0,0.0,0.0,2.0,2.0,1,1,1.0,3.0,4.0,1.0,22.0,140.0,1,0.0,1.0,3,1,9,0,0,0,0,9,0,0,0,3,6,6,0,3,0,1,0,0,0,3,12,35
200800051576,8,9,14,1,2,1,1.0,1.0,0.0,7.0,0.0,0.0,2.0,13.0,1,0,4.0,2.0,2.0,1.0,0.0,75.0,1,0.0,1.0,2,2,6,0,0,0,2,4,0,2,4,0,0,6,0,0,0,1,0,0,0,2,13,50
201000040112,10,7,2,1,2,1,1.0,2.0,0.0,2.0,0.0,0.0,2.0,2.0,1,2,4.0,1.0,1.0,2.0,0.0,0.0,1,0.0,1.0,2,3,4,0,0,0,0,4,2,0,0,2,0,2,0,0,2,1,1,0,0,3,9,35
201200056439,12,3,22,1,2,2,1.0,1.0,0.0,32.0,0.0,0.0,2.0,1.0,1,2,4.0,2.0,4.0,1.0,0.0,80.0,1,0.0,1.0,2,2,2,2,0,0,0,4,0,2,0,0,2,2,0,2,0,1,0,1,0,2,15,10
200700059823,7,9,7,1,2,1,1.0,2.0,0.0,17.0,0.0,0.0,2.0,2.0,1,1,4.0,1.0,2.0,1.0,0.0,70.0,1,3.0,0.0,2,1,2,2,0,0,0,4,0,0,2,2,0,0,0,4,0,1,1,0,0,2,10,0
200500053299,5,8,24,1,2,1,1.0,3.0,0.0,7.0,0.0,0.0,9.0,16.0,1,1,3.0,2.0,6.0,1.0,0.0,120.0,1,0.0,1.0,2,1,4,0,0,0,0,4,0,0,2,2,0,0,0,2,2,1,1,0,0,2,9,50
200800010040,8,2,26,5,2,2,8.0,3.0,0.0,7.0,0.0,15.0,2.0,2.0,1,1,4.0,2.0,0.0,1.0,0.0,0.0,1,0.0,1.0,2,2,8,0,2,0,2,4,2,6,0,0,0,2,2,4,0,1,0,1,0,3,21,25
200500010119,5,2,20,2,1,1,8.0,6.0,0.0,7.0,0.0,13.0,0.0,1.0,1,1,1.0,3.0,2.0,2.0,0.0,70.0,1,0.0,1.0,1,2,0,1,0,0,0,1,0,0,1,0,0,0,0,1,0,0,0,1,0,2,6,25
201600034152,16,7,18,1,1,1,1.0,5.0,2.0,7.0,0.0,0.0,2.0,2.0,1,1,3.0,3.0,2.0,1.0,0.0,0.0,1,0.0,1.0,3,1,9,0,0,0,0,9,0,0,6,3,0,3,0,3,3,1,1,0,1,2,13,40
201500005339,15,6,14,2,2,1,8.0,2.0,0.0,7.0,0.0,0.0,2.0,2.0,1,1,3.0,3.0,0.0,0.0,11.0,106.0,1,0.0,1.0,2,1,4,0,0,0,0,4,4,0,0,0,0,4,0,0,0,1,1,0,0,3,5,30
201700010828,17,11,17,1,2,1,1.0,4.0,1.0,13.0,0.0,0.0,2.0,2.0,1,1,4.0,2.0,2.0,1.0,0.0,60.0,1,0.0,1.0,3,1,3,6,0,0,0,9,6,0,0,3,0,3,0,6,0,1,1,0,0,2,8,40
200700077318,7,12,11,5,2,1,1.0,6.0,0.0,2.0,0.0,11.0,0.0,0.0,1,-1,9.0,2.0,2.0,2.0,0.0,0.0,1,0.0,1.0,1,3,1,0,0,0,0,1,0,0,1,0,0,1,0,0,0,1,0,0,0,3,21,22
201600007078,16,11,11,5,1,1,1.0,5.0,1.0,7.0,0.0,0.0,2.0,13.0,1,1,3.0,2.0,2.0,1.0,74.0,-1.0,-1,0.0,1.0,3,3,9,6,0,0,6,9,0,6,9,0,0,12,0,0,3,1,0,1,0,3,20,45
201200050520,12,1,27,1,1,1,1.0,5.0,0.0,7.0,0.0,0.0,2.0,1.0,1,1,1.0,3.0,4.0,4.0,15.0,140.0,1,0.0,1.0,3,1,3,6,0,0,0,9,0,9,0,0,0,6,0,3,0,1,0,1,0,3,8,33
201100045915,11,11,12,1,2,2,1.0,3.0,0.0,7.0,0.0,0.0,2.0,1.0,1,1,4.0,1.0,1.0,1.0,0.0,0.0,1,0.0,1.0,2,1,6,8,6,0,4,4,0,0,14,0,0,6,0,8,0,1,0,0,0,2,19,5
200600048257,6,8,19,3,2,1,1.0,2.0,1.0,7.0,0.0,0.0,2.0,1.0,1,-1,4.0,2.0,2.0,1.0,0.0,0.0,1,0.0,1.0,2,2,0,2,0,0,0,2,0,0,2,0,0,2,0,0,0,1,1,0,0,2,3,0
201300054775,13,10,22,1,2,2,1.0,2.0,0.0,7.0,0.0,0.0,0.0,23.0,1,1,4.0,2.0,8.0,1.0,0.0,0.0,-1,0.0,1.0,2,1,0,4,0,0,2,2,0,0,4,0,0,2,0,0,2,1,1,0,0,2,14,15
200900008285,9,4,24,1,1,1,1.0,6.0,0.0,7.0,0.0,13.0,0.0,1.0,1,1,3.0,2.0,2.0,1.0,0.0,76.0,1,0.0,1.0,1,3,1,0,0,0,0,1,0,0,1,0,0,0,0,1,0,1,0,0,0,3,19,45
201100051516,11,2,1,5,2,1,1.0,6.0,0.0,37.0,15.0,0.0,1.0,1.0,1,-1,2.0,2.0,3.0,1.0,0.0,70.0,1,0.0,1.0,1,1,2,0,0,1,0,1,1,0,0,1,0,1,0,0,1,1,0,0,0,2,18,0
200700021964,7,4,17,1,2,6,1.0,3.0,0.0,7.0,0.0,0.0,2.0,9.0,1,-1,4.0,2.0,2.0,1.0,0.0,100.0,1,5.0,1.0,2,1,0,4,0,0,0,4,0,0,0,0,4,4,0,0,0,1,0,1,0,2,12,28
201300053216,13,9,20,5,2,2,1.0,3.0,0.0,7.0,0.0,0.0,2.0,15.0,1,1,4.0,0.0,1.0,1.0,0.0,30.0,1,0.0,1.0,2,2,4,0,0,0,0,4,2,0,0,0,2,2,0,2,0,1,0,0,0,2,6,25
201100057616,11,8,15,1,1,1,1.0,2.0,0.0,10.0,0.0,0.0,0.0,11.0,1,1,1.0,1.0,2.0,1.0,50.0,70.0,1,0.0,1.0,2,1,6,2,2,0,2,4,0,2,6,0,0,4,2,2,0,1,1,0,0,2,13,45
201000005333,10,6,13,1,1,1,1.0,3.0,0.0,33.0,0.0,0.0,2.0,17.0,1,0,3.0,2.0,2.0,0.0,0.0,0.0,-1,0.0,1.0,2,4,4,0,0,0,0,4,0,0,4,0,0,2,0,2,0,1,0,1,0,4,18,15
201200044718,12,4,11,2,2,1,1.0,7.0,0.0,32.0,0.0,0.0,2.0,1.0,1,2,4.0,2.0,2.0,1.0,0.0,0.0,1,0.0,1.0,1,3,1,0,0,0,0,1,0,0,0,0,1,1,0,0,0,0,0,0,0,3,20,0
200700041250,7,7,4,1,2,1,1.0,3.0,0.0,7.0,0.0,0.0,2.0,1.0,1,1,4.0,2.0,2.0,1.0,0.0,40.0,1,0.0,1.0,2,1,8,4,4,0,4,4,0,8,4,0,0,0,10,2,0,1,1,0,0,3,13,45
201700037371,17,3,21,1,2,1,1.0,1.0,2.0,10.0,0.0,0.0,2.0,1.0,1,1,4.0,2.0,2.0,1.0,0.0,72.0,1,0.0,1.0,2,2,4,0,0,0,0,4,0,2,2,0,0,4,0,0,0,1,0,0,0,3,13,25
201600034383,16,12,8,5,2,6,1.0,6.0,2.0,7.0,0.0,6.0,0.0,1.0,1,-1,3.0,2.0,2.0,1.0,0.0,25.0,1,5.0,0.0,1,3,1,0,0,0,0,1,0,1,0,0,0,1,0,0,0,1,0,0,0,3,19,0
200800020640,8,4,21,1,2,3,1.0,3.0,0.0,7.0,0.0,0.0,2.0,15.0,1,1,4.0,2.0,0.0,1.0,0.0,91.0,1,0.0,1.0,2,2,2,4,0,0,2,4,0,4,2,0,0,2,2,2,0,1,0,0,0,2,15,45
201100013729,11,12,22,3,1,1,8.0,6.0,0.0,7.0,0.0,0.0,1.0,17.0,1,1,3.0,2.0,2.0,1.0,0.0,0.0,1,0.0,1.0,1,1,2,0,0,1,0,1,0,0,1,0,1,1,1,0,0,1,0,0,0,3,5,15
200900050479,9,9,30,1,1,1,7.0,3.0,0.0,2.0,0.0,0.0,2.0,17.0,1,2,3.0,2.0,2.0,2.0,0.0,0.0,1,0.0,1.0,2,3,4,0,0,0,0,4,0,0,0,2,2,0,2,2,0,1,0,0,0,3,14,30
200500073546,5,11,1,5,2,2,1.0,2.0,0.0,7.0,0.0,0.0,2.0,15.0,1,-1,4.0,2.0,2.0,2.0,0.0,70.0,1,0.0,1.0,2,2,0,2,0,0,0,2,0,2,0,0,0,0,0,2,0,1,1,0,0,2,20,56
201300051174,13,7,8,1,2,5,1.0,7.0,0.0,32.0,0.0,0.0,0.0,1.0,1,2,4.0,2.0,2.0,1.0,0.0,90.0,1,0.0,1.0,1,2,0,1,0,0,0,1,0,0,0,1,0,1,0,0,0,0,0,0,0,2,9,55
200700035423,7,6,16,1,1,1,1.0,3.0,0.0,7.0,0.0,0.0,2.0,17.0,1,1,3.0,1.0,1.0,1.0,0.0,35.0,1,0.0,1.0,2,1,2,4,2,0,0,4,0,2,4,0,0,2,0,0,4,0,0,1,0,2,17,0
200500061483,5,9,20,1,2,1,1.0,6.0,0.0,7.0,0.0,0.0,2.0,19.0,1,1,4.0,2.0,2.0,1.0,20.0,61.0,1,0.0,1.0,2,1,2,2,0,0,0,4,0,4,0,0,0,4,0,0,0,1,1,0,0,3,9,45
201000035314,10,10,29,5,2,1,1.0,1.0,0.0,30.0,0.0,0.0,2.0,17.0,1,2,4.0,2.0,2.0,2.0,0.0,62.0,1,0.0,1.0,2,2,4,4,2,0,2,4,0,0,6,2,0,2,2,4,0,1,0,0,0,2,18,55
201100024346,11,6,8,1,2,1,1.0,6.0,0.0,7.0,0.0,0.0,1.0,1.0,1,1,3.0,2.0,0.0,2.0,0.0,93.0,1,6.0,1.0,1,1,2,0,0,1,0,1,0,0,2,0,0,0,0,0,2,1,0,0,0,3,9,15
201600039351,16,10,21,3,2,1,1.0,6.0,0.0,1.0,0.0,1.0,0.0,13.0,1,0,3.0,2.0,2.0,2.0,0.0,58.0,1,0.0,1.0,2,2,2,2,0,0,0,4,4,0,0,0,0,2,0,2,0,1,0,0,0,2,5,50
201000035079,10,9,1,3,1,1,1.0,6.0,0.0,7.0,0.0,13.0,0.0,0.0,1,-1,3.0,2.0,2.0,1.0,0.0,76.0,1,0.0,3.0,1,3,1,0,0,0,0,1,0,0,1,0,0,1,0,0,0,0,0,0,1,3,4,14
201000060058,10,12,5,4,1,1,2.0,6.0,0.0,7.0,0.0,4.0,0.0,1.0,1,1,1.0,1.0,3.0,1.0,3.0,105.0,1,0.0,1.0,2,1,4,0,0,0,0,4,0,0,4,0,0,2,0,2,0,1,0,0,0,2,21,20
201100043749,11,1,4,5,2,1,1.0,7.0,0.0,7.0,0.0,0.0,1.0,1.0,1,1,4.0,2.0,2.0,3.0,0.0,53.0,1,0.0,1.0,1,1,1,1,0,1,0,1,1,0,0,0,1,1,0,1,0,1,0,0,0,2,17,35
201100033883,11,9,13,1,2,1,1.0,2.0,0.0,3.0,0.0,0.0,2.0,23.0,1,1,4.0,2.0,2.0,1.0,0.0,70.0,1,0.0,1.0,2,2,2,2,0,0,0,4,0,2,2,0,0,2,0,2,0,1,1,0,0,2,17,30
200900007085,9,1,31,1,1,1,1.0,7.0,0.0,7.0,0.0,3.0,0.0,0.0,1,1,1.0,3.0,4.0,0.0,20.0,70.0,1,0.0,1.0,1,1,1,1,0,0,1,1,0,2,0,0,0,0,0,2,0,0,0,0,0,2,10,0
200700045383,7,7,18,1,1,1,1.0,4.0,0.0,7.0,0.0,0.0,2.0,1.0,1,1,2.0,3.0,2.0,1.0,0.0,60.0,1,0.0,1.0,4,1,4,12,0,0,0,16,12,4,0,0,0,12,0,4,0,1,1,0,0,2,13,0
200800028718,8,5,13,1,2,1,1.0,1.0,0.0,30.0,0.0,0.0,2.0,11.0,1,2,3.0,2.0,0.0,1.0,0.0,68.0,1,0.0,1.0,2,3,2,2,0,0,0,4,2,0,2,0,0,2,2,0,0,1,0,1,0,3,18,45
200700031728,7,5,4,1,2,3,1.0,3.0,0.0,1.0,0.0,0.0,2.0,1.0,1,-1,4.0,1.0,1.0,1.0,0.0,0.0,1,0.0,1.0,2,2,2,2,0,0,0,4,0,0,0,4,0,2,0,2,0,1,0,0,0,2,9,30
200900071920,9,8,11,1,2,1,1.0,2.0,0.0,10.0,0.0,0.0,2.0,1.0,1,1,3.0,2.0,2.0,0.0,0.0,0.0,1,0.0,1.0,2,1,8,0,0,0,0,8,0,2,2,4,0,6,2,0,0,1,1,0,0,2,12,25
201300053960,13,12,20,5,2,3,1.0,7.0,0.0,30.0,0.0,0.0,0.0,1.0,1,2,4.0,2.0,2.0,1.0,0.0,100.0,0,0.0,1.0,1,2,0,1,0,0,0,1,0,0,0,0,1,0,0,1,0,0,0,0,0,2,17,50
201400051000,14,3,13,1,2,1,1.0,1.0,0.0,7.0,0.0,0.0,0.0,15.0,1,-1,4.0,2.0,0.0,1.0,0.0,90.0,-1,0.0,1.0,2,1,2,2,0,0,0,4,0,2,0,2,0,2,0,2,0,1,0,0,0,2,8,15
200600001284,6,1,31,1,1,1,1.0,5.0,0.0,7.0,0.0,0.0,2.0,2.0,1,1,2.0,2.0,0.0,1.0,0.0,0.0,1,0.0,1.0,3,1,3,6,0,0,0,9,3,0,3,0,3,9,0,0,0,1,1,0,0,2,12,25
201200047489,12,11,4,5,2,2,1.0,3.0,0.0,7.0,0.0,0.0,2.0,1.0,1,1,3.0,2.0,0.0,1.0,53.0,109.0,1,0.0,1.0,2,1,4,0,0,0,0,4,4,0,0,0,0,2,2,0,0,1,0,0,0,3,22,5
201300014077,13,2,26,1,2,1,1.0,3.0,0.0,2.0,0.0,0.0,2.0,1.0,1,-1,4.0,2.0,0.0,2.0,10.0,10.0,1,0.0,1.0,2,2,4,0,0,0,0,4,0,4,0,0,0,0,0,4,0,1,0,0,0,2,12,5
200900011718,9,5,7,1,2,2,1.0,3.0,0.0,7.0,0.0,0.0,2.0,7.0,1,1,4.0,1.0,1.0,1.0,0.0,50.0,1,0.0,1.0,2,1,12,0,6,0,2,4,0,4,6,2,0,2,0,10,0,1,1,0,0,2,14,0
200600057371,6,9,18,2,2,3,1.0,3.0,0.0,7.0,0.0,0.0,2.0,1.0,1,1,3.0,2.0,1.0,2.0,70.0,70.0,1,0.0,1.0,2,3,4,0,0,0,0,4,0,0,0,0,4,0,0,4,0,1,0,1,0,3,7,10
200600064079,6,10,13,5,2,1,5.0,3.0,0.0,10.0,0.0,0.0,2.0,15.0,1,1,3.0,2.0,2.0,1.0,0.0,60.0,1,0.0,1.0,2,1,2,2,0,0,0,4,2,0,2,0,0,2,0,2,0,1,0,0,0,2,6,50
200900020492,9,9,11,5,2,3,1.0,2.0,0.0,7.0,0.0,0.0,2.0,2.0,1,1,4.0,1.0,2.0,1.0,0.0,100.0,1,0.0,1.0,2,1,4,0,0,0,0,4,0,2,0,2,0,2,0,0,2,1,1,0,0,2,2,35