Num_Acc,an,mois,jour,lum,agg,int,atm,col,senc,catv,occutc,obs,obsm,manv,catu,secu,catr,circ,nbv,prof,lartpc,larrout,surf,infra,situ,nb_veh,grav_simpl,Homme,Femme,Arrière,Autre_x,Avant,Conducteur,Autre_y,Inconnu,Loisirs,Professionnel,Travail,Adulte,Enfant,Jeune,Senior,choc_avant,choc_arriere,choc_lateral,choc_multiple,grav_order_max,heure,minute
200600055925,6,9,13,5,2,2,1.0,3.0,0.0,2.0,0.0,0.0,2.0,17.0,1,2,4.0,2.0,2.0,1.0,0.0,60.0,1,0.0,1.0,2,2,2,2,0,0,0,4,0,0,2,2,0,0,0,2,2,1,0,1,0,2,1,15
201000059833,10,4,29,1,1,1,1.0,6.0,0.0,7.0,0.0,0.0,2.0,1.0,1,1,1.0,3.0,3.0,1.0,0.0,105.0,1,0.0,1.0,3,1,6,3,0,0,0,9,0,0,9,0,0,3,0,6,0,1,1,0,0,2,17,30
200500050606,5,8,20,1,2,3,1.0,3.0,0.0,7.0,0.0,0.0,0.0,15.0,1,1,1.0,1.0,2.0,3.0,0.0,0.0,1,3.0,1.0,2,1,2,2,0,0,0,4,2,0,2,0,0,2,0,2,0,1,1,0,0,2,18,5
201700027818,17,5,29,1,2,1,1.0,3.0,1.0,7.0,0.0,0.0,2.0,0.0,1,1,4.0,2.0,2.0,1.0,0.0,0.0,1,0.0,1.0,2,1,2,2,0,0,0,4,0,0,2,0,2,0,0,2,2,1,0,0,0,3,8,55
201300013922,13,1,9,1,2,1,1.0,6.0,0.0,7.0,0.0,0.0,2.0,1.0,1,-1,4.0,2.0,3.0,1.0,0.0,0.0,1,0.0,1.0,2,1,2,4,0,2,0,4,0,0,6,0,0,2,0,0,4,1,1,0,0,3,11,0
201700013572,17,7,9,1,2,1,1.0,3.0,0.0,7.0,0.0,0.0,2.0,0.0,1,1,3.0,2.0,2.0,1.0,0.0,10.0,1,0.0,-1.0,2,1,6,0,0,0,2,4,0,6,0,0,0,4,0,0,2,1,0,1,0,3,10,30
200700007618,7,2,26,5,2,1,1.0,6.0,0.0,1.0,0.0,0.0,1.0,1.0,1,-1,4.0,2.0,2.0,1.0,0.0,0.0,1,0.0,4.0,1,2,2,0,0,1,0,1,0,0,2,0,0,1,0,1,0,1,0,0,0,2,18,30
201400005597,14,9,8,1,1,1,1.0,6.0,0.0,33.0,0.0,2.0,0.0,0.0,1,2,3.0,2.0,2.0,1.0,0.0,38.0,-1,0.0,3.0,1,4,1,0,0,0,0,1,0,0,1,0,0,0,0,1,0,1,0,0,0,4,7,30
201700009032,17,2,5,5,2,2,2.0,3.0,1.0,7.0,0.0,0.0,2.0,15.0,1,2,4.0,2.0,3.0,2.0,0.0,0.0,1,0.0,1.0,2,3,2,0,0,0,0,2,0,0,2,0,0,0,0,2,0,1,0,1,0,3,2,10
201000006989,10,9,30,1,1,1,1.0,3.0,0.0,7.0,0.0,0.0,2.0,19.0,1,1,3.0,2.0,2.0,2.0,0.0,71.0,1,0.0,1.0,2,4,2,2,0,0,0,4,2,0,0,2,0,4,0,0,0,1,0,1,0,4,17,15
201200052511,12,3,19,1,1,1,8.0,6.0,0.0,7.0,0.0,13.0,0.0,14.0,1,1,3.0,3.0,2.0,1.0,0.0,70.0,1,0.0,3.0,1,2,0,1,0,0,0,1,0,0,1,0,0,0,0,1,0,0,0,0,1,2,16,0
201100044129,11,8,21,1,2,1,1.0,6.0,0.0,7.0,0.0,2.0,0.0,0.0,1,1,3.0,2.0,2.0,0.0,0.0,60.0,1,0.0,3.0,1,3,0,1,0,0,0,1,0,0,1,0,0,1,0,0,0,1,0,0,0,3,17,50
201400054692,14,10,30,1,2,2,1.0,6.0,0.0,31.0,0.0,0.0,2.0,1.0,1,2,4.0,2.0,4.0,1.0,150.0,150.0,1,5.0,1.0,2,2,2,2,0,0,0,4,0,4,0,0,0,4,0,0,0,1,0,0,0,2,16,30
201100048981,11,1,15,5,2,2,1.0,6.0,0.0,33.0,0.0,0.0,1.0,1.0,1,2,2.0,3.0,3.0,1.0,0.0,35.0,1,0.0,1.0,1,2,1,1,0,1,0,1,1,0,0,0,1,1,0,1,0,1,0,0,0,2,22,15
201600025524,16,4,18,2,2,1,1.0,6.0,0.0,7.0,0.0,0.0,1.0,0.0,1,1,4.0,2.0,2.0,1.0,0.0,0.0,1,0.0,1.0,1,1,2,0,0,1,0,1,1,0,1,0,0,0,1,1,0,1,0,0,0,2,20,5
201000050593,10,2,22,1,2,1,1.0,6.0,0.0,7.0,0.0,0.0,2.0,1.0,1,0,4.0,2.0,2.0,1.0,0.0,0.0,1,0.0,1.0,1,1,1,1,0,1,0,1,2,0,0,0,0,0,1,0,1,0,0,1,0,2,11,49
201200011829,12,11,15,1,2,1,1.0,3.0,0.0,10.0,0.0,0.0,2.0,9.0,1,1,4.0,3.0,2.0,1.0,0.0,120.0,1,0.0,1.0,2,1,2,2,0,0,0,4,0,2,2,0,0,2,0,2,0,1,0,1,0,2,11,50
200600032372,6,6,22,3,1,1,1.0,3.0,0.0,33.0,0.0,0.0,2.0,1.0,1,2,3.0,2.0,3.0,1.0,0.0,120.0,1,0.0,1.0,2,2,2,0,0,0,0,2,0,0,2,0,0,2,0,0,0,1,0,1,0,2,3,0
200600000631,6,1,27,1,2,1,1.0,2.0,0.0,1.0,0.0,0.0,2.0,2.0,1,2,4.0,2.0,2.0,2.0,0.0,75.0,1,0.0,1.0,2,2,4,0,0,0,0,4,0,0,0,0,4,4,0,0,0,0,1,0,0,2,12,10
200800004756,8,1,28,5,2,1,1.0,3.0,0.0,7.0,0.0,0.0,0.0,19.0,1,1,4.0,2.0,4.0,1.0,0.0,90.0,1,0.0,1.0,2,1,4,0,0,0,0,4,0,0,4,0,0,4,0,0,0,1,1,0,0,2,19,10
201200024545,12,12,18,1,1,1,1.0,3.0,0.0,7.0,0.0,0.0,2.0,11.0,1,1,1.0,3.0,2.0,1.0,0.0,100.0,1,0.0,1.0,2,1,4,0,0,0,0,4,0,0,0,2,2,4,0,0,0,1,0,1,0,2,7,50
201300005643,13,6,6,1,1,1,1.0,3.0,0.0,7.0,0.0,0.0,2.0,1.0,1,1,3.0,2.0,2.0,1.0,0.0,80.0,1,0.0,1.0,2,1,2,2,0,0,0,4,0,0,2,0,2,0,0,2,2,1,0,1,0,3,14,15
201200038820,12,3,14,1,2,1,1.0,3.0,0.0,7.0,0.0,0.0,2.0,17.0,1,1,4.0,2.0,2.0,1.0,0.0,0.0,1,0.0,1.0,2,1,2,2,0,0,0,4,2,0,0,0,2,2,0,2,0,1,0,0,0,2,7,50
201200050466,12,12,19,1,1,1,1.0,7.0,0.0,31.0,0.0,12.0,0.0,21.0,1,2,1.0,1.0,1.0,1.0,15.0,35.0,1,1.0,1.0,1,2,1,0,0,0,0,1,0,0,0,0,1,0,0,1,0,1,0,0,0,2,9,50
201100041781,11,9,19,1,2,1,1.0,6.0,0.0,7.0,0.0,0.0,1.0,1.0,1,1,4.0,3.0,4.0,1.0,30.0,140.0,1,0.0,1.0,1,1,1,1,0,1,0,1,0,1,1,0,0,1,0,1,0,1,0,0,0,3,17,0
200700029940,7,5,27,1,2,2,2.0,3.0,0.0,7.0,0.0,0.0,2.0,13.0,1,1,4.0,2.0,2.0,1.0,0.0,60.0,1,0.0,1.0,2,1,4,0,0,0,0,4,0,0,4,0,0,2,0,2,0,1,0,1,0,2,16,20
200600072451,6,11,17,3,2,1,2.0,7.0,0.0,31.0,0.0,0.0,0.0,1.0,1,2,4.0,2.0,2.0,1.0,0.0,60.0,1,0.0,1.0,1,2,1,0,0,0,0,1,0,0,0,0,1,1,0,0,0,0,0,0,0,2,19,15
201700021060,17,8,16,4,1,1,1.0,7.0,1.0,33.0,0.0,0.0,0.0,2.0,1,2,3.0,2.0,2.0,1.0,0.0,70.0,1,0.0,1.0,1,1,2,0,0,0,1,1,0,0,2,0,0,2,0,0,0,0,0,1,0,2,1,20
200700075997,7,12,9,1,2,1,3.0,1.0,0.0,7.0,0.0,0.0,2.0,17.0,1,1,3.0,2.0,2.0,0.0,0.0,0.0,1,5.0,1.0,2,3,4,0,0,0,0,4,0,0,4,0,0,0,0,4,0,1,0,0,0,3,16,45
200600060340,6,10,30,1,2,1,1.0,2.0,0.0,2.0,0.0,0.0,2.0,17.0,1,2,3.0,2.0,2.0,2.0,0.0,0.0,1,0.0,1.0,2,2,4,0,0,0,0,4,0,0,2,2,0,2,0,2,0,1,1,0,0,2,15,30
200500047024,5,7,1,1,2,1,1.0,3.0,0.0,7.0,0.0,0.0,2.0,15.0,1,1,4.0,2.0,3.0,1.0,0.0,130.0,1,0.0,1.0,2,1,4,0,0,0,0,4,0,0,0,4,0,2,0,2,0,1,0,0,0,2,13,25
200600058043,6,9,25,1,2,2,1.0,3.0,0.0,7.0,0.0,0.0,2.0,1.0,1,1,4.0,1.0,1.0,1.0,0.0,50.0,1,0.0,1.0,2,1,2,2,0,0,0,4,0,0,2,2,0,2,0,2,0,1,0,0,0,2,18,15
201300024116,13,10,7,1,2,3,1.0,2.0,0.0,7.0,0.0,0.0,0.0,1.0,1,-1,4.0,3.0,2.0,1.0,0.0,0.0,1,0.0,1.0,2,2,4,0,0,0,0,4,0,0,0,2,2,4,0,0,0,1,1,0,0,2,14,20
201600000129,16,2,7,5,2,1,2.0,6.0,2.0,7.0,0.0,5.0,0.0,1.0,1,1,3.0,2.0,0.0,1.0,25.0,69.0,1,5.0,1.0,1,1,2,1,1,0,1,1,0,2,1,0,0,0,0,3,0,1,0,0,0,4,6,15
200800050209,8,9,28,1,2,1,1.0,6.0,0.0,7.0,0.0,0.0,1.0,1.0,1,1,4.0,2.0,2.0,1.0,0.0,70.0,1,0.0,1.0,1,1,0,2,0,1,0,1,0,0,2,0,0,1,1,0,0,1,0,0,0,3,13,35
200500025769,5,5,9,1,2,6,1.0,5.0,0.0,14.0,0.0,0.0,2.0,0.0,1,1,2.0,2.0,2.0,1.0,0.0,80.0,1,0.0,1.0,3,1,9,3,0,0,3,9,0,3,3,6,0,12,0,0,0,1,1,0,0,3,15,0
200900031378,9,5,28,3,1,1,1.0,7.0,0.0,33.0,0.0,0.0,0.0,1.0,1,2,4.0,2.0,1.0,1.0,0.0,47.0,1,0.0,0.0,1,3,1,0,0,0,0,1,0,0,1,0,0,0,0,1,0,1,0,0,0,3,21,45
201700018550,17,3,26,3,1,1,1.0,6.0,1.0,7.0,0.0,13.0,0.0,14.0,1,1,3.0,2.0,2.0,1.0,0.0,52.0,1,0.0,3.0,1,4,1,0,0,0,0,1,0,0,1,0,0,1,0,0,0,1,0,0,0,4,5,50
201400037021,14,12,18,1,2,1,1.0,6.0,0.0,32.0,0.0,0.0,1.0,1.0,1,2,3.0,2.0,2.0,1.0,0.0,70.0,1,0.0,1.0,1,3,2,0,0,1,0,1,1,0,0,0,1,1,1,0,0,1,0,0,0,3,7,20
201000038427,10,7,29,1,2,1,1.0,7.0,0.0,33.0,0.0,15.0,0.0,1.0,1,2,3.0,1.0,2.0,1.0,0.0,0.0,1,0.0,1.0,1,3,1,0,0,0,0,1,0,0,1,0,0,1,0,0,0,1,0,0,0,3,21,0
200500049326,5,8,19,3,1,1,1.0,1.0,0.0,7.0,0.0,0.0,2.0,13.0,1,1,2.0,2.0,2.0,1.0,0.0,74.0,1,0.0,1.0,2,3,8,2,4,0,2,4,2,6,2,0,0,4,0,6,0,1,0,0,0,4,4,45
200900028138,9,8,1,1,2,1,1.0,3.0,0.0,31.0,0.0,0.0,2.0,1.0,1,2,3.0,2.0,2.0,1.0,0.0,50.0,1,0.0,1.0,2,3,2,2,0,0,0,4,2,2,0,0,0,2,0,2,0,1,0,0,0,3,15,45
201200023071,12,3,18,1,1,1,1.0,5.0,0.0,7.0,0.0,0.0,2.0,13.0,1,1,3.0,2.0,2.0,1.0,0.0,75.0,1,0.0,1.0,3,3,6,3,0,0,0,9,0,0,9,0,0,3,0,3,3,1,0,1,0,3,16,30
201500001391,15,9,11,3,1,1,1.0,6.0,0.0,7.0,0.0,2.0,0.0,21.0,1,1,3.0,2.0,2.0,2.0,0.0,53.0,1,0.0,3.0,1,3,0,1,0,0,0,1,0,0,1,0,0,0,0,0,1,1,0,0,0,3,22,15
201100041662,11,6,23,1,2,2,1.0,3.0,0.0,7.0,0.0,6.0,2.0,15.0,1,1,4.0,2.0,2.0,1.0,0.0,35.0,1,0.0,1.0,2,2,2,2,0,0,0,4,0,2,0,0,2,0,0,4,0,1,0,0,0,2,17,30
200500052970,5,8,2,1,1,1,1.0,2.0,0.0,2.0,0.0,0.0,2.0,1.0,1,2,3.0,2.0,4.0,1.0,20.0,160.0,1,0.0,1.0,2,2,6,0,0,0,2,4,0,2,2,2,0,2,2,2,0,1,1,0,0,2,15,35
201000019882,10,8,8,1,2,1,1.0,6.0,0.0,1.0,0.0,0.0,2.0,1.0,1,2,4.0,2.0,2.0,2.0,0.0,80.0,1,0.0,1.0,2,2,4,0,0,0,0,4,0,0,4,0,0,4,0,0,0,1,0,0,0,2,19,30
201200038001,12,4,4,1,2,1,1.0,6.0,0.0,7.0,0.0,0.0,1.0,4.0,1,1,4.0,2.0,2.0,1.0,0.0,0.0,1,0.0,1.0,1,1,1,1,0,1,0,1,0,0,1,1,0,1,0,0,1,0,1,0,0,3,16,5
201100047732,11,5,20,1,2,1,1.0,3.0,0.0,33.0,0.0,0.0,2.0,1.0,1,-1,4.0,2.0,1.0,1.0,0.0,0.0,1,0.0,1.0,2,2,2,4,0,0,2,4,4,2,0,0,0,6,0,0,0,1,0,1,0,2,12,30
201100009305,11,5,29,3,1,1,1.0,6.0,0.0,7.0,0.0,8.0,0.0,1.0,1,0,3.0,2.0,2.0,3.0,0.0,58.0,1,0.0,3.0,1,4,1,0,0,0,0,1,0,0,1,0,0,1,0,0,0,1,0,0,0,4,1,0
201300018433,13,8,15,1,2,1,1.0,7.0,0.0,31.0,0.0,0.0,0.0,1.0,1,2,3.0,2.0,2.0,1.0,0.0,58.0,1,0.0,1.0,1,1,1,1,0,0,1,1,0,1,1,0,0,0,0,0,2,1,0,0,0,3,17,0
201200052515,12,3,27,3,1,1,1.0,7.0,0.0,7.0,0.0,3.0,0.0,0.0,1,1,1.0,1.0,3.0,1.0,0.0,45.0,1,0.0,2.0,1,2,1,1,0,0,1,1,0,0,2,0,0,0,0,2,0,0,0,0,1,2,5,35
200500070263,5,10,17,1,1,1,1.0,2.0,0.0,7.0,0.0,0.0,2.0,2.0,1,1,1.0,1.0,2.0,2.0,20.0,70.0,1,0.0,0.0,2,3,4,0,0,0,0,4,2,0,0,2,0,2,0,2,0,1,1,0,0,3,11,30
201500041878,15,4,12,1,2,1,5.0,6.0,2.0,7.0,0.0,14.0,0.0,2.0,2,-1,4.0,2.0,2.0,1.0,0.0,50.0,-1,0.0,1.0,1,2,1,0,0,0,1,0,1,0,0,0,0,0,0,1,0,0,0,0,0,2,8,40
201700047050,17,1,5,1,1,1,1.0,3.0,1.0,7.0,0.0,0.0,2.0,1.0,1,1,1.0,3.0,6.0,1.0,0.0,-1.0,1,0.0,1.0,2,2,4,0,0,0,0,4,0,0,0,0,4,4,0,0,0,1,0,1,0,2,18,20
200600071924,6,11,11,1,2,1,1.0,6.0,0.0,7.0,0.0,0.0,1.0,1.0,1,-1,3.0,2.0,2.0,1.0,0.0,0.0,1,6.0,1.0,1,1,1,1,0,1,0,1,0,0,2,0,0,2,0,0,0,1,0,0,0,2,9,10
201200024814,12,2,3,5,2,1,1.0,1.0,0.0,30.0,0.0,0.0,2.0,1.0,1,-1,4.0,1.0,1.0,1.0,0.0,0.0,1,0.0,1.0,2,2,2,0,0,0,0,2,0,2,0,0,0,0,0,2,0,1,0,0,0,2,20,0
201300052810,13,7,31,1,2,1,1.0,3.0,0.0,30.0,0.0,0.0,2.0,17.0,1,2,4.0,2.0,3.0,1.0,82.0,82.0,1,0.0,1.0,2,2,6,0,0,0,2,4,0,0,6,0,0,2,0,4,0,1,1,0,0,2,19,45
201300011628,13,11,26,3,1,1,1.0,2.0,0.0,17.0,0.0,0.0,2.0,1.0,1,1,1.0,3.0,3.0,1.0,0.0,45.0,1,0.0,1.0,2,1,4,0,0,0,0,4,0,0,0,4,0,4,0,0,0,1,1,0,0,3,21,0
200600071418,6,11,29,5,2,1,1.0,6.0,0.0,10.0,0.0,0.0,1.0,1.0,1,1,3.0,2.0,2.0,1.0,0.0,74.0,1,0.0,1.0,1,2,1,1,0,1,0,1,1,0,0,1,0,1,1,0,0,1,0,0,0,4,8,0
201100041859,11,12,19,5,2,3,3.0,6.0,0.0,7.0,0.0,0.0,1.0,1.0,1,1,4.0,-1.0,2.0,-1.0,0.0,-1.0,-1,0.0,-1.0,1,1,0,2,0,1,0,1,0,0,0,0,2,2,0,0,0,1,0,0,0,2,19,58
201300038363,13,10,4,1,2,1,1.0,3.0,0.0,2.0,0.0,0.0,2.0,17.0,1,2,3.0,2.0,2.0,1.0,0.0,0.0,1,0.0,1.0,2,2,4,0,0,0,0,4,0,4,0,0,0,0,0,4,0,1,0,0,0,2,15,55
200500066704,5,10,16,5,2,1,1.0,7.0,0.0,2.0,0.0,2.0,0.0,13.0,1,2,4.0,3.0,4.0,1.0,0.0,75.0,1,0.0,1.0,1,3,1,0,0,0,0,1,0,0,1,0,0,1,0,0,0,1,0,0,0,3,0,25
201400033451,14,10,21,3,2,1,3.0,6.0,0.0,7.0,0.0,9.0,9.0,1.0,1,1,4.0,2.0,2.0,1.0,0.0,70.0,1,0.0,1.0,2,4,2,2,0,0,0,4,0,4,0,0,0,2,0,2,0,1,1,0,0,4,18,30
200500083348,5,12,7,1,2,1,1.0,2.0,0.0,7.0,0.0,1.0,0.0,1.0,1,1,3.0,2.0,2.0,1.0,0.0,0.0,1,0.0,1.0,2,1,10,0,4,0,2,4,2,6,2,0,0,0,0,10,0,1,1,0,0,2,13,0
200800002470,8,1,20,1,2,1,1.0,6.0,0.0,7.0,0.0,0.0,1.0,1.0,1,1,3.0,2.0,0.0,1.0,0.0,80.0,1,0.0,1.0,1,1,2,0,0,1,0,1,0,0,2,0,0,1,0,1,0,1,0,0,0,2,20,0
201100021051,11,10,18,1,2,1,1.0,6.0,1.0,7.0,0.0,0.0,1.0,0.0,4,-1,4.0,2.0,2.0,1.0,0.0,0.0,1,0.0,1.0,1,2,0,1,0,1,0,0,1,0,0,0,0,0,0,1,0,1,0,0,0,2,17,0
200500027078,5,4,29,1,2,1,1.0,6.0,1.0,4.0,0.0,0.0,0.0,7.0,3,-1,9.0,0.0,0.0,1.0,0.0,100.0,-1,0.0,0.0,1,2,1,0,0,1,0,0,0,0,1,0,0,0,1,0,0,0,0,0,0,2,17,50
201700024683,17,4,25,1,2,1,1.0,1.0,1.0,7.0,0.0,0.0,2.0,13.0,1,1,4.0,2.0,0.0,1.0,0.0,0.0,1,0.0,1.0,2,1,2,2,0,0,0,4,4,0,0,0,0,2,0,0,2,1,0,0,0,2,9,0
200500006076,5,1,10,1,2,9,1.0,4.0,0.0,7.0,0.0,0.0,2.0,2.0,1,1,4.0,2.0,2.0,1.0,0.0,60.0,1,5.0,1.0,3,1,3,9,0,0,3,9,0,6,6,0,0,6,0,6,0,1,1,0,0,2,16,25
201000021754,10,7,10,1,2,1,1.0,6.0,1.0,7.0,0.0,0.0,1.0,0.0,3,-1,4.0,1.0,0.0,1.0,0.0,0.0,1,0.0,1.0,1,2,0,1,0,1,0,0,0,1,0,0,0,0,0,0,1,0,0,0,0,2,7,30
200900059522,9,1,10,1,2,1,1.0,3.0,0.0,7.0,0.0,9.0,2.0,23.0,1,1,4.0,2.0,2.0,2.0,0.0,80.0,1,0.0,1.0,2,1,2,6,4,0,0,4,0,0,8,0,0,2,2,4,0,0,0,1,0,2,14,0
200500056075,5,9,20,1,1,1,1.0,2.0,0.0,7.0,0.0,0.0,2.0,1.0,1,1,1.0,3.0,2.0,3.0,15.0,70.0,1,0.0,3.0,2,2,4,0,0,0,0,4,0,0,0,2,2,4,0,0,0,1,1,0,0,2,15,15
200600039842,6,7,6,1,2,1,1.0,3.0,0.0,7.0,0.0,0.0,2.0,1.0,1,1,4.0,4.0,3.0,1.0,0.0,146.0,1,0.0,1.0,2,1,2,4,0,2,0,4,0,2,0,2,2,6,0,0,0,1,0,1,0,2,13,30
201400027426,14,10,24,1,2,3,1.0,3.0,0.0,7.0,0.0,0.0,2.0,1.0,1,1,4.0,2.0,2.0,3.0,0.0,0.0,1,0.0,1.0,2,2,2,2,0,0,0,4,0,4,0,0,0,2,0,0,2,1,0,0,0,2,17,10
201500038288,15,11,13,5,2,6,1.0,3.0,0.0,32.0,0.0,0.0,2.0,0.0,1,2,3.0,2.0,2.0,1.0,0.0,0.0,1,0.0,1.0,2,2,4,0,0,0,0,4,4,0,0,0,0,2,0,2,0,1,0,0,0,2,22,45
200800028396,8,5,2,1,1,1,1.0,7.0,0.0,33.0,0.0,16.0,0.0,17.0,1,2,3.0,2.0,2.0,1.0,0.0,60.0,1,0.0,3.0,1,3,1,0,0,0,0,1,0,0,0,0,1,0,0,1,0,1,0,0,0,3,12,30
200800000758,8,1,1,1,1,1,1.0,7.0,0.0,7.0,0.0,0.0,0.0,13.0,1,1,3.0,2.0,2.0,0.0,0.0,0.0,1,0.0,3.0,1,4,0,1,0,0,0,1,0,0,0,0,1,0,0,1,0,1,0,0,0,4,10,15
201200036068,12,7,30,1,2,1,1.0,2.0,0.0,7.0,0.0,0.0,2.0,1.0,1,-1,4.0,2.0,2.0,1.0,0.0,63.0,1,0.0,1.0,2,1,0,4,0,0,0,4,0,4,0,0,0,2,0,2,0,1,1,0,0,2,17,50
201400027785,14,9,18,5,2,1,1.0,6.0,0.0,7.0,0.0,0.0,0.0,1.0,1,-1,4.0,3.0,2.0,1.0,0.0,0.0,1,0.0,1.0,1,2,1,0,0,0,0,1,0,1,0,0,0,0,0,1,0,0,0,0,1,2,4,55
200700041485,7,7,2,1,1,1,1.0,2.0,0.0,7.0,0.0,0.0,2.0,1.0,1,1,3.0,2.0,2.0,1.0,0.0,68.0,1,0.0,1.0,2,1,4,0,0,0,0,4,0,2,2,0,0,2,0,2,0,1,1,0,0,2,18,0
201200040613,12,6,17,1,1,1,1.0,3.0,1.0,7.0,0.0,0.0,2.0,17.0,1,1,2.0,3.0,4.0,1.0,0.0,0.0,1,0.0,1.0,2,1,2,2,0,0,2,2,0,0,4,0,0,2,0,2,0,1,0,1,0,3,16,50
201500016374,15,1,5,1,2,6,1.0,6.0,0.0,7.0,0.0,0.0,1.0,16.0,1,1,4.0,2.0,2.0,1.0,0.0,150.0,1,5.0,1.0,1,1,0,2,0,1,0,1,1,0,1,0,0,2,0,0,0,1,0,0,0,2,16,45
200700048824,7,8,26,1,2,2,1.0,3.0,0.0,7.0,0.0,0.0,2.0,15.0,1,1,4.0,1.0,2.0,1.0,0.0,0.0,1,0.0,1.0,2,1,4,2,0,0,2,4,0,2,4,0,0,0,0,6,0,1,0,1,0,2,18,20
201300045428,13,5,20,4,1,1,3.0,6.0,0.0,7.0,0.0,4.0,0.0,1.0,1,1,1.0,3.0,3.0,1.0,15.0,70.0,1,0.0,1.0,1,2,2,2,2,0,1,1,0,0,4,0,0,0,0,4,0,1,0,0,0,2,3,35
200900008607,9,3,17,1,1,1,7.0,3.0,0.0,33.0,0.0,0.0,2.0,17.0,1,2,3.0,2.0,2.0,1.0,0.0,60.0,1,0.0,1.0,2,3,4,0,0,0,0,4,4,0,0,0,0,4,0,0,0,0,0,1,0,3,16,15
201000037938,10,3,2,1,2,2,1.0,3.0,0.0,30.0,0.0,0.0,2.0,1.0,1,2,5.0,2.0,2.0,1.0,0.0,0.0,1,0.0,1.0,2,3,4,0,0,0,0,4,2,0,0,2,0,0,2,2,0,1,0,0,0,3,17,55
200800032082,8,6,12,1,2,1,1.0,6.0,0.0,1.0,0.0,0.0,2.0,19.0,1,0,4.0,2.0,2.0,1.0,0.0,58.0,1,0.0,1.0,2,2,2,2,0,0,0,4,0,0,4,0,0,2,2,0,0,1,0,0,0,2,16,40
200600044469,6,7,3,1,2,1,1.0,6.0,0.0,7.0,0.0,1.0,0.0,1.0,1,1,3.0,2.0,0.0,1.0,0.0,60.0,1,0.0,1.0,1,4,2,0,0,0,1,1,0,1,1,0,0,1,0,0,1,1,0,0,0,4,13,40
200700035097,7,6,30,1,2,3,2.0,3.0,0.0,7.0,0.0,0.0,2.0,1.0,1,-1,9.0,2.0,2.0,1.0,0.0,0.0,1,0.0,1.0,2,2,4,0,0,0,0,4,0,4,0,0,0,2,0,0,2,0,0,1,0,2,20,41
201000043603,10,11,26,1,2,1,1.0,2.0,0.0,7.0,0.0,0.0,0.0,1.0,1,1,3.0,2.0,2.0,1.0,0.0,0.0,1,0.0,1.0,2,1,4,6,4,0,2,4,8,2,0,0,0,2,4,4,0,1,1,0,0,3,15,30
201500017936,15,6,6,1,2,1,1.0,6.0,0.0,33.0,0.0,5.0,0.0,13.0,1,2,3.0,2.0,2.0,2.0,0.0,0.0,1,0.0,3.0,1,4,1,0,0,0,0,1,0,0,1,0,0,0,0,1,0,1,0,0,0,4,15,0
200500080143,5,12,15,1,2,1,1.0,2.0,0.0,7.0,0.0,0.0,2.0,2.0,1,-1,4.0,1.0,0.0,1.0,0.0,30.0,1,0.0,0.0,2,3,2,2,0,0,0,4,0,4,0,0,0,0,0,4,0,1,1,0,0,3,17,15
200600031915,6,6,12,5,1,1,1.0,6.0,0.0,7.0,0.0,2.0,0.0,1.0,1,1,3.0,2.0,0.0,1.0,0.0,71.0,1,0.0,3.0,1,3,0,1,0,0,0,1,0,0,1,0,0,1,0,0,0,1,0,0,0,3,22,45
201500041750,15,4,17,1,2,9,1.0,6.0,0.0,33.0,0.0,0.0,2.0,15.0,1,2,2.0,2.0,4.0,1.0,0.0,119.0,1,0.0,1.0,2,3,4,0,0,0,0,4,0,4,0,0,0,4,0,0,0,1,1,0,0,3,18,40
201100030448,11,8,22,1,2,3,1.0,3.0,0.0,7.0,0.0,0.0,2.0,15.0,1,1,4.0,2.0,4.0,1.0,0.0,53.0,1,0.0,1.0,2,1,2,2,0,0,0,4,0,0,0,0,4,0,0,4,0,1,0,0,0,2,18,10
200600037172,6,6,24,1,1,1,1.0,2.0,0.0,7.0,0.0,0.0,0.0,11.0,1,1,1.0,1.0,3.0,1.0,15.0,105.0,1,0.0,1.0,2,1,4,0,0,0,0,4,0,2,2,0,0,2,0,2,0,0,1,0,0,2,20,25
201300034877,13,9,13,5,2,1,1.0,6.0,0.0,7.0,0.0,9.0,0.0,1.0,1,1,3.0,1.0,2.0,1.0,0.0,0.0,1,2.0,1.0,1,1,2,1,1,0,1,1,0,0,0,3,0,1,0,2,0,0,0,1,0,2,4,0
201500045593,15,6,21,3,1,1,1.0,2.0,0.0,7.0,0.0,0.0,2.0,1.0,1,1,1.0,3.0,6.0,1.0,0.0,-1.0,1,0.0,2.0,2,1,4,0,0,0,0,4,0,0,4,0,0,0,0,4,0,1,1,0,0,2,3,15
200600022228,6,4,16,5,1,1,1.0,2.0,0.0,7.0,0.0,0.0,0.0,23.0,1,-1,2.0,3.0,2.0,0.0,0.0,40.0,1,0.0,1.0,2,2,2,6,2,0,2,4,0,8,0,0,0,6,2,0,0,1,1,0,0,3,21,12
200700017782,7,3,6,1,2,1,1.0,2.0,0.0,7.0,0.0,0.0,2.0,2.0,1,1,4.0,1.0,2.0,1.0,0.0,64.0,1,0.0,1.0,2,1,2,2,0,0,0,4,0,0,2,2,0,4,0,0,0,1,1,0,0,2,10,5
201000022365,10,11,4,1,2,1,1.0,3.0,0.0,7.0,0.0,0.0,2.0,13.0,1,1,4.0,2.0,1.0,0.0,0.0,0.0,1,0.0,1.0,2,1,4,0,0,0,0,4,0,2,0,0,2,2,0,2,0,0,1,1,0,2,15,15