Num_Acc,an,mois,jour,lum,agg,int,atm,col,senc,catv,occutc,obs,obsm,manv,catu,secu,catr,circ,nbv,prof,lartpc,larrout,surf,infra,situ,nb_veh,grav_simpl,Homme,Femme,Arrière,Autre_x,Avant,Conducteur,Autre_y,Inconnu,Loisirs,Professionnel,Travail,Adulte,Enfant,Jeune,Senior,choc_avant,choc_arriere,choc_lateral,choc_multiple,grav_order_max,heure,minute
201700052406,17,7,18,1,1,1,1.0,2.0,2.0,7.0,0.0,0.0,2.0,23.0,1,1,1.0,3.0,3.0,1.0,0.0,105.0,1,0.0,1.0,2,2,6,0,0,0,2,4,0,0,0,4,2,6,0,0,0,0,1,0,0,2,18,50
201600020712,16,6,1,1,1,1,1.0,6.0,1.0,7.0,0.0,2.0,0.0,1.0,1,1,3.0,2.0,2.0,1.0,0.0,70.0,1,0.0,3.0,1,3,1,0,0,0,0,1,1,0,0,0,0,0,0,1,0,0,0,1,0,3,9,0
200900061723,9,4,25,1,2,1,1.0,2.0,0.0,7.0,0.0,0.0,0.0,2.0,1,1,4.0,1.0,3.0,1.0,0.0,30.0,1,0.0,1.0,2,1,2,2,0,0,0,4,2,0,2,0,0,2,0,2,0,1,0,0,0,2,11,5
200900006969,9,1,13,1,2,1,2.0,6.0,0.0,7.0,0.0,0.0,1.0,2.0,3,-1,4.0,1.0,1.0,1.0,0.0,35.0,1,0.0,1.0,1,2,1,2,0,2,0,1,2,0,0,1,0,1,2,0,0,1,0,0,0,2,13,20
200700065216,7,10,6,1,2,2,1.0,3.0,0.0,31.0,0.0,0.0,2.0,1.0,1,2,4.0,2.0,2.0,1.0,0.0,0.0,1,0.0,1.0,2,2,10,0,2,0,4,4,0,8,0,2,0,10,0,0,0,1,0,0,0,2,17,35
200900070937,9,11,5,5,2,2,2.0,3.0,0.0,10.0,0.0,0.0,2.0,1.0,1,1,2.0,3.0,2.0,1.0,0.0,130.0,1,0.0,1.0,2,1,2,2,0,0,0,4,0,0,0,0,4,4,0,0,0,1,0,0,0,2,17,55
200900016595,9,6,11,1,1,1,7.0,3.0,0.0,7.0,0.0,0.0,2.0,13.0,1,1,3.0,2.0,0.0,3.0,0.0,62.0,1,0.0,1.0,2,2,4,0,0,0,0,4,0,0,2,0,2,2,0,2,0,1,0,0,0,2,17,45
200700076508,7,12,9,1,2,1,1.0,3.0,0.0,7.0,0.0,12.0,2.0,1.0,1,-1,4.0,2.0,2.0,1.0,0.0,0.0,1,0.0,1.0,2,1,4,0,0,0,0,4,0,4,0,0,0,4,0,0,0,1,1,0,0,2,16,20
201400052331,14,9,17,5,2,2,1.0,3.0,0.0,2.0,0.0,0.0,2.0,15.0,1,2,4.0,1.0,1.0,1.0,0.0,69.0,1,0.0,0.0,2,2,4,0,0,0,0,4,0,0,2,2,0,2,0,2,0,1,0,1,0,2,22,0
200500078079,5,12,10,3,1,1,1.0,7.0,0.0,7.0,0.0,16.0,0.0,13.0,1,1,3.0,2.0,1.0,0.0,0.0,0.0,1,0.0,1.0,1,3,0,1,0,0,0,1,0,0,0,0,1,1,0,0,0,0,0,0,1,3,7,45
201600007142,16,10,8,1,1,1,2.0,2.0,0.0,7.0,0.0,0.0,0.0,1.0,1,1,2.0,2.0,2.0,2.0,0.0,64.0,1,5.0,1.0,2,2,2,2,0,0,0,4,0,0,2,2,0,2,0,2,0,1,1,0,0,2,17,45
200500037631,5,6,12,1,1,1,1.0,3.0,0.0,5.0,0.0,0.0,2.0,13.0,1,2,3.0,2.0,0.0,1.0,0.0,60.0,1,0.0,1.0,2,3,2,2,0,0,0,4,0,0,4,0,0,2,0,2,0,1,0,1,0,3,14,45
201500030359,15,9,29,5,2,4,1.0,6.0,0.0,30.0,0.0,0.0,1.0,12.0,1,2,4.0,1.0,1.0,1.0,0.0,0.0,1,5.0,1.0,1,2,1,1,0,1,0,1,0,0,0,0,2,0,1,1,0,1,0,0,0,2,19,45
201300055634,13,6,14,5,2,1,1.0,6.0,0.0,31.0,0.0,12.0,0.0,13.0,1,2,4.0,2.0,2.0,1.0,0.0,100.0,1,0.0,1.0,1,3,1,0,0,0,0,1,0,1,0,0,0,1,0,0,0,1,0,0,0,3,4,40
201000034193,10,2,3,5,2,1,1.0,7.0,0.0,1.0,0.0,0.0,0.0,1.0,1,-1,4.0,1.0,0.0,0.0,0.0,60.0,-1,0.0,1.0,1,3,1,0,0,0,0,1,0,1,0,0,0,0,0,1,0,0,0,0,0,3,19,21
201200016859,12,11,6,1,2,1,1.0,6.0,0.0,7.0,0.0,0.0,1.0,2.0,1,1,4.0,2.0,2.0,1.0,0.0,0.0,1,0.0,1.0,1,1,0,2,0,1,0,1,0,1,1,0,0,1,0,1,0,1,0,0,0,2,15,15
201100040420,11,10,1,5,2,1,1.0,6.0,1.0,7.0,0.0,0.0,1.0,4.0,1,-1,4.0,1.0,2.0,1.0,0.0,0.0,1,0.0,1.0,1,1,2,1,0,2,0,1,0,3,0,0,0,0,0,3,0,0,1,0,0,2,1,15
200900048471,9,9,28,1,2,6,1.0,3.0,0.0,7.0,0.0,0.0,2.0,1.0,1,-1,4.0,2.0,4.0,3.0,20.0,110.0,1,0.0,1.0,2,1,2,2,0,0,0,4,0,2,2,0,0,2,0,0,2,1,1,0,0,3,13,20
201700010859,17,11,14,2,2,1,2.0,6.0,1.0,34.0,0.0,0.0,2.0,2.0,1,2,4.0,2.0,3.0,2.0,0.0,0.0,1,0.0,1.0,1,3,1,0,0,0,0,1,0,0,0,0,1,1,0,0,0,1,0,0,0,3,18,45
201000025806,10,7,15,1,2,1,1.0,3.0,0.0,30.0,0.0,0.0,2.0,17.0,1,2,4.0,2.0,2.0,2.0,0.0,73.0,1,0.0,1.0,2,2,6,0,0,0,2,4,2,0,4,0,0,2,4,0,0,1,1,0,0,2,15,20
201000029294,10,6,30,1,2,1,1.0,4.0,0.0,7.0,0.0,0.0,2.0,2.0,1,-1,4.0,2.0,2.0,1.0,0.0,133.0,1,0.0,1.0,3,1,9,3,0,0,3,9,0,6,3,3,0,6,0,0,6,1,1,0,0,2,11,45
200500037234,5,6,29,1,1,1,1.0,1.0,0.0,5.0,0.0,0.0,2.0,3.0,1,2,1.0,3.0,6.0,1.0,20.0,250.0,1,1.0,1.0,2,3,4,0,0,0,0,4,0,4,0,0,0,4,0,0,0,1,0,0,0,3,19,0
201400049795,14,12,11,5,2,1,2.0,6.0,0.0,7.0,0.0,0.0,1.0,1.0,1,1,4.0,1.0,3.0,1.0,0.0,0.0,1,0.0,1.0,1,1,0,2,0,1,0,1,1,1,0,0,0,1,1,0,0,1,0,0,0,2,18,0
201300037537,13,2,21,1,2,1,1.0,7.0,1.0,99.0,0.0,0.0,1.0,0.0,3,-1,4.0,0.0,2.0,1.0,0.0,0.0,1,0.0,1.0,1,2,1,0,0,1,0,0,0,0,1,0,0,1,0,0,0,1,0,0,0,2,11,30
200500041219,5,7,19,1,1,1,2.0,7.0,0.0,7.0,0.0,16.0,0.0,1.0,1,1,3.0,2.0,2.0,1.0,0.0,65.0,1,0.0,0.0,1,3,0,1,0,0,0,1,0,0,0,0,1,0,0,0,1,0,0,0,1,3,8,50
200600061702,6,10,17,5,2,3,1.0,3.0,0.0,7.0,0.0,0.0,2.0,15.0,1,1,4.0,2.0,4.0,1.0,0.0,120.0,1,0.0,1.0,2,1,2,2,0,0,0,4,0,2,2,0,0,2,0,2,0,1,1,0,0,2,2,15
201500039293,15,11,23,5,2,3,1.0,6.0,0.0,7.0,0.0,0.0,1.0,16.0,1,1,3.0,2.0,2.0,4.0,0.0,0.0,1,0.0,0.0,1,1,0,2,0,1,0,1,1,1,0,0,0,2,0,0,0,1,0,0,0,2,18,25
200700043650,7,7,29,5,2,1,1.0,6.0,0.0,7.0,0.0,1.0,0.0,1.0,1,1,4.0,2.0,2.0,1.0,0.0,50.0,1,0.0,4.0,1,2,1,0,0,0,0,1,0,0,1,0,0,1,0,0,0,1,0,0,0,2,2,20
200600024266,6,5,8,2,1,1,1.0,7.0,0.0,7.0,0.0,15.0,0.0,1.0,1,1,3.0,2.0,2.0,1.0,0.0,60.0,1,0.0,1.0,1,4,1,0,0,0,0,1,0,0,1,0,0,0,0,0,1,1,0,0,0,4,5,30
201300048346,13,3,9,1,2,2,1.0,3.0,0.0,1.0,0.0,0.0,2.0,1.0,1,0,4.0,1.0,1.0,1.0,0.0,0.0,1,0.0,5.0,2,3,0,4,0,0,0,4,2,2,0,0,0,2,0,0,2,1,0,0,0,3,16,50
201100062822,11,1,23,5,2,5,1.0,6.0,0.0,30.0,0.0,0.0,1.0,1.0,1,2,4.0,2.0,3.0,1.0,0.0,100.0,1,0.0,1.0,1,1,2,0,0,1,0,1,0,0,2,0,0,0,0,1,1,1,0,0,0,2,19,35
201100023917,11,5,9,1,2,3,1.0,4.0,0.0,7.0,0.0,0.0,2.0,2.0,1,1,4.0,2.0,3.0,1.0,0.0,94.0,1,0.0,1.0,4,1,8,8,0,0,0,16,0,0,0,12,4,16,0,0,0,1,1,0,0,2,8,30
201300026501,13,2,22,5,1,1,1.0,7.0,0.0,7.0,0.0,0.0,5.0,2.0,1,1,3.0,3.0,4.0,1.0,0.0,0.0,1,0.0,1.0,1,2,1,0,0,0,0,1,0,0,1,0,0,1,0,0,0,1,0,0,0,2,2,45
201000055240,10,8,10,1,1,1,1.0,3.0,0.0,15.0,0.0,0.0,2.0,12.0,1,1,1.0,1.0,3.0,1.0,0.0,25.0,1,1.0,1.0,2,1,4,0,0,0,0,4,0,0,0,2,2,4,0,0,0,1,0,1,0,2,14,20
200900069763,9,1,15,1,1,1,1.0,2.0,0.0,7.0,0.0,13.0,0.0,2.0,1,1,1.0,3.0,2.0,1.0,15.0,85.0,1,0.0,1.0,2,2,4,0,0,0,0,4,0,0,0,2,2,2,0,2,0,1,1,0,0,2,12,50
201200021939,12,4,4,1,2,1,1.0,6.0,0.0,7.0,0.0,0.0,1.0,1.0,1,1,4.0,2.0,2.0,1.0,0.0,70.0,1,0.0,1.0,1,1,2,1,1,1,0,1,0,0,3,0,0,0,1,0,2,0,0,1,0,2,15,30
200500000679,5,1,19,1,2,1,2.0,1.0,0.0,7.0,0.0,0.0,2.0,15.0,1,1,3.0,2.0,1.0,1.0,0.0,80.0,1,5.0,1.0,2,1,2,2,0,0,0,4,2,0,0,0,2,2,0,2,0,1,0,0,0,2,14,0
201400039055,14,8,7,1,2,1,1.0,2.0,0.0,7.0,0.0,4.0,2.0,1.0,1,1,3.0,1.0,1.0,0.0,0.0,0.0,1,1.0,1.0,2,2,4,0,0,0,0,4,0,0,2,0,2,2,0,2,0,1,0,0,0,2,19,45
200800048452,8,9,25,1,1,1,1.0,7.0,0.0,7.0,0.0,0.0,0.0,1.0,1,1,3.0,2.0,2.0,2.0,0.0,70.0,1,0.0,3.0,1,1,2,0,0,0,1,1,0,1,1,0,0,1,0,1,0,0,0,0,0,3,16,0
200900005048,9,3,18,1,2,1,1.0,6.0,0.0,7.0,0.0,1.0,0.0,0.0,1,1,4.0,0.0,2.0,1.0,0.0,92.0,1,0.0,0.0,1,2,1,0,0,0,0,1,1,0,0,0,0,1,0,0,0,0,0,0,0,2,9,39
201400011381,14,9,26,5,2,1,1.0,6.0,0.0,7.0,0.0,6.0,0.0,1.0,1,1,4.0,1.0,1.0,3.0,0.0,0.0,1,0.0,1.0,1,2,1,1,0,0,1,1,0,0,2,0,0,0,0,0,2,1,0,0,0,2,22,45
201600054764,16,12,13,1,2,2,2.0,3.0,2.0,1.0,0.0,0.0,2.0,1.0,1,2,4.0,1.0,1.0,1.0,0.0,61.0,1,0.0,5.0,2,2,4,0,0,0,0,4,0,0,0,2,2,2,0,2,0,1,0,1,0,2,8,20
201000007849,10,7,2,1,1,2,1.0,3.0,0.0,7.0,0.0,0.0,2.0,17.0,1,1,3.0,2.0,2.0,1.0,0.0,54.0,1,0.0,1.0,2,1,4,6,4,0,2,4,0,6,4,0,0,2,2,6,0,1,0,1,0,4,19,15
200900022591,9,2,24,1,2,3,1.0,3.0,0.0,7.0,0.0,0.0,2.0,1.0,1,1,4.0,2.0,2.0,1.0,0.0,0.0,1,0.0,1.0,2,1,0,4,0,0,0,4,0,4,0,0,0,4,0,0,0,1,0,1,0,2,14,25
201200030610,12,3,20,1,2,1,1.0,6.0,1.0,7.0,0.0,0.0,2.0,15.0,1,1,4.0,2.0,0.0,1.0,0.0,0.0,1,0.0,1.0,2,2,2,2,0,0,2,2,2,2,0,0,0,0,0,0,4,1,0,0,0,2,14,10
201700017024,17,5,26,1,1,1,1.0,5.0,2.0,33.0,0.0,0.0,0.0,17.0,1,2,3.0,2.0,2.0,1.0,0.0,65.0,1,0.0,1.0,4,1,16,4,0,0,4,16,0,0,20,0,0,16,0,4,0,1,1,0,0,3,9,42
201200016002,12,7,8,1,2,1,1.0,1.0,0.0,32.0,0.0,0.0,2.0,1.0,1,2,4.0,2.0,2.0,1.0,0.0,80.0,1,0.0,1.0,2,2,2,2,0,0,0,4,0,4,0,0,0,0,2,2,0,1,0,0,0,2,21,45
201500026875,15,9,30,1,2,1,1.0,7.0,0.0,33.0,0.0,0.0,1.0,0.0,1,2,4.0,2.0,3.0,1.0,0.0,101.0,1,0.0,1.0,1,1,1,1,0,1,0,1,0,2,0,0,0,0,0,2,0,1,0,0,0,3,17,45
201300039744,13,3,4,1,2,1,1.0,7.0,0.0,33.0,0.0,15.0,0.0,21.0,1,2,3.0,2.0,1.0,2.0,0.0,105.0,1,0.0,1.0,1,2,1,0,0,0,0,1,0,0,1,0,0,0,0,1,0,1,0,0,0,2,14,55
200600004994,6,1,11,3,1,1,1.0,6.0,0.0,7.0,0.0,13.0,0.0,14.0,1,1,3.0,2.0,2.0,1.0,0.0,50.0,1,0.0,1.0,1,1,3,0,1,0,1,1,0,2,1,0,0,0,0,3,0,1,0,0,0,3,19,45
200600033570,6,6,12,5,2,1,1.0,6.0,0.0,31.0,0.0,14.0,0.0,1.0,1,2,4.0,1.0,2.0,1.0,0.0,129.0,1,0.0,1.0,1,2,1,1,0,0,1,1,0,2,0,0,0,0,1,1,0,1,0,0,0,3,3,29
200900034614,9,9,26,5,2,9,1.0,5.0,0.0,10.0,0.0,0.0,2.0,1.0,1,0,4.0,3.0,6.0,1.0,0.0,0.0,1,0.0,1.0,3,2,9,0,0,0,0,9,0,0,3,3,3,6,0,3,0,1,1,0,0,2,8,10
200500043173,5,7,18,1,2,1,1.0,1.0,0.0,7.0,0.0,0.0,2.0,15.0,1,1,4.0,2.0,2.0,4.0,0.0,59.0,1,0.0,1.0,2,1,4,0,0,0,0,4,0,0,4,0,0,4,0,0,0,1,0,0,0,2,11,15
200500013124,5,3,17,1,2,1,1.0,7.0,0.0,1.0,0.0,0.0,0.0,1.0,1,-1,3.0,2.0,2.0,2.0,0.0,60.0,1,0.0,1.0,1,2,1,0,0,0,0,1,0,0,1,0,0,1,0,0,0,0,0,1,0,2,10,0
201100034043,11,11,20,1,2,3,1.0,1.0,0.0,1.0,0.0,0.0,2.0,15.0,1,9,4.0,2.0,2.0,2.0,0.0,53.0,1,0.0,1.0,2,2,4,0,0,0,0,4,4,0,0,0,0,0,0,2,2,1,0,0,0,2,14,0
201400041227,14,9,20,5,2,3,1.0,2.0,0.0,7.0,0.0,0.0,2.0,1.0,1,1,4.0,1.0,0.0,1.0,0.0,0.0,1,0.0,1.0,2,1,0,4,0,0,0,4,0,2,2,0,0,0,0,4,0,1,1,0,0,2,22,30
200700043469,7,7,18,1,2,2,1.0,6.0,0.0,1.0,0.0,0.0,2.0,1.0,1,-1,4.0,2.0,2.0,2.0,0.0,46.0,1,0.0,1.0,2,2,2,0,0,0,0,2,0,0,2,0,0,0,2,0,0,1,0,0,0,2,15,10
200500080644,5,12,1,1,2,1,1.0,6.0,1.0,7.0,0.0,0.0,1.0,1.0,3,-1,9.0,2.0,2.0,1.0,0.0,0.0,1,0.0,1.0,1,2,1,0,0,1,0,0,1,0,0,0,0,0,1,0,0,1,0,0,0,2,13,35
200500047524,5,7,14,1,1,1,1.0,6.0,0.0,7.0,0.0,4.0,2.0,13.0,1,1,1.0,3.0,6.0,1.0,15.0,225.0,1,0.0,1.0,2,3,2,4,0,2,0,4,0,6,0,0,0,4,0,2,0,1,0,0,0,3,14,30
200700033014,7,6,26,1,1,1,1.0,1.0,0.0,7.0,0.0,0.0,2.0,13.0,1,1,3.0,2.0,0.0,2.0,0.0,78.0,1,0.0,1.0,2,1,2,2,0,0,0,4,0,0,2,0,2,4,0,0,0,1,0,1,0,2,17,15
201000058416,10,2,8,1,1,1,1.0,4.0,0.0,7.0,0.0,0.0,2.0,1.0,1,1,1.0,3.0,4.0,1.0,50.0,140.0,1,0.0,1.0,4,1,12,4,0,0,0,16,0,0,0,4,12,8,0,8,0,1,1,0,0,2,9,45
201100049600,11,9,7,1,2,1,1.0,6.0,0.0,7.0,0.0,0.0,1.0,1.0,1,1,4.0,0.0,0.0,1.0,0.0,0.0,1,0.0,1.0,1,1,2,0,0,1,0,1,2,0,0,0,0,1,1,0,0,1,0,0,0,2,15,55
201500026639,15,8,7,1,2,2,1.0,1.0,0.0,2.0,0.0,1.0,2.0,1.0,1,2,4.0,1.0,1.0,1.0,0.0,35.0,1,0.0,1.0,2,2,4,0,0,0,0,4,0,2,0,0,2,4,0,0,0,1,0,0,0,2,6,47
201400045489,14,1,14,1,2,1,2.0,3.0,0.0,7.0,0.0,0.0,2.0,13.0,1,-1,3.0,2.0,2.0,1.0,0.0,94.0,1,0.0,1.0,2,3,2,2,0,0,0,4,0,0,2,2,0,2,0,0,2,1,0,0,0,3,11,20
200500030230,5,5,30,1,2,2,2.0,2.0,0.0,10.0,0.0,0.0,2.0,1.0,1,1,4.0,2.0,2.0,1.0,0.0,60.0,1,0.0,1.0,2,1,2,2,0,0,0,4,0,0,0,4,0,4,0,0,0,1,1,0,0,2,10,30
201000049728,10,6,16,1,2,1,1.0,3.0,0.0,32.0,0.0,0.0,2.0,1.0,1,2,3.0,2.0,2.0,2.0,0.0,75.0,1,0.0,1.0,2,2,0,4,0,0,0,4,0,0,0,0,4,4,0,0,0,1,0,0,0,2,13,45
201200048472,12,5,1,5,2,1,1.0,6.0,0.0,7.0,0.0,1.0,0.0,1.0,1,1,4.0,2.0,2.0,1.0,0.0,60.0,1,0.0,1.0,1,2,1,0,0,0,0,1,0,0,1,0,0,0,0,1,0,0,0,1,0,2,5,0
201100034443,11,12,7,5,2,1,9.0,6.0,1.0,7.0,0.0,0.0,1.0,0.0,3,-1,4.0,1.0,2.0,1.0,0.0,0.0,-1,0.0,1.0,1,2,0,1,0,1,0,0,1,0,0,0,0,0,0,1,0,1,0,0,0,2,17,45
201100002162,11,1,28,1,1,1,1.0,3.0,0.0,7.0,0.0,0.0,2.0,15.0,1,1,3.0,2.0,2.0,1.0,0.0,0.0,1,0.0,1.0,2,1,0,4,0,0,0,4,0,0,4,0,0,0,0,0,4,1,0,1,0,3,16,15
200900057812,9,10,3,1,2,1,1.0,6.0,0.0,30.0,0.0,0.0,1.0,20.0,1,2,4.0,1.0,1.0,1.0,0.0,0.0,1,6.0,4.0,1,1,1,1,0,1,0,1,0,2,0,0,0,1,0,1,0,1,0,0,0,2,19,10
201600020046,16,8,12,1,1,1,1.0,3.0,1.0,7.0,0.0,0.0,2.0,15.0,1,1,4.0,1.0,1.0,1.0,0.0,23.0,1,0.0,5.0,2,1,0,4,0,0,0,4,0,0,4,0,0,2,0,0,2,1,0,0,0,2,10,45
200800009378,8,2,2,1,2,1,1.0,6.0,0.0,7.0,0.0,4.0,0.0,15.0,1,1,4.0,1.0,1.0,1.0,0.0,100.0,1,0.0,1.0,1,2,0,1,0,0,0,1,0,0,1,0,0,0,0,1,0,1,0,0,0,2,10,50
201300031141,13,6,23,1,2,1,1.0,3.0,0.0,7.0,0.0,0.0,9.0,1.0,1,1,4.0,2.0,1.0,1.0,20.0,95.0,-1,0.0,1.0,2,1,6,0,0,0,2,4,0,0,4,0,2,0,4,2,0,1,0,0,0,2,16,25
200500069964,5,10,20,1,1,1,2.0,2.0,0.0,5.0,0.0,0.0,2.0,2.0,1,2,1.0,3.0,6.0,1.0,20.0,210.0,1,0.0,1.0,2,3,0,4,0,0,0,4,0,2,0,0,2,0,0,4,0,1,1,0,0,3,8,51
200500074081,5,11,4,5,2,1,1.0,1.0,0.0,4.0,0.0,0.0,2.0,1.0,1,-1,4.0,2.0,2.0,1.0,0.0,50.0,1,0.0,1.0,2,3,2,2,0,0,0,4,4,0,0,0,0,2,2,0,0,1,0,0,0,3,18,5
201000053227,10,3,11,5,2,3,1.0,3.0,0.0,33.0,0.0,0.0,2.0,2.0,1,2,3.0,1.0,1.0,1.0,0.0,0.0,1,0.0,1.0,2,2,4,0,0,0,0,4,0,0,0,0,4,2,0,2,0,1,0,1,0,2,19,45
200800000498,8,1,30,2,2,7,1.0,6.0,0.0,7.0,0.0,0.0,1.0,4.0,1,1,4.0,0.0,0.0,1.0,0.0,0.0,1,0.0,1.0,1,1,1,1,0,1,0,1,0,0,0,0,2,2,0,0,0,0,1,0,0,3,8,0
200900064460,9,9,7,1,2,1,1.0,6.0,0.0,7.0,0.0,0.0,1.0,1.0,1,1,4.0,2.0,2.0,1.0,0.0,60.0,1,0.0,1.0,1,1,1,1,0,1,0,1,1,1,0,0,0,1,1,0,0,1,0,0,0,2,8,40
200800047251,8,8,18,1,2,1,1.0,3.0,0.0,30.0,0.0,0.0,2.0,1.0,1,2,4.0,1.0,0.0,1.0,0.0,60.0,1,0.0,1.0,2,3,2,2,0,0,0,4,0,0,4,0,0,0,0,4,0,1,0,0,0,3,18,0
200500057091,5,9,21,5,2,2,1.0,3.0,0.0,18.0,1.0,0.0,2.0,1.0,1,-1,4.0,2.0,2.0,1.0,0.0,120.0,1,0.0,1.0,2,1,4,0,0,0,0,4,0,0,0,2,2,4,0,0,0,1,1,0,0,2,21,40
200700007939,7,2,16,1,2,1,1.0,6.0,0.0,7.0,0.0,0.0,1.0,1.0,1,1,4.0,1.0,2.0,1.0,0.0,0.0,1,0.0,1.0,1,1,1,1,0,1,0,1,0,1,1,0,0,1,0,1,0,1,0,0,0,3,15,5
201000049379,10,12,15,5,2,2,1.0,6.0,0.0,31.0,0.0,0.0,2.0,2.0,1,2,4.0,2.0,2.0,1.0,0.0,60.0,1,5.0,1.0,2,2,4,2,0,0,2,4,2,0,0,0,4,2,0,4,0,0,1,1,0,2,20,40
201600036259,16,12,10,5,2,1,1.0,6.0,0.0,7.0,0.0,0.0,1.0,2.0,3,-1,3.0,2.0,2.0,2.0,0.0,60.0,1,0.0,1.0,1,3,1,0,0,1,0,0,1,0,0,0,0,1,0,0,0,0,0,0,0,3,18,50
201600036974,16,10,14,2,2,6,2.0,3.0,0.0,2.0,0.0,0.0,2.0,9.0,1,2,4.0,2.0,2.0,1.0,0.0,80.0,1,0.0,1.0,2,1,2,2,0,0,2,2,4,0,0,0,0,0,0,4,0,1,0,1,0,2,19,0
201000013140,10,9,26,1,1,1,6.0,2.0,0.0,1.0,0.0,0.0,2.0,2.0,1,0,3.0,2.0,2.0,1.0,0.0,75.0,1,0.0,1.0,2,4,2,2,0,0,0,4,0,0,4,0,0,0,0,2,2,1,1,0,0,4,16,0
200500020283,5,4,27,1,2,1,1.0,1.0,0.0,7.0,0.0,0.0,2.0,2.0,1,1,4.0,0.0,2.0,1.0,0.0,80.0,1,0.0,1.0,2,2,0,4,0,0,0,4,2,2,0,0,0,2,0,2,0,1,0,0,0,3,9,15
200900068305,9,12,2,1,2,1,1.0,6.0,0.0,7.0,0.0,0.0,1.0,1.0,1,1,4.0,2.0,3.0,3.0,0.0,52.0,1,0.0,1.0,1,1,2,0,0,1,0,1,0,0,1,0,1,0,0,1,1,1,0,0,0,2,7,45
200500052555,5,8,11,5,2,5,1.0,6.0,0.0,2.0,0.0,0.0,1.0,17.0,1,2,4.0,2.0,2.0,1.0,0.0,60.0,1,0.0,1.0,1,2,1,1,0,1,0,1,0,0,2,0,0,2,0,0,0,1,0,0,0,2,2,15
200800028603,8,5,9,1,2,1,1.0,1.0,0.0,31.0,0.0,0.0,2.0,17.0,1,2,3.0,2.0,2.0,1.0,0.0,0.0,1,0.0,0.0,2,2,2,4,0,0,2,4,4,2,0,0,0,2,0,4,0,1,0,0,0,3,12,0
200700023299,7,4,30,1,2,1,1.0,6.0,1.0,2.0,0.0,0.0,1.0,0.0,3,-1,4.0,2.0,2.0,1.0,0.0,60.0,1,0.0,1.0,1,2,0,1,0,1,0,0,0,0,1,0,0,1,0,0,0,1,0,0,0,2,13,30
200900061041,9,11,4,3,1,1,3.0,1.0,0.0,7.0,0.0,0.0,2.0,1.0,1,1,4.0,2.0,2.0,1.0,0.0,64.0,1,5.0,0.0,2,2,4,0,0,0,0,4,0,0,4,0,0,2,0,0,2,1,0,0,0,3,18,45
201600025994,16,10,15,5,2,1,1.0,3.0,2.0,33.0,0.0,0.0,2.0,17.0,1,2,4.0,2.0,2.0,1.0,0.0,0.0,1,0.0,1.0,2,3,4,0,0,0,0,4,2,0,2,0,0,2,0,0,2,1,0,1,0,3,19,30
200600045616,6,8,27,2,2,1,1.0,3.0,0.0,7.0,0.0,0.0,2.0,1.0,1,1,3.0,2.0,2.0,1.0,0.0,86.0,1,5.0,1.0,2,1,4,4,0,0,4,4,0,4,4,0,0,0,0,4,4,1,0,0,0,2,20,15
201500024866,15,6,5,1,2,1,1.0,2.0,0.0,7.0,0.0,0.0,2.0,1.0,1,1,4.0,0.0,0.0,1.0,0.0,0.0,1,0.0,0.0,2,1,0,4,0,0,0,4,0,4,0,0,0,4,0,0,0,1,1,0,0,2,12,45
200500062631,5,10,26,5,2,1,2.0,6.0,0.0,7.0,0.0,0.0,1.0,1.0,1,1,3.0,2.0,2.0,1.0,0.0,61.0,1,6.0,0.0,1,1,2,0,0,1,0,1,0,0,1,0,1,1,0,0,1,1,0,0,0,4,7,45
201300050475,13,3,13,1,2,5,9.0,7.0,0.0,1.0,0.0,0.0,0.0,1.0,1,-1,4.0,1.0,2.0,1.0,0.0,116.0,0,5.0,1.0,1,2,0,1,0,0,0,1,0,0,0,0,1,1,0,0,0,0,0,0,0,2,9,30
200700040309,7,7,6,1,1,1,1.0,1.0,0.0,7.0,0.0,0.0,2.0,13.0,1,1,3.0,2.0,2.0,0.0,0.0,73.0,1,0.0,1.0,2,3,2,2,0,0,0,4,0,0,2,2,0,4,0,0,0,1,0,0,0,3,12,45
201500006245,15,6,26,2,2,1,1.0,1.0,0.0,31.0,0.0,0.0,2.0,1.0,1,2,4.0,2.0,1.0,2.0,0.0,46.0,1,0.0,1.0,2,3,2,2,0,0,0,4,0,4,0,0,0,2,2,0,0,1,0,0,0,3,21,45
201500028671,15,9,14,5,2,2,1.0,3.0,0.0,1.0,0.0,0.0,2.0,1.0,1,0,4.0,2.0,5.0,1.0,0.0,0.0,1,0.0,1.0,2,2,4,0,0,0,0,4,0,0,4,0,0,4,0,0,0,1,0,1,0,2,19,55
201500040830,15,8,5,1,2,1,1.0,3.0,0.0,7.0,0.0,0.0,2.0,17.0,1,1,4.0,2.0,2.0,1.0,0.0,0.0,1,0.0,1.0,2,3,2,2,0,0,0,4,0,2,0,2,0,0,0,2,2,0,0,1,0,3,19,45
201700057783,17,1,26,5,2,5,1.0,6.0,1.0,32.0,0.0,0.0,1.0,1.0,1,2,4.0,1.0,2.0,1.0,0.0,62.0,1,0.0,1.0,1,2,1,1,0,1,0,1,0,1,0,0,1,0,0,1,1,0,0,0,0,2,23,26