Num_Acc,an,mois,jour,lum,agg,int,atm,col,senc,catv,occutc,obs,obsm,manv,catu,secu,catr,circ,nbv,prof,lartpc,larrout,surf,infra,situ,nb_veh,grav_simpl,Homme,Femme,Arrière,Autre_x,Avant,Conducteur,Autre_y,Inconnu,Loisirs,Professionnel,Travail,Adulte,Enfant,Jeune,Senior,choc_avant,choc_arriere,choc_lateral,choc_multiple,grav_order_max,heure,minute
201500053365,15,1,6,5,2,1,1.0,2.0,0.0,30.0,0.0,0.0,2.0,2.0,1,2,4.0,2.0,5.0,1.0,0.0,170.0,1,0.0,1.0,2,2,4,0,0,0,0,4,0,0,0,2,2,2,0,2,0,1,1,0,0,2,22,50
200700038349,7,6,12,1,2,1,1.0,6.0,0.0,33.0,0.0,0.0,1.0,8.0,1,2,4.0,2.0,4.0,1.0,0.0,0.0,1,0.0,1.0,1,1,1,1,0,1,0,1,0,2,0,0,0,0,0,2,0,1,0,0,0,2,18,10
200500047792,5,7,15,1,1,1,1.0,7.0,0.0,5.0,0.0,0.0,0.0,1.0,1,2,1.0,3.0,0.0,2.0,0.0,55.0,1,3.0,1.0,1,2,1,0,0,0,0,1,0,0,1,0,0,1,0,0,0,0,0,1,0,2,13,50
201500051580,15,3,2,1,2,1,2.0,7.0,0.0,30.0,0.0,0.0,0.0,1.0,1,2,4.0,2.0,4.0,1.0,0.0,120.0,1,0.0,1.0,1,2,1,0,0,0,0,1,0,0,1,0,0,0,0,1,0,0,0,1,0,2,14,30
200900058693,9,11,30,1,1,1,1.0,2.0,0.0,31.0,0.0,0.0,2.0,2.0,1,2,3.0,3.0,4.0,1.0,0.0,0.0,1,0.0,1.0,2,2,4,0,0,0,0,4,2,0,2,0,0,0,0,2,2,1,1,0,0,2,9,35
200500005497,5,1,31,5,2,1,1.0,6.0,0.0,7.0,0.0,8.0,0.0,1.0,1,1,4.0,2.0,0.0,1.0,0.0,82.0,1,0.0,3.0,1,1,2,0,0,0,1,1,0,2,0,0,0,0,0,2,0,1,0,0,0,2,1,45
201200030735,12,7,30,1,2,2,2.0,3.0,0.0,31.0,0.0,0.0,2.0,1.0,1,2,4.0,1.0,1.0,2.0,0.0,0.0,1,0.0,0.0,2,2,6,0,0,0,2,4,0,0,6,0,0,4,2,0,0,1,0,0,0,2,18,20
201200035483,12,4,8,2,2,1,1.0,3.0,0.0,7.0,0.0,0.0,2.0,1.0,1,1,4.0,1.0,2.0,1.0,0.0,60.0,1,0.0,1.0,2,1,2,2,0,0,0,4,0,2,2,0,0,4,0,0,0,1,1,0,0,2,19,0
200500010178,5,2,21,2,1,1,1.0,3.0,0.0,7.0,0.0,0.0,0.0,17.0,1,1,1.0,3.0,6.0,1.0,20.0,210.0,1,0.0,1.0,2,2,2,2,0,0,0,4,0,0,0,4,0,4,0,0,0,1,0,0,0,2,7,45
201100023629,11,9,18,5,2,1,2.0,6.0,0.0,7.0,0.0,11.0,0.0,1.0,1,1,4.0,2.0,2.0,1.0,0.0,65.0,1,5.0,1.0,1,2,1,0,0,0,0,1,0,0,1,0,0,1,0,0,0,1,0,0,0,2,2,5
200800049755,8,9,14,5,1,1,2.0,6.0,0.0,7.0,0.0,2.0,0.0,13.0,1,1,3.0,2.0,2.0,2.0,0.0,72.0,1,0.0,3.0,1,3,1,0,0,0,0,1,1,0,0,0,0,1,0,0,0,1,0,0,0,3,0,45
200500051585,5,8,22,2,2,1,1.0,7.0,0.0,2.0,0.0,12.0,0.0,14.0,1,-1,4.0,2.0,1.0,1.0,0.0,73.0,1,0.0,1.0,1,3,1,0,0,0,0,1,0,0,0,0,1,1,0,0,0,1,0,0,0,3,6,40
201400019939,14,2,8,5,2,1,1.0,6.0,0.0,7.0,0.0,2.0,0.0,0.0,1,1,4.0,2.0,2.0,0.0,0.0,60.0,1,0.0,1.0,1,4,2,0,0,0,1,1,0,0,2,0,0,0,0,2,0,1,0,0,0,4,1,15
200800073925,8,12,22,1,2,5,1.0,5.0,0.0,7.0,0.0,0.0,2.0,1.0,1,-1,4.0,2.0,0.0,1.0,0.0,0.0,1,5.0,1.0,3,1,9,0,0,0,0,9,6,3,0,0,0,3,0,6,0,1,0,0,0,2,10,40
200900047204,9,2,6,5,2,4,2.0,1.0,0.0,33.0,0.0,0.0,2.0,1.0,1,2,3.0,0.0,2.0,0.0,0.0,0.0,1,0.0,0.0,2,3,4,0,0,0,0,4,0,0,4,0,0,2,0,0,2,1,0,0,0,3,20,0
201000050955,10,12,6,1,2,1,2.0,2.0,0.0,10.0,0.0,1.0,0.0,0.0,1,1,4.0,1.0,1.0,1.0,0.0,0.0,1,0.0,1.0,2,1,2,2,0,0,0,4,0,0,0,2,2,2,0,2,0,1,1,0,0,3,10,45
201400028570,14,11,27,2,2,1,1.0,6.0,0.0,7.0,0.0,0.0,2.0,15.0,1,1,4.0,2.0,4.0,1.0,0.0,90.0,1,0.0,1.0,2,1,2,2,0,0,0,4,2,0,0,0,2,2,2,0,0,1,0,1,0,2,8,15
201500017774,15,6,17,1,2,1,7.0,3.0,0.0,7.0,0.0,0.0,0.0,0.0,1,1,4.0,2.0,0.0,1.0,0.0,0.0,1,0.0,1.0,2,1,4,0,0,0,0,4,0,4,0,0,0,0,0,0,4,0,0,1,0,3,9,15
201700048523,17,5,19,2,1,1,3.0,6.0,1.0,7.0,0.0,4.0,9.0,21.0,1,1,1.0,1.0,2.0,1.0,18.0,35.0,1,0.0,1.0,1,3,1,0,0,0,0,1,1,0,0,0,0,0,0,1,0,1,0,0,0,3,21,38
200500082132,5,12,30,1,2,1,1.0,6.0,0.0,7.0,0.0,0.0,1.0,1.0,1,-1,4.0,2.0,2.0,1.0,20.0,87.0,-1,0.0,1.0,1,1,2,0,0,1,0,1,0,0,2,0,0,0,0,1,1,1,0,0,0,2,14,20
200700012507,7,3,19,1,2,1,1.0,6.0,0.0,7.0,0.0,0.0,1.0,0.0,3,-1,3.0,2.0,2.0,1.0,0.0,70.0,1,0.0,1.0,1,3,2,0,0,1,0,1,0,1,0,1,0,1,0,0,1,1,0,0,0,3,8,15
201000006699,10,10,28,1,2,9,1.0,3.0,0.0,32.0,0.0,0.0,2.0,7.0,1,2,3.0,2.0,3.0,1.0,0.0,0.0,1,0.0,1.0,2,3,2,2,0,0,0,4,2,0,0,0,2,4,0,0,0,1,0,0,0,3,18,30
201300001365,13,3,23,1,1,1,1.0,2.0,0.0,7.0,0.0,0.0,2.0,14.0,1,1,3.0,2.0,2.0,1.0,0.0,67.0,1,0.0,3.0,2,1,4,0,0,0,0,4,0,0,4,0,0,0,0,2,2,1,1,0,0,3,15,30
200900021320,9,5,20,1,2,2,1.0,3.0,0.0,33.0,0.0,0.0,2.0,1.0,1,2,4.0,3.0,4.0,1.0,0.0,107.0,1,0.0,1.0,2,1,4,0,0,0,0,4,0,0,0,0,4,4,0,0,0,1,0,0,0,2,13,50
201100005269,11,4,22,2,2,1,1.0,6.0,0.0,10.0,0.0,0.0,1.0,20.0,1,1,5.0,2.0,0.0,1.0,0.0,60.0,1,0.0,1.0,1,1,2,0,0,1,0,1,0,1,0,1,0,2,0,0,0,0,1,0,0,3,6,0
200800032877,8,6,13,1,1,1,1.0,1.0,0.0,33.0,0.0,0.0,2.0,17.0,1,2,3.0,2.0,2.0,2.0,0.0,0.0,1,0.0,1.0,2,3,2,2,0,0,0,4,0,0,4,0,0,2,0,2,0,1,0,0,0,3,15,54
201100011171,11,9,29,1,1,1,1.0,7.0,0.0,33.0,0.0,3.0,0.0,1.0,1,2,3.0,2.0,1.0,2.0,0.0,0.0,-1,0.0,1.0,1,3,1,1,0,0,1,1,0,1,1,0,0,0,0,2,0,0,0,1,0,4,19,15
201200053505,12,5,2,1,2,3,2.0,6.0,0.0,34.0,0.0,0.0,1.0,1.0,1,2,4.0,1.0,3.0,1.0,0.0,140.0,1,0.0,1.0,1,2,2,1,1,1,0,1,1,1,1,0,0,2,1,0,0,1,0,0,0,3,14,7
200800003042,8,1,31,1,2,1,1.0,7.0,0.0,33.0,0.0,14.0,0.0,1.0,1,2,4.0,0.0,0.0,1.0,0.0,0.0,1,4.0,0.0,1,2,1,0,0,0,0,1,0,0,0,0,1,1,0,0,0,0,0,0,0,2,13,45
200500071005,5,11,6,1,1,1,1.0,1.0,0.0,7.0,0.0,0.0,9.0,1.0,1,1,4.0,2.0,1.0,0.0,0.0,30.0,1,0.0,1.0,2,1,2,2,0,0,0,4,0,0,4,0,0,2,0,2,0,1,0,0,0,3,11,15
201300020307,13,12,11,5,2,1,5.0,6.0,0.0,7.0,0.0,6.0,0.0,15.0,1,1,4.0,2.0,2.0,1.0,0.0,0.0,0,0.0,1.0,1,1,2,2,2,0,1,1,0,0,4,0,0,0,0,4,0,1,0,0,0,2,3,35
200500053741,5,8,11,1,1,1,1.0,3.0,0.0,7.0,0.0,0.0,2.0,9.0,1,1,1.0,3.0,3.0,0.0,15.0,105.0,1,0.0,2.0,2,1,4,0,0,0,0,4,0,4,0,0,0,4,0,0,0,0,0,1,0,2,7,53
201100055504,11,8,13,1,2,1,1.0,2.0,0.0,7.0,0.0,0.0,1.0,2.0,1,1,4.0,3.0,2.0,1.0,0.0,50.0,1,0.0,1.0,2,1,4,4,2,0,2,4,6,0,0,2,0,6,0,2,0,1,1,0,0,2,11,38
201400053693,14,5,8,1,2,1,2.0,6.0,0.0,7.0,0.0,0.0,1.0,1.0,1,-1,4.0,1.0,1.0,1.0,0.0,40.0,1,0.0,1.0,1,1,0,2,0,1,0,1,0,0,2,0,0,1,0,0,1,1,0,0,0,2,14,30
200600008222,6,2,23,1,2,1,1.0,3.0,0.0,7.0,0.0,0.0,2.0,1.0,1,1,4.0,1.0,1.0,1.0,0.0,60.0,1,0.0,1.0,2,1,2,4,0,0,2,4,0,6,0,0,0,4,0,2,0,1,1,0,0,3,16,50
201100061732,11,10,14,5,2,1,1.0,3.0,0.0,7.0,0.0,0.0,2.0,9.0,1,-1,4.0,1.0,3.0,2.0,0.0,0.0,1,0.0,1.0,2,1,2,4,2,0,0,4,0,0,6,0,0,4,0,2,0,1,0,0,0,2,23,40
201500050110,15,4,28,1,1,1,1.0,2.0,0.0,7.0,0.0,0.0,2.0,2.0,1,1,1.0,3.0,3.0,1.0,10.0,105.0,1,0.0,1.0,2,2,6,0,0,0,2,4,2,0,0,2,2,0,0,4,2,1,1,0,0,2,11,40
201600025495,16,11,23,1,2,1,1.0,1.0,0.0,7.0,0.0,0.0,0.0,0.0,1,1,4.0,2.0,2.0,2.0,0.0,0.0,1,0.0,1.0,2,1,4,2,0,0,2,4,0,6,0,0,0,2,0,0,4,1,0,0,0,2,10,30
201100001581,11,9,7,2,1,1,5.0,3.0,0.0,7.0,0.0,0.0,2.0,9.0,1,1,3.0,2.0,0.0,2.0,0.0,0.0,1,0.0,1.0,2,1,4,0,0,0,0,4,0,0,0,0,4,0,0,2,2,1,0,1,0,3,7,45
200700045811,7,7,25,1,2,1,1.0,3.0,0.0,7.0,0.0,0.0,2.0,0.0,1,-1,4.0,2.0,8.0,2.0,0.0,184.0,1,0.0,1.0,2,1,2,2,0,0,0,4,0,2,0,0,2,2,0,2,0,1,0,1,0,2,9,35
200500028314,5,5,1,5,2,1,1.0,6.0,0.0,7.0,0.0,8.0,0.0,0.0,1,-1,4.0,2.0,2.0,1.0,0.0,111.0,1,0.0,1.0,1,2,1,0,0,0,0,1,1,0,0,0,0,1,0,0,0,1,0,0,0,2,5,0
201500034893,15,2,5,2,1,1,1.0,3.0,0.0,7.0,0.0,0.0,2.0,5.0,1,1,4.0,2.0,1.0,1.0,0.0,0.0,1,0.0,1.0,2,1,2,2,0,0,0,4,0,0,4,0,0,2,0,0,2,1,0,0,0,3,18,50
200500019469,5,4,13,1,2,1,1.0,1.0,0.0,7.0,0.0,0.0,2.0,15.0,1,1,4.0,3.0,4.0,1.0,8.0,126.0,1,0.0,1.0,2,1,2,2,0,0,0,4,4,0,0,0,0,2,2,0,0,1,0,0,0,2,18,15
201700046051,17,4,9,1,2,1,1.0,7.0,0.0,31.0,0.0,16.0,0.0,14.0,1,2,4.0,2.0,2.0,2.0,0.0,-1.0,1,0.0,1.0,1,3,1,0,0,0,0,1,0,0,1,0,0,1,0,0,0,1,0,0,0,3,18,59
201200059654,12,9,7,5,2,7,1.0,6.0,0.0,7.0,0.0,12.0,2.0,1.0,1,1,4.0,1.0,8.0,1.0,0.0,375.0,1,0.0,1.0,2,3,8,2,2,0,4,4,0,0,10,0,0,0,0,10,0,1,0,0,0,3,2,30
200900026999,9,10,12,1,2,1,8.0,6.0,0.0,7.0,0.0,0.0,1.0,1.0,1,1,4.0,2.0,2.0,1.0,0.0,0.0,1,0.0,1.0,1,1,1,1,0,1,0,1,0,0,1,0,1,1,0,1,0,0,0,1,0,2,18,45
200700054205,7,9,12,1,1,1,1.0,1.0,0.0,7.0,0.0,0.0,2.0,13.0,1,1,2.0,2.0,2.0,0.0,0.0,70.0,1,0.0,1.0,2,3,2,6,2,0,2,4,0,4,2,0,2,2,4,0,2,1,0,0,0,3,8,30
201200053711,12,11,7,5,2,2,1.0,3.0,0.0,32.0,0.0,0.0,2.0,1.0,1,2,4.0,1.0,1.0,1.0,0.0,0.0,1,0.0,1.0,2,2,4,0,0,0,0,4,0,4,0,0,0,4,0,0,0,1,0,1,0,2,4,55
200800042357,8,7,9,1,2,2,1.0,7.0,0.0,32.0,0.0,0.0,0.0,2.0,1,2,4.0,1.0,1.0,1.0,0.0,98.0,1,0.0,1.0,1,2,1,0,0,0,0,1,0,1,0,0,0,1,0,0,0,0,0,1,0,2,17,45
201100043946,11,2,7,1,2,1,1.0,7.0,0.0,7.0,0.0,0.0,1.0,2.0,1,1,3.0,2.0,2.0,1.0,0.0,60.0,1,0.0,0.0,1,1,0,3,0,2,0,1,2,0,1,0,0,0,1,2,0,1,0,0,0,2,8,13
201300031341,13,12,12,1,2,1,1.0,6.0,0.0,37.0,1.0,0.0,1.0,1.0,1,1,4.0,2.0,2.0,1.0,0.0,93.0,1,0.0,1.0,1,1,1,1,0,1,0,1,0,0,1,1,0,1,0,0,1,1,0,0,0,3,15,10
201200024078,12,1,18,1,2,1,1.0,6.0,0.0,1.0,0.0,0.0,2.0,0.0,1,0,4.0,2.0,2.0,1.0,0.0,0.0,1,0.0,1.0,2,2,2,0,0,0,0,2,0,0,2,0,0,0,0,0,2,0,0,0,0,2,17,15
201400044584,14,11,24,5,2,3,1.0,1.0,0.0,30.0,0.0,0.0,2.0,1.0,1,2,4.0,2.0,2.0,1.0,0.0,0.0,1,0.0,1.0,2,2,4,0,0,0,0,4,0,0,2,0,2,2,0,2,0,1,0,0,0,2,19,30
200800005921,8,2,9,1,1,1,1.0,6.0,0.0,33.0,0.0,0.0,0.0,17.0,1,2,3.0,2.0,0.0,2.0,0.0,66.0,1,0.0,3.0,1,1,1,1,0,0,1,1,0,1,1,0,0,2,0,0,0,0,0,1,0,3,15,45
201700036510,17,9,19,2,2,1,8.0,6.0,1.0,37.0,1.0,0.0,1.0,20.0,1,1,4.0,2.0,1.0,1.0,0.0,70.0,1,0.0,1.0,1,1,2,2,0,3,0,1,2,1,0,1,0,1,3,0,0,1,0,0,0,3,8,5
201000002874,10,9,3,1,2,1,1.0,3.0,0.0,7.0,0.0,0.0,2.0,13.0,1,1,4.0,2.0,2.0,1.0,0.0,95.0,1,0.0,1.0,2,1,2,2,0,0,0,4,2,0,0,2,0,4,0,0,0,1,0,1,0,2,19,0
201700047650,17,7,10,3,1,1,1.0,4.0,1.0,7.0,0.0,0.0,2.0,1.0,1,1,1.0,3.0,6.0,1.0,0.0,-1.0,1,0.0,1.0,3,1,6,3,0,0,0,9,0,0,9,0,0,3,0,6,0,1,1,0,0,2,2,30
200500066957,5,10,21,1,2,1,1.0,2.0,0.0,7.0,0.0,0.0,2.0,1.0,1,1,3.0,2.0,0.0,1.0,0.0,88.0,1,0.0,1.0,2,1,2,2,0,0,0,4,2,0,0,0,2,2,0,2,0,1,1,0,0,2,15,20
201600023483,16,2,19,5,2,2,5.0,3.0,2.0,7.0,0.0,0.0,2.0,1.0,1,1,3.0,2.0,2.0,1.0,0.0,71.0,1,5.0,1.0,2,1,4,2,0,0,2,4,0,0,6,0,0,6,0,0,0,1,0,1,0,2,0,1
201700019391,17,12,22,1,1,1,2.0,6.0,2.0,7.0,0.0,2.0,0.0,14.0,1,1,3.0,2.0,2.0,1.0,0.0,60.0,1,0.0,3.0,1,3,0,1,0,0,0,1,0,0,1,0,0,0,0,0,1,1,0,0,0,3,14,30
200500070918,5,11,6,1,1,1,1.0,7.0,0.0,7.0,0.0,13.0,0.0,1.0,1,1,3.0,2.0,2.0,1.0,0.0,60.0,1,0.0,3.0,1,2,0,2,0,0,1,1,0,1,1,0,0,1,0,0,1,1,0,0,0,4,9,0
200900032555,9,11,26,5,2,1,3.0,6.0,0.0,32.0,0.0,0.0,1.0,1.0,1,2,4.0,2.0,2.0,1.0,0.0,100.0,1,0.0,1.0,1,1,2,0,0,1,0,1,0,0,2,0,0,1,0,0,1,1,0,0,0,3,20,30
201700053928,17,11,16,5,2,7,1.0,3.0,2.0,34.0,0.0,0.0,2.0,18.0,1,2,4.0,2.0,2.0,1.0,0.0,0.0,1,0.0,1.0,2,2,4,0,0,0,0,4,0,2,0,2,0,2,0,2,0,1,0,1,0,2,22,50
201600028011,16,6,10,1,2,3,1.0,7.0,0.0,7.0,0.0,0.0,1.0,15.0,1,1,4.0,1.0,1.0,1.0,0.0,0.0,-1,0.0,1.0,1,1,0,2,0,1,0,1,0,0,1,0,1,1,0,0,1,1,0,0,0,3,12,20
200800003651,8,1,18,2,2,3,2.0,6.0,0.0,7.0,0.0,0.0,0.0,11.0,1,-1,4.0,0.0,0.0,1.0,0.0,0.0,1,0.0,1.0,2,1,4,0,0,0,0,4,2,0,0,0,2,4,0,0,0,1,0,1,0,3,17,25
200600060041,6,10,22,1,1,1,1.0,5.0,0.0,7.0,0.0,1.0,0.0,2.0,1,1,1.0,3.0,3.0,1.0,30.0,150.0,1,0.0,1.0,3,3,9,3,0,0,3,9,0,3,9,0,0,6,0,0,6,1,1,0,0,3,11,45
201500000312,15,5,12,1,1,1,1.0,6.0,0.0,36.0,0.0,1.0,0.0,1.0,1,2,3.0,2.0,2.0,0.0,0.0,70.0,1,0.0,3.0,1,2,2,0,0,0,1,1,0,1,1,0,0,1,1,0,0,1,0,0,0,3,9,0
201700051068,17,9,25,1,2,2,1.0,3.0,1.0,7.0,0.0,1.0,2.0,0.0,1,1,4.0,0.0,1.0,1.0,0.0,0.0,1,0.0,1.0,2,2,4,0,0,0,0,4,0,4,0,0,0,4,0,0,0,1,0,0,0,2,8,45
201100041176,11,9,6,1,2,1,1.0,6.0,0.0,32.0,0.0,0.0,2.0,1.0,1,2,4.0,1.0,1.0,1.0,0.0,90.0,1,0.0,1.0,2,3,2,2,0,0,0,4,2,0,0,2,0,4,0,0,0,1,1,0,0,3,11,15
201300052636,13,2,15,5,2,1,2.0,6.0,0.0,32.0,0.0,0.0,1.0,17.0,1,2,4.0,2.0,2.0,1.0,0.0,80.0,1,0.0,1.0,1,1,2,0,0,1,0,1,0,0,2,0,0,1,0,1,0,1,0,0,0,2,0,1
201300012795,13,9,30,1,2,1,1.0,7.0,0.0,2.0,0.0,0.0,0.0,21.0,1,2,4.0,2.0,2.0,1.0,0.0,-1.0,1,0.0,1.0,1,3,1,0,0,0,0,1,0,0,0,0,1,0,1,0,0,0,0,0,0,3,7,52
200700008782,7,2,18,4,1,1,1.0,1.0,0.0,7.0,0.0,0.0,2.0,17.0,1,-1,3.0,2.0,2.0,2.0,0.0,60.0,-1,0.0,1.0,2,2,6,4,2,0,4,4,0,10,0,0,0,4,0,6,0,1,0,0,0,2,1,30
200800026915,8,5,23,1,1,1,1.0,2.0,0.0,7.0,0.0,0.0,0.0,2.0,1,1,1.0,1.0,3.0,1.0,10.0,105.0,1,0.0,1.0,2,1,4,0,0,0,0,4,0,2,0,0,2,2,0,2,0,1,1,0,0,3,17,0
201100050493,11,9,30,1,2,1,1.0,6.0,0.0,7.0,0.0,0.0,1.0,1.0,1,1,4.0,2.0,2.0,1.0,0.0,60.0,1,0.0,1.0,1,1,1,1,0,1,0,1,2,0,0,0,0,0,1,1,0,0,0,1,0,2,8,30
200600028904,6,5,19,5,2,3,1.0,3.0,0.0,7.0,0.0,0.0,0.0,15.0,1,-1,2.0,1.0,1.0,2.0,0.0,50.0,1,0.0,1.0,2,1,4,0,0,0,0,4,0,0,0,2,2,2,0,2,0,1,0,1,0,2,0,15
201000032056,10,12,6,1,1,6,1.0,7.0,0.0,2.0,0.0,0.0,0.0,1.0,1,2,4.0,0.0,2.0,1.0,0.0,0.0,1,0.0,0.0,1,3,2,0,0,0,1,1,0,0,2,0,0,0,0,2,0,0,0,1,0,3,13,15
201700057471,17,12,15,2,2,1,1.0,3.0,2.0,7.0,0.0,0.0,2.0,9.0,1,-1,4.0,1.0,1.0,2.0,0.0,0.0,1,0.0,1.0,2,1,2,2,0,0,0,4,2,0,2,0,0,4,0,0,0,1,1,0,0,2,8,0
200600061394,6,10,30,5,1,1,1.0,6.0,0.0,17.0,0.0,0.0,2.0,0.0,1,-1,1.0,3.0,4.0,1.0,0.0,129.0,1,0.0,1.0,3,2,9,0,0,0,0,9,0,6,0,3,0,9,0,0,0,1,1,1,0,2,6,9
201700003946,17,5,4,2,1,1,1.0,2.0,0.0,7.0,0.0,0.0,2.0,13.0,1,1,3.0,2.0,2.0,2.0,0.0,0.0,1,0.0,1.0,2,2,0,4,0,0,0,4,2,0,0,0,2,2,0,2,0,1,0,0,0,2,6,50
201100053599,11,11,22,1,1,1,1.0,2.0,0.0,7.0,0.0,0.0,2.0,2.0,1,1,1.0,2.0,6.0,1.0,0.0,105.0,1,1.0,1.0,2,1,2,2,0,0,0,4,0,0,0,2,2,4,0,0,0,1,1,0,0,2,8,50
201000016994,10,9,9,5,2,2,1.0,6.0,0.0,7.0,0.0,0.0,2.0,0.0,1,1,4.0,1.0,1.0,1.0,0.0,60.0,1,0.0,1.0,2,1,4,0,0,0,0,4,0,2,0,0,2,2,0,2,0,1,0,0,0,2,23,40
201500023011,15,12,10,5,2,1,1.0,3.0,0.0,31.0,0.0,0.0,2.0,0.0,1,2,4.0,0.0,0.0,1.0,0.0,0.0,1,0.0,1.0,2,3,4,0,0,0,0,4,0,2,0,0,2,2,0,2,0,1,0,1,0,3,0,15
200600013421,6,3,6,5,2,3,1.0,6.0,0.0,5.0,0.0,15.0,0.0,15.0,1,2,4.0,2.0,2.0,1.0,0.0,60.0,1,0.0,1.0,1,2,1,0,0,0,0,1,0,0,1,0,0,1,0,0,0,1,0,0,0,2,23,20
200500000198,5,1,12,5,2,1,8.0,3.0,0.0,7.0,0.0,0.0,2.0,15.0,1,0,3.0,2.0,2.0,1.0,0.0,50.0,1,0.0,1.0,2,1,4,0,0,0,0,4,0,0,0,0,4,2,0,2,0,1,0,0,0,2,7,45
200600078938,6,12,28,1,2,1,1.0,6.0,0.0,7.0,0.0,0.0,1.0,16.0,1,1,4.0,2.0,2.0,1.0,0.0,70.0,1,0.0,4.0,1,1,0,2,0,1,0,1,0,0,2,0,0,1,0,0,1,0,0,1,0,2,13,39
200600030436,6,6,26,1,2,9,1.0,6.0,0.0,17.0,0.0,0.0,1.0,1.0,1,1,3.0,2.0,2.0,2.0,0.0,70.0,1,0.0,1.0,1,1,1,1,0,1,0,1,0,0,1,1,0,1,0,0,1,1,0,0,0,3,10,15
201300038730,13,4,10,1,2,1,2.0,3.0,0.0,33.0,0.0,0.0,2.0,1.0,1,2,3.0,2.0,2.0,1.0,0.0,0.0,1,0.0,1.0,2,2,4,0,0,0,0,4,0,2,0,2,0,2,0,0,2,1,0,1,0,2,15,10
200700013257,7,3,25,1,1,1,1.0,1.0,0.0,7.0,0.0,0.0,2.0,13.0,1,1,3.0,2.0,2.0,1.0,0.0,64.0,1,0.0,1.0,2,3,4,0,0,0,0,4,0,0,4,0,0,0,0,2,2,1,0,0,0,3,18,15
200600048491,6,8,18,5,2,1,1.0,7.0,0.0,30.0,0.0,0.0,0.0,1.0,1,0,9.0,2.0,2.0,1.0,0.0,0.0,-1,0.0,1.0,1,2,1,0,0,0,0,1,0,0,1,0,0,0,0,1,0,0,0,0,0,2,0,21
201100048733,11,5,11,1,2,2,1.0,3.0,0.0,7.0,0.0,0.0,2.0,1.0,1,1,4.0,2.0,2.0,1.0,0.0,0.0,1,0.0,1.0,2,1,2,4,2,0,0,4,4,2,0,0,0,2,0,4,0,1,0,1,0,2,18,45
201100005898,11,12,13,3,1,1,1.0,6.0,0.0,2.0,0.0,0.0,6.0,1.0,1,2,3.0,2.0,2.0,1.0,0.0,55.0,1,0.0,1.0,1,4,1,0,0,0,0,1,0,0,0,0,1,1,0,0,0,1,0,0,0,4,19,45
201500033480,15,9,14,1,2,3,1.0,1.0,0.0,7.0,0.0,0.0,2.0,15.0,1,1,4.0,2.0,2.0,1.0,42.0,175.0,1,0.0,1.0,2,1,4,2,0,0,2,4,0,4,2,0,0,2,0,4,0,1,0,0,0,3,19,35
200900038805,9,8,3,1,2,1,1.0,6.0,0.0,7.0,0.0,0.0,1.0,1.0,3,-1,4.0,2.0,2.0,1.0,0.0,75.0,1,0.0,1.0,1,3,1,1,0,1,0,1,0,0,1,0,1,0,0,0,2,1,0,0,0,3,15,40
200500064015,5,10,22,1,1,1,1.0,1.0,0.0,5.0,0.0,0.0,2.0,1.0,1,2,3.0,2.0,2.0,0.0,0.0,51.0,1,0.0,1.0,2,3,2,0,0,0,0,2,0,0,2,0,0,2,0,0,0,1,0,0,0,3,18,0
200600070835,6,11,12,3,1,1,2.0,6.0,0.0,7.0,0.0,7.0,0.0,12.0,1,1,2.0,3.0,4.0,1.0,300.0,140.0,1,0.0,3.0,1,1,2,0,0,0,0,2,0,1,1,0,0,0,0,2,0,0,0,1,0,2,22,42
201600029876,16,5,10,1,2,3,1.0,6.0,1.0,7.0,0.0,0.0,1.0,1.0,1,-1,4.0,-1.0,2.0,-1.0,0.0,-1.0,-1,0.0,-1.0,1,1,2,0,0,1,0,1,0,0,2,0,0,1,0,1,0,1,0,0,0,3,18,0
200800034968,8,6,22,4,1,1,1.0,2.0,0.0,7.0,0.0,0.0,2.0,1.0,1,1,1.0,3.0,4.0,2.0,30.0,140.0,1,0.0,1.0,2,2,2,2,0,0,0,4,0,4,0,0,0,0,0,4,0,1,1,0,0,2,3,32
201700003409,17,1,13,1,1,2,2.0,3.0,1.0,7.0,0.0,0.0,2.0,19.0,1,1,3.0,2.0,2.0,1.0,0.0,25.0,1,0.0,-1.0,2,3,4,2,0,0,2,4,0,6,0,0,0,6,0,0,0,1,0,1,0,3,13,20
201000023541,10,11,19,1,2,1,1.0,6.0,0.0,7.0,0.0,0.0,1.0,1.0,1,1,3.0,3.0,4.0,1.0,0.0,0.0,1,0.0,1.0,1,1,2,0,0,1,0,1,0,0,2,0,0,1,0,0,1,1,0,0,0,2,13,20
201700052407,17,7,18,1,1,1,1.0,2.0,1.0,7.0,0.0,0.0,2.0,11.0,1,1,1.0,1.0,3.0,1.0,25.0,105.0,1,0.0,1.0,2,1,2,6,2,0,2,4,0,0,8,0,0,6,0,0,2,1,1,0,0,2,11,45
200900027843,9,8,18,4,2,1,1.0,7.0,0.0,7.0,0.0,6.0,0.0,1.0,2,1,4.0,2.0,2.0,1.0,0.0,40.0,1,0.0,4.0,1,2,1,1,0,0,1,1,0,0,2,0,0,1,0,1,0,1,0,0,0,3,4,10
200700000211,7,1,16,1,1,1,1.0,2.0,0.0,38.0,0.0,0.0,9.0,2.0,1,1,3.0,2.0,2.0,2.0,0.0,70.0,1,0.0,1.0,2,1,2,2,0,0,0,4,0,0,2,2,0,2,0,0,2,1,1,0,0,3,17,30