Num_Acc,an,mois,jour,lum,agg,int,atm,col,senc,catv,occutc,obs,obsm,manv,catu,secu,catr,circ,nbv,prof,lartpc,larrout,surf,infra,situ,nb_veh,grav_simpl,Homme,Femme,Arrière,Autre_x,Avant,Conducteur,Autre_y,Inconnu,Loisirs,Professionnel,Travail,Adulte,Enfant,Jeune,Senior,choc_avant,choc_arriere,choc_lateral,choc_multiple,grav_order_max,heure,minute
200500045587,5,7,2,1,2,1,1.0,2.0,0.0,4.0,0.0,0.0,2.0,23.0,1,2,4.0,1.0,1.0,1.0,0.0,44.0,1,0.0,1.0,2,2,2,2,0,0,0,4,0,0,4,0,0,0,0,4,0,1,1,0,0,2,18,25
200600010272,6,2,1,1,2,1,1.0,6.0,0.0,7.0,0.0,0.0,1.0,1.0,1,-1,3.0,2.0,2.0,1.0,0.0,0.0,1,0.0,1.0,1,1,2,0,0,1,0,1,0,0,0,0,2,2,0,0,0,1,0,0,0,2,9,50
200500083886,5,12,4,5,2,1,3.0,6.0,0.0,7.0,0.0,8.0,0.0,20.0,1,1,3.0,2.0,3.0,1.0,0.0,101.0,1,0.0,4.0,1,2,1,1,0,0,1,1,0,1,1,0,0,2,0,0,0,1,0,0,0,2,5,10
200900045071,9,5,1,1,1,1,1.0,7.0,0.0,7.0,0.0,0.0,0.0,2.0,2,1,1.0,3.0,2.0,1.0,10.0,35.0,1,0.0,1.0,1,2,4,0,2,0,1,1,0,0,4,0,0,0,0,4,0,0,0,0,1,2,13,45
200500031259,5,5,9,1,2,1,1.0,7.0,0.0,1.0,0.0,0.0,0.0,1.0,1,0,4.0,1.0,1.0,1.0,0.0,30.0,1,0.0,1.0,1,2,1,0,0,0,0,1,0,0,1,0,0,0,1,0,0,0,0,0,0,2,18,40
200500065051,5,10,9,1,2,1,1.0,1.0,0.0,10.0,0.0,0.0,2.0,1.0,1,1,4.0,2.0,2.0,2.0,0.0,60.0,1,0.0,1.0,2,1,4,2,0,0,2,4,0,2,4,0,0,0,2,4,0,1,0,0,0,3,13,20
200800014400,8,3,7,1,2,1,1.0,6.0,0.0,2.0,0.0,0.0,1.0,17.0,1,2,2.0,2.0,2.0,1.0,0.0,101.0,1,0.0,1.0,1,1,1,1,0,1,0,1,0,0,1,1,0,1,1,0,0,1,0,0,0,2,13,55
200600072784,6,11,6,3,1,1,5.0,1.0,0.0,7.0,0.0,0.0,5.0,1.0,1,1,3.0,2.0,2.0,1.0,0.0,75.0,1,0.0,1.0,2,2,4,0,0,0,0,4,0,0,0,0,4,4,0,0,0,1,0,0,0,2,5,15
201200005652,12,1,15,3,1,1,9.0,7.0,0.0,7.0,0.0,2.0,0.0,1.0,1,-1,3.0,2.0,2.0,2.0,0.0,68.0,0,0.0,3.0,1,4,2,0,0,0,1,1,0,1,1,0,0,1,0,1,0,1,0,0,0,4,2,0
200700017707,7,3,2,2,2,1,1.0,6.0,0.0,33.0,0.0,0.0,1.0,1.0,1,2,2.0,2.0,4.0,0.0,0.0,37.0,1,0.0,1.0,1,3,2,0,0,1,0,1,0,0,1,0,1,2,0,0,0,1,0,0,0,3,6,50
201400039063,14,9,5,2,2,1,1.0,7.0,0.0,33.0,0.0,0.0,0.0,0.0,1,2,3.0,2.0,2.0,1.0,0.0,0.0,1,0.0,1.0,1,1,1,1,0,0,1,1,0,0,0,0,2,1,0,1,0,1,0,0,0,2,20,50
201600015073,16,6,21,1,1,1,1.0,3.0,1.0,7.0,0.0,0.0,2.0,10.0,1,-1,4.0,2.0,4.0,2.0,250.0,180.0,1,0.0,1.0,2,1,2,2,0,0,0,4,0,4,0,0,0,4,0,0,0,1,0,1,0,3,13,45
200700005057,7,1,6,4,2,1,1.0,3.0,0.0,7.0,0.0,0.0,0.0,19.0,1,1,3.0,2.0,2.0,1.0,0.0,70.0,1,0.0,1.0,2,1,4,0,0,0,0,4,0,0,2,2,0,0,0,4,0,1,0,0,0,2,18,35
201100009313,11,4,21,1,1,1,1.0,7.0,0.0,33.0,0.0,0.0,0.0,1.0,1,2,3.0,2.0,2.0,1.0,0.0,60.0,1,0.0,3.0,1,3,1,1,0,0,1,1,0,0,2,0,0,2,0,0,0,0,0,1,0,3,18,0
200700003600,7,1,1,4,1,6,1.0,7.0,0.0,7.0,0.0,13.0,0.0,0.0,1,1,2.0,2.0,4.0,1.0,0.0,140.0,1,5.0,3.0,1,1,2,0,0,0,1,1,0,1,1,0,0,0,0,2,0,1,0,0,0,3,5,30
201100024205,11,11,29,2,2,1,1.0,2.0,0.0,7.0,0.0,0.0,2.0,2.0,1,1,3.0,2.0,4.0,1.0,0.0,140.0,1,5.0,1.0,2,1,2,2,0,0,0,4,4,0,0,0,0,2,0,2,0,1,1,0,0,2,8,35
200800034470,8,6,29,1,2,3,1.0,2.0,0.0,7.0,0.0,0.0,0.0,0.0,1,-1,3.0,2.0,3.0,1.0,0.0,60.0,1,0.0,0.0,2,1,4,2,0,0,2,4,0,6,0,0,0,6,0,0,0,1,1,0,0,2,14,0
201000061428,10,5,26,1,2,2,1.0,3.0,0.0,7.0,0.0,0.0,2.0,15.0,1,1,4.0,1.0,3.0,2.0,0.0,100.0,1,0.0,1.0,2,1,0,4,0,0,0,4,0,0,0,4,0,4,0,0,0,1,0,0,0,2,9,35
200700026985,7,5,1,1,1,1,9.0,6.0,0.0,7.0,0.0,7.0,0.0,0.0,1,1,1.0,1.0,1.0,1.0,0.0,60.0,1,3.0,3.0,1,1,3,0,1,0,1,1,0,2,1,0,0,0,0,3,0,0,0,0,1,3,7,15
200900003438,9,2,23,1,2,6,1.0,3.0,0.0,7.0,0.0,0.0,2.0,9.0,1,1,3.0,2.0,2.0,1.0,0.0,107.0,1,0.0,1.0,2,1,2,2,0,0,0,4,2,0,2,0,0,2,2,0,0,1,1,0,0,2,9,0
200900030783,9,7,17,1,2,3,2.0,3.0,0.0,2.0,0.0,0.0,2.0,2.0,1,-1,4.0,2.0,2.0,1.0,0.0,63.0,1,0.0,1.0,2,1,4,0,0,0,0,4,0,0,2,2,0,0,2,2,0,1,0,0,0,2,20,30
200500044552,5,7,23,5,2,1,1.0,6.0,0.0,7.0,0.0,1.0,0.0,13.0,1,-1,4.0,2.0,2.0,1.0,0.0,69.0,1,0.0,1.0,1,2,1,0,0,0,0,1,0,1,0,0,0,0,0,1,0,0,0,0,1,2,4,45
200700007102,7,2,14,2,1,1,4.0,7.0,0.0,7.0,0.0,0.0,0.0,0.0,1,1,3.0,0.0,2.0,2.0,0.0,0.0,0,0.0,1.0,1,3,1,0,0,0,0,1,0,0,1,0,0,1,0,0,0,0,0,0,0,3,17,15
201100064416,11,2,16,1,2,1,8.0,3.0,0.0,31.0,0.0,0.0,2.0,3.0,1,2,4.0,1.0,4.0,1.0,15.0,140.0,1,3.0,1.0,2,2,4,0,0,0,0,4,0,0,0,0,4,2,0,2,0,1,0,0,0,2,8,30
200800015902,8,3,19,1,1,1,1.0,6.0,0.0,10.0,0.0,13.0,0.0,19.0,1,-1,3.0,2.0,2.0,1.0,0.0,65.0,1,0.0,3.0,1,3,1,0,0,0,0,1,0,0,0,1,0,1,0,0,0,1,0,0,0,3,13,45
200500025074,5,5,31,1,1,1,1.0,1.0,0.0,7.0,0.0,0.0,2.0,1.0,1,1,3.0,2.0,2.0,1.0,0.0,56.0,1,0.0,1.0,2,3,2,2,0,0,2,2,0,2,0,0,2,4,0,0,0,1,0,0,0,3,19,30
201200013309,12,6,25,1,1,1,1.0,6.0,0.0,7.0,0.0,3.0,0.0,13.0,1,1,1.0,1.0,2.0,0.0,0.0,84.0,1,0.0,1.0,1,3,1,1,0,0,1,1,0,1,1,0,0,0,0,0,2,1,0,0,0,3,13,15
200600036436,6,6,21,1,2,1,1.0,3.0,0.0,7.0,0.0,0.0,2.0,12.0,1,1,3.0,1.0,2.0,1.0,0.0,60.0,1,0.0,1.0,2,1,2,4,0,0,2,4,0,2,4,0,0,0,0,6,0,0,0,1,0,2,18,15
201500009084,15,6,11,3,1,1,1.0,3.0,0.0,7.0,0.0,0.0,2.0,2.0,1,1,1.0,3.0,4.0,1.0,5.0,150.0,1,0.0,1.0,2,2,4,2,0,0,2,4,0,2,2,2,0,4,0,2,0,1,0,0,0,2,0,1
201700023323,17,5,28,2,1,1,1.0,6.0,1.0,7.0,0.0,0.0,0.0,1.0,1,1,2.0,3.0,2.0,1.0,150.0,0.0,1,0.0,1.0,1,3,1,0,0,0,0,1,1,0,0,0,0,0,0,1,0,1,0,0,0,3,21,0
201600036257,16,10,14,5,2,2,1.0,2.0,1.0,7.0,0.0,14.0,0.0,2.0,1,1,3.0,1.0,2.0,1.0,0.0,89.0,1,0.0,1.0,2,2,6,0,0,0,2,4,0,2,4,0,0,4,0,0,2,1,1,0,0,2,20,40
201600010635,16,2,1,1,1,6,1.0,3.0,1.0,31.0,0.0,0.0,2.0,14.0,1,2,4.0,1.0,2.0,1.0,0.0,0.0,1,5.0,1.0,2,2,4,0,0,0,0,4,0,0,4,0,0,4,0,0,0,0,0,1,0,2,10,20
201000054110,10,9,28,1,2,1,1.0,6.0,0.0,7.0,0.0,0.0,1.0,13.0,1,1,3.0,2.0,2.0,2.0,0.0,0.0,1,0.0,1.0,1,1,1,1,0,1,0,1,2,0,0,0,0,0,1,1,0,0,0,1,0,2,16,15
200700037124,7,6,3,1,2,1,1.0,7.0,0.0,7.0,0.0,0.0,1.0,1.0,1,1,4.0,1.0,1.0,2.0,0.0,34.0,1,0.0,1.0,1,1,2,0,0,1,0,1,0,0,2,0,0,0,1,0,1,1,0,0,0,2,17,25
201200055604,12,3,24,5,2,1,1.0,3.0,0.0,7.0,0.0,0.0,2.0,11.0,1,1,4.0,0.0,1.0,1.0,60.0,100.0,1,0.0,1.0,2,1,2,2,0,0,0,4,0,4,0,0,0,2,0,0,2,0,0,1,0,2,0,20
201500049394,15,10,5,3,1,1,1.0,7.0,0.0,7.0,0.0,3.0,0.0,2.0,1,-1,1.0,1.0,2.0,1.0,0.0,140.0,1,3.0,2.0,1,3,1,0,0,0,0,1,1,0,0,0,0,0,1,0,0,1,0,0,0,3,0,30
200500037073,5,6,13,1,2,1,1.0,2.0,0.0,7.0,0.0,0.0,2.0,2.0,1,1,4.0,2.0,2.0,1.0,0.0,81.0,1,0.0,1.0,2,1,0,12,6,0,2,4,4,8,0,0,0,2,8,0,2,1,1,0,0,3,13,55
200900014196,9,1,24,5,2,1,1.0,6.0,0.0,7.0,0.0,6.0,0.0,1.0,1,1,4.0,2.0,2.0,0.0,0.0,70.0,1,0.0,1.0,1,2,1,0,0,0,0,1,0,1,0,0,0,0,0,1,0,0,1,0,0,2,1,30
200800071032,8,12,2,1,2,2,1.0,4.0,0.0,7.0,0.0,0.0,2.0,2.0,1,1,4.0,2.0,2.0,1.0,0.0,0.0,1,5.0,1.0,3,1,6,3,0,0,0,9,0,0,0,6,3,6,0,3,0,1,1,0,0,3,8,50
201100025103,11,5,21,1,1,1,1.0,2.0,0.0,17.0,0.0,0.0,2.0,2.0,1,1,1.0,3.0,2.0,2.0,8.0,70.0,1,0.0,1.0,2,1,6,4,4,0,2,4,0,0,8,2,0,6,2,2,0,1,1,0,0,4,9,15
201700044271,17,3,6,1,2,1,2.0,6.0,0.0,7.0,0.0,0.0,1.0,13.0,1,-1,4.0,2.0,0.0,2.0,0.0,60.0,1,0.0,4.0,1,1,2,0,0,1,0,1,1,0,1,0,0,1,1,0,0,1,0,0,0,3,8,15
200500015383,5,3,11,1,2,1,1.0,6.0,0.0,10.0,0.0,0.0,1.0,1.0,1,1,4.0,2.0,0.0,1.0,0.0,43.0,1,0.0,1.0,1,1,2,0,0,1,0,1,1,0,0,1,0,1,0,1,0,1,0,0,0,2,11,13
201200018695,12,7,29,1,1,1,1.0,6.0,0.0,7.0,0.0,2.0,0.0,14.0,1,1,4.0,2.0,0.0,1.0,0.0,35.0,1,0.0,1.0,1,3,1,0,0,0,0,1,1,0,0,0,0,0,0,1,0,1,0,0,0,3,18,45
200800007429,8,2,10,1,2,2,1.0,6.0,0.0,7.0,0.0,1.0,2.0,1.0,2,3,4.0,1.0,2.0,2.0,0.0,0.0,1,0.0,1.0,2,2,4,2,2,0,0,4,0,6,0,0,0,4,2,0,0,1,1,0,0,2,11,45
200800034970,8,6,23,1,1,1,1.0,6.0,0.0,33.0,0.0,0.0,0.0,0.0,1,2,3.0,3.0,4.0,1.0,30.0,140.0,1,0.0,1.0,1,2,1,0,0,0,0,1,0,1,0,0,0,0,0,1,0,0,0,0,0,2,17,1
200900041718,9,11,30,5,2,1,8.0,6.0,0.0,7.0,0.0,0.0,1.0,1.0,3,-1,3.0,2.0,2.0,1.0,0.0,50.0,1,6.0,1.0,1,2,1,2,0,2,0,1,2,0,1,0,0,0,2,0,1,1,0,0,0,2,17,45
200600010415,6,2,14,1,2,3,1.0,6.0,0.0,7.0,0.0,0.0,1.0,1.0,1,-1,4.0,3.0,2.0,1.0,15.0,120.0,1,0.0,1.0,1,1,1,1,0,1,0,1,0,0,2,0,0,1,0,0,1,0,0,1,0,3,10,5
201300048804,13,1,16,1,2,1,9.0,7.0,0.0,3.0,0.0,12.0,0.0,1.0,1,1,4.0,3.0,4.0,2.0,0.0,65.0,0,0.0,1.0,1,2,0,1,0,0,0,1,0,0,1,0,0,1,0,0,0,1,0,0,0,2,12,45
201000056343,10,11,9,4,1,1,1.0,3.0,0.0,7.0,0.0,0.0,2.0,0.0,1,1,1.0,3.0,2.0,1.0,15.0,70.0,1,3.0,1.0,2,3,2,2,0,0,0,4,0,0,4,0,0,4,0,0,0,1,0,0,1,3,1,0
200500062645,5,10,11,3,1,1,1.0,6.0,0.0,7.0,0.0,2.0,0.0,1.0,1,0,3.0,2.0,2.0,1.0,0.0,53.0,1,0.0,3.0,1,4,1,0,0,0,0,1,0,0,0,0,1,0,0,1,0,0,0,1,0,4,7,15
201000038583,10,9,7,5,2,1,1.0,7.0,0.0,30.0,0.0,0.0,0.0,1.0,1,2,4.0,2.0,2.0,1.0,0.0,75.0,1,0.0,5.0,1,3,1,0,0,0,0,1,0,0,0,0,1,1,0,0,0,0,0,0,0,3,21,20
200500084177,5,12,20,5,1,1,8.0,4.0,0.0,7.0,0.0,0.0,2.0,12.0,1,1,2.0,3.0,3.0,1.0,0.0,105.0,1,0.0,1.0,3,1,3,6,0,0,0,9,0,9,0,0,0,6,0,3,0,1,1,0,0,3,18,40
200500002455,5,1,20,1,2,1,1.0,6.0,0.0,7.0,0.0,0.0,1.0,20.0,1,-1,4.0,3.0,4.0,1.0,10.0,80.0,1,0.0,1.0,1,1,1,1,0,1,0,1,0,1,1,0,0,1,0,0,1,0,0,0,0,2,15,0
201600032281,16,10,27,1,2,6,1.0,6.0,1.0,33.0,0.0,8.0,0.0,2.0,1,2,3.0,2.0,2.0,2.0,63.0,0.0,1,0.0,1.0,1,3,1,0,0,0,0,1,0,0,0,0,1,1,0,0,0,1,0,0,0,3,9,30
201500021383,15,9,11,1,1,1,1.0,6.0,0.0,7.0,0.0,13.0,0.0,1.0,1,1,3.0,2.0,2.0,3.0,0.0,66.0,1,0.0,3.0,1,3,1,0,0,0,0,1,0,0,0,0,1,0,0,1,0,1,0,0,0,3,9,45
200500019375,5,4,16,1,2,2,1.0,3.0,0.0,7.0,0.0,0.0,0.0,1.0,1,-1,4.0,2.0,2.0,1.0,0.0,54.0,1,0.0,1.0,2,1,4,0,0,0,0,4,0,4,0,0,0,4,0,0,0,1,0,1,0,3,15,15
201400011782,14,12,6,1,1,1,2.0,2.0,0.0,7.0,0.0,1.0,0.0,2.0,1,1,1.0,1.0,3.0,3.0,35.0,105.0,1,0.0,1.0,2,2,4,0,0,0,0,4,0,0,2,2,0,0,0,4,0,1,0,0,0,2,16,0
201200026243,12,9,14,1,2,3,1.0,3.0,0.0,7.0,0.0,0.0,2.0,15.0,1,1,4.0,2.0,2.0,1.0,0.0,68.0,1,0.0,0.0,2,1,2,2,0,0,0,4,0,0,2,0,2,4,0,0,0,1,0,1,0,2,10,40
200900065223,9,11,10,1,2,1,1.0,6.0,0.0,7.0,0.0,0.0,1.0,1.0,3,-1,3.0,2.0,2.0,0.0,60.0,0.0,1,0.0,1.0,1,3,2,0,0,1,0,1,0,0,2,0,0,0,0,1,1,1,0,0,0,3,11,0
201300003907,13,6,29,3,1,1,1.0,6.0,0.0,33.0,0.0,2.0,0.0,13.0,1,2,3.0,2.0,2.0,2.0,0.0,50.0,1,0.0,3.0,1,3,1,0,0,0,0,1,0,0,1,0,0,1,0,0,0,1,0,0,0,3,0,15
201700056141,17,5,27,1,2,7,1.0,3.0,2.0,7.0,0.0,0.0,2.0,9.0,1,1,4.0,1.0,3.0,1.0,0.0,30.0,1,5.0,1.0,2,1,4,0,0,0,0,4,0,0,4,0,0,2,0,2,0,1,0,1,0,2,13,35
201400033004,14,2,25,3,2,1,1.0,4.0,0.0,33.0,0.0,0.0,0.0,0.0,1,2,4.0,2.0,2.0,1.0,0.0,76.0,1,0.0,3.0,3,2,9,0,0,0,0,9,0,0,9,0,0,9,0,0,0,1,1,0,0,3,20,45
201500049070,15,5,11,1,1,1,8.0,3.0,0.0,7.0,0.0,0.0,2.0,14.0,1,1,1.0,3.0,4.0,1.0,50.0,105.0,1,0.0,3.0,2,3,2,2,0,0,0,4,0,0,0,2,2,4,0,0,0,1,0,0,0,3,7,15
200800046182,8,8,10,1,2,6,1.0,7.0,0.0,7.0,0.0,0.0,1.0,1.0,1,1,4.0,2.0,2.0,0.0,0.0,60.0,1,0.0,1.0,1,1,1,1,0,1,0,1,0,0,2,0,0,2,0,0,0,1,0,0,0,3,19,15
201300025101,13,1,26,1,2,3,1.0,2.0,0.0,31.0,0.0,0.0,2.0,1.0,1,2,2.0,3.0,6.0,1.0,0.0,0.0,1,5.0,1.0,2,2,2,0,0,0,0,2,0,0,2,0,0,0,0,0,2,1,1,0,0,2,16,50
200500021818,5,4,8,1,2,1,2.0,6.0,0.0,7.0,0.0,0.0,2.0,15.0,1,-1,3.0,2.0,2.0,1.0,0.0,120.0,1,0.0,1.0,2,1,2,2,0,0,0,4,4,0,0,0,0,4,0,0,0,1,0,0,0,3,16,35
200800009294,8,2,15,5,2,1,1.0,6.0,0.0,2.0,0.0,1.0,0.0,1.0,1,2,4.0,2.0,2.0,1.0,0.0,0.0,1,0.0,1.0,1,3,1,0,0,0,0,1,0,0,1,0,0,0,1,0,0,1,0,0,0,3,23,5
201100027281,11,2,16,1,2,1,1.0,7.0,0.0,14.0,0.0,0.0,0.0,1.0,1,-1,4.0,2.0,3.0,1.0,0.0,101.0,1,0.0,1.0,2,1,4,0,0,0,0,4,0,0,0,2,2,2,2,0,0,0,0,0,0,3,7,45
200800028727,8,5,4,1,1,1,1.0,3.0,0.0,2.0,0.0,0.0,2.0,5.0,1,0,4.0,0.0,0.0,1.0,0.0,30.0,1,0.0,1.0,2,3,4,0,0,0,0,4,0,0,2,0,2,2,2,0,0,1,0,1,0,3,16,30
200500082723,5,12,16,1,2,2,2.0,6.0,0.0,4.0,0.0,0.0,1.0,5.0,1,2,4.0,1.0,1.0,1.0,0.0,30.0,1,0.0,1.0,1,2,2,0,0,1,0,1,0,0,1,1,0,0,0,1,1,1,0,0,0,2,14,25
200900043063,9,6,20,1,2,3,1.0,1.0,0.0,1.0,0.0,0.0,0.0,5.0,1,-1,3.0,2.0,2.0,1.0,0.0,70.0,1,0.0,1.0,2,2,4,0,0,0,0,4,0,0,2,0,2,4,0,0,0,1,0,0,0,2,12,50
200700031029,7,5,2,1,2,2,1.0,6.0,0.0,7.0,0.0,0.0,1.0,1.0,3,-1,2.0,3.0,4.0,1.0,10.0,120.0,1,0.0,1.0,1,2,0,2,0,1,0,1,1,0,1,0,0,0,1,1,0,1,0,0,0,2,18,10
200600035626,6,6,30,1,2,2,1.0,6.0,0.0,10.0,0.0,0.0,1.0,15.0,1,1,4.0,1.0,1.0,1.0,0.0,30.0,1,0.0,1.0,1,1,1,1,0,1,0,1,0,0,1,1,0,0,0,1,1,1,0,0,0,2,17,25
200900043984,9,10,4,1,1,1,1.0,6.0,0.0,7.0,0.0,13.0,0.0,14.0,1,1,3.0,2.0,2.0,1.0,0.0,0.0,1,0.0,3.0,1,2,1,0,0,0,0,1,0,0,1,0,0,1,0,0,0,1,0,0,0,2,7,50
201300031738,13,8,8,1,2,1,1.0,3.0,0.0,7.0,0.0,0.0,2.0,9.0,1,1,4.0,2.0,0.0,1.0,0.0,0.0,1,0.0,0.0,2,2,4,0,0,0,0,4,2,2,0,0,0,2,0,2,0,1,0,1,0,2,20,20
201500011845,15,6,17,1,1,1,1.0,2.0,0.0,10.0,0.0,0.0,2.0,13.0,1,1,1.0,3.0,2.0,1.0,5.0,73.0,1,0.0,1.0,2,1,4,6,4,0,2,4,2,6,0,2,0,2,0,0,8,1,1,0,0,2,16,0
200800034010,8,6,6,1,2,1,2.0,7.0,0.0,30.0,0.0,0.0,0.0,2.0,1,2,4.0,2.0,2.0,1.0,0.0,0.0,1,0.0,1.0,1,2,1,0,0,0,0,1,0,1,0,0,0,0,1,0,0,1,0,0,0,2,15,40
200700050956,7,8,6,1,1,1,3.0,6.0,0.0,17.0,0.0,13.0,0.0,1.0,1,1,2.0,3.0,4.0,0.0,10.0,120.0,1,0.0,1.0,1,2,1,0,0,0,0,1,0,0,0,1,0,1,0,0,0,1,0,0,0,2,15,55
201300009097,13,3,31,3,1,1,1.0,6.0,0.0,7.0,0.0,8.0,0.0,1.0,1,-1,3.0,2.0,2.0,1.0,0.0,50.0,1,0.0,3.0,1,3,2,0,0,0,1,1,0,2,0,0,0,1,0,1,0,1,0,0,0,4,0,30
201200036910,12,7,7,5,2,6,1.0,3.0,0.0,32.0,0.0,0.0,0.0,1.0,1,2,3.0,2.0,2.0,1.0,0.0,65.0,1,0.0,1.0,2,3,4,0,0,0,0,4,0,0,4,0,0,2,0,2,0,1,1,0,0,3,23,0
201000035994,10,6,10,1,2,2,2.0,3.0,0.0,7.0,0.0,0.0,2.0,1.0,1,1,4.0,2.0,2.0,1.0,0.0,0.0,1,0.0,1.0,2,2,4,0,0,0,0,4,0,0,4,0,0,0,0,0,4,0,1,1,0,2,16,17
201400007899,14,4,25,1,1,1,1.0,6.0,0.0,7.0,0.0,2.0,0.0,13.0,1,1,3.0,2.0,2.0,2.0,0.0,55.0,1,0.0,1.0,1,2,1,0,0,0,0,1,0,0,0,1,0,0,0,1,0,1,0,0,0,2,15,15
200600025278,6,5,4,5,2,1,1.0,2.0,0.0,7.0,0.0,0.0,2.0,1.0,1,-1,4.0,2.0,2.0,1.0,0.0,0.0,1,0.0,1.0,2,1,4,0,0,0,0,4,0,2,0,2,0,2,0,2,0,1,1,0,0,3,0,30
201700043355,17,1,5,4,2,1,1.0,3.0,0.0,7.0,0.0,0.0,2.0,1.0,1,1,3.0,1.0,2.0,1.0,0.0,0.0,1,0.0,1.0,2,3,4,0,0,0,0,4,2,0,0,0,2,2,0,2,0,1,0,1,0,3,20,25
201000035481,10,4,22,1,2,1,1.0,2.0,0.0,37.0,2.0,0.0,2.0,2.0,1,1,4.0,2.0,2.0,3.0,0.0,0.0,1,0.0,1.0,2,1,0,6,0,0,2,4,0,0,4,2,0,6,0,0,0,1,1,0,0,2,9,35
201300041775,13,8,31,1,2,2,1.0,7.0,0.0,2.0,0.0,0.0,2.0,23.0,1,-1,4.0,2.0,4.0,1.0,0.0,0.0,1,0.0,1.0,1,2,1,0,0,0,0,1,0,0,0,1,0,0,0,1,0,0,0,0,0,2,20,5
200500074355,5,11,29,1,1,3,1.0,3.0,0.0,5.0,0.0,0.0,2.0,17.0,1,-1,4.0,2.0,2.0,1.0,0.0,72.0,1,0.0,1.0,2,2,4,0,0,0,0,4,0,0,0,2,2,2,0,2,0,1,0,0,0,2,13,30
200800029841,8,6,8,4,2,1,1.0,6.0,0.0,7.0,0.0,8.0,0.0,13.0,1,1,3.0,2.0,2.0,1.0,0.0,55.0,1,0.0,3.0,1,2,1,0,0,0,0,1,0,0,1,0,0,0,0,1,0,1,0,0,0,2,0,30
201700041949,17,3,17,1,2,1,1.0,6.0,2.0,7.0,0.0,0.0,1.0,1.0,1,-1,3.0,4.0,3.0,1.0,0.0,0.0,1,2.0,1.0,1,1,2,1,0,1,1,1,0,1,2,0,0,0,1,2,0,1,0,0,0,3,10,50
200900038143,9,8,28,1,2,2,1.0,3.0,0.0,1.0,0.0,0.0,2.0,5.0,1,0,4.0,1.0,1.0,2.0,0.0,60.0,1,5.0,1.0,2,2,4,0,0,0,0,4,2,0,2,0,0,0,2,2,0,1,0,0,0,2,17,15
201000001150,10,7,21,1,1,1,1.0,7.0,0.0,33.0,0.0,13.0,0.0,1.0,1,2,3.0,4.0,2.0,2.0,0.0,120.0,1,0.0,3.0,1,3,0,1,0,0,0,1,0,1,0,0,0,1,0,0,0,1,0,0,0,3,20,0
200600006955,6,2,28,3,1,1,1.0,7.0,0.0,7.0,0.0,2.0,0.0,1.0,1,0,3.0,2.0,2.0,1.0,0.0,71.0,1,0.0,3.0,1,3,1,0,0,0,0,1,0,0,0,0,1,1,0,0,0,0,0,1,0,3,22,45
201700041148,17,3,29,1,2,1,1.0,7.0,0.0,33.0,0.0,0.0,0.0,16.0,1,2,4.0,2.0,2.0,1.0,0.0,126.0,1,2.0,1.0,1,2,1,0,0,0,0,1,1,0,0,0,0,0,0,1,0,0,0,0,0,2,7,53
200900061468,9,12,10,1,2,1,1.0,1.0,0.0,7.0,0.0,0.0,2.0,13.0,1,1,4.0,2.0,2.0,1.0,0.0,60.0,1,0.0,1.0,2,1,4,0,0,0,0,4,0,2,0,0,2,2,0,2,0,1,0,0,0,2,13,30
200900022224,9,5,12,1,2,1,1.0,6.0,0.0,7.0,0.0,0.0,1.0,4.0,3,-1,4.0,2.0,2.0,0.0,0.0,0.0,-1,0.0,0.0,1,2,0,2,0,1,0,1,0,2,0,0,0,0,0,0,2,0,1,0,0,2,10,0
201000048487,10,4,8,1,2,1,2.0,2.0,0.0,2.0,0.0,0.0,2.0,1.0,1,-1,9.0,2.0,2.0,1.0,0.0,94.0,1,0.0,1.0,2,2,4,0,0,0,0,4,0,0,0,4,0,2,2,0,0,1,1,0,0,2,9,0
201700025024,17,11,10,1,1,1,1.0,2.0,1.0,33.0,0.0,0.0,2.0,17.0,1,2,1.0,3.0,4.0,1.0,0.0,0.0,1,0.0,1.0,2,3,2,2,0,0,0,4,2,0,2,0,0,4,0,0,0,1,1,0,0,3,15,15
200800028177,8,5,12,2,2,2,1.0,3.0,0.0,33.0,0.0,0.0,2.0,1.0,1,2,3.0,2.0,2.0,1.0,0.0,62.0,1,0.0,1.0,2,2,4,0,0,0,0,4,0,0,2,0,2,4,0,0,0,1,1,0,0,2,20,30
201200014436,12,12,19,1,2,1,1.0,2.0,0.0,7.0,0.0,0.0,0.0,2.0,1,1,4.0,1.0,2.0,1.0,80.0,60.0,1,0.0,1.0,2,1,4,2,0,0,2,4,0,0,4,2,0,4,0,0,2,1,1,0,0,2,11,50
201600045811,16,6,5,2,1,1,1.0,6.0,1.0,33.0,0.0,3.0,0.0,12.0,1,2,1.0,3.0,8.0,1.0,0.0,-1.0,1,0.0,1.0,1,3,1,0,0,0,0,1,0,0,1,0,0,1,0,0,0,1,0,0,0,3,21,10
200700055675,7,9,6,1,2,2,1.0,3.0,0.0,7.0,0.0,0.0,2.0,1.0,1,1,4.0,1.0,1.0,1.0,0.0,52.0,1,0.0,1.0,2,1,4,2,0,0,2,4,4,2,0,0,0,4,0,2,0,1,0,0,0,2,9,23
200600059848,6,10,8,1,1,1,1.0,6.0,0.0,33.0,0.0,0.0,2.0,1.0,1,2,2.0,2.0,0.0,0.0,0.0,0.0,1,0.0,1.0,1,3,1,0,0,0,0,1,0,0,1,0,0,1,0,0,0,1,0,0,0,3,8,15