Num_Acc,an,mois,jour,lum,agg,int,atm,col,senc,catv,occutc,obs,obsm,manv,catu,secu,catr,circ,nbv,prof,lartpc,larrout,surf,infra,situ,nb_veh,grav_simpl,Homme,Femme,Arrière,Autre_x,Avant,Conducteur,Autre_y,Inconnu,Loisirs,Professionnel,Travail,Adulte,Enfant,Jeune,Senior,choc_avant,choc_arriere,choc_lateral,choc_multiple,grav_order_max,heure,minute
200900022468,9,7,19,3,1,1,3.0,6.0,0.0,7.0,0.0,6.0,0.0,1.0,1,1,3.0,2.0,0.0,0.0,0.0,64.0,1,0.0,1.0,1,2,5,0,2,0,1,2,0,4,1,0,0,0,1,4,0,1,0,0,0,3,3,15
200600029701,6,5,11,4,2,1,1.0,5.0,0.0,7.0,0.0,0.0,2.0,20.0,1,1,4.0,2.0,0.0,1.0,0.0,102.0,1,0.0,1.0,3,1,3,6,0,0,0,9,9,0,0,0,0,3,0,6,0,1,0,1,0,3,21,51
201600054377,16,11,18,2,2,1,1.0,6.0,1.0,7.0,0.0,0.0,0.0,1.0,1,1,4.0,2.0,2.0,1.0,0.0,100.0,1,0.0,1.0,1,2,0,1,0,0,0,1,0,0,0,0,1,1,0,0,0,0,0,0,1,2,17,5
201000042558,10,4,3,2,2,3,1.0,3.0,0.0,30.0,0.0,0.0,2.0,1.0,1,2,4.0,2.0,2.0,1.0,0.0,0.0,1,0.0,1.0,2,3,4,4,2,0,2,4,6,0,0,0,2,0,0,8,0,1,0,1,0,3,20,30
201200047479,12,10,18,2,2,1,2.0,6.0,0.0,7.0,0.0,0.0,1.0,1.0,1,1,2.0,3.0,4.0,1.0,0.0,53.0,1,0.0,1.0,1,1,1,1,0,1,0,1,0,0,0,0,2,0,0,2,0,1,0,0,0,2,8,20
201400054503,14,4,29,1,2,1,2.0,6.0,0.0,7.0,0.0,0.0,1.0,1.0,1,1,4.0,2.0,3.0,2.0,0.0,105.0,1,0.0,1.0,1,1,1,1,0,1,0,1,0,2,0,0,0,2,0,0,0,1,0,0,0,2,15,50
201300009008,13,6,1,1,2,1,1.0,2.0,0.0,7.0,0.0,0.0,2.0,1.0,1,1,2.0,2.0,2.0,1.0,0.0,63.0,1,0.0,1.0,2,1,4,2,0,0,2,4,4,0,2,0,0,4,0,2,0,1,1,0,0,3,15,55
201400016059,14,12,7,5,2,1,1.0,6.0,0.0,7.0,0.0,0.0,1.0,1.0,1,1,4.0,1.0,0.0,1.0,0.0,0.0,1,0.0,1.0,1,1,2,0,0,1,0,1,1,0,1,0,0,1,0,1,0,1,0,0,0,2,21,30
201600043899,16,4,27,5,2,3,1.0,1.0,1.0,30.0,0.0,0.0,2.0,1.0,1,-1,3.0,2.0,2.0,1.0,0.0,50.0,1,0.0,1.0,2,3,4,0,0,0,0,4,0,0,4,0,0,2,0,2,0,1,0,0,0,3,22,30
201300000567,13,6,23,1,1,1,1.0,2.0,0.0,7.0,0.0,0.0,2.0,1.0,1,1,3.0,2.0,2.0,2.0,0.0,59.0,1,0.0,1.0,2,1,2,4,0,0,2,4,0,2,2,0,2,4,0,2,0,1,1,0,0,3,16,0
200600026583,6,5,25,1,2,1,1.0,2.0,0.0,7.0,0.0,1.0,0.0,1.0,1,-1,4.0,2.0,2.0,2.0,0.0,60.0,1,0.0,1.0,2,2,4,0,0,0,0,4,0,0,4,0,0,0,0,4,0,1,1,0,0,2,16,20
201200046714,12,1,29,5,2,1,1.0,6.0,0.0,10.0,0.0,0.0,1.0,4.0,1,1,3.0,1.0,1.0,1.0,0.0,50.0,1,6.0,1.0,1,1,2,1,0,2,0,1,0,0,3,0,0,1,0,0,2,0,1,0,0,2,18,15
200900005444,9,2,28,3,1,1,1.0,3.0,0.0,32.0,0.0,0.0,2.0,13.0,1,2,3.0,2.0,2.0,1.0,0.0,60.0,1,0.0,1.0,2,3,4,2,0,0,2,4,0,2,4,0,0,6,0,0,0,1,0,0,0,3,18,45
201200029023,12,10,30,1,2,1,1.0,6.0,0.0,7.0,0.0,0.0,2.0,1.0,1,1,4.0,1.0,2.0,1.0,0.0,0.0,1,5.0,1.0,2,1,2,2,0,0,0,4,0,4,0,0,0,2,0,0,2,1,1,0,0,3,14,20
201300009949,13,6,21,1,2,1,1.0,3.0,0.0,33.0,0.0,0.0,2.0,1.0,1,2,2.0,2.0,2.0,0.0,0.0,30.0,-1,0.0,1.0,2,3,2,2,0,0,0,4,0,4,0,0,0,0,0,4,0,1,0,1,0,3,16,10
201500032382,15,9,23,1,2,1,1.0,1.0,0.0,7.0,0.0,0.0,2.0,1.0,1,1,4.0,3.0,2.0,1.0,20.0,100.0,1,0.0,1.0,2,1,4,0,0,0,0,4,0,2,2,0,0,0,0,2,2,1,0,0,0,2,18,0
200700045821,7,7,31,1,2,2,7.0,7.0,0.0,33.0,0.0,0.0,2.0,0.0,1,0,4.0,1.0,2.0,1.0,0.0,60.0,1,0.0,1.0,2,2,4,0,0,0,0,4,0,4,0,0,0,4,0,0,0,0,0,0,0,2,13,10
201100044824,11,8,31,1,2,3,1.0,3.0,0.0,7.0,0.0,0.0,2.0,15.0,1,1,3.0,2.0,2.0,1.0,0.0,0.0,1,0.0,1.0,2,1,2,4,0,0,2,4,0,0,6,0,0,6,0,0,0,0,1,1,0,2,19,10
201300045484,13,6,28,1,1,1,1.0,2.0,0.0,7.0,0.0,0.0,2.0,11.0,1,1,1.0,3.0,3.0,1.0,20.0,140.0,1,0.0,1.0,2,1,4,0,0,0,0,4,0,0,4,0,0,0,0,2,2,1,1,0,0,3,15,40
200700059421,7,9,20,1,2,1,1.0,3.0,0.0,10.0,0.0,0.0,0.0,22.0,1,0,4.0,1.0,1.0,1.0,0.0,80.0,1,0.0,1.0,2,1,2,2,0,0,0,4,0,0,0,2,2,2,0,0,2,1,0,0,0,2,10,46
201400000700,14,11,21,5,2,2,1.0,3.0,0.0,31.0,0.0,0.0,2.0,1.0,1,2,3.0,2.0,2.0,1.0,0.0,0.0,1,0.0,1.0,2,2,2,2,0,0,0,4,0,0,4,0,0,0,2,2,0,1,0,0,0,2,21,15
201000020060,10,5,23,1,2,1,1.0,6.0,0.0,30.0,0.0,8.0,0.0,1.0,1,2,3.0,2.0,2.0,2.0,0.0,70.0,1,0.0,1.0,1,3,2,0,0,0,1,1,0,0,2,0,0,0,0,2,0,1,0,0,0,4,16,10
201400031254,14,7,18,1,2,3,1.0,1.0,0.0,7.0,0.0,0.0,2.0,1.0,1,1,2.0,2.0,2.0,0.0,0.0,80.0,1,5.0,1.0,2,1,2,2,0,0,0,4,0,2,0,0,2,2,0,2,0,1,0,0,0,3,8,35
201500046252,15,2,9,2,1,1,1.0,3.0,0.0,33.0,0.0,0.0,2.0,3.0,1,2,2.0,3.0,2.0,1.0,15.0,35.0,1,0.0,1.0,2,3,4,0,0,0,0,4,0,0,0,0,4,2,0,2,0,0,0,1,0,3,17,50
201700002221,17,7,13,1,1,1,1.0,3.0,1.0,7.0,0.0,0.0,0.0,0.0,1,-1,3.0,2.0,2.0,1.0,5.0,510.0,1,0.0,1.0,2,1,0,4,0,0,0,4,4,0,0,0,0,2,0,0,2,1,1,0,0,3,15,40
200600056492,6,9,30,1,2,1,7.0,6.0,0.0,7.0,0.0,0.0,1.0,1.0,3,-1,4.0,3.0,4.0,1.0,0.0,0.0,1,0.0,1.0,1,3,1,1,0,1,0,1,1,0,1,0,0,0,0,2,0,1,0,0,0,3,15,5
201700048455,17,4,11,1,1,1,1.0,2.0,1.0,33.0,0.0,0.0,2.0,2.0,1,2,1.0,1.0,4.0,2.0,15.0,35.0,1,1.0,1.0,2,3,2,2,0,0,0,4,0,0,2,0,2,4,0,0,0,1,1,0,0,3,19,20
200500034571,5,6,14,2,2,1,1.0,1.0,0.0,7.0,0.0,0.0,2.0,21.0,1,0,2.0,2.0,3.0,1.0,0.0,108.0,1,0.0,1.0,2,1,4,0,0,0,0,4,2,2,0,0,0,2,0,2,0,1,0,0,0,2,21,30
201500021179,15,2,18,3,1,1,1.0,7.0,0.0,7.0,0.0,13.0,0.0,14.0,1,-1,2.0,0.0,4.0,1.0,0.0,100.0,1,0.0,2.0,1,2,1,0,0,0,0,1,0,0,0,0,1,1,0,0,0,1,0,0,0,2,21,35
201100042244,11,7,7,1,2,3,1.0,3.0,0.0,30.0,0.0,0.0,2.0,11.0,1,2,3.0,2.0,3.0,1.0,0.0,90.0,1,5.0,1.0,2,2,2,2,0,0,0,4,0,0,0,0,4,2,0,2,0,1,0,0,0,2,18,35
201100032774,11,12,28,5,2,1,2.0,6.0,0.0,7.0,0.0,0.0,1.0,1.0,1,1,4.0,1.0,1.0,1.0,0.0,30.0,1,0.0,1.0,1,1,0,2,0,1,0,1,0,0,2,0,0,2,0,0,0,1,0,0,0,2,19,5
201600046103,16,9,4,3,1,1,1.0,4.0,1.0,7.0,0.0,0.0,2.0,2.0,1,1,1.0,0.0,6.0,3.0,30.0,210.0,1,0.0,1.0,3,2,6,3,0,0,0,9,0,9,0,0,0,6,0,3,0,1,1,0,0,2,21,15
200500007908,5,2,8,1,2,1,1.0,6.0,0.0,7.0,0.0,0.0,1.0,1.0,1,1,4.0,1.0,2.0,1.0,0.0,60.0,1,0.0,1.0,1,1,1,1,0,1,0,1,0,0,2,0,0,1,0,0,1,1,0,0,0,2,11,40
201600021344,16,2,3,1,1,2,1.0,2.0,1.0,7.0,0.0,0.0,2.0,15.0,1,1,3.0,2.0,4.0,1.0,0.0,0.0,1,0.0,1.0,2,2,6,0,0,0,2,4,0,2,2,2,0,4,0,2,0,1,1,0,0,2,13,5
200500029381,5,5,5,1,2,3,1.0,3.0,0.0,7.0,0.0,0.0,2.0,13.0,1,-1,4.0,2.0,2.0,1.0,0.0,68.0,1,0.0,1.0,2,3,4,4,0,0,4,4,0,4,4,0,0,2,0,4,2,1,0,0,0,3,19,35
201000009107,10,4,28,5,2,1,1.0,7.0,0.0,33.0,0.0,0.0,0.0,1.0,1,2,4.0,3.0,4.0,2.0,0.0,80.0,1,2.0,1.0,1,3,1,0,0,0,0,1,0,0,1,0,0,1,0,0,0,0,0,1,0,3,3,0
201500005341,15,8,7,3,1,1,1.0,1.0,0.0,15.0,0.0,0.0,2.0,0.0,1,1,3.0,2.0,0.0,2.0,71.0,71.0,1,0.0,1.0,2,1,4,0,0,0,0,4,0,0,2,2,0,0,0,2,2,1,1,0,0,4,23,14
200800070216,8,12,17,1,2,1,2.0,6.0,0.0,7.0,0.0,0.0,2.0,1.0,1,1,4.0,2.0,2.0,1.0,0.0,60.0,1,0.0,1.0,1,1,2,0,0,1,0,1,0,0,2,0,0,1,1,0,0,1,0,0,0,3,7,50
201000004390,10,3,25,1,2,1,1.0,2.0,0.0,7.0,0.0,0.0,2.0,1.0,1,1,3.0,2.0,2.0,2.0,0.0,72.0,1,0.0,1.0,2,1,2,2,0,0,0,4,0,0,0,0,4,2,0,2,0,1,1,0,0,3,7,45
200800040236,8,7,2,1,2,4,1.0,3.0,0.0,7.0,0.0,0.0,9.0,1.0,1,-1,4.0,1.0,1.0,1.0,0.0,40.0,1,0.0,5.0,2,1,2,2,0,0,0,4,0,2,0,0,2,2,0,2,0,1,0,0,0,2,10,15
200500032838,5,6,13,1,2,1,2.0,3.0,1.0,7.0,0.0,0.0,2.0,0.0,1,2,4.0,0.0,2.0,2.0,0.0,0.0,-1,0.0,0.0,2,2,2,0,0,0,0,2,0,0,2,0,0,0,0,2,0,0,0,0,0,2,19,15
200600011614,6,3,23,1,2,1,1.0,3.0,0.0,4.0,0.0,0.0,2.0,1.0,1,-1,4.0,2.0,1.0,1.0,0.0,66.0,1,0.0,1.0,2,3,4,0,0,0,0,4,2,0,0,0,2,2,0,2,0,1,0,0,0,3,11,45
200600008938,6,2,13,5,2,1,8.0,5.0,0.0,7.0,0.0,0.0,0.0,15.0,1,1,2.0,2.0,2.0,1.0,0.0,80.0,1,0.0,1.0,3,1,9,3,0,0,3,9,0,3,9,0,0,0,3,9,0,1,1,1,0,3,19,25
200500067887,5,10,8,1,2,1,1.0,6.0,0.0,2.0,0.0,0.0,1.0,1.0,1,2,4.0,2.0,2.0,1.0,0.0,60.0,1,0.0,1.0,1,1,2,0,0,1,0,1,1,0,1,0,0,1,0,1,0,1,0,0,0,3,14,35
200700043527,7,7,3,1,2,3,1.0,6.0,0.0,7.0,0.0,0.0,2.0,2.0,1,1,4.0,2.0,2.0,1.0,0.0,0.0,1,0.0,1.0,2,1,4,0,0,0,0,4,0,4,0,0,0,2,0,2,0,1,0,0,0,2,20,0
201600046637,16,1,22,2,1,1,2.0,2.0,1.0,10.0,0.0,0.0,2.0,2.0,1,1,1.0,1.0,1.0,1.0,15.0,35.0,1,1.0,1.0,2,1,2,2,0,0,0,4,4,0,0,0,0,4,0,0,0,1,1,0,0,2,16,30
200600011232,6,3,29,2,2,1,1.0,6.0,0.0,7.0,0.0,0.0,1.0,1.0,1,1,2.0,3.0,4.0,1.0,0.0,130.0,1,0.0,1.0,1,1,1,1,0,1,0,1,0,2,0,0,0,0,1,0,1,1,0,0,0,3,20,10
201200010053,12,9,12,1,1,1,1.0,6.0,0.0,7.0,0.0,6.0,0.0,1.0,1,1,3.0,2.0,2.0,1.0,0.0,68.0,1,0.0,3.0,1,4,1,1,0,0,1,1,0,1,1,0,0,1,0,0,1,1,0,0,0,4,15,30
201300004536,13,8,30,5,2,6,1.0,7.0,0.0,33.0,0.0,12.0,0.0,1.0,1,2,3.0,2.0,2.0,1.0,0.0,102.0,1,5.0,1.0,1,3,1,0,0,0,0,1,0,0,1,0,0,1,0,0,0,1,0,0,0,3,5,0
201500018793,15,5,21,1,1,1,1.0,6.0,0.0,7.0,0.0,2.0,6.0,0.0,1,1,3.0,2.0,0.0,0.0,0.0,0.0,1,0.0,1.0,1,2,1,1,1,0,0,1,0,2,0,0,0,0,1,1,0,1,0,0,0,3,16,45
200800024294,8,5,9,1,1,1,1.0,2.0,0.0,30.0,0.0,0.0,2.0,18.0,1,2,4.0,3.0,1.0,0.0,0.0,0.0,-1,0.0,1.0,2,2,4,0,0,0,0,4,0,2,0,0,2,2,0,2,0,1,1,0,0,2,11,50
200800023294,8,5,16,1,2,1,1.0,2.0,0.0,2.0,0.0,14.0,0.0,1.0,1,2,4.0,1.0,3.0,1.0,0.0,144.0,1,0.0,1.0,2,2,4,2,0,0,2,4,0,4,0,0,2,2,2,2,0,1,1,0,0,2,8,10
200900024934,9,7,1,1,2,1,1.0,6.0,0.0,7.0,0.0,0.0,9.0,1.0,1,1,3.0,2.0,2.0,1.0,0.0,60.0,1,0.0,1.0,2,1,4,0,0,0,0,4,0,0,4,0,0,2,2,0,0,1,0,0,0,3,18,55
201300023472,13,1,30,1,2,6,1.0,2.0,0.0,7.0,0.0,0.0,2.0,2.0,1,-1,4.0,3.0,4.0,1.0,0.0,0.0,1,5.0,1.0,2,1,4,4,2,0,2,4,0,8,0,0,0,4,0,2,2,1,1,0,0,2,10,43
201600000821,16,8,18,1,1,1,1.0,7.0,1.0,7.0,0.0,0.0,2.0,1.0,1,1,3.0,2.0,0.0,0.0,0.0,0.0,-1,0.0,1.0,1,3,0,1,0,0,0,1,1,0,0,0,0,0,0,1,0,0,0,0,0,3,20,30
200600041664,6,7,7,1,2,1,1.0,2.0,0.0,7.0,0.0,0.0,2.0,9.0,1,1,3.0,2.0,2.0,1.0,0.0,100.0,1,0.0,1.0,2,1,4,0,0,0,0,4,0,0,0,0,4,4,0,0,0,1,1,0,0,2,7,45
200500034325,5,6,11,1,2,3,1.0,3.0,0.0,7.0,0.0,0.0,2.0,1.0,1,1,4.0,3.0,2.0,1.0,0.0,61.0,1,0.0,1.0,2,1,4,0,0,0,0,4,0,0,4,0,0,4,0,0,0,1,0,1,0,2,15,55
201400016118,14,12,16,5,2,1,1.0,6.0,0.0,30.0,0.0,0.0,2.0,1.0,1,2,4.0,2.0,0.0,1.0,0.0,0.0,1,0.0,1.0,2,1,6,0,0,0,2,4,2,0,4,0,0,2,0,4,0,1,0,1,0,2,19,0
200600008589,6,2,2,1,2,2,8.0,6.0,0.0,1.0,0.0,0.0,1.0,1.0,1,0,4.0,1.0,2.0,1.0,0.0,179.0,1,0.0,1.0,1,1,1,1,0,1,0,1,0,0,2,0,0,2,0,0,0,1,0,0,0,2,11,25
200600018014,6,4,5,1,1,1,1.0,5.0,0.0,7.0,0.0,0.0,2.0,1.0,1,1,3.0,2.0,2.0,0.0,0.0,68.0,1,0.0,1.0,5,1,20,10,0,0,5,25,0,10,10,10,0,20,0,5,5,1,0,1,0,2,14,0
201500003661,15,12,12,5,2,1,1.0,1.0,0.0,7.0,0.0,0.0,2.0,5.0,1,1,3.0,2.0,2.0,1.0,0.0,64.0,1,0.0,1.0,2,1,4,2,0,0,2,4,0,2,4,0,0,6,0,0,0,1,0,0,0,3,22,45
201100008903,11,6,4,5,2,1,1.0,1.0,0.0,7.0,0.0,0.0,0.0,6.0,1,1,3.0,2.0,2.0,0.0,0.0,0.0,1,0.0,1.0,2,1,4,0,0,0,0,4,0,0,2,0,2,0,0,4,0,1,1,0,0,3,23,30
201100005047,11,1,3,1,1,1,9.0,1.0,0.0,7.0,0.0,0.0,2.0,1.0,1,1,3.0,2.0,2.0,0.0,0.0,61.0,0,0.0,1.0,2,3,0,4,0,0,0,4,2,0,0,0,2,4,0,0,0,1,0,0,0,3,9,15
200800061843,8,10,6,1,2,5,1.0,7.0,0.0,32.0,0.0,0.0,0.0,1.0,1,2,4.0,1.0,1.0,1.0,0.0,30.0,1,0.0,1.0,1,2,1,0,0,0,0,1,0,0,1,0,0,1,0,0,0,0,0,1,0,2,17,3
200700003241,7,1,5,2,2,2,8.0,3.0,0.0,2.0,0.0,0.0,2.0,1.0,1,2,4.0,2.0,2.0,1.0,0.0,80.0,1,5.0,1.0,2,2,4,0,0,0,0,4,0,0,2,0,2,0,0,4,0,1,0,0,0,2,8,20
200800024907,8,5,23,1,1,3,1.0,3.0,0.0,2.0,0.0,0.0,2.0,17.0,1,-1,4.0,2.0,2.0,1.0,0.0,0.0,1,0.0,1.0,2,3,2,2,0,0,0,4,2,2,0,0,0,2,0,2,0,1,0,1,0,3,19,40
200800030277,8,6,2,1,1,8,3.0,1.0,0.0,38.0,0.0,0.0,4.0,1.0,1,1,3.0,2.0,2.0,2.0,0.0,90.0,1,0.0,1.0,2,2,42,36,2,72,0,4,0,74,0,4,0,10,68,0,0,1,1,0,0,4,14,0
200600069884,6,11,1,1,2,1,1.0,2.0,0.0,7.0,0.0,9.0,2.0,0.0,1,-1,4.0,2.0,2.0,2.0,0.0,60.0,1,0.0,1.0,2,2,2,2,0,0,0,4,0,2,2,0,0,2,0,2,0,1,1,0,0,2,17,10
201500031691,15,7,7,1,2,3,1.0,3.0,0.0,2.0,0.0,0.0,2.0,1.0,1,2,4.0,2.0,2.0,1.0,0.0,60.0,1,0.0,1.0,2,2,2,2,0,0,0,4,0,0,2,2,0,4,0,0,0,1,0,0,0,2,13,25
201400044218,14,1,27,1,2,1,1.0,6.0,0.0,7.0,0.0,0.0,2.0,1.0,1,1,4.0,2.0,2.0,1.0,0.0,60.0,1,0.0,1.0,2,1,2,4,0,0,2,4,0,0,6,0,0,6,0,0,0,1,0,0,0,2,15,50
200900069598,9,12,2,1,2,2,1.0,3.0,0.0,7.0,0.0,0.0,2.0,1.0,1,1,2.0,2.0,2.0,1.0,15.0,50.0,1,0.0,1.0,2,2,4,0,0,0,0,4,0,0,0,4,0,2,0,2,0,1,1,0,0,2,13,55
201400013350,14,1,26,1,1,1,2.0,1.0,0.0,7.0,0.0,0.0,2.0,1.0,1,1,3.0,2.0,2.0,2.0,0.0,90.0,1,0.0,1.0,2,3,4,2,0,0,2,4,2,0,4,0,0,4,0,0,2,1,0,1,0,3,16,10
200600075408,6,12,29,1,2,1,1.0,6.0,1.0,37.0,0.0,0.0,0.0,1.0,3,-1,3.0,2.0,3.0,1.0,0.0,0.0,1,0.0,0.0,1,2,1,0,0,1,0,0,0,1,0,0,0,1,0,0,0,0,0,0,0,2,14,0
201100034869,11,11,25,1,2,1,1.0,2.0,0.0,2.0,0.0,0.0,2.0,0.0,1,2,4.0,2.0,2.0,1.0,0.0,75.0,1,0.0,1.0,2,3,4,0,0,0,0,4,2,0,0,0,2,2,2,0,0,1,1,0,0,3,16,10
200600012701,6,3,25,1,2,1,2.0,6.0,0.0,7.0,0.0,0.0,1.0,1.0,1,1,4.0,2.0,2.0,1.0,0.0,0.0,1,0.0,1.0,1,1,0,2,0,1,0,1,2,0,0,0,0,0,1,1,0,1,0,0,0,2,17,10
200800035413,8,6,4,1,2,1,1.0,6.0,0.0,33.0,0.0,0.0,1.0,9.0,3,-1,4.0,2.0,2.0,1.0,12.0,70.0,1,0.0,1.0,1,2,1,1,0,1,0,1,0,0,0,0,2,2,0,0,0,0,0,1,0,2,8,5
200600048907,6,8,17,1,2,1,1.0,6.0,1.0,2.0,0.0,0.0,1.0,1.0,3,-1,4.0,2.0,2.0,1.0,0.0,85.0,1,4.0,1.0,1,2,0,1,0,1,0,0,1,0,0,0,0,1,0,0,0,1,0,0,0,2,18,30
201000024972,10,6,18,1,2,3,1.0,3.0,0.0,2.0,0.0,0.0,2.0,1.0,1,2,4.0,2.0,2.0,1.0,0.0,60.0,1,0.0,1.0,2,2,4,0,0,0,0,4,0,0,4,0,0,0,0,2,2,1,0,1,0,2,17,30
200500033407,5,6,22,1,2,1,1.0,6.0,0.0,7.0,0.0,0.0,1.0,4.0,1,-1,4.0,0.0,2.0,1.0,0.0,33.0,1,0.0,1.0,1,1,2,0,0,1,0,1,1,0,0,1,0,1,1,0,0,0,1,0,0,2,17,10
201200021645,12,8,11,1,1,1,1.0,3.0,0.0,7.0,0.0,0.0,2.0,13.0,1,1,3.0,2.0,2.0,1.0,0.0,0.0,1,0.0,1.0,2,1,4,2,0,0,2,4,0,0,6,0,0,2,0,0,4,0,0,1,0,2,16,25
200600063670,6,10,25,5,2,2,1.0,3.0,0.0,2.0,0.0,0.0,2.0,1.0,1,2,4.0,1.0,2.0,1.0,0.0,60.0,1,0.0,1.0,2,2,4,0,0,0,0,4,0,0,4,0,0,4,0,0,0,1,1,0,0,2,23,40
200700062393,7,10,24,1,2,1,1.0,2.0,0.0,32.0,0.0,0.0,2.0,2.0,1,2,4.0,3.0,4.0,1.0,7.0,67.0,1,0.0,1.0,2,2,2,2,0,0,0,4,0,0,0,0,4,4,0,0,0,1,1,0,0,2,16,20
201200028221,12,6,10,1,1,1,1.0,7.0,0.0,7.0,0.0,15.0,0.0,0.0,1,1,3.0,2.0,2.0,1.0,0.0,0.0,1,2.0,3.0,1,3,1,0,0,0,0,1,0,0,1,0,0,1,0,0,0,1,0,0,0,3,19,5
201600038013,16,9,27,1,2,1,1.0,2.0,0.0,20.0,0.0,0.0,2.0,2.0,1,1,4.0,2.0,0.0,1.0,0.0,0.0,1,0.0,1.0,2,1,4,2,0,0,2,4,0,0,4,2,0,2,0,4,0,1,1,0,0,2,13,50
200500075668,5,11,19,5,2,1,5.0,3.0,0.0,7.0,0.0,1.0,0.0,2.0,1,1,3.0,1.0,4.0,2.0,0.0,110.0,1,0.0,1.0,2,3,6,0,0,0,2,4,0,2,4,0,0,6,0,0,0,1,0,0,0,3,4,45
201700013430,17,3,11,1,1,1,1.0,1.0,2.0,7.0,0.0,0.0,2.0,13.0,1,1,3.0,2.0,2.0,1.0,0.0,51.0,1,0.0,1.0,2,3,0,4,0,0,0,4,0,0,4,0,0,4,0,0,0,1,0,0,0,3,10,5
200600074278,6,12,24,3,1,1,5.0,1.0,0.0,7.0,0.0,0.0,2.0,1.0,1,1,3.0,2.0,2.0,2.0,60.0,0.0,1,0.0,1.0,2,2,2,2,0,0,0,4,0,0,2,0,2,2,0,2,0,1,0,0,0,2,20,45
200500056067,5,9,2,1,1,1,1.0,1.0,0.0,7.0,0.0,0.0,2.0,1.0,1,1,3.0,2.0,2.0,1.0,0.0,80.0,1,0.0,1.0,2,1,2,2,0,0,0,4,0,0,2,0,2,2,0,0,2,1,0,0,0,3,12,30
200700013232,7,3,10,1,1,1,1.0,1.0,0.0,33.0,0.0,0.0,2.0,13.0,1,2,3.0,2.0,2.0,1.0,0.0,66.0,1,0.0,1.0,2,3,2,2,0,0,0,4,0,0,4,0,0,2,0,2,0,1,0,0,0,3,18,30
201200036255,12,7,14,1,2,2,1.0,3.0,0.0,7.0,0.0,0.0,2.0,15.0,1,1,4.0,2.0,4.0,1.0,0.0,168.0,1,0.0,1.0,2,1,4,0,0,0,0,4,0,0,4,0,0,4,0,0,0,1,0,1,0,2,12,30
200900048840,9,6,9,1,1,1,2.0,6.0,0.0,33.0,0.0,0.0,2.0,1.0,1,2,1.0,3.0,4.0,0.0,20.0,70.0,1,0.0,1.0,2,2,2,2,0,0,0,4,0,0,0,0,4,0,0,4,0,0,0,1,0,2,9,0
200800052414,8,9,10,1,1,1,1.0,1.0,0.0,7.0,0.0,7.0,2.0,13.0,1,1,3.0,2.0,2.0,1.0,19.0,36.0,1,0.0,1.0,2,1,2,2,0,0,0,4,0,2,2,0,0,4,0,0,0,1,0,1,0,3,10,0
201400046146,14,9,10,1,2,1,1.0,6.0,0.0,7.0,0.0,0.0,1.0,11.0,1,1,3.0,2.0,2.0,1.0,0.0,-1.0,1,0.0,1.0,1,1,1,1,0,1,0,1,1,0,0,0,1,0,0,2,0,1,0,0,0,2,17,5
200900072173,9,12,3,3,1,1,1.0,6.0,0.0,7.0,0.0,3.0,9.0,21.0,1,1,1.0,0.0,2.0,1.0,20.0,72.0,1,0.0,1.0,1,2,0,1,0,0,0,1,0,0,0,0,1,0,0,1,0,0,0,0,0,2,5,35
201500047697,15,5,28,1,1,1,1.0,2.0,0.0,7.0,0.0,0.0,2.0,2.0,1,1,2.0,3.0,4.0,1.0,35.0,35.0,1,0.0,1.0,2,1,6,0,2,0,0,4,4,0,2,0,0,2,2,2,0,1,1,0,0,3,18,5
201200033619,12,8,17,1,2,9,1.0,6.0,0.0,7.0,0.0,0.0,1.0,16.0,1,1,4.0,2.0,2.0,4.0,0.0,60.0,1,2.0,1.0,1,1,2,0,0,1,0,1,0,1,1,0,0,1,0,0,1,1,0,0,0,2,16,0
201200048900,12,9,10,2,1,1,1.0,2.0,0.0,7.0,0.0,0.0,2.0,1.0,1,1,1.0,3.0,10.0,1.0,15.0,250.0,1,0.0,1.0,2,1,4,2,0,0,2,4,0,0,6,0,0,4,0,2,0,1,1,0,0,2,7,40
200700011560,7,2,13,1,1,1,1.0,6.0,0.0,7.0,0.0,4.0,0.0,0.0,1,1,1.0,3.0,2.0,1.0,25.0,90.0,1,0.0,1.0,1,2,1,0,0,0,0,1,0,1,0,0,0,1,0,0,0,0,0,0,0,2,9,0
200700025373,7,5,31,2,1,1,1.0,1.0,0.0,7.0,0.0,0.0,2.0,1.0,1,1,4.0,2.0,2.0,1.0,0.0,32.0,1,0.0,1.0,2,4,6,0,0,0,2,4,0,2,0,0,4,4,0,2,0,1,0,0,0,4,7,30
201700008570,17,6,2,1,1,1,1.0,4.0,1.0,10.0,0.0,0.0,2.0,2.0,1,1,2.0,1.0,3.0,1.0,0.0,120.0,1,0.0,1.0,4,2,24,0,4,0,4,16,8,8,0,0,8,16,0,4,4,1,1,0,0,2,15,10
201000052678,10,10,15,1,2,1,1.0,6.0,0.0,37.0,15.0,0.0,1.0,1.0,1,9,2.0,2.0,2.0,1.0,0.0,66.0,1,0.0,1.0,1,1,1,1,0,1,0,1,1,0,0,1,0,1,1,0,0,1,0,0,0,3,9,9