Num_Acc,an,mois,jour,lum,agg,int,atm,col,senc,catv,occutc,obs,obsm,manv,catu,secu,catr,circ,nbv,prof,lartpc,larrout,surf,infra,situ,nb_veh,grav_simpl,Homme,Femme,Arrière,Autre_x,Avant,Conducteur,Autre_y,Inconnu,Loisirs,Professionnel,Travail,Adulte,Enfant,Jeune,Senior,choc_avant,choc_arriere,choc_lateral,choc_multiple,grav_order_max,heure,minute
200500063919,5,10,24,1,1,1,1.0,6.0,0.0,7.0,0.0,13.0,0.0,1.0,1,1,3.0,2.0,2.0,0.0,0.0,0.0,1,0.0,3.0,1,2,1,0,0,0,0,1,0,0,1,0,0,0,0,1,0,1,0,0,0,2,17,45
201600006775,16,12,2,3,1,1,1.0,7.0,1.0,7.0,0.0,0.0,0.0,17.0,1,-1,3.0,2.0,0.0,1.0,0.0,0.0,0,0.0,1.0,1,3,1,0,0,0,0,1,0,1,0,0,0,0,0,1,0,1,0,0,0,3,18,0
201300020549,13,3,29,2,1,1,2.0,7.0,0.0,7.0,0.0,6.0,0.0,14.0,1,1,3.0,2.0,2.0,3.0,0.0,60.0,0,0.0,1.0,1,2,0,1,0,0,0,1,0,0,0,0,1,1,0,0,0,1,0,0,0,2,19,0
200700044605,7,7,11,1,2,1,1.0,3.0,0.0,7.0,0.0,0.0,2.0,10.0,1,1,3.0,1.0,2.0,1.0,0.0,0.0,1,0.0,1.0,2,1,2,2,0,0,0,4,0,0,0,0,4,0,0,4,0,1,0,1,0,2,9,5
201300011403,13,12,6,1,2,2,1.0,3.0,0.0,32.0,0.0,0.0,2.0,1.0,1,2,4.0,1.0,2.0,1.0,0.0,100.0,1,0.0,1.0,2,2,2,2,0,0,0,4,0,0,4,0,0,2,0,2,0,1,0,0,0,2,16,40
201000045892,10,12,6,5,2,1,1.0,6.0,0.0,7.0,0.0,0.0,1.0,1.0,1,1,4.0,2.0,2.0,1.0,0.0,60.0,1,0.0,1.0,1,1,0,2,0,1,0,1,0,1,1,0,0,1,0,0,1,1,0,0,0,3,17,55
201600046581,16,12,30,1,1,1,5.0,3.0,1.0,7.0,0.0,0.0,2.0,1.0,1,1,1.0,1.0,2.0,1.0,0.0,-1.0,1,3.0,1.0,2,2,4,0,0,0,0,4,0,0,4,0,0,4,0,0,0,1,0,0,0,2,10,45
200500062919,5,10,15,1,1,1,1.0,3.0,0.0,99.0,0.0,0.0,2.0,1.0,1,1,3.0,2.0,0.0,0.0,0.0,57.0,1,0.0,1.0,2,3,4,2,0,0,2,4,0,2,4,0,0,0,0,6,0,1,0,1,0,3,18,0
200800020290,8,4,16,1,1,2,1.0,3.0,0.0,7.0,0.0,0.0,2.0,1.0,1,-1,4.0,2.0,2.0,1.0,0.0,0.0,1,0.0,1.0,2,3,0,12,6,0,2,4,2,10,0,0,0,4,8,0,0,1,0,0,0,3,13,0
201000053383,10,4,7,1,2,1,1.0,6.0,0.0,7.0,0.0,0.0,1.0,1.0,1,1,3.0,1.0,1.0,2.0,0.0,0.0,1,0.0,1.0,1,1,2,0,0,1,0,1,0,0,0,0,2,2,0,0,0,1,0,0,0,2,14,10
201600044364,16,12,7,5,2,2,1.0,3.0,1.0,32.0,0.0,0.0,2.0,1.0,1,2,3.0,2.0,2.0,1.0,0.0,-1.0,1,0.0,1.0,2,3,2,0,0,0,0,2,2,0,0,0,0,2,0,0,0,1,0,0,0,3,17,45
201500037623,15,7,10,5,2,1,1.0,2.0,0.0,7.0,0.0,8.0,2.0,1.0,1,1,3.0,2.0,0.0,1.0,0.0,0.0,1,0.0,1.0,2,1,4,0,0,0,0,4,0,0,4,0,0,2,0,0,2,1,1,0,0,2,1,44
200600024709,6,5,26,3,1,1,1.0,6.0,0.0,7.0,0.0,13.0,0.0,21.0,1,1,2.0,2.0,3.0,0.0,0.0,0.0,-1,0.0,0.0,1,3,2,0,0,0,1,1,0,1,1,0,0,2,0,0,0,0,0,0,1,3,0,25
201200052187,12,9,9,1,2,1,1.0,6.0,1.0,7.0,0.0,0.0,1.0,1.0,3,-1,4.0,1.0,2.0,1.0,36.0,60.0,1,0.0,1.0,1,3,1,0,0,1,0,0,0,0,1,0,0,1,0,0,0,0,0,1,0,3,9,0
201200018501,12,11,5,3,1,1,3.0,2.0,0.0,7.0,0.0,0.0,2.0,23.0,1,1,3.0,2.0,2.0,1.0,0.0,75.0,1,0.0,1.0,2,3,4,4,2,0,2,4,0,6,0,2,0,2,0,0,6,1,1,0,0,4,18,15
201400049258,14,10,8,1,1,1,1.0,3.0,0.0,33.0,0.0,0.0,2.0,1.0,1,2,2.0,3.0,4.0,1.0,10.0,140.0,1,0.0,1.0,2,2,4,0,0,0,0,4,4,0,0,0,0,2,0,2,0,1,0,1,0,2,17,53
201100044366,11,1,12,1,2,1,2.0,6.0,0.0,30.0,0.0,0.0,1.0,1.0,1,2,3.0,1.0,2.0,1.0,0.0,0.0,1,0.0,1.0,1,1,1,1,0,1,0,1,1,1,0,0,0,2,0,0,0,1,0,0,0,2,18,10
201400043021,14,1,9,1,2,2,8.0,3.0,0.0,31.0,0.0,0.0,2.0,17.0,1,2,4.0,1.0,1.0,1.0,0.0,0.0,1,0.0,1.0,2,2,4,0,0,0,0,4,0,0,0,0,4,0,0,4,0,1,0,0,0,2,10,30
200900022259,9,5,27,1,1,1,1.0,3.0,0.0,7.0,0.0,0.0,2.0,1.0,1,1,3.0,2.0,2.0,4.0,0.0,70.0,1,0.0,1.0,2,3,2,2,0,0,0,4,0,0,4,0,0,2,0,0,2,1,0,0,0,3,16,15
200500024824,5,5,1,3,1,1,1.0,7.0,0.0,2.0,0.0,2.0,0.0,1.0,1,2,3.0,2.0,2.0,2.0,0.0,47.0,1,0.0,3.0,1,2,2,0,0,0,1,1,0,1,1,0,0,0,2,0,0,0,0,0,1,3,0,30
200500062805,5,10,29,3,1,1,1.0,1.0,0.0,7.0,0.0,0.0,2.0,15.0,1,1,3.0,2.0,2.0,1.0,0.0,70.0,1,0.0,1.0,2,1,4,2,0,0,2,4,0,2,2,0,2,2,0,4,0,1,0,0,0,4,20,30
201600026475,16,2,4,5,2,2,1.0,6.0,0.0,7.0,0.0,0.0,1.0,17.0,1,1,4.0,2.0,2.0,1.0,0.0,66.0,1,0.0,1.0,1,1,1,1,0,1,0,1,0,0,2,0,0,1,0,1,0,1,0,0,0,2,18,21
201100026571,11,4,14,1,2,1,1.0,3.0,0.0,33.0,0.0,0.0,2.0,1.0,1,2,4.0,1.0,3.0,1.0,0.0,90.0,1,0.0,1.0,2,3,4,0,0,0,0,4,0,2,2,0,0,2,0,2,0,1,0,1,0,3,19,20
201600000547,16,6,6,1,2,1,1.0,1.0,0.0,7.0,0.0,0.0,0.0,15.0,1,1,3.0,0.0,0.0,1.0,0.0,0.0,1,0.0,1.0,2,1,2,2,0,0,0,4,0,0,2,0,2,2,0,2,0,0,0,1,0,3,17,0
200600018599,6,4,17,3,1,1,1.0,7.0,0.0,7.0,0.0,13.0,0.0,1.0,1,1,3.0,2.0,2.0,0.0,0.0,60.0,1,0.0,1.0,1,2,1,1,0,0,1,1,0,2,0,0,0,1,0,1,0,1,0,0,0,2,21,0
201400023850,14,8,25,1,1,1,1.0,6.0,0.0,1.0,0.0,0.0,1.0,1.0,1,0,9.0,2.0,2.0,1.0,0.0,69.0,1,0.0,5.0,1,3,1,1,0,1,0,1,0,0,2,0,0,0,1,0,1,1,0,0,0,3,15,30
201600042767,16,1,26,5,2,1,1.0,3.0,1.0,2.0,0.0,0.0,2.0,1.0,1,2,3.0,2.0,4.0,1.0,0.0,136.0,1,0.0,1.0,2,3,6,0,0,0,2,4,0,0,6,0,0,0,0,6,0,1,0,1,0,3,1,0
200600058170,6,9,13,1,2,9,1.0,3.0,0.0,7.0,0.0,0.0,2.0,15.0,1,1,4.0,2.0,4.0,1.0,0.0,124.0,1,0.0,0.0,2,1,4,0,0,0,0,4,0,0,0,0,4,0,0,4,0,1,0,1,0,3,7,15
201500051688,15,6,17,1,2,2,7.0,6.0,0.0,38.0,0.0,0.0,1.0,15.0,1,1,4.0,1.0,3.0,1.0,0.0,150.0,1,2.0,0.0,1,1,2,0,0,1,0,1,0,0,1,1,0,2,0,0,0,1,0,0,0,3,14,40
200500032630,5,6,1,1,2,1,1.0,7.0,0.0,5.0,0.0,11.0,0.0,0.0,1,2,4.0,2.0,2.0,1.0,0.0,110.0,1,0.0,1.0,1,3,1,0,0,0,0,1,0,0,1,0,0,1,0,0,0,1,0,0,0,3,16,20
200500082741,5,12,24,1,2,1,1.0,3.0,0.0,7.0,0.0,0.0,2.0,12.0,1,1,4.0,3.0,4.0,1.0,15.0,120.0,1,0.0,1.0,2,1,4,0,0,0,0,4,0,0,4,0,0,4,0,0,0,1,1,0,0,4,10,35
200900020581,9,9,15,1,2,2,1.0,3.0,0.0,30.0,0.0,0.0,2.0,18.0,1,2,4.0,1.0,2.0,4.0,0.0,0.0,1,0.0,1.0,2,2,2,2,0,0,0,4,2,0,0,0,2,2,0,2,0,0,0,1,0,2,8,5
201400047865,14,12,16,1,1,1,2.0,2.0,0.0,99.0,0.0,0.0,0.0,1.0,1,1,1.0,1.0,4.0,1.0,0.0,0.0,1,0.0,2.0,2,1,4,0,0,0,0,4,0,4,0,0,0,2,0,2,0,1,1,0,0,3,10,0
201000030437,10,7,31,5,2,7,1.0,3.0,0.0,2.0,0.0,0.0,2.0,1.0,1,2,4.0,1.0,1.0,1.0,0.0,0.0,1,0.0,1.0,2,3,4,0,0,0,0,4,0,0,2,2,0,0,0,2,2,1,0,1,0,3,22,40
201200041181,12,9,17,1,1,1,1.0,5.0,0.0,7.0,0.0,0.0,2.0,1.0,1,1,2.0,3.0,4.0,1.0,0.0,100.0,1,0.0,1.0,3,1,6,3,0,0,0,9,0,9,0,0,0,3,0,6,0,1,1,0,0,2,9,0
201500051413,15,5,16,1,2,2,1.0,6.0,0.0,7.0,0.0,0.0,1.0,15.0,1,1,4.0,2.0,4.0,1.0,0.0,121.0,1,0.0,1.0,1,1,1,1,0,1,0,1,0,0,1,1,0,2,0,0,0,1,0,0,0,2,19,35
201100021137,11,1,12,1,2,1,1.0,6.0,0.0,34.0,0.0,0.0,1.0,1.0,1,2,4.0,3.0,2.0,2.0,0.0,80.0,1,0.0,1.0,1,2,2,0,0,1,0,1,0,1,0,0,1,2,0,0,0,1,0,0,0,2,8,0
200500068789,5,10,27,1,2,6,8.0,3.0,0.0,5.0,0.0,0.0,2.0,1.0,1,2,2.0,3.0,4.0,1.0,100.0,150.0,1,5.0,1.0,2,2,2,2,0,0,0,4,4,0,0,0,0,4,0,0,0,1,0,0,0,2,8,10
201500027442,15,4,14,1,2,1,1.0,6.0,0.0,7.0,0.0,0.0,1.0,1.0,1,1,4.0,2.0,3.0,1.0,0.0,104.0,1,0.0,1.0,1,1,1,1,0,1,0,1,0,2,0,0,0,1,0,0,1,1,0,0,0,2,18,15
201600019327,16,7,9,3,1,1,1.0,7.0,0.0,10.0,0.0,13.0,0.0,1.0,1,-1,4.0,2.0,1.0,1.0,0.0,55.0,1,0.0,3.0,1,3,1,0,0,0,0,1,0,0,1,0,0,0,0,1,0,1,0,0,0,3,0,15
201300022279,13,11,22,1,2,1,1.0,2.0,0.0,7.0,0.0,0.0,0.0,2.0,1,1,3.0,2.0,2.0,1.0,0.0,70.0,1,0.0,1.0,2,1,2,4,0,0,2,4,2,0,0,0,4,4,0,2,0,1,1,0,0,2,11,0
200600050236,6,8,17,1,2,1,8.0,6.0,0.0,7.0,0.0,0.0,2.0,12.0,1,-1,2.0,2.0,4.0,1.0,0.0,150.0,1,0.0,1.0,2,1,4,0,0,0,0,4,0,4,0,0,0,0,0,4,0,1,0,1,0,2,18,40
200900024590,9,9,14,1,2,1,1.0,3.0,0.0,33.0,0.0,16.0,0.0,1.0,1,2,4.0,3.0,4.0,1.0,0.0,0.0,1,0.0,1.0,2,2,4,0,0,0,0,4,2,2,0,0,0,4,0,0,0,0,0,0,0,2,14,54
201700057878,17,5,30,1,2,1,1.0,7.0,1.0,2.0,0.0,0.0,0.0,1.0,1,2,4.0,2.0,2.0,1.0,0.0,79.0,1,0.0,1.0,1,3,1,0,0,0,0,1,0,0,0,1,0,0,0,1,0,1,0,0,0,3,13,10
201600035345,16,6,13,1,2,3,7.0,3.0,2.0,33.0,0.0,0.0,2.0,1.0,1,2,3.0,0.0,1.0,3.0,0.0,90.0,1,0.0,1.0,2,3,4,0,0,0,0,4,0,4,0,0,0,0,0,2,2,1,1,0,0,3,18,30
200900030408,9,5,4,1,1,6,1.0,3.0,0.0,7.0,0.0,0.0,2.0,1.0,1,1,4.0,2.0,2.0,1.0,0.0,72.0,1,0.0,1.0,2,1,2,2,0,0,0,4,0,0,4,0,0,4,0,0,0,1,0,0,0,2,16,55
201300019296,13,11,22,1,2,3,1.0,6.0,0.0,7.0,0.0,0.0,2.0,15.0,1,1,4.0,2.0,3.0,4.0,27.0,85.0,1,0.0,1.0,3,3,6,3,0,0,0,9,0,0,3,3,3,6,0,0,3,1,0,0,0,3,16,10
200500061419,5,9,11,1,2,1,8.0,2.0,0.0,7.0,0.0,0.0,2.0,2.0,1,1,4.0,2.0,1.0,1.0,100.0,60.0,1,0.0,1.0,2,1,4,2,0,0,2,4,2,4,0,0,0,2,0,4,0,1,1,0,0,3,14,15
200600043811,6,7,21,1,1,1,1.0,1.0,0.0,7.0,0.0,0.0,0.0,1.0,1,1,3.0,2.0,3.0,3.0,0.0,90.0,1,0.0,1.0,2,1,2,2,0,0,0,4,0,0,4,0,0,4,0,0,0,1,0,0,0,3,12,30
200600021448,6,4,15,1,2,3,2.0,7.0,0.0,5.0,0.0,0.0,0.0,1.0,1,2,4.0,1.0,2.0,1.0,0.0,60.0,1,0.0,1.0,2,2,4,0,0,0,0,4,0,0,2,0,2,2,0,2,0,0,0,0,0,2,14,50
200600050510,6,8,21,1,1,1,1.0,6.0,0.0,7.0,0.0,0.0,2.0,0.0,1,1,1.0,3.0,2.0,1.0,20.0,90.0,1,0.0,1.0,2,1,4,0,0,0,0,4,0,4,0,0,0,4,0,0,0,0,0,0,0,2,6,35
201400050499,14,12,28,5,2,2,2.0,3.0,1.0,7.0,0.0,0.0,2.0,0.0,1,1,4.0,1.0,2.0,1.0,0.0,0.0,1,0.0,1.0,2,2,2,0,0,0,0,2,0,0,0,0,2,0,0,2,0,0,1,0,0,2,3,50
201600024140,16,9,4,1,2,1,1.0,4.0,2.0,7.0,0.0,0.0,2.0,1.0,1,-1,4.0,2.0,6.0,1.0,0.0,0.0,1,0.0,1.0,4,1,12,8,0,0,4,16,0,20,0,0,0,12,4,0,4,1,1,0,0,2,18,45
200500044391,5,7,4,5,2,1,1.0,3.0,0.0,7.0,0.0,0.0,2.0,15.0,1,1,4.0,1.0,3.0,1.0,0.0,70.0,1,0.0,1.0,2,1,4,0,0,0,0,4,0,2,2,0,0,0,0,4,0,1,0,1,0,2,0,10
200900015807,9,4,16,3,1,1,1.0,7.0,0.0,10.0,0.0,6.0,0.0,1.0,2,0,3.0,2.0,2.0,1.0,0.0,0.0,1,2.0,3.0,1,3,2,0,0,0,1,1,0,1,1,0,0,2,0,0,0,0,0,1,0,4,0,30
201600003432,16,11,2,3,1,3,1.0,3.0,1.0,7.0,0.0,0.0,2.0,15.0,1,1,3.0,2.0,2.0,0.0,0.0,40.0,1,5.0,1.0,2,1,4,0,0,0,0,4,0,0,4,0,0,0,0,0,4,1,0,0,0,3,18,0
201200030950,12,2,24,1,2,1,1.0,7.0,0.0,7.0,0.0,0.0,0.0,1.0,1,1,3.0,2.0,2.0,2.0,0.0,0.0,1,0.0,1.0,1,2,1,0,0,0,0,1,0,0,1,0,0,0,0,0,1,0,0,0,1,2,14,20
201100062796,11,12,28,1,2,2,8.0,3.0,0.0,7.0,0.0,0.0,2.0,9.0,1,-1,4.0,2.0,4.0,1.0,0.0,160.0,1,0.0,1.0,2,2,2,2,0,0,0,4,2,0,0,2,0,2,0,0,2,1,0,1,0,2,11,0
200500026955,5,5,29,1,1,1,1.0,7.0,0.0,7.0,0.0,13.0,0.0,1.0,1,1,1.0,3.0,2.0,1.0,25.0,95.0,1,0.0,3.0,1,3,1,1,0,0,1,1,0,1,1,0,0,0,0,0,2,0,0,0,1,3,16,15
200500050072,5,8,29,1,1,1,1.0,7.0,0.0,7.0,0.0,0.0,0.0,0.0,1,1,1.0,3.0,0.0,2.0,25.0,194.0,1,0.0,1.0,1,3,1,1,1,0,0,1,0,1,1,0,0,2,0,0,0,0,0,0,0,3,17,45
201500047984,15,7,2,1,2,1,1.0,2.0,0.0,7.0,0.0,0.0,0.0,2.0,1,1,4.0,1.0,3.0,1.0,0.0,82.0,1,1.0,1.0,2,2,4,0,0,0,0,4,0,2,0,2,0,4,0,0,0,1,1,0,0,2,13,45
201600034439,16,1,12,5,2,2,3.0,1.0,1.0,7.0,0.0,0.0,0.0,15.0,1,1,3.0,4.0,3.0,2.0,0.0,100.0,1,0.0,1.0,2,1,4,0,0,0,0,4,0,4,0,0,0,4,0,0,0,0,0,0,0,3,19,30
201400057436,14,5,18,2,2,1,1.0,6.0,0.0,10.0,0.0,15.0,1.0,1.0,1,-1,4.0,2.0,4.0,2.0,17.0,139.0,1,0.0,4.0,1,1,1,1,0,1,0,1,0,2,0,0,0,1,0,1,0,1,0,0,0,2,6,15
201400011663,14,11,26,1,2,1,1.0,6.0,0.0,7.0,0.0,0.0,1.0,1.0,1,1,6.0,1.0,0.0,0.0,0.0,0.0,1,0.0,1.0,1,1,1,1,0,1,0,1,1,0,1,0,0,1,0,0,1,1,0,0,0,3,11,30
200600049026,6,8,2,1,2,1,1.0,3.0,0.0,7.0,0.0,0.0,2.0,22.0,1,-1,4.0,2.0,1.0,1.0,0.0,30.0,1,0.0,1.0,2,1,4,0,0,0,0,4,0,0,2,2,0,4,0,0,0,1,0,1,0,2,9,55
201300019307,13,3,26,1,2,1,1.0,6.0,0.0,7.0,0.0,0.0,1.0,1.0,1,1,3.0,2.0,2.0,1.0,0.0,84.0,1,0.0,1.0,1,1,2,0,0,1,0,1,0,0,2,0,0,1,0,0,1,1,0,0,0,3,18,5
200900061559,9,3,6,1,2,1,1.0,6.0,1.0,7.0,0.0,0.0,0.0,1.0,3,-1,4.0,1.0,1.0,0.0,0.0,0.0,1,0.0,4.0,1,2,1,0,0,1,0,0,0,0,1,0,0,1,0,0,0,0,0,0,0,2,13,30
200500039662,5,6,22,1,1,1,1.0,1.0,0.0,7.0,0.0,0.0,2.0,15.0,1,1,3.0,2.0,2.0,2.0,0.0,65.0,1,0.0,1.0,2,2,2,4,0,0,2,4,0,2,2,0,2,2,0,0,4,1,0,0,0,2,16,15
200700078692,7,12,12,1,2,1,1.0,3.0,0.0,7.0,0.0,0.0,2.0,13.0,1,1,4.0,2.0,2.0,1.0,0.0,62.0,1,0.0,1.0,2,1,0,4,0,0,0,4,4,0,0,0,0,2,2,0,0,1,0,0,0,3,8,45
200700075058,7,12,28,3,1,1,3.0,2.0,0.0,10.0,0.0,0.0,2.0,2.0,1,1,3.0,2.0,2.0,1.0,0.0,66.0,1,0.0,1.0,2,2,2,2,2,0,0,2,0,2,2,0,0,4,0,0,0,1,1,0,0,2,18,45
201500055207,15,4,26,1,2,3,2.0,6.0,0.0,7.0,0.0,0.0,1.0,1.0,1,1,4.0,2.0,2.0,1.0,10.0,10.0,1,0.0,1.0,1,1,1,1,0,1,0,1,0,0,2,0,0,1,1,0,0,0,0,0,0,2,13,50
201700029730,17,9,9,1,2,6,3.0,7.0,0.0,31.0,0.0,0.0,0.0,16.0,1,2,3.0,3.0,4.0,1.0,0.0,67.0,1,5.0,1.0,1,2,0,1,0,0,0,1,0,0,1,0,0,0,0,1,0,0,0,1,0,2,16,20
200900016060,9,8,8,5,2,5,1.0,3.0,0.0,30.0,0.0,0.0,2.0,1.0,1,2,4.0,2.0,1.0,1.0,0.0,70.0,1,0.0,1.0,2,2,4,0,0,0,0,4,0,0,2,2,0,0,0,4,0,1,1,0,0,2,2,35
200500071991,5,11,27,3,1,1,1.0,1.0,0.0,7.0,0.0,0.0,0.0,23.0,1,1,3.0,2.0,2.0,1.0,0.0,44.0,1,0.0,1.0,2,2,2,4,0,0,2,4,0,6,0,0,0,2,0,4,0,1,1,0,0,2,1,30
200800049559,8,9,25,1,1,1,1.0,6.0,0.0,7.0,0.0,1.0,0.0,5.0,1,-1,3.0,2.0,2.0,1.0,0.0,53.0,1,0.0,1.0,1,3,1,0,0,0,0,1,1,0,0,0,0,1,0,0,0,1,0,0,0,3,17,30
201300014330,13,2,26,1,2,1,1.0,3.0,0.0,37.0,1.0,0.0,2.0,1.0,1,1,4.0,1.0,2.0,1.0,0.0,0.0,1,0.0,1.0,2,2,4,0,0,0,0,4,0,2,0,2,0,4,0,0,0,1,0,0,0,2,11,30
200600024106,6,5,6,3,1,1,8.0,6.0,0.0,7.0,0.0,2.0,0.0,14.0,1,0,3.0,2.0,0.0,2.0,0.0,61.0,1,0.0,3.0,1,3,1,0,0,0,0,1,1,0,0,0,0,0,1,0,0,0,0,0,0,3,1,30
201300036917,13,1,26,1,2,1,1.0,7.0,0.0,7.0,0.0,0.0,1.0,4.0,1,1,4.0,2.0,2.0,1.0,0.0,70.0,1,6.0,1.0,1,1,0,2,0,1,0,1,1,0,1,0,0,1,0,0,1,0,1,0,0,2,12,10
200900067657,9,9,20,1,2,1,1.0,3.0,0.0,7.0,0.0,0.0,2.0,15.0,1,1,4.0,2.0,3.0,1.0,0.0,0.0,1,0.0,1.0,2,1,4,0,0,0,0,4,0,0,4,0,0,4,0,0,0,1,0,0,0,2,12,45
201700001667,17,3,19,1,1,1,1.0,4.0,1.0,7.0,0.0,0.0,2.0,2.0,1,1,2.0,3.0,4.0,1.0,0.0,73.0,1,0.0,1.0,3,3,0,9,0,0,0,9,0,0,9,0,0,3,0,3,3,1,1,0,0,3,11,15
201100017034,11,1,17,3,1,1,1.0,1.0,0.0,7.0,0.0,0.0,2.0,13.0,1,1,3.0,2.0,2.0,1.0,0.0,75.0,1,0.0,1.0,2,3,2,4,0,0,2,4,0,2,4,0,0,4,0,2,0,1,0,0,0,3,22,0
200600012541,6,3,20,1,2,1,1.0,6.0,0.0,7.0,0.0,0.0,1.0,0.0,1,-1,4.0,0.0,0.0,1.0,0.0,0.0,1,0.0,1.0,1,1,1,1,0,1,0,1,0,2,0,0,0,2,0,0,0,1,0,0,0,3,11,45
201700058574,17,12,6,1,2,1,1.0,2.0,1.0,33.0,0.0,0.0,2.0,3.0,1,2,4.0,1.0,4.0,1.0,15.0,140.0,1,0.0,1.0,2,1,4,2,0,0,2,4,0,0,0,2,4,4,0,2,0,1,1,0,0,3,8,45
200800030081,8,6,26,1,2,1,1.0,7.0,0.0,2.0,0.0,0.0,0.0,0.0,1,2,3.0,2.0,2.0,1.0,0.0,0.0,1,0.0,1.0,1,3,2,0,0,0,1,1,0,1,0,1,0,0,2,0,0,0,0,0,0,3,21,0
201400023529,14,10,15,1,2,1,1.0,1.0,0.0,1.0,0.0,0.0,2.0,21.0,1,-1,4.0,2.0,1.0,1.0,0.0,0.0,1,0.0,1.0,2,2,2,2,0,0,0,4,0,4,0,0,0,4,0,0,0,1,0,0,0,2,13,55
200500052208,5,8,17,1,1,1,1.0,6.0,0.0,10.0,0.0,0.0,1.0,1.0,1,-1,4.0,2.0,2.0,1.0,0.0,50.0,1,0.0,1.0,1,1,2,0,0,1,0,1,0,1,1,0,0,2,0,0,0,1,0,0,0,3,18,55
201000010448,10,10,31,5,2,1,2.0,6.0,0.0,3.0,0.0,1.0,0.0,13.0,1,-1,4.0,2.0,0.0,0.0,67.0,81.0,1,0.0,1.0,1,3,1,0,0,0,0,1,0,0,1,0,0,1,0,0,0,1,0,0,0,3,18,15
200900022831,9,3,17,1,2,1,1.0,6.0,0.0,10.0,0.0,0.0,1.0,4.0,1,1,4.0,2.0,2.0,1.0,0.0,0.0,1,0.0,4.0,1,1,1,1,0,1,0,1,0,0,1,1,0,0,0,1,1,0,1,0,0,2,10,20
201400043729,14,1,14,1,2,1,8.0,6.0,0.0,7.0,0.0,11.0,0.0,1.0,1,1,3.0,2.0,2.0,2.0,0.0,70.0,1,0.0,1.0,1,3,1,0,0,0,0,1,0,0,0,0,1,1,0,0,0,1,0,0,0,3,10,0
200900069377,9,9,15,1,2,1,1.0,6.0,0.0,99.0,0.0,0.0,1.0,0.0,1,0,4.0,1.0,1.0,1.0,0.0,0.0,1,0.0,1.0,1,1,0,2,0,1,0,1,0,2,0,0,0,1,1,0,0,1,0,0,0,2,11,45
201600042195,16,11,25,2,2,1,1.0,6.0,0.0,7.0,0.0,0.0,1.0,2.0,1,1,4.0,2.0,2.0,1.0,0.0,0.0,1,0.0,1.0,1,1,1,1,0,1,0,1,0,0,2,0,0,0,0,0,2,1,0,0,0,2,17,45
200600036324,6,6,14,1,1,1,1.0,3.0,0.0,7.0,0.0,0.0,2.0,12.0,1,1,2.0,2.0,4.0,1.0,0.0,70.0,1,0.0,1.0,2,3,2,2,0,0,0,4,0,0,2,2,0,2,0,0,2,1,0,0,0,3,9,20
201000063293,10,9,8,5,2,2,1.0,7.0,0.0,32.0,0.0,0.0,0.0,1.0,1,2,4.0,2.0,3.0,1.0,0.0,40.0,1,0.0,1.0,1,2,0,1,0,0,0,1,0,0,0,1,0,0,0,1,0,0,0,0,0,2,20,0
201400042188,14,10,1,5,2,0,1.0,3.0,0.0,30.0,0.0,0.0,2.0,0.0,1,2,4.0,2.0,2.0,1.0,0.0,0.0,1,0.0,1.0,2,2,0,2,0,0,0,2,0,0,0,0,2,0,0,2,0,1,0,0,0,2,23,30
200500057773,5,9,27,1,2,2,1.0,6.0,0.0,7.0,0.0,0.0,1.0,15.0,1,1,4.0,2.0,2.0,1.0,0.0,80.0,1,0.0,1.0,1,1,0,2,0,1,0,1,0,0,1,0,1,2,0,0,0,1,0,0,0,2,17,56
200500043335,5,7,3,1,2,1,1.0,6.0,0.0,11.0,0.0,3.0,0.0,14.0,1,1,2.0,1.0,2.0,4.0,10.0,85.0,1,0.0,1.0,1,3,1,1,0,0,1,1,0,1,1,0,0,0,0,0,2,1,0,0,0,3,10,10
201100022987,11,12,20,2,2,1,1.0,4.0,0.0,7.0,0.0,0.0,2.0,1.0,1,1,4.0,2.0,2.0,0.0,0.0,0.0,-1,0.0,0.0,3,1,15,0,6,0,0,9,0,15,0,0,0,6,6,3,0,1,1,0,0,2,18,27
201000067029,10,8,15,1,2,1,2.0,6.0,0.0,7.0,0.0,4.0,0.0,14.0,1,1,4.0,1.0,2.0,2.0,15.0,70.0,1,0.0,1.0,1,1,1,1,1,0,0,1,0,0,2,0,0,1,1,0,0,1,0,0,0,2,17,0
201700040326,17,5,23,1,2,1,1.0,3.0,1.0,32.0,0.0,0.0,2.0,1.0,1,2,3.0,2.0,2.0,1.0,0.0,0.0,1,0.0,1.0,2,2,2,2,0,0,0,4,0,0,4,0,0,2,0,0,2,1,0,0,0,2,20,45
201400004680,14,7,5,1,1,1,1.0,7.0,0.0,33.0,0.0,0.0,0.0,14.0,1,2,3.0,2.0,2.0,0.0,0.0,71.0,1,0.0,3.0,1,3,1,0,0,0,0,1,0,0,1,0,0,1,0,0,0,0,0,1,0,3,16,30
200900017350,9,3,17,1,2,3,1.0,3.0,0.0,2.0,0.0,0.0,2.0,1.0,1,2,4.0,2.0,2.0,1.0,0.0,90.0,1,0.0,1.0,2,2,2,2,0,0,0,4,0,0,4,0,0,4,0,0,0,1,0,0,0,2,16,45
201200030651,12,5,10,1,1,1,1.0,6.0,1.0,7.0,0.0,0.0,1.0,1.0,3,-1,6.0,1.0,1.0,1.0,0.0,0.0,1,6.0,1.0,1,2,0,1,0,1,0,0,1,0,0,0,0,1,0,0,0,1,0,0,0,2,15,15