Num_Acc,an,mois,jour,lum,agg,int,atm,col,senc,catv,occutc,obs,obsm,manv,catu,secu,catr,circ,nbv,prof,lartpc,larrout,surf,infra,situ,nb_veh,grav_simpl,Homme,Femme,Arrière,Autre_x,Avant,Conducteur,Autre_y,Inconnu,Loisirs,Professionnel,Travail,Adulte,Enfant,Jeune,Senior,choc_avant,choc_arriere,choc_lateral,choc_multiple,grav_order_max,heure,minute
200700015772,7,3,5,1,2,3,1.0,6.0,0.0,7.0,0.0,0.0,1.0,15.0,1,1,4.0,2.0,2.0,1.0,0.0,150.0,1,0.0,1.0,1,1,0,2,0,1,0,1,1,0,1,0,0,1,0,0,1,1,0,0,0,3,17,55
200800002219,8,1,16,1,2,4,1.0,7.0,0.0,7.0,0.0,0.0,1.0,1.0,3,-1,4.0,1.0,1.0,1.0,0.0,0.0,1,0.0,1.0,1,3,1,1,0,1,0,1,1,0,0,0,1,1,0,1,0,1,0,0,0,3,12,15
201000019541,10,3,1,1,1,1,1.0,7.0,0.0,14.0,0.0,3.0,0.0,1.0,1,1,1.0,0.0,2.0,1.0,30.0,61.0,1,0.0,1.0,1,2,4,0,2,0,1,1,0,3,0,1,0,1,0,3,0,0,0,1,0,2,14,30
201700047440,17,5,6,1,1,1,2.0,6.0,1.0,7.0,0.0,3.0,0.0,1.0,1,1,1.0,3.0,8.0,1.0,0.0,-1.0,1,0.0,1.0,1,2,2,2,2,0,1,1,0,0,4,0,0,2,0,0,2,1,0,0,0,2,13,35
200800006644,8,2,25,3,1,1,1.0,6.0,0.0,14.0,0.0,0.0,0.0,13.0,1,0,3.0,2.0,2.0,1.0,76.0,0.0,1,0.0,3.0,1,4,1,0,0,0,0,1,0,0,0,1,0,1,0,0,0,1,0,0,0,4,5,0
201400024548,14,9,17,1,1,3,1.0,3.0,0.0,7.0,0.0,0.0,0.0,15.0,1,-1,4.0,2.0,2.0,1.0,0.0,20.0,1,0.0,1.0,2,1,4,0,0,0,0,4,0,4,0,0,0,2,0,2,0,1,0,1,0,2,9,0
200600024404,6,5,21,1,2,1,1.0,3.0,0.0,14.0,0.0,0.0,2.0,1.0,1,1,4.0,2.0,2.0,0.0,0.0,49.0,1,0.0,1.0,2,1,4,0,0,0,0,4,0,0,4,0,0,2,2,0,0,1,0,0,0,3,12,0
201300038171,13,12,20,5,2,4,1.0,6.0,0.0,7.0,0.0,0.0,1.0,15.0,1,-1,3.0,1.0,1.0,2.0,0.0,0.0,1,0.0,1.0,1,1,0,2,0,1,0,1,0,0,2,0,0,1,0,1,0,1,0,0,0,2,23,30
201700020916,17,10,29,1,1,1,1.0,2.0,2.0,7.0,0.0,0.0,2.0,19.0,1,-1,3.0,2.0,2.0,2.0,0.0,0.0,1,0.0,1.0,2,1,4,0,0,0,0,4,0,0,2,0,2,2,0,2,0,1,1,0,0,3,9,5
201400051303,14,4,20,3,1,1,1.0,6.0,0.0,7.0,0.0,3.0,0.0,1.0,1,1,1.0,1.0,2.0,1.0,20.0,70.0,1,0.0,1.0,1,2,0,1,0,0,0,1,0,0,1,0,0,0,0,1,0,1,0,0,0,2,23,22
200800019519,8,4,13,1,2,1,1.0,6.0,0.0,7.0,0.0,1.0,0.0,13.0,1,-1,4.0,1.0,3.0,1.0,0.0,90.0,1,0.0,1.0,1,1,1,1,1,0,0,1,0,1,1,0,0,0,0,2,0,1,0,0,0,2,7,30
201200042355,12,1,30,1,2,1,1.0,2.0,0.0,33.0,0.0,0.0,2.0,1.0,1,2,3.0,2.0,2.0,1.0,0.0,0.0,1,0.0,1.0,2,2,2,2,0,0,0,4,0,0,2,0,2,4,0,0,0,1,1,0,0,2,16,30
200800013992,8,3,14,2,2,3,1.0,3.0,0.0,31.0,0.0,0.0,2.0,1.0,1,2,4.0,1.0,1.0,1.0,0.0,60.0,1,0.0,1.0,2,2,2,2,0,0,0,4,0,0,0,0,4,4,0,0,0,1,0,0,0,2,6,40
200900058624,9,10,7,4,2,3,1.0,3.0,0.0,7.0,0.0,0.0,2.0,1.0,1,1,4.0,2.0,2.0,1.0,0.0,60.0,1,0.0,1.0,2,2,0,4,0,0,0,4,0,0,4,0,0,4,0,0,0,1,0,1,0,2,20,0
201400058018,14,9,13,5,2,1,1.0,3.0,0.0,7.0,0.0,0.0,2.0,11.0,1,1,4.0,1.0,4.0,1.0,15.0,140.0,1,0.0,1.0,2,1,4,0,0,0,0,4,0,0,0,2,2,2,0,2,0,1,1,0,0,2,21,0
200600025350,6,5,28,1,2,2,1.0,3.0,0.0,32.0,0.0,0.0,2.0,15.0,1,2,4.0,2.0,2.0,2.0,0.0,86.0,1,0.0,1.0,2,2,4,0,0,0,0,4,0,0,4,0,0,2,0,2,0,1,0,1,0,2,16,30
201000043660,10,1,21,2,2,1,1.0,2.0,0.0,7.0,0.0,0.0,2.0,2.0,1,1,4.0,3.0,2.0,1.0,0.0,0.0,1,0.0,1.0,2,1,2,2,0,0,0,4,0,0,0,0,4,2,0,2,0,1,1,0,0,2,19,0
201200022196,12,7,30,1,2,1,1.0,6.0,0.0,7.0,0.0,0.0,1.0,1.0,1,-1,4.0,2.0,2.0,0.0,0.0,0.0,-1,0.0,1.0,1,1,1,1,0,1,0,1,0,2,0,0,0,2,0,0,0,1,0,0,0,3,16,29
200600036599,6,6,26,1,2,1,1.0,5.0,0.0,5.0,0.0,0.0,2.0,3.0,1,2,2.0,1.0,2.0,1.0,20.0,80.0,1,0.0,1.0,3,3,9,0,0,0,0,9,0,0,3,0,6,6,0,3,0,1,1,0,0,3,19,16
201700047480,17,5,21,1,1,1,1.0,7.0,2.0,7.0,0.0,3.0,0.0,1.0,1,1,1.0,1.0,2.0,1.0,15.0,70.0,1,0.0,2.0,1,2,0,1,0,0,0,1,0,1,0,0,0,0,0,1,0,0,0,1,0,2,13,45
201300056018,13,7,2,1,2,2,1.0,3.0,0.0,32.0,0.0,0.0,2.0,1.0,1,2,4.0,1.0,1.0,2.0,0.0,36.0,1,0.0,1.0,2,2,4,0,0,0,0,4,0,0,2,2,0,4,0,0,0,1,0,0,0,2,11,40
200700078028,7,12,1,1,2,1,1.0,7.0,0.0,1.0,0.0,0.0,0.0,1.0,1,-1,4.0,2.0,0.0,1.0,0.0,40.0,1,0.0,4.0,1,3,1,0,0,0,0,1,0,1,0,0,0,0,0,1,0,1,0,0,0,3,12,52
201600012973,16,12,8,1,2,1,1.0,6.0,2.0,2.0,0.0,0.0,1.0,2.0,1,2,3.0,2.0,2.0,1.0,0.0,70.0,1,0.0,1.0,1,1,2,0,0,1,0,1,0,2,0,0,0,1,0,1,0,1,0,0,0,3,17,35
201600032677,16,11,2,1,2,2,1.0,3.0,1.0,14.0,0.0,0.0,2.0,16.0,1,1,4.0,2.0,5.0,1.0,0.0,75.0,1,0.0,1.0,2,1,0,4,0,0,0,4,0,4,0,0,0,2,0,0,2,1,1,0,0,2,10,40
201300037542,13,3,10,1,2,1,1.0,3.0,0.0,7.0,0.0,0.0,2.0,1.0,1,1,3.0,0.0,0.0,0.0,0.0,0.0,1,0.0,1.0,2,2,4,2,0,0,2,4,0,2,4,0,0,2,0,4,0,1,0,1,0,2,13,55
201600036819,16,4,9,5,2,1,1.0,6.0,0.0,2.0,0.0,0.0,2.0,17.0,1,2,4.0,2.0,2.0,1.0,0.0,0.0,1,0.0,1.0,2,2,4,0,0,0,0,4,0,4,0,0,0,0,0,2,2,1,0,0,0,2,21,20
201200057601,12,6,17,1,2,4,1.0,3.0,0.0,1.0,0.0,0.0,2.0,12.0,1,-1,4.0,2.0,4.0,1.0,0.0,0.0,1,0.0,1.0,2,2,2,2,0,0,0,4,0,0,4,0,0,2,0,0,2,1,1,0,0,2,12,30
200900009388,9,6,27,1,2,2,1.0,3.0,0.0,7.0,0.0,0.0,0.0,2.0,1,1,4.0,1.0,1.0,1.0,0.0,40.0,1,0.0,1.0,2,1,2,2,0,0,0,4,0,4,0,0,0,2,0,0,2,1,0,0,0,2,15,10
201300018461,13,3,11,1,1,1,2.0,1.0,0.0,7.0,0.0,0.0,2.0,5.0,1,1,3.0,2.0,2.0,2.0,0.0,60.0,1,0.0,1.0,2,3,4,0,0,0,0,4,4,0,0,0,0,0,0,2,2,1,0,1,0,3,14,0
201100002028,11,11,20,1,1,1,1.0,3.0,0.0,7.0,0.0,0.0,2.0,13.0,1,1,3.0,2.0,2.0,1.0,0.0,76.0,1,0.0,1.0,2,3,6,0,0,0,2,4,0,2,4,0,0,2,0,4,0,1,0,0,0,3,20,0
200700062252,7,10,15,1,2,1,1.0,1.0,0.0,7.0,0.0,0.0,0.0,0.0,1,1,4.0,2.0,0.0,0.0,0.0,0.0,1,0.0,1.0,2,2,4,0,0,0,0,4,0,0,2,2,0,4,0,0,0,1,0,0,0,2,17,45
201000025018,10,5,18,3,1,1,1.0,7.0,0.0,30.0,0.0,0.0,0.0,1.0,1,2,3.0,2.0,1.0,1.0,0.0,0.0,1,0.0,0.0,1,3,1,0,0,0,0,1,1,0,0,0,0,1,0,0,0,0,0,0,0,3,3,45
200800017133,8,4,18,1,1,1,1.0,6.0,0.0,7.0,0.0,13.0,0.0,12.0,1,1,1.0,3.0,2.0,1.0,100.0,105.0,1,0.0,1.0,1,3,0,2,0,0,1,1,0,1,1,0,0,0,0,0,2,0,0,0,0,3,13,30
200900031257,9,5,20,1,2,2,1.0,6.0,0.0,7.0,0.0,1.0,0.0,1.0,1,1,4.0,1.0,1.0,1.0,0.0,0.0,1,0.0,1.0,1,2,0,1,0,0,0,1,0,0,1,0,0,1,0,0,0,1,0,0,0,2,14,15
201300037047,13,10,28,1,2,1,1.0,2.0,0.0,7.0,0.0,0.0,2.0,1.0,1,1,3.0,2.0,6.0,1.0,0.0,110.0,1,0.0,1.0,2,2,0,4,0,0,0,4,0,0,0,0,4,2,0,0,2,1,1,0,0,2,9,45
200700028530,7,5,29,1,2,1,1.0,7.0,0.0,7.0,0.0,0.0,1.0,1.0,1,1,4.0,2.0,2.0,1.0,0.0,50.0,1,0.0,1.0,1,1,1,1,0,1,0,1,1,0,1,0,0,2,0,0,0,0,0,1,0,3,18,35
201200001087,12,1,31,1,1,1,1.0,5.0,0.0,7.0,0.0,0.0,2.0,13.0,1,1,3.0,2.0,0.0,1.0,0.0,37.0,1,0.0,1.0,3,2,3,6,0,0,0,9,0,0,0,6,3,9,0,0,0,1,1,0,1,3,17,30
201700051104,17,10,15,1,2,1,1.0,3.0,1.0,7.0,0.0,0.0,2.0,19.0,1,0,4.0,1.0,1.0,1.0,0.0,0.0,1,0.0,1.0,2,3,4,4,4,0,0,4,0,0,8,0,0,0,4,2,2,1,0,1,0,3,18,0
200700041476,7,7,15,1,2,1,1.0,2.0,0.0,2.0,0.0,0.0,2.0,2.0,1,2,4.0,2.0,0.0,1.0,0.0,71.0,1,0.0,1.0,2,3,4,0,0,0,0,4,0,0,4,0,0,2,2,0,0,1,1,0,0,3,15,45
201000040728,10,6,17,5,2,1,2.0,6.0,0.0,40.0,0.0,0.0,1.0,1.0,1,0,4.0,2.0,0.0,1.0,0.0,56.0,1,4.0,1.0,1,1,1,1,0,1,0,1,0,0,1,1,0,1,0,1,0,1,0,0,0,2,0,5
201100050969,11,1,16,2,2,1,1.0,7.0,0.0,3.0,0.0,8.0,0.0,1.0,1,1,2.0,3.0,2.0,1.0,0.0,0.0,1,0.0,1.0,1,2,0,1,0,0,0,1,0,0,1,0,0,1,0,0,0,1,0,0,0,2,7,30
200500007276,5,2,21,1,2,6,2.0,3.0,0.0,7.0,0.0,0.0,0.0,19.0,1,1,4.0,0.0,2.0,1.0,0.0,75.0,1,5.0,1.0,2,1,2,2,0,0,0,4,0,0,2,0,2,0,2,2,0,1,1,0,0,2,12,50
201300024258,13,11,21,1,2,2,3.0,3.0,0.0,7.0,0.0,0.0,2.0,1.0,1,-1,4.0,2.0,2.0,1.0,0.0,0.0,1,0.0,1.0,2,2,2,2,0,0,0,4,0,4,0,0,0,2,0,0,2,1,0,0,0,2,10,9
200800042767,8,8,1,1,2,5,1.0,3.0,0.0,7.0,0.0,0.0,2.0,1.0,1,1,4.0,0.0,10.0,2.0,0.0,200.0,1,0.0,1.0,2,1,4,4,4,0,0,4,0,4,2,2,0,6,0,2,0,1,1,0,0,3,20,0
200800002036,8,1,10,4,2,1,1.0,6.0,0.0,33.0,0.0,0.0,1.0,5.0,3,-1,4.0,2.0,2.0,2.0,0.0,0.0,1,0.0,1.0,1,2,1,1,0,1,0,1,1,0,0,1,0,1,0,1,0,1,0,0,0,2,7,37
200800036858,8,7,15,3,1,1,1.0,6.0,0.0,7.0,0.0,2.0,0.0,0.0,1,1,3.0,2.0,2.0,0.0,0.0,60.0,1,0.0,3.0,1,3,2,3,1,1,1,2,0,4,1,0,0,0,0,5,0,0,0,1,0,3,2,15
201300019954,13,10,6,1,1,1,1.0,6.0,0.0,7.0,0.0,13.0,0.0,13.0,1,1,3.0,2.0,2.0,1.0,0.0,60.0,1,0.0,1.0,1,2,1,0,0,0,0,1,0,0,1,0,0,0,0,1,0,1,0,0,0,2,16,57
201500009357,15,11,28,1,1,1,1.0,1.0,0.0,7.0,0.0,0.0,2.0,13.0,1,1,3.0,2.0,2.0,1.0,0.0,64.0,1,0.0,1.0,2,2,2,2,0,0,0,4,2,0,0,0,2,2,0,2,0,1,0,0,0,2,16,15
200500070120,5,10,31,5,1,1,2.0,6.0,0.0,7.0,0.0,0.0,2.0,21.0,1,1,1.0,3.0,6.0,1.0,20.0,210.0,1,0.0,1.0,2,2,4,0,0,0,0,4,2,0,0,2,0,2,0,2,0,1,0,0,0,2,5,20
200500071853,5,11,30,1,1,1,1.0,6.0,0.0,7.0,0.0,6.0,0.0,19.0,1,1,3.0,2.0,2.0,3.0,0.0,60.0,1,2.0,1.0,1,3,1,1,0,0,1,1,0,1,1,0,0,0,0,0,2,1,0,0,0,3,13,30
201700026730,17,8,4,5,2,1,1.0,6.0,0.0,7.0,0.0,9.0,0.0,14.0,1,1,4.0,2.0,2.0,1.0,0.0,0.0,1,0.0,4.0,1,2,1,0,0,0,0,1,0,1,0,0,0,1,0,0,0,1,0,0,0,2,1,45
201200040542,12,11,6,5,2,1,1.0,6.0,0.0,7.0,0.0,0.0,1.0,1.0,1,1,3.0,2.0,2.0,1.0,130.0,90.0,1,0.0,1.0,1,1,1,1,0,1,0,1,1,0,1,0,0,0,0,1,1,1,0,0,0,2,19,0
201000044012,10,7,28,1,2,1,1.0,3.0,0.0,33.0,0.0,0.0,2.0,18.0,1,2,4.0,2.0,2.0,1.0,0.0,60.0,1,0.0,1.0,2,3,4,2,0,0,2,4,0,4,2,0,0,4,0,2,0,1,0,0,0,3,18,50
201200035029,12,10,26,1,2,4,3.0,3.0,0.0,7.0,0.0,0.0,2.0,1.0,1,1,3.0,2.0,2.0,2.0,0.0,60.0,1,5.0,1.0,2,3,2,2,0,0,0,4,0,0,2,0,2,0,0,0,4,1,0,0,0,3,15,45
200500012166,5,3,23,1,1,1,1.0,6.0,0.0,7.0,0.0,13.0,0.0,1.0,1,1,3.0,2.0,0.0,2.0,0.0,0.0,1,0.0,3.0,1,2,1,0,0,0,0,1,0,0,0,0,1,0,0,1,0,1,0,0,0,2,7,45
200600030778,6,6,14,1,2,1,1.0,1.0,0.0,7.0,0.0,0.0,2.0,15.0,1,1,4.0,2.0,0.0,1.0,0.0,68.0,1,0.0,1.0,2,1,2,2,0,0,0,4,0,0,0,0,4,4,0,0,0,1,0,0,0,2,14,0
201200050660,12,5,16,1,1,1,1.0,2.0,0.0,7.0,0.0,0.0,2.0,1.0,1,1,1.0,3.0,3.0,1.0,15.0,105.0,1,0.0,1.0,2,2,6,0,0,0,2,4,6,0,0,0,0,0,2,4,0,1,1,0,0,2,15,5
200700003838,7,1,5,1,2,1,1.0,6.0,0.0,7.0,0.0,0.0,1.0,1.0,1,1,4.0,2.0,2.0,1.0,0.0,109.0,1,0.0,1.0,1,1,1,1,0,1,0,1,0,0,2,0,0,1,0,0,1,1,0,0,0,2,9,50
200600002111,6,1,2,1,2,6,1.0,3.0,0.0,7.0,0.0,0.0,2.0,1.0,1,1,3.0,2.0,1.0,1.0,0.0,70.0,1,2.0,1.0,2,1,4,0,0,0,0,4,0,0,2,0,2,2,0,2,0,1,0,1,0,2,14,50
201000065469,10,11,30,4,2,5,1.0,3.0,0.0,10.0,0.0,0.0,2.0,7.0,1,-1,4.0,3.0,2.0,1.0,0.0,0.0,1,5.0,1.0,2,2,6,2,2,0,2,4,0,2,0,6,0,8,0,0,0,1,0,1,0,2,0,5
200600027138,6,5,13,1,2,3,1.0,6.0,0.0,1.0,0.0,0.0,2.0,1.0,1,2,3.0,2.0,2.0,1.0,0.0,86.0,1,0.0,1.0,2,3,4,0,0,0,0,4,0,0,2,2,0,2,0,0,2,1,0,1,0,3,12,50
200800025210,8,5,17,1,2,1,1.0,3.0,0.0,30.0,0.0,0.0,2.0,1.0,1,2,4.0,2.0,2.0,1.0,0.0,55.0,1,0.0,1.0,2,2,2,0,0,0,0,2,0,2,0,0,0,0,0,2,0,1,0,0,0,2,14,20
201700056653,17,7,5,1,2,2,7.0,6.0,1.0,7.0,0.0,0.0,1.0,1.0,1,1,4.0,2.0,2.0,1.0,0.0,0.0,1,0.0,1.0,1,1,1,1,0,1,0,1,0,0,1,1,0,1,0,1,0,1,0,0,0,2,9,15
201600016340,16,1,14,1,2,3,2.0,3.0,1.0,7.0,0.0,0.0,2.0,1.0,1,1,3.0,2.0,0.0,1.0,0.0,35.0,1,0.0,1.0,2,3,4,0,0,0,0,4,0,4,0,0,0,4,0,0,0,1,0,0,0,3,14,30
201000004875,10,9,4,1,1,2,1.0,3.0,0.0,7.0,0.0,0.0,2.0,15.0,1,1,3.0,2.0,0.0,1.0,0.0,0.0,1,0.0,1.0,2,2,4,2,0,0,2,4,2,2,2,0,0,2,0,2,2,1,1,0,0,3,12,0
200500029199,5,5,1,1,2,1,1.0,6.0,0.0,7.0,0.0,0.0,1.0,1.0,1,1,4.0,1.0,1.0,1.0,0.0,72.0,-1,0.0,1.0,1,1,2,0,0,1,0,1,0,1,1,0,0,2,0,0,0,1,0,0,0,3,14,20
200600006631,6,2,25,5,2,1,1.0,1.0,0.0,7.0,0.0,0.0,2.0,13.0,1,1,3.0,2.0,2.0,1.0,0.0,60.0,1,0.0,1.0,2,3,4,2,0,0,2,4,0,2,4,0,0,0,0,6,0,1,0,0,0,3,2,20
201700008808,17,11,5,1,1,1,2.0,5.0,1.0,7.0,0.0,6.0,9.0,13.0,1,1,3.0,2.0,2.0,1.0,0.0,30.0,1,0.0,1.0,3,1,6,3,0,0,0,9,0,0,9,0,0,3,0,0,6,1,0,0,0,4,10,0
200700019265,7,4,1,3,1,1,9.0,7.0,0.0,7.0,0.0,3.0,0.0,0.0,1,1,3.0,2.0,2.0,2.0,0.0,61.0,1,0.0,1.0,1,2,1,0,0,0,0,1,0,0,1,0,0,0,0,1,0,1,0,0,0,2,5,0
200800067731,8,11,20,1,2,2,1.0,6.0,0.0,10.0,0.0,0.0,1.0,1.0,1,-1,4.0,1.0,2.0,1.0,0.0,0.0,1,0.0,1.0,1,1,1,1,0,1,0,1,0,1,0,0,1,1,0,1,0,1,0,0,0,2,9,15
200500033084,5,6,16,1,2,1,1.0,6.0,0.0,7.0,0.0,0.0,1.0,9.0,1,1,4.0,2.0,2.0,1.0,0.0,100.0,1,5.0,1.0,1,1,0,2,0,1,0,1,0,1,1,0,0,0,0,0,2,1,0,0,0,3,14,20
200800001590,8,1,9,2,2,1,1.0,3.0,0.0,7.0,0.0,0.0,2.0,15.0,1,-1,4.0,2.0,1.0,2.0,0.0,56.0,1,0.0,1.0,2,1,6,0,0,0,2,4,2,2,0,0,2,0,0,4,2,1,0,0,0,2,7,55
200600003189,6,1,14,1,2,1,1.0,3.0,0.0,7.0,0.0,0.0,2.0,9.0,1,1,4.0,2.0,2.0,1.0,0.0,84.0,1,0.0,1.0,2,1,2,4,0,0,2,4,4,2,0,0,0,2,0,4,0,1,0,0,0,2,8,45
201100049647,11,11,24,1,2,1,1.0,3.0,0.0,7.0,0.0,0.0,2.0,10.0,1,1,2.0,4.0,2.0,1.0,0.0,0.0,1,0.0,1.0,2,1,4,0,0,0,0,4,2,0,2,0,0,4,0,0,0,1,0,0,0,3,14,10
200900023990,9,8,24,1,1,1,1.0,3.0,0.0,7.0,0.0,0.0,2.0,15.0,1,1,3.0,2.0,1.0,1.0,0.0,50.0,1,0.0,1.0,2,1,4,0,0,0,0,4,0,0,2,0,2,0,0,4,0,1,0,1,0,2,19,15
200800050853,8,9,19,1,1,1,1.0,2.0,0.0,33.0,0.0,0.0,2.0,1.0,1,2,2.0,3.0,4.0,1.0,20.0,20.0,1,0.0,1.0,2,2,0,4,0,0,0,4,0,4,0,0,0,2,0,2,0,1,1,0,0,2,9,20
201400038778,14,3,29,1,2,1,1.0,3.0,0.0,7.0,0.0,0.0,2.0,1.0,1,1,3.0,2.0,2.0,1.0,0.0,0.0,1,0.0,1.0,2,3,2,2,0,0,0,4,0,4,0,0,0,2,0,2,0,1,0,0,0,3,8,20
201100034084,11,4,10,1,2,3,1.0,3.0,0.0,1.0,0.0,0.0,2.0,15.0,1,-1,3.0,2.0,2.0,1.0,0.0,80.0,1,0.0,1.0,2,2,0,4,0,0,0,4,0,0,4,0,0,2,0,0,2,1,0,1,0,2,10,55
200900014036,9,5,15,1,1,1,8.0,7.0,0.0,7.0,0.0,3.0,0.0,0.0,1,1,1.0,1.0,2.0,0.0,0.0,70.0,1,3.0,1.0,1,2,0,1,0,0,0,1,0,0,0,0,1,1,0,0,0,1,0,0,0,2,12,35
200500025881,5,5,4,1,2,1,1.0,3.0,0.0,7.0,0.0,0.0,2.0,21.0,1,1,3.0,2.0,0.0,2.0,0.0,55.0,1,0.0,1.0,2,1,4,0,0,0,0,4,2,0,2,0,0,0,2,0,2,1,0,1,0,3,17,0
201400027306,14,1,22,5,2,3,2.0,6.0,0.0,39.0,35.0,0.0,1.0,1.0,1,9,4.0,0.0,0.0,2.0,0.0,14.0,1,4.0,1.0,1,1,2,0,0,1,0,1,0,0,0,1,1,2,0,0,0,1,0,0,0,4,18,27
200700059686,7,9,8,1,2,2,1.0,3.0,0.0,1.0,0.0,0.0,2.0,1.0,1,-1,4.0,3.0,4.0,1.0,5.0,140.0,1,0.0,1.0,2,2,4,0,0,0,0,4,4,0,0,0,0,0,0,0,4,1,0,1,0,2,10,30
200500053397,5,8,29,1,2,2,1.0,3.0,0.0,2.0,0.0,0.0,2.0,1.0,1,2,4.0,2.0,2.0,1.0,0.0,200.0,1,0.0,1.0,2,2,4,0,0,0,0,4,0,0,2,2,0,0,0,4,0,1,0,0,0,2,15,30
201300027320,13,4,19,1,2,2,1.0,3.0,0.0,2.0,0.0,0.0,2.0,1.0,1,2,4.0,2.0,2.0,1.0,0.0,0.0,1,0.0,1.0,2,1,4,0,0,0,0,4,0,0,4,0,0,0,2,2,0,1,0,1,0,2,17,10
201400044047,14,4,22,1,2,1,3.0,3.0,0.0,7.0,0.0,0.0,2.0,1.0,1,1,3.0,2.0,2.0,1.0,22.0,32.0,1,0.0,1.0,2,1,4,0,0,0,0,4,0,0,0,0,4,0,0,2,2,1,0,1,0,2,17,10
201100026732,11,7,21,1,2,1,1.0,6.0,0.0,7.0,0.0,0.0,1.0,1.0,1,1,4.0,1.0,2.0,1.0,0.0,125.0,1,0.0,1.0,1,1,1,1,0,1,0,1,0,0,1,1,0,1,1,0,0,1,0,0,0,2,16,30
201400006667,14,6,20,1,1,1,1.0,1.0,0.0,7.0,0.0,0.0,2.0,1.0,1,1,4.0,2.0,2.0,1.0,0.0,41.0,1,0.0,3.0,2,1,4,0,0,0,0,4,2,0,2,0,0,0,2,0,2,1,0,0,0,4,15,45
201200058198,12,9,4,1,2,3,1.0,3.0,0.0,7.0,0.0,0.0,2.0,15.0,1,1,4.0,1.0,0.0,1.0,0.0,0.0,1,0.0,1.0,2,1,4,0,0,0,0,4,0,2,0,0,2,2,0,2,0,1,0,1,0,3,12,45
200900001714,9,3,12,1,2,5,2.0,6.0,0.0,7.0,0.0,0.0,1.0,1.0,3,-1,4.0,1.0,2.0,1.0,0.0,256.0,1,0.0,1.0,1,2,2,0,0,1,0,1,1,0,0,1,0,0,0,1,1,1,0,0,0,2,11,0
200600023590,6,5,27,1,1,1,1.0,3.0,0.0,2.0,0.0,0.0,0.0,10.0,1,2,3.0,2.0,2.0,1.0,0.0,68.0,1,0.0,1.0,2,2,2,6,0,0,4,4,0,4,4,0,0,4,4,0,0,1,0,0,0,3,18,15
201300038578,13,9,13,5,2,1,1.0,3.0,1.0,15.0,0.0,0.0,2.0,17.0,1,9,3.0,1.0,1.0,0.0,0.0,0.0,1,0.0,1.0,2,2,2,0,0,0,0,2,0,0,2,0,0,2,0,0,0,0,0,1,0,2,0,25
201700015654,17,11,6,2,2,3,2.0,3.0,0.0,1.0,0.0,0.0,2.0,1.0,1,0,3.0,2.0,2.0,2.0,50.0,20.0,1,0.0,-1.0,2,3,2,2,0,0,0,4,0,0,2,0,2,2,2,0,0,1,0,0,0,3,17,15
200900062569,9,10,21,5,2,1,2.0,6.0,0.0,2.0,0.0,0.0,2.0,21.0,1,2,4.0,2.0,0.0,1.0,0.0,0.0,1,0.0,1.0,2,2,4,0,0,0,0,4,0,4,0,0,0,2,0,2,0,1,0,0,0,2,22,2
201700032641,17,9,7,1,2,1,1.0,5.0,1.0,7.0,0.0,0.0,9.0,22.0,1,0,4.0,2.0,2.0,1.0,10.0,25.0,1,0.0,1.0,3,1,9,0,0,0,0,9,0,9,0,0,0,6,0,3,0,0,0,1,1,3,15,30
200600054174,6,9,27,1,1,1,1.0,6.0,0.0,7.0,0.0,4.0,0.0,14.0,1,1,1.0,1.0,1.0,1.0,0.0,54.0,1,0.0,1.0,1,2,0,1,0,0,0,1,0,0,1,0,0,0,0,1,0,1,0,0,0,2,11,20
201200051869,12,9,26,1,1,1,2.0,4.0,0.0,7.0,0.0,0.0,2.0,1.0,1,1,1.0,3.0,4.0,1.0,10.0,140.0,1,2.0,1.0,3,1,15,0,3,0,3,9,0,3,6,3,3,6,0,9,0,1,1,0,0,2,17,40
201400035498,14,6,16,1,2,3,1.0,3.0,0.0,33.0,0.0,0.0,2.0,15.0,1,2,3.0,2.0,2.0,3.0,0.0,0.0,1,0.0,1.0,2,3,4,2,0,0,2,4,0,2,2,0,2,4,0,2,0,1,0,0,0,3,7,45
201300027464,13,12,6,1,2,7,1.0,6.0,0.0,7.0,0.0,0.0,1.0,1.0,1,1,4.0,1.0,1.0,1.0,0.0,30.0,1,0.0,1.0,1,1,1,1,0,1,0,1,1,0,1,0,0,0,0,1,1,1,0,0,0,2,16,35
201400006217,14,1,14,1,2,1,1.0,6.0,0.0,7.0,0.0,3.0,0.0,1.0,1,0,3.0,2.0,2.0,1.0,0.0,71.0,1,2.0,1.0,1,3,1,0,0,0,0,1,1,0,0,0,0,1,0,0,0,1,0,0,0,3,9,15
200600046527,6,8,12,1,1,9,2.0,1.0,0.0,7.0,0.0,0.0,2.0,1.0,1,1,3.0,2.0,2.0,1.0,70.0,70.0,1,0.0,1.0,2,3,4,0,0,0,0,4,0,0,4,0,0,0,0,2,2,1,0,0,0,3,12,0
200500055991,5,9,2,1,1,1,1.0,7.0,0.0,7.0,0.0,0.0,0.0,14.0,1,1,1.0,3.0,0.0,1.0,15.0,105.0,1,0.0,3.0,1,1,1,2,1,0,1,1,0,3,0,0,0,1,0,0,2,1,0,0,0,3,8,30