Num_Acc,an,mois,jour,lum,agg,int,atm,col,senc,catv,occutc,obs,obsm,manv,catu,secu,catr,circ,nbv,prof,lartpc,larrout,surf,infra,situ,nb_veh,grav_simpl,Homme,Femme,Arrière,Autre_x,Avant,Conducteur,Autre_y,Inconnu,Loisirs,Professionnel,Travail,Adulte,Enfant,Jeune,Senior,choc_avant,choc_arriere,choc_lateral,choc_multiple,grav_order_max,heure,minute
201400030869,14,10,27,1,2,1,1.0,7.0,0.0,7.0,0.0,0.0,1.0,1.0,1,-1,4.0,2.0,2.0,1.0,0.0,0.0,1,0.0,1.0,1,1,2,0,0,1,0,1,1,1,0,0,0,1,1,0,0,1,0,0,0,2,17,0
200700050857,7,8,8,5,1,1,1.0,3.0,0.0,99.0,0.0,0.0,2.0,13.0,1,1,3.0,2.0,2.0,1.0,40.0,81.0,1,0.0,1.0,2,1,4,0,0,0,0,4,0,2,0,0,2,2,0,2,0,0,0,1,0,3,3,30
201000011205,10,4,14,1,1,1,1.0,3.0,0.0,7.0,0.0,0.0,2.0,1.0,1,1,3.0,2.0,2.0,2.0,0.0,70.0,1,0.0,1.0,2,2,2,6,2,0,2,4,0,4,4,0,0,2,4,2,0,1,0,1,0,3,19,0
201000031411,10,8,27,1,2,1,8.0,6.0,0.0,7.0,0.0,3.0,0.0,1.0,1,1,4.0,2.0,2.0,1.0,0.0,100.0,1,0.0,1.0,1,2,2,0,1,0,0,1,0,2,0,0,0,1,1,0,0,0,0,0,1,2,19,40
201700027333,17,8,10,1,2,3,2.0,3.0,2.0,7.0,0.0,0.0,2.0,15.0,1,1,4.0,2.0,3.0,1.0,0.0,90.0,1,0.0,1.0,2,2,0,4,0,0,0,4,0,0,2,0,2,2,0,0,2,1,0,0,0,2,19,55
201500035861,15,12,1,3,1,1,1.0,2.0,0.0,7.0,0.0,0.0,2.0,1.0,1,1,2.0,2.0,2.0,1.0,0.0,70.0,1,0.0,1.0,2,2,2,2,0,0,0,4,0,0,0,4,0,2,0,0,2,1,1,0,0,2,20,20
201400015360,14,9,2,1,2,1,1.0,6.0,0.0,7.0,0.0,0.0,1.0,1.0,1,-1,4.0,2.0,0.0,1.0,0.0,0.0,1,0.0,1.0,1,1,2,0,0,1,0,1,2,0,0,0,0,0,1,1,0,1,0,0,0,2,8,0
201600036202,16,11,16,1,2,3,2.0,6.0,2.0,7.0,0.0,0.0,1.0,1.0,1,1,4.0,2.0,2.0,2.0,0.0,60.0,1,0.0,1.0,1,1,2,0,0,1,0,1,0,0,2,0,0,0,0,1,1,1,0,0,0,3,12,37
200900054290,9,11,15,5,2,1,1.0,4.0,0.0,7.0,0.0,0.0,2.0,2.0,1,-1,4.0,3.0,4.0,2.0,0.0,0.0,1,0.0,1.0,3,1,3,6,0,0,0,9,0,9,0,0,0,3,0,3,3,1,1,0,0,2,18,35
201300056307,13,3,9,5,2,1,1.0,3.0,0.0,31.0,0.0,0.0,0.0,3.0,1,2,4.0,1.0,4.0,1.0,15.0,140.0,1,0.0,1.0,2,2,2,0,0,0,0,2,0,0,2,0,0,0,0,2,0,1,0,1,0,2,20,0
200700041042,7,7,9,2,1,1,1.0,1.0,0.0,7.0,0.0,0.0,0.0,0.0,1,1,3.0,0.0,0.0,0.0,0.0,0.0,-1,0.0,0.0,2,1,4,0,0,0,0,4,0,0,2,2,0,4,0,0,0,1,0,0,0,4,21,45
200900026994,9,10,12,2,2,1,1.0,3.0,0.0,7.0,0.0,0.0,2.0,15.0,1,1,4.0,1.0,2.0,1.0,0.0,60.0,1,0.0,1.0,2,1,4,0,0,0,0,4,0,0,4,0,0,2,0,2,0,1,0,1,0,2,16,25
201500007895,15,9,23,3,1,1,1.0,6.0,0.0,10.0,0.0,8.0,0.0,1.0,1,1,3.0,2.0,0.0,2.0,0.0,70.0,1,0.0,3.0,1,3,1,0,0,0,0,1,0,0,1,0,0,0,0,1,0,0,0,1,0,3,1,15
200500009236,5,2,11,1,2,1,8.0,2.0,0.0,7.0,0.0,0.0,2.0,1.0,1,1,2.0,3.0,3.0,1.0,5.0,90.0,1,0.0,1.0,2,1,4,2,0,0,2,4,2,2,2,0,0,4,0,2,0,1,1,0,0,2,17,20
201600024639,16,4,13,5,2,6,1.0,3.0,1.0,7.0,0.0,0.0,2.0,0.0,1,2,4.0,1.0,0.0,0.0,0.0,0.0,-1,0.0,0.0,2,3,2,0,0,0,0,2,0,2,0,0,0,2,0,0,0,0,0,1,0,3,23,43
201200041469,12,2,10,1,2,1,1.0,3.0,0.0,7.0,0.0,0.0,2.0,1.0,1,1,4.0,2.0,1.0,1.0,0.0,40.0,1,0.0,1.0,2,1,0,6,2,0,0,4,2,0,0,0,4,2,2,2,0,1,1,0,0,2,7,40
201400019279,14,6,21,1,1,1,1.0,1.0,0.0,33.0,0.0,0.0,2.0,13.0,1,2,3.0,2.0,2.0,1.0,0.0,65.0,1,0.0,1.0,2,3,4,0,0,0,0,4,0,0,4,0,0,0,0,2,2,1,0,0,0,3,15,30
200500002404,5,1,8,1,2,1,1.0,3.0,0.0,7.0,0.0,6.0,2.0,13.0,1,-1,3.0,3.0,2.0,2.0,0.0,63.0,1,1.0,0.0,2,3,4,2,0,0,2,4,0,2,4,0,0,6,0,0,0,1,0,0,0,3,13,30
201500046837,15,12,17,3,1,1,1.0,3.0,0.0,33.0,0.0,0.0,2.0,3.0,1,2,1.0,1.0,2.0,1.0,15.0,50.0,1,0.0,0.0,2,3,4,0,0,0,0,4,0,2,0,2,0,4,0,0,0,1,0,0,0,3,17,50
201400050033,14,10,27,1,1,1,1.0,6.0,0.0,7.0,0.0,0.0,0.0,0.0,1,1,1.0,1.0,4.0,1.0,9.0,140.0,1,0.0,1.0,2,2,2,4,0,0,2,4,0,6,0,0,0,2,0,2,2,1,1,0,0,2,16,55
201100044515,11,11,28,3,2,1,1.0,7.0,0.0,7.0,0.0,0.0,6.0,2.0,1,1,4.0,0.0,1.0,2.0,0.0,60.0,1,0.0,3.0,1,2,1,0,0,0,0,1,0,1,0,0,0,0,0,1,0,0,0,0,0,2,20,10
200800058364,8,10,21,1,2,6,2.0,6.0,1.0,7.0,0.0,0.0,1.0,0.0,3,-1,9.0,0.0,2.0,2.0,0.0,0.0,1,5.0,0.0,1,3,0,2,0,2,0,0,0,2,0,0,0,0,2,0,0,0,0,0,0,3,18,30
201400016866,14,11,17,5,2,3,2.0,3.0,0.0,30.0,0.0,0.0,2.0,1.0,1,2,3.0,2.0,2.0,1.0,0.0,105.0,1,5.0,1.0,2,3,4,0,0,0,0,4,0,0,0,2,2,4,0,0,0,1,0,1,0,3,6,45
200500007289,5,2,7,1,2,2,1.0,3.0,0.0,10.0,0.0,0.0,2.0,1.0,1,-1,4.0,2.0,2.0,1.0,0.0,43.0,1,0.0,1.0,2,1,6,0,0,0,2,4,0,2,2,2,0,6,0,0,0,1,0,1,0,3,12,5
201200060056,12,6,7,1,2,1,2.0,2.0,0.0,33.0,0.0,0.0,0.0,1.0,1,2,4.0,1.0,3.0,1.0,15.0,105.0,1,0.0,1.0,2,2,4,0,0,0,0,4,0,0,0,0,4,2,0,0,2,1,1,0,0,2,12,10
200700043098,7,7,8,1,2,1,2.0,2.0,0.0,7.0,0.0,0.0,1.0,23.0,1,1,3.0,2.0,2.0,1.0,0.0,52.0,1,0.0,1.0,2,1,4,2,0,0,2,4,0,6,0,0,0,2,4,0,0,1,1,0,0,2,10,25
200800007933,8,2,21,1,2,2,1.0,6.0,0.0,7.0,0.0,0.0,1.0,1.0,1,1,4.0,2.0,3.0,1.0,0.0,0.0,1,0.0,1.0,1,1,2,0,0,1,0,1,0,0,1,0,1,1,1,0,0,1,0,0,0,2,15,45
201200035336,12,1,19,2,2,1,2.0,6.0,0.0,7.0,0.0,0.0,1.0,1.0,1,1,4.0,2.0,1.0,1.0,0.0,66.0,1,0.0,1.0,1,1,2,0,0,1,0,1,1,0,0,0,1,1,1,0,0,1,0,0,0,4,7,10
201000024516,10,5,11,1,2,1,1.0,6.0,0.0,30.0,0.0,0.0,5.0,0.0,1,2,4.0,2.0,2.0,0.0,0.0,40.0,1,0.0,1.0,1,2,1,0,0,0,0,1,0,1,0,0,0,0,0,1,0,0,0,0,0,2,17,50
200600035380,6,6,16,1,2,1,1.0,7.0,0.0,2.0,0.0,0.0,0.0,21.0,1,2,4.0,2.0,2.0,1.0,0.0,60.0,1,0.0,1.0,1,2,1,0,0,0,0,1,0,0,0,1,0,0,0,1,0,0,0,0,0,2,15,35
200600057552,6,9,1,2,2,1,1.0,3.0,0.0,7.0,0.0,0.0,2.0,15.0,1,-1,2.0,2.0,2.0,1.0,0.0,85.0,1,0.0,1.0,2,1,4,0,0,0,0,4,2,0,0,0,2,2,0,2,0,1,0,1,0,2,20,15
201500020594,15,7,30,1,2,5,1.0,3.0,0.0,10.0,0.0,0.0,0.0,0.0,1,1,4.0,1.0,2.0,2.0,0.0,0.0,1,5.0,1.0,2,1,4,0,0,0,0,4,0,4,0,0,0,2,0,2,0,0,0,0,0,2,16,48
201700016732,17,7,4,1,1,1,1.0,1.0,1.0,10.0,0.0,0.0,2.0,1.0,1,4,3.0,2.0,2.0,2.0,0.0,52.0,1,0.0,3.0,2,3,10,0,4,0,2,4,0,0,0,10,0,8,0,2,0,1,0,0,0,3,17,25
201600027919,16,1,4,1,2,6,2.0,7.0,1.0,30.0,0.0,0.0,0.0,16.0,1,2,3.0,2.0,2.0,1.0,0.0,66.0,1,0.0,1.0,1,2,1,0,0,0,0,1,0,0,0,0,1,0,1,0,0,1,0,0,0,2,13,0
200500069085,5,10,2,5,2,2,2.0,3.0,0.0,4.0,0.0,0.0,2.0,1.0,1,0,3.0,2.0,3.0,0.0,0.0,178.0,1,0.0,1.0,2,3,4,0,0,0,0,4,0,2,2,0,0,0,0,4,0,1,0,1,0,3,20,0
201300020990,13,9,23,1,1,1,1.0,6.0,0.0,7.0,0.0,0.0,1.0,2.0,1,1,2.0,2.0,2.0,1.0,0.0,32.0,1,2.0,1.0,1,1,0,2,0,1,0,1,0,0,2,0,0,1,0,0,1,1,0,0,0,4,19,37
200900050736,9,3,14,3,1,1,1.0,6.0,0.0,7.0,0.0,0.0,2.0,1.0,1,1,1.0,3.0,2.0,0.0,15.0,105.0,1,0.0,1.0,2,1,4,2,0,0,2,4,0,4,0,0,2,4,0,0,2,0,0,0,0,2,19,45
201600003753,16,5,21,3,1,1,1.0,7.0,1.0,7.0,0.0,0.0,0.0,1.0,1,1,3.0,2.0,2.0,1.0,0.0,95.0,1,0.0,0.0,1,1,3,0,1,0,1,1,0,2,1,0,0,0,0,3,0,0,0,0,1,3,4,45
201000034312,10,5,22,1,2,1,1.0,7.0,0.0,1.0,0.0,0.0,0.0,1.0,1,-1,4.0,1.0,1.0,1.0,0.0,15.0,1,0.0,5.0,1,2,1,0,0,0,0,1,0,1,0,0,0,0,0,0,1,0,0,0,0,2,14,47
200700004128,7,1,8,1,2,1,1.0,7.0,0.0,2.0,0.0,0.0,0.0,1.0,1,2,4.0,2.0,4.0,1.0,0.0,120.0,1,0.0,1.0,1,2,1,0,0,0,0,1,0,0,1,0,0,0,0,1,0,0,0,0,0,2,12,30
200700017403,7,3,19,1,2,1,1.0,3.0,0.0,30.0,0.0,0.0,2.0,18.0,1,2,4.0,1.0,1.0,1.0,0.0,60.0,-1,0.0,1.0,2,2,2,2,0,0,0,4,0,0,4,0,0,4,0,0,0,1,0,1,0,2,10,45
200600020954,6,4,1,1,2,2,1.0,2.0,0.0,7.0,0.0,0.0,2.0,2.0,1,1,3.0,2.0,2.0,1.0,0.0,67.0,1,0.0,1.0,2,1,2,2,0,0,0,4,0,2,2,0,0,0,0,4,0,1,1,0,0,2,18,10
201000047430,10,1,26,1,2,1,1.0,7.0,0.0,10.0,0.0,0.0,1.0,1.0,1,1,4.0,2.0,2.0,1.0,0.0,40.0,1,0.0,1.0,1,1,2,0,0,1,0,1,1,0,0,1,0,1,0,1,0,0,0,0,0,2,16,40
201000052137,10,9,8,1,2,1,2.0,1.0,0.0,7.0,0.0,0.0,2.0,5.0,1,1,4.0,2.0,1.0,1.0,0.0,50.0,1,0.0,1.0,2,1,2,2,0,0,0,4,2,2,0,0,0,2,0,2,0,1,0,0,0,3,14,0
200600071574,6,11,19,3,1,1,1.0,5.0,0.0,7.0,0.0,0.0,2.0,1.0,1,1,3.0,2.0,2.0,1.0,0.0,60.0,1,0.0,1.0,3,1,9,12,9,0,3,9,0,12,9,0,0,15,3,0,3,1,0,1,0,3,19,0
200500012329,5,3,11,1,1,1,1.0,1.0,0.0,7.0,0.0,0.0,2.0,13.0,1,1,3.0,2.0,2.0,0.0,0.0,75.0,1,0.0,1.0,2,1,4,0,0,0,0,4,0,0,4,0,0,0,0,4,0,1,0,0,0,3,11,30
201100049081,11,6,17,1,2,1,1.0,3.0,0.0,7.0,0.0,0.0,2.0,1.0,1,1,2.0,2.0,4.0,1.0,0.0,100.0,1,0.0,1.0,2,1,4,2,0,0,2,4,4,2,0,0,0,0,0,6,0,1,1,0,0,3,19,45
201200014858,12,2,25,1,2,1,1.0,4.0,0.0,3.0,0.0,0.0,2.0,2.0,1,1,4.0,2.0,2.0,1.0,0.0,0.0,1,0.0,1.0,3,2,9,0,0,0,0,9,0,3,3,3,0,3,0,3,3,1,1,0,0,2,10,30
200600010695,6,2,2,5,1,1,1.0,6.0,0.0,7.0,0.0,0.0,2.0,14.0,1,-1,1.0,4.0,5.0,1.0,15.0,280.0,1,3.0,1.0,2,2,4,0,0,0,0,4,0,0,0,0,4,4,0,0,0,1,0,0,0,2,6,35
201000032382,10,3,30,1,2,1,1.0,6.0,0.0,10.0,0.0,0.0,1.0,4.0,1,1,6.0,0.0,0.0,1.0,0.0,0.0,1,0.0,1.0,1,1,2,0,0,1,0,1,1,0,0,1,0,2,0,0,0,0,1,0,0,2,9,25
201100004941,11,10,2,1,1,1,1.0,1.0,0.0,7.0,0.0,0.0,2.0,1.0,1,1,3.0,2.0,2.0,1.0,0.0,62.0,1,0.0,1.0,2,1,4,0,0,0,0,4,0,0,4,0,0,4,0,0,0,1,0,0,0,3,15,0
200800045865,8,8,27,1,2,1,1.0,1.0,0.0,7.0,0.0,0.0,2.0,19.0,1,1,4.0,2.0,2.0,1.0,0.0,70.0,1,0.0,1.0,2,1,4,2,0,0,2,4,0,4,0,2,0,2,0,4,0,1,0,0,0,3,17,15
200500023758,5,4,8,2,1,1,1.0,7.0,0.0,7.0,0.0,13.0,0.0,1.0,1,1,2.0,2.0,2.0,2.0,0.0,70.0,-1,0.0,1.0,1,2,1,0,0,0,0,1,0,0,0,0,1,0,0,1,0,1,0,0,0,2,6,30
201400051798,14,9,14,5,2,3,1.0,6.0,0.0,2.0,0.0,0.0,1.0,1.0,1,2,4.0,2.0,2.0,1.0,0.0,120.0,1,0.0,1.0,1,2,2,0,0,1,0,1,1,0,1,0,0,2,0,0,0,0,0,0,0,2,21,30
200500015509,5,3,3,1,2,2,1.0,6.0,0.0,7.0,0.0,7.0,0.0,15.0,1,1,4.0,2.0,2.0,1.0,0.0,0.0,1,0.0,1.0,1,2,1,0,0,0,0,1,0,0,1,0,0,1,0,0,0,1,0,0,0,2,14,0
201000039690,10,6,2,1,2,1,1.0,3.0,0.0,7.0,0.0,0.0,2.0,15.0,1,-1,3.0,2.0,2.0,1.0,0.0,0.0,1,0.0,1.0,2,1,4,0,0,0,0,4,0,0,2,0,2,2,0,2,0,1,0,0,0,2,8,40
201100053298,11,12,13,1,1,1,2.0,4.0,0.0,15.0,0.0,0.0,0.0,1.0,1,1,2.0,3.0,4.0,1.0,20.0,70.0,1,0.0,1.0,3,1,9,0,0,0,0,9,0,0,0,9,0,9,0,0,0,1,1,0,0,2,12,40
201500055692,15,1,4,4,2,2,2.0,3.0,0.0,7.0,0.0,0.0,2.0,10.0,1,1,4.0,2.0,2.0,1.0,0.0,65.0,1,0.0,1.0,2,1,6,0,0,0,2,4,0,6,0,0,0,4,0,2,0,1,0,0,0,2,0,1
200800009939,8,2,19,1,2,2,8.0,6.0,2.0,31.0,0.0,0.0,1.0,0.0,3,-1,3.0,3.0,2.0,0.0,0.0,30.0,1,0.0,1.0,1,2,0,1,0,1,0,0,0,1,0,0,0,0,1,0,0,1,0,0,0,2,16,30
200900041373,9,4,26,1,1,1,2.0,2.0,0.0,7.0,0.0,1.0,0.0,14.0,1,1,1.0,1.0,2.0,2.0,0.0,70.0,1,2.0,1.0,2,1,8,0,2,0,2,4,2,0,2,4,0,2,0,4,2,1,1,0,0,2,16,32
200600019425,6,4,25,1,2,3,1.0,3.0,0.0,4.0,0.0,0.0,0.0,1.0,1,-1,4.0,2.0,2.0,2.0,0.0,0.0,-1,0.0,1.0,2,2,0,2,0,0,0,2,2,0,0,0,0,0,0,2,0,1,0,0,0,2,10,30
200500057180,5,9,8,1,2,1,1.0,6.0,0.0,7.0,0.0,0.0,1.0,1.0,1,1,4.0,2.0,2.0,1.0,0.0,60.0,1,0.0,1.0,1,1,1,1,0,1,0,1,1,0,1,0,0,0,1,0,1,1,0,0,0,3,10,30
200800053856,8,9,17,1,2,2,1.0,3.0,0.0,2.0,0.0,0.0,0.0,1.0,1,2,4.0,1.0,1.0,2.0,0.0,86.0,1,3.0,1.0,2,2,4,0,0,0,0,4,0,2,2,0,0,2,2,0,0,1,1,0,0,2,13,0
200900005205,9,2,19,3,1,1,1.0,2.0,0.0,7.0,0.0,0.0,2.0,2.0,1,1,2.0,2.0,2.0,1.0,0.0,70.0,1,0.0,1.0,2,1,4,0,0,0,0,4,0,0,2,0,2,2,0,2,0,1,1,0,0,2,21,45
201100001399,11,3,25,3,1,2,1.0,3.0,0.0,33.0,0.0,0.0,2.0,1.0,1,2,3.0,2.0,2.0,1.0,0.0,70.0,1,0.0,1.0,2,3,4,0,0,0,0,4,0,0,4,0,0,2,0,2,0,1,0,0,0,3,19,45
201200016216,12,10,14,1,2,1,2.0,6.0,1.0,7.0,0.0,0.0,1.0,0.0,3,-1,4.0,2.0,0.0,1.0,0.0,0.0,1,0.0,0.0,1,2,1,0,0,1,0,0,0,1,0,0,0,1,0,0,0,0,0,0,0,2,16,10
200600073931,6,12,24,3,1,1,9.0,3.0,0.0,7.0,0.0,0.0,2.0,17.0,1,1,3.0,2.0,2.0,1.0,0.0,73.0,0,0.0,1.0,2,1,4,4,2,0,2,4,0,4,2,2,0,6,0,0,2,0,0,1,0,3,22,45
200700030202,7,5,10,1,2,1,1.0,6.0,0.0,7.0,0.0,0.0,1.0,12.0,1,1,4.0,3.0,6.0,1.0,0.0,100.0,1,1.0,1.0,1,1,2,2,0,3,0,1,2,1,0,0,1,2,0,1,1,1,0,0,0,2,17,5
200500075271,5,11,10,5,2,2,1.0,3.0,0.0,7.0,0.0,0.0,2.0,1.0,1,1,4.0,3.0,1.0,1.0,0.0,30.0,1,0.0,1.0,2,1,4,2,0,0,2,4,0,2,4,0,0,4,0,0,2,1,0,0,0,2,22,45
201000059721,10,12,24,1,1,1,1.0,4.0,0.0,7.0,0.0,0.0,0.0,2.0,1,1,1.0,3.0,3.0,1.0,20.0,100.0,1,0.0,1.0,3,1,9,0,0,0,0,9,0,0,9,0,0,6,0,0,3,1,1,1,0,2,16,0
200500077548,5,11,17,1,2,6,1.0,3.0,0.0,7.0,0.0,0.0,2.0,9.0,1,-1,4.0,0.0,0.0,1.0,0.0,0.0,1,5.0,1.0,2,1,2,2,0,0,0,4,0,2,0,0,2,2,0,2,0,1,0,0,0,2,8,15
201000029988,10,5,23,1,1,2,1.0,3.0,0.0,7.0,0.0,13.0,2.0,1.0,1,1,3.0,2.0,2.0,0.0,0.0,72.0,-1,0.0,1.0,2,2,2,4,0,0,2,4,0,6,0,0,0,2,0,4,0,0,0,1,0,2,18,50
200600024119,6,5,21,2,2,1,1.0,1.0,0.0,7.0,0.0,0.0,2.0,15.0,1,1,2.0,2.0,1.0,3.0,20.0,70.0,1,5.0,1.0,2,1,4,2,0,0,2,4,0,2,2,0,2,2,0,0,4,1,0,0,0,3,20,0
200600061113,6,10,13,1,2,2,1.0,6.0,0.0,2.0,0.0,0.0,2.0,17.0,1,2,4.0,2.0,2.0,1.0,0.0,55.0,1,0.0,1.0,2,3,2,2,0,0,0,4,0,0,2,2,0,2,2,0,0,1,0,1,0,3,17,15
200900026063,9,4,28,3,1,1,1.0,3.0,0.0,7.0,0.0,13.0,2.0,2.0,1,1,3.0,2.0,2.0,3.0,0.0,74.0,1,0.0,1.0,2,3,4,0,0,0,0,4,2,0,2,0,0,0,0,2,2,1,0,1,0,3,22,15
200600074919,6,12,28,3,1,1,9.0,7.0,0.0,7.0,0.0,16.0,0.0,1.0,1,1,3.0,2.0,2.0,1.0,0.0,58.0,0,0.0,1.0,1,3,3,1,2,0,1,1,0,3,1,0,0,2,2,0,0,1,0,0,0,3,18,0
201000044013,10,8,3,1,2,2,1.0,7.0,0.0,2.0,0.0,0.0,0.0,1.0,1,0,4.0,2.0,1.0,1.0,0.0,166.0,1,0.0,1.0,1,2,1,0,0,0,0,1,0,0,0,1,0,0,0,1,0,0,0,0,0,2,14,45
201700029269,17,4,14,5,2,1,1.0,6.0,0.0,7.0,0.0,12.0,0.0,1.0,1,1,4.0,2.0,2.0,1.0,0.0,80.0,1,0.0,1.0,1,2,1,0,0,0,0,1,0,0,1,0,0,0,0,1,0,1,0,0,0,2,22,10
201400014864,14,6,7,1,2,2,1.0,3.0,0.0,30.0,0.0,0.0,2.0,9.0,1,2,4.0,1.0,0.0,0.0,0.0,0.0,1,0.0,1.0,2,1,4,0,0,0,0,4,0,0,2,0,2,2,2,0,0,1,0,0,0,2,12,0
201100064367,11,1,20,1,2,1,1.0,2.0,0.0,7.0,0.0,0.0,2.0,1.0,1,1,4.0,1.0,4.0,1.0,15.0,145.0,1,1.0,1.0,2,1,4,0,0,0,0,4,0,0,0,2,2,0,0,2,2,1,1,0,0,2,16,50
200900072194,9,7,4,1,2,1,1.0,3.0,0.0,7.0,0.0,0.0,2.0,15.0,1,1,4.0,2.0,2.0,1.0,0.0,69.0,1,0.0,1.0,2,2,6,2,2,0,2,4,2,2,4,0,0,0,4,2,2,1,0,1,0,2,19,41
201700044586,17,4,11,1,2,1,1.0,4.0,0.0,7.0,0.0,0.0,2.0,2.0,1,1,2.0,0.0,0.0,1.0,0.0,0.0,1,0.0,1.0,3,2,9,0,0,0,3,6,3,6,0,0,0,9,0,0,0,1,1,0,0,2,13,35
201400036018,14,10,12,2,1,1,1.0,3.0,0.0,7.0,0.0,0.0,2.0,13.0,1,1,3.0,2.0,2.0,1.0,0.0,48.0,1,0.0,1.0,2,1,4,2,0,0,2,4,0,6,0,0,0,4,0,0,2,1,0,0,0,2,18,15
200800036745,8,7,17,1,1,1,1.0,3.0,0.0,7.0,0.0,0.0,2.0,15.0,1,1,3.0,2.0,2.0,1.0,0.0,57.0,1,0.0,1.0,2,2,6,2,2,0,2,4,0,4,2,2,0,2,0,6,0,1,0,0,0,2,12,15
200700041239,7,7,22,1,1,1,1.0,7.0,0.0,7.0,0.0,0.0,6.0,12.0,1,1,2.0,2.0,2.0,1.0,0.0,0.0,1,0.0,3.0,1,1,2,1,1,0,1,1,0,2,1,0,0,1,1,1,0,1,0,0,0,3,18,45
200600076107,6,12,7,1,2,1,1.0,3.0,0.0,7.0,0.0,0.0,2.0,9.0,1,-1,4.0,1.0,1.0,1.0,0.0,59.0,1,0.0,1.0,2,1,2,2,0,0,0,4,2,0,0,0,2,4,0,0,0,1,0,0,0,2,10,30
201000020755,10,3,26,1,2,1,1.0,2.0,0.0,34.0,0.0,0.0,0.0,1.0,1,2,4.0,2.0,4.0,1.0,0.0,0.0,1,0.0,1.0,2,2,2,2,0,0,0,4,0,0,0,4,0,4,0,0,0,1,1,0,0,2,7,0
200600026192,6,5,25,2,2,4,1.0,7.0,0.0,1.0,0.0,12.0,0.0,0.0,1,0,3.0,2.0,2.0,2.0,0.0,0.0,1,0.0,4.0,1,3,1,0,0,0,0,1,0,1,0,0,0,1,0,0,0,0,0,0,0,3,21,30
201500007189,15,9,18,1,1,1,8.0,6.0,0.0,10.0,0.0,2.0,0.0,14.0,1,1,3.0,2.0,0.0,1.0,0.0,0.0,1,0.0,0.0,1,3,1,0,0,0,0,1,0,0,0,1,0,0,0,1,0,1,0,0,0,3,8,45
200500028415,5,5,31,1,2,1,1.0,2.0,0.0,7.0,0.0,0.0,2.0,2.0,1,1,4.0,3.0,4.0,1.0,13.0,169.0,1,0.0,1.0,2,1,0,4,0,0,0,4,2,2,0,0,0,4,0,0,0,1,1,0,0,2,17,30
200600054614,6,9,14,1,2,1,1.0,7.0,0.0,7.0,0.0,0.0,1.0,1.0,3,-1,3.0,2.0,4.0,1.0,0.0,160.0,1,0.0,1.0,1,2,1,1,0,1,0,1,0,1,0,0,1,2,0,0,0,1,0,0,0,2,15,35
201400000295,14,1,9,1,1,1,1.0,6.0,0.0,7.0,0.0,2.0,0.0,13.0,1,1,3.0,2.0,2.0,2.0,65.0,0.0,1,0.0,0.0,1,3,1,1,1,0,0,1,0,1,0,1,0,1,1,0,0,1,0,0,0,3,8,45
201600010295,16,3,19,1,2,1,1.0,3.0,1.0,7.0,0.0,0.0,2.0,15.0,1,1,4.0,2.0,2.0,1.0,0.0,0.0,1,0.0,1.0,2,1,4,0,0,0,0,4,2,0,2,0,0,4,0,0,0,1,1,0,0,3,12,46
201400039356,14,12,11,5,2,1,2.0,6.0,0.0,7.0,0.0,0.0,1.0,1.0,1,1,4.0,2.0,0.0,1.0,0.0,0.0,1,0.0,1.0,1,1,2,0,0,1,0,1,1,0,0,0,1,0,1,1,0,0,0,0,0,2,17,30
201600012534,16,11,12,1,2,2,1.0,3.0,0.0,7.0,0.0,0.0,2.0,1.0,1,1,3.0,2.0,2.0,1.0,0.0,0.0,1,5.0,1.0,2,1,4,2,0,0,2,4,0,6,0,0,0,0,4,0,2,1,1,0,0,2,11,30
201400006115,14,3,29,3,1,1,1.0,6.0,0.0,7.0,0.0,2.0,0.0,13.0,1,0,3.0,2.0,2.0,0.0,0.0,62.0,1,0.0,3.0,1,4,1,0,0,0,0,1,0,0,1,0,0,0,0,0,1,1,0,0,0,4,23,15
201400032931,14,6,25,1,2,6,7.0,3.0,0.0,1.0,0.0,0.0,2.0,0.0,1,9,3.0,2.0,2.0,1.0,70.0,77.0,1,0.0,1.0,2,2,4,0,0,0,0,4,0,0,4,0,0,2,0,0,2,1,0,1,0,2,15,55
200600003884,6,1,2,1,2,3,1.0,2.0,0.0,2.0,0.0,0.0,2.0,1.0,1,2,3.0,2.0,2.0,1.0,0.0,67.0,1,5.0,1.0,2,3,2,2,0,0,0,4,0,0,2,2,0,4,0,0,0,1,1,0,0,3,15,50
201500019500,15,12,5,5,2,1,1.0,3.0,0.0,7.0,0.0,0.0,2.0,0.0,1,1,4.0,2.0,2.0,1.0,0.0,70.0,1,0.0,1.0,2,1,2,2,0,0,0,4,0,0,4,0,0,2,0,2,0,1,0,0,0,2,19,31
200700042986,7,7,31,1,2,1,1.0,6.0,0.0,30.0,0.0,1.0,0.0,1.0,1,2,4.0,3.0,4.0,1.0,58.0,122.0,1,0.0,0.0,1,3,1,0,0,0,0,1,0,0,1,0,0,0,0,1,0,1,0,0,0,3,18,5
201400049857,14,1,10,5,1,1,5.0,4.0,0.0,7.0,0.0,0.0,0.0,2.0,1,1,1.0,3.0,6.0,1.0,15.0,210.0,1,0.0,1.0,3,1,6,3,0,0,3,6,0,0,0,0,9,9,0,0,0,1,1,0,0,2,7,20
201000029596,10,10,10,5,2,1,2.0,3.0,0.0,7.0,0.0,3.0,2.0,0.0,1,0,4.0,1.0,2.0,1.0,0.0,98.0,1,1.0,1.0,2,2,6,2,2,0,2,4,0,8,0,0,0,2,2,4,0,1,0,0,0,3,1,45