Num_Acc,an,mois,jour,lum,agg,int,atm,col,senc,catv,occutc,obs,obsm,manv,catu,secu,catr,circ,nbv,prof,lartpc,larrout,surf,infra,situ,nb_veh,grav_simpl,Homme,Femme,Arrière,Autre_x,Avant,Conducteur,Autre_y,Inconnu,Loisirs,Professionnel,Travail,Adulte,Enfant,Jeune,Senior,choc_avant,choc_arriere,choc_lateral,choc_multiple,grav_order_max,heure,minute
201200023255,12,7,6,1,2,3,1.0,6.0,0.0,7.0,0.0,0.0,1.0,1.0,1,1,4.0,0.0,2.0,3.0,0.0,0.0,1,5.0,5.0,1,2,0,2,0,1,0,1,0,0,1,0,1,1,0,1,0,1,0,0,0,2,14,10
201000001769,10,7,30,3,1,1,1.0,6.0,0.0,33.0,0.0,13.0,0.0,1.0,1,2,3.0,2.0,0.0,1.0,0.0,65.0,1,0.0,3.0,1,4,1,0,0,0,0,1,0,0,1,0,0,0,0,1,0,1,0,0,0,4,23,30
201500017664,15,2,18,1,1,4,5.0,1.0,0.0,7.0,0.0,0.0,2.0,15.0,1,1,3.0,2.0,2.0,-1.0,0.0,-1.0,-1,0.0,1.0,2,2,4,0,0,0,0,4,0,0,4,0,0,2,0,2,0,1,0,0,0,3,9,45
201100035254,11,2,7,1,2,2,1.0,6.0,0.0,7.0,0.0,0.0,2.0,15.0,1,1,3.0,3.0,4.0,1.0,43.0,120.0,1,0.0,1.0,2,2,4,0,0,0,0,4,0,4,0,0,0,4,0,0,0,1,0,0,0,2,12,34
200800024969,8,5,4,1,2,3,7.0,3.0,0.0,7.0,0.0,0.0,2.0,15.0,1,1,2.0,1.0,1.0,1.0,0.0,0.0,1,0.0,1.0,2,1,4,2,0,0,2,4,0,2,4,0,0,2,0,0,4,0,0,0,0,2,12,15
201500028210,15,11,12,1,2,1,1.0,6.0,0.0,7.0,0.0,0.0,1.0,1.0,1,-1,4.0,1.0,1.0,2.0,0.0,55.0,1,0.0,1.0,1,1,1,1,0,1,0,1,1,0,1,0,0,0,0,1,1,1,0,0,0,2,8,15
200900025445,9,8,15,1,2,2,7.0,3.0,0.0,1.0,0.0,0.0,2.0,15.0,1,-1,4.0,2.0,2.0,1.0,0.0,0.0,1,0.0,1.0,2,2,0,4,0,0,0,4,0,0,2,0,2,2,2,0,0,1,0,0,0,2,14,25
200500040411,5,5,25,1,2,1,1.0,6.0,0.0,5.0,0.0,0.0,1.0,1.0,1,-1,3.0,2.0,2.0,1.0,0.0,60.0,1,0.0,1.0,1,2,1,1,0,1,0,1,1,0,0,1,0,0,0,2,0,0,0,1,0,2,13,45
201400023119,14,3,12,5,2,1,1.0,6.0,0.0,7.0,0.0,1.0,0.0,0.0,1,1,4.0,1.0,1.0,1.0,0.0,0.0,1,0.0,1.0,1,2,1,0,0,0,0,1,0,0,1,0,0,1,0,0,0,0,0,0,1,2,1,0
201000020845,10,2,10,1,2,1,1.0,6.0,0.0,37.0,0.0,0.0,0.0,0.0,1,-1,4.0,1.0,0.0,2.0,0.0,0.0,1,0.0,1.0,1,1,2,0,0,1,0,1,0,1,0,1,0,1,0,1,0,1,0,0,0,2,9,35
201000044863,10,5,4,1,2,1,3.0,6.0,0.0,7.0,0.0,0.0,0.0,4.0,1,-1,6.0,0.0,0.0,1.0,0.0,0.0,1,0.0,4.0,1,1,1,1,0,1,0,1,0,0,2,0,0,0,0,1,1,0,1,0,0,3,16,30
200500039730,5,6,9,1,2,1,1.0,7.0,0.0,2.0,0.0,8.0,0.0,14.0,1,2,3.0,2.0,2.0,1.0,0.0,0.0,1,0.0,1.0,1,3,1,0,0,0,0,1,0,0,0,0,1,0,0,1,0,1,0,0,0,3,8,15
200500067554,5,10,7,5,2,3,1.0,3.0,0.0,5.0,0.0,0.0,2.0,1.0,1,2,4.0,1.0,4.0,1.0,0.0,100.0,1,0.0,1.0,2,2,2,2,0,0,0,4,0,0,4,0,0,2,0,2,0,1,0,0,0,2,0,30
200900040078,9,10,9,2,2,1,2.0,6.0,0.0,7.0,0.0,0.0,2.0,1.0,1,1,4.0,2.0,2.0,2.0,0.0,74.0,1,0.0,1.0,2,1,6,0,0,2,0,4,2,0,2,0,2,0,2,2,2,1,0,0,0,2,7,25
201300034516,13,2,13,1,2,2,1.0,3.0,0.0,31.0,0.0,0.0,2.0,1.0,1,2,4.0,1.0,2.0,1.0,0.0,57.0,1,0.0,1.0,2,2,4,0,0,0,0,4,0,2,2,0,0,4,0,0,0,1,0,1,0,2,15,10
200500046990,5,7,6,1,2,3,1.0,3.0,0.0,5.0,0.0,0.0,2.0,17.0,1,2,3.0,2.0,2.0,1.0,60.0,60.0,1,0.0,1.0,2,2,2,2,0,0,0,4,0,0,2,0,2,0,0,4,0,1,0,0,0,2,15,20
200900058450,9,12,25,5,2,1,1.0,6.0,0.0,7.0,0.0,1.0,0.0,13.0,1,1,3.0,2.0,2.0,1.0,0.0,64.0,1,0.0,4.0,1,3,1,0,0,0,0,1,0,0,1,0,0,0,0,0,1,1,0,0,0,3,18,0
200800056065,8,10,29,2,1,1,1.0,7.0,0.0,7.0,0.0,0.0,0.0,1.0,1,0,3.0,2.0,2.0,1.0,0.0,0.0,1,0.0,3.0,1,3,1,0,0,0,0,1,1,0,0,0,0,1,0,0,0,0,0,1,0,3,11,0
200800019974,8,4,29,1,2,3,1.0,3.0,0.0,33.0,0.0,0.0,2.0,21.0,1,2,3.0,2.0,0.0,1.0,0.0,75.0,1,0.0,1.0,2,3,4,0,0,0,0,4,0,0,0,0,4,4,0,0,0,1,0,1,0,3,12,30
200600074122,6,12,24,1,1,6,1.0,7.0,0.0,7.0,0.0,13.0,0.0,1.0,1,-1,3.0,1.0,0.0,0.0,0.0,52.0,1,3.0,0.0,1,3,0,1,0,0,0,1,0,0,1,0,0,1,0,0,0,1,0,0,0,3,14,5
201500050271,15,9,7,1,1,1,1.0,3.0,0.0,7.0,0.0,0.0,2.0,13.0,1,1,4.0,3.0,2.0,1.0,0.0,70.0,1,1.0,1.0,2,1,4,0,0,0,0,4,0,0,0,0,4,2,0,2,0,1,0,1,0,3,8,40
201200053262,12,10,9,3,1,1,1.0,6.0,0.0,7.0,0.0,4.0,0.0,1.0,1,1,1.0,3.0,1.0,2.0,15.0,35.0,1,3.0,1.0,1,3,0,1,0,0,0,1,0,0,0,0,1,1,0,0,0,1,0,0,0,3,19,55
201700020262,17,2,17,3,1,6,1.0,7.0,1.0,7.0,0.0,13.0,0.0,1.0,1,1,3.0,3.0,1.0,3.0,0.0,15.0,1,0.0,-1.0,1,3,1,0,0,0,0,1,0,0,1,0,0,1,0,0,0,1,0,0,0,3,1,15
201200016653,12,12,3,1,2,1,1.0,7.0,0.0,31.0,0.0,0.0,0.0,0.0,1,2,3.0,1.0,1.0,1.0,0.0,30.0,1,0.0,1.0,1,2,1,0,0,0,0,1,0,0,0,0,1,0,0,0,1,0,0,0,0,2,11,45
200800001651,8,1,23,2,2,1,1.0,7.0,0.0,33.0,0.0,14.0,0.0,0.0,1,2,4.0,2.0,2.0,1.0,15.0,65.0,1,0.0,1.0,1,2,1,0,0,0,0,1,0,0,0,0,1,0,0,1,0,0,0,1,0,2,8,0
201100049543,11,7,5,1,2,1,1.0,6.0,0.0,7.0,0.0,0.0,1.0,16.0,1,1,4.0,1.0,2.0,1.0,0.0,0.0,1,0.0,1.0,1,1,0,2,0,1,0,1,2,0,0,0,0,1,0,1,0,1,0,0,0,2,13,15
201200011691,12,9,19,2,2,1,1.0,3.0,0.0,2.0,0.0,0.0,2.0,17.0,1,2,4.0,2.0,2.0,1.0,0.0,100.0,1,0.0,1.0,2,2,4,0,0,0,0,4,0,0,0,0,4,2,0,2,0,1,0,1,0,2,7,0
201000039003,10,5,31,1,2,1,1.0,6.0,0.0,7.0,0.0,1.0,0.0,1.0,1,1,3.0,2.0,4.0,1.0,0.0,0.0,1,0.0,1.0,2,1,2,2,0,0,0,4,2,0,2,0,0,0,0,0,4,1,0,1,0,2,14,50
201400037734,14,9,17,1,2,1,1.0,7.0,0.0,37.0,20.0,0.0,0.0,21.0,1,1,4.0,2.0,2.0,0.0,0.0,60.0,1,0.0,1.0,2,1,4,8,6,2,0,4,0,0,10,2,0,10,2,0,0,0,0,0,0,2,16,16
201100032429,11,4,28,1,2,1,1.0,7.0,0.0,1.0,0.0,0.0,0.0,1.0,1,-1,4.0,0.0,2.0,1.0,0.0,80.0,1,0.0,0.0,1,3,0,1,0,0,0,1,0,1,0,0,0,0,0,1,0,0,0,0,0,3,8,51
200900057683,9,10,16,1,2,1,1.0,7.0,0.0,33.0,0.0,0.0,0.0,0.0,1,2,4.0,1.0,2.0,0.0,0.0,0.0,-1,0.0,0.0,1,2,1,0,0,0,0,1,0,1,0,0,0,0,0,1,0,1,0,0,0,2,17,0
201100024540,11,10,2,1,2,1,1.0,6.0,0.0,7.0,0.0,0.0,1.0,0.0,1,-1,4.0,0.0,0.0,1.0,0.0,0.0,1,0.0,4.0,1,1,0,2,0,1,0,1,1,1,0,0,0,1,0,0,1,1,0,0,0,3,12,11
201200012758,12,7,1,1,1,1,1.0,5.0,0.0,33.0,0.0,0.0,0.0,1.0,1,2,1.0,3.0,3.0,1.0,12.0,81.0,1,0.0,1.0,3,3,6,3,0,0,0,9,0,0,9,0,0,3,0,3,3,1,0,0,1,3,13,45
200700006149,7,2,10,3,1,1,8.0,1.0,0.0,7.0,0.0,0.0,2.0,1.0,1,1,3.0,2.0,2.0,1.0,0.0,70.0,1,0.0,1.0,2,3,10,2,4,0,4,4,0,8,4,0,0,6,2,4,0,1,0,0,0,4,23,0
201000056333,10,11,3,2,1,1,1.0,7.0,0.0,31.0,0.0,0.0,0.0,3.0,1,2,1.0,1.0,4.0,1.0,40.0,140.0,1,2.0,1.0,1,2,1,0,0,0,0,1,0,0,0,0,1,0,0,1,0,1,0,0,0,2,17,30
201500027767,15,6,24,1,2,6,1.0,3.0,0.0,7.0,0.0,0.0,2.0,9.0,1,1,3.0,1.0,1.0,0.0,0.0,0.0,-1,0.0,1.0,2,1,4,0,0,0,0,4,0,0,0,0,4,4,0,0,0,1,0,1,0,3,18,40
200700076648,7,12,27,1,2,1,1.0,6.0,1.0,7.0,0.0,0.0,1.0,1.0,3,-1,4.0,2.0,3.0,1.0,0.0,98.0,1,0.0,1.0,1,2,1,0,0,1,0,0,0,1,0,0,0,0,0,1,0,1,0,0,0,2,13,10
201700055173,17,6,10,1,2,7,1.0,6.0,1.0,7.0,0.0,0.0,1.0,12.0,1,-1,4.0,1.0,2.0,1.0,0.0,30.0,1,0.0,1.0,1,1,2,0,0,1,0,1,0,0,1,1,0,1,0,0,1,0,0,1,0,2,14,0
201100043345,11,4,30,1,2,1,1.0,3.0,0.0,7.0,0.0,0.0,9.0,24.0,1,1,4.0,2.0,2.0,1.0,0.0,40.0,1,0.0,0.0,2,1,0,4,0,0,0,4,0,0,2,0,2,0,2,0,2,1,0,0,0,3,19,21
201400003773,14,6,21,2,1,1,1.0,7.0,0.0,7.0,0.0,13.0,0.0,1.0,1,1,2.0,2.0,2.0,4.0,0.0,75.0,1,0.0,3.0,1,1,3,0,1,0,1,1,0,0,3,0,0,0,0,3,0,1,0,0,0,3,6,0
200600047718,6,8,27,1,1,3,1.0,6.0,0.0,7.0,0.0,0.0,2.0,1.0,1,1,3.0,2.0,2.0,1.0,0.0,100.0,1,0.0,1.0,3,2,3,12,3,0,3,9,0,9,6,0,0,3,3,6,3,1,1,0,0,2,18,37
200800015656,8,3,24,3,1,1,9.0,6.0,0.0,7.0,0.0,13.0,0.0,1.0,1,1,3.0,2.0,0.0,1.0,0.0,0.0,1,0.0,1.0,1,2,2,4,2,2,1,1,0,5,1,0,0,2,3,1,0,1,0,0,0,3,0,15
201500042658,15,5,21,5,2,1,1.0,5.0,0.0,32.0,0.0,0.0,0.0,1.0,1,2,9.0,0.0,4.0,1.0,0.0,0.0,1,0.0,1.0,3,2,9,0,0,0,0,9,0,9,0,0,0,6,0,3,0,1,0,1,0,2,22,10
201700034751,17,6,12,1,2,2,1.0,6.0,2.0,31.0,0.0,0.0,1.0,1.0,3,-1,4.0,2.0,4.0,1.0,0.0,0.0,1,0.0,1.0,1,2,1,0,0,1,0,0,1,0,0,0,0,0,1,0,0,0,0,0,0,2,16,45
200700053474,7,9,19,5,2,1,1.0,1.0,1.0,7.0,0.0,0.0,1.0,1.0,3,-1,3.0,2.0,0.0,1.0,0.0,0.0,1,0.0,1.0,2,3,4,0,0,2,0,2,0,0,0,0,4,4,0,0,0,1,0,1,0,3,6,45
200800009393,8,2,13,1,1,1,1.0,2.0,0.0,7.0,0.0,0.0,2.0,2.0,1,1,3.0,3.0,2.0,1.0,0.0,69.0,1,0.0,1.0,2,2,2,2,0,0,0,4,0,0,0,2,2,4,0,0,0,1,1,0,0,2,8,0
200600080091,6,12,2,1,2,1,8.0,4.0,0.0,7.0,0.0,0.0,2.0,1.0,1,1,4.0,1.0,3.0,1.0,0.0,107.0,1,0.0,1.0,3,2,12,3,3,0,3,9,0,15,0,0,0,9,3,3,0,1,1,0,0,2,13,30
200500027126,5,5,27,1,2,2,1.0,3.0,0.0,7.0,0.0,0.0,2.0,15.0,1,1,3.0,2.0,2.0,1.0,0.0,90.0,1,0.0,1.0,2,1,2,4,0,0,2,4,0,2,0,0,4,2,2,2,0,1,1,0,0,2,12,0
201200002111,12,5,31,1,2,1,1.0,6.0,0.0,7.0,0.0,0.0,1.0,1.0,1,1,4.0,2.0,2.0,1.0,0.0,0.0,1,0.0,1.0,1,1,1,1,0,1,0,1,0,2,0,0,0,0,0,0,2,1,0,0,0,3,9,45
201700018080,17,12,16,3,1,2,1.0,3.0,2.0,7.0,0.0,0.0,2.0,1.0,1,-1,3.0,2.0,2.0,2.0,0.0,0.0,1,0.0,1.0,2,3,4,0,0,0,0,4,0,4,0,0,0,2,0,2,0,1,0,1,0,3,2,10
201600027717,16,9,30,1,2,4,8.0,3.0,0.0,7.0,0.0,0.0,2.0,1.0,1,1,4.0,2.0,2.0,1.0,0.0,70.0,1,0.0,1.0,2,2,2,2,0,0,0,4,0,2,2,0,0,2,0,0,2,1,0,0,0,2,14,35
201100044251,11,2,4,1,2,2,1.0,3.0,0.0,7.0,0.0,0.0,1.0,15.0,1,1,4.0,2.0,2.0,1.0,0.0,59.0,1,0.0,4.0,2,1,2,2,0,0,0,4,2,0,2,0,0,0,2,0,2,1,0,0,0,2,16,35
200600006351,6,2,21,3,1,1,1.0,6.0,0.0,7.0,0.0,3.0,0.0,14.0,1,1,3.0,2.0,2.0,1.0,0.0,76.0,1,0.0,2.0,1,1,1,2,1,0,1,1,0,2,1,0,0,1,1,0,1,0,0,1,0,3,21,45
200700029461,7,5,12,1,2,1,1.0,6.0,0.0,33.0,0.0,8.0,0.0,1.0,1,2,9.0,3.0,4.0,1.0,15.0,152.0,1,0.0,1.0,1,2,1,0,0,0,0,1,0,1,0,0,0,0,0,1,0,1,0,0,0,2,17,35
200500059296,5,9,17,1,2,3,1.0,3.0,0.0,7.0,0.0,0.0,2.0,15.0,1,1,2.0,2.0,3.0,1.0,0.0,107.0,1,5.0,0.0,2,1,4,4,2,0,2,4,0,4,4,0,0,0,0,2,6,1,0,0,0,2,18,30
200900039450,9,10,7,1,2,1,1.0,6.0,0.0,7.0,0.0,0.0,1.0,1.0,1,1,3.0,2.0,2.0,1.0,15.0,30.0,1,0.0,0.0,1,1,1,1,0,1,0,1,0,0,1,0,1,0,1,1,0,1,0,0,0,3,12,0
201200035413,12,2,14,5,2,3,4.0,5.0,0.0,7.0,0.0,0.0,2.0,1.0,1,1,4.0,2.0,2.0,1.0,0.0,60.0,1,0.0,1.0,4,1,12,4,0,0,0,16,8,4,0,4,0,4,0,8,4,1,0,1,0,2,20,10
200700021839,7,4,9,4,2,1,1.0,7.0,0.0,30.0,0.0,14.0,0.0,1.0,1,2,4.0,2.0,1.0,1.0,16.0,38.0,1,5.0,1.0,1,4,2,0,0,0,1,1,0,1,1,0,0,0,0,2,0,1,0,0,0,4,1,40
201500033303,15,9,24,5,2,1,1.0,7.0,0.0,33.0,0.0,0.0,0.0,1.0,1,2,4.0,2.0,2.0,2.0,0.0,69.0,1,0.0,1.0,1,3,1,1,0,0,1,1,0,0,2,0,0,1,0,1,0,0,0,1,0,3,1,0
201100008985,11,7,23,1,2,1,1.0,6.0,0.0,7.0,0.0,0.0,1.0,1.0,1,1,3.0,2.0,2.0,0.0,0.0,50.0,1,0.0,1.0,1,1,1,1,0,1,0,1,1,1,0,0,0,1,1,0,0,1,0,0,0,2,12,0
200700051129,7,8,6,1,2,1,1.0,2.0,0.0,10.0,0.0,0.0,2.0,0.0,1,1,4.0,3.0,4.0,2.0,60.0,180.0,1,0.0,1.0,2,1,2,2,0,0,0,4,0,0,2,0,2,0,0,4,0,1,1,0,0,2,18,50
200900000451,9,1,23,5,2,4,1.0,6.0,0.0,7.0,0.0,0.0,1.0,4.0,1,1,4.0,2.0,0.0,1.0,0.0,0.0,1,0.0,1.0,1,1,1,1,0,1,0,1,1,1,0,0,0,1,0,0,1,0,1,0,0,2,21,0
200900010579,9,3,13,1,1,2,1.0,3.0,0.0,33.0,0.0,0.0,2.0,1.0,1,2,3.0,2.0,2.0,1.0,0.0,72.0,1,5.0,1.0,2,4,4,2,0,0,2,4,0,2,2,0,2,4,0,2,0,1,0,1,0,4,17,0
201700028495,17,10,5,1,2,1,1.0,6.0,0.0,13.0,0.0,0.0,1.0,4.0,1,-1,4.0,2.0,0.0,1.0,0.0,0.0,1,0.0,1.0,1,1,1,1,0,1,0,1,0,0,1,1,0,0,0,1,1,0,1,0,0,3,10,45
200900026645,9,5,20,1,2,1,1.0,6.0,0.0,7.0,0.0,0.0,1.0,0.0,1,1,9.0,2.0,2.0,1.0,0.0,47.0,1,0.0,1.0,1,1,2,0,0,1,0,1,0,0,2,0,0,1,1,0,0,1,0,0,0,2,16,0
201000040233,10,11,1,5,2,2,3.0,2.0,0.0,7.0,0.0,0.0,2.0,2.0,1,1,4.0,3.0,4.0,1.0,0.0,149.0,1,0.0,1.0,2,1,4,2,0,0,2,4,0,0,4,0,2,2,0,4,0,1,1,0,0,2,22,45
200700067033,7,10,15,1,2,2,1.0,3.0,1.0,7.0,0.0,0.0,9.0,16.0,1,-1,9.0,0.0,3.0,1.0,0.0,140.0,1,5.0,1.0,2,2,2,0,0,0,0,2,0,0,0,0,2,2,0,0,0,0,1,0,0,2,16,0
200600015565,6,3,25,3,1,3,3.0,1.0,0.0,7.0,0.0,0.0,2.0,1.0,1,1,3.0,2.0,0.0,0.0,0.0,60.0,1,0.0,1.0,2,1,6,0,0,0,2,4,0,2,2,0,2,2,0,4,0,1,0,0,0,3,21,45
201200035349,12,9,7,1,2,3,1.0,3.0,0.0,33.0,0.0,0.0,2.0,1.0,1,2,4.0,0.0,1.0,1.0,0.0,0.0,1,0.0,1.0,2,3,2,2,0,0,0,4,0,0,2,0,2,4,0,0,0,1,0,0,0,3,17,14
201300048024,13,8,1,1,2,1,1.0,3.0,0.0,7.0,0.0,0.0,2.0,15.0,1,1,4.0,2.0,2.0,1.0,0.0,82.0,1,0.0,1.0,2,1,2,2,0,0,0,4,0,4,0,0,0,4,0,0,0,1,0,1,0,2,8,7
201200041003,12,9,25,1,2,1,1.0,3.0,0.0,10.0,0.0,0.0,2.0,1.0,1,1,4.0,2.0,2.0,1.0,0.0,0.0,1,0.0,1.0,2,1,0,4,0,0,0,4,0,4,0,0,0,4,0,0,0,1,0,1,0,2,8,40
200600007094,6,2,17,1,2,1,1.0,6.0,0.0,7.0,0.0,0.0,1.0,23.0,1,1,2.0,2.0,2.0,0.0,0.0,0.0,1,0.0,1.0,1,1,1,1,0,1,0,1,0,1,1,0,0,0,0,0,2,0,1,0,0,3,17,20
201200028722,12,1,3,5,2,2,2.0,3.0,0.0,2.0,0.0,0.0,2.0,1.0,1,2,4.0,2.0,2.0,1.0,0.0,60.0,1,0.0,0.0,2,3,4,0,0,0,0,4,0,4,0,0,0,0,0,2,2,1,0,0,0,3,17,25
201100034857,11,10,25,1,2,1,1.0,3.0,0.0,7.0,0.0,0.0,2.0,10.0,1,1,4.0,2.0,2.0,1.0,0.0,30.0,1,0.0,1.0,2,1,4,0,0,0,0,4,0,2,2,0,0,2,2,0,0,0,0,1,0,2,11,40
200700002033,7,1,24,1,2,9,1.0,3.0,0.0,7.0,0.0,0.0,2.0,2.0,1,1,4.0,1.0,1.0,1.0,0.0,0.0,1,0.0,1.0,2,1,2,2,0,0,0,4,0,0,0,0,4,2,0,2,0,1,0,0,0,3,7,55
201100003292,11,7,15,1,1,3,1.0,3.0,0.0,7.0,0.0,0.0,2.0,1.0,1,1,3.0,2.0,0.0,1.0,0.0,48.0,1,0.0,0.0,2,1,4,0,0,0,0,4,2,0,2,0,0,2,0,2,0,1,0,0,0,3,18,0
200800053807,8,9,16,1,2,1,1.0,6.0,0.0,37.0,1.0,0.0,1.0,1.0,1,0,4.0,2.0,6.0,2.0,4.0,197.0,1,0.0,1.0,1,1,2,0,0,1,0,1,0,0,1,1,0,1,0,0,1,1,0,0,0,3,12,45
201500011724,15,7,26,5,2,1,1.0,1.0,0.0,7.0,0.0,0.0,2.0,1.0,1,1,3.0,2.0,2.0,1.0,0.0,78.0,1,0.0,1.0,2,3,2,2,0,0,0,4,0,0,4,0,0,2,0,2,0,1,0,0,0,3,23,30
200600070942,6,11,21,1,1,1,2.0,5.0,0.0,7.0,0.0,0.0,0.0,0.0,1,1,1.0,3.0,3.0,1.0,25.0,120.0,1,0.0,1.0,4,2,16,0,0,0,0,16,0,16,0,0,0,12,0,4,0,0,0,0,0,2,11,0
200700008721,7,2,27,5,2,2,2.0,6.0,0.0,7.0,0.0,0.0,1.0,15.0,1,1,4.0,2.0,0.0,1.0,0.0,0.0,1,0.0,1.0,1,1,1,1,0,1,0,1,0,2,0,0,0,2,0,0,0,0,0,0,0,2,19,15
200600044068,6,7,9,1,2,1,1.0,3.0,0.0,7.0,0.0,0.0,0.0,0.0,1,-1,9.0,2.0,2.0,1.0,0.0,0.0,1,0.0,1.0,2,1,4,0,0,0,0,4,0,0,4,0,0,0,0,2,2,1,0,0,0,3,15,30
201100009231,11,7,10,1,2,1,2.0,3.0,0.0,30.0,0.0,0.0,2.0,17.0,1,2,3.0,2.0,0.0,1.0,0.0,100.0,1,0.0,3.0,2,3,2,2,0,0,0,4,2,0,2,0,0,2,0,2,0,1,0,0,0,3,20,30
201700005832,17,2,27,5,2,1,2.0,3.0,2.0,7.0,0.0,6.0,2.0,13.0,1,-1,3.0,0.0,0.0,2.0,0.0,60.0,1,0.0,0.0,2,1,2,2,0,0,0,4,4,0,0,0,0,2,0,2,0,1,0,1,0,2,20,30
200600067024,6,11,26,1,2,1,1.0,3.0,0.0,7.0,0.0,0.0,2.0,15.0,1,-1,4.0,2.0,2.0,2.0,0.0,62.0,1,0.0,1.0,2,1,2,2,0,0,0,4,4,0,0,0,0,0,0,0,4,1,0,0,0,2,10,45
200900016923,9,5,28,1,2,1,1.0,6.0,0.0,10.0,0.0,0.0,1.0,1.0,1,1,3.0,2.0,2.0,0.0,0.0,0.0,-1,0.0,0.0,1,1,2,0,0,1,0,1,1,0,0,0,1,0,1,1,0,0,0,0,0,3,7,15
200600078433,6,12,10,1,2,1,1.0,6.0,0.0,5.0,0.0,0.0,1.0,1.0,1,2,4.0,1.0,1.0,1.0,0.0,30.0,1,0.0,1.0,1,1,2,0,0,1,0,1,0,0,1,1,0,1,0,1,0,1,0,0,0,2,16,0
201000055902,10,9,27,1,1,1,1.0,3.0,0.0,7.0,0.0,0.0,2.0,1.0,1,1,1.0,3.0,3.0,1.0,15.0,105.0,1,0.0,1.0,2,1,4,2,2,0,0,4,0,0,4,2,0,0,2,4,0,1,0,1,0,2,12,45
200800018030,8,4,25,1,1,1,1.0,7.0,0.0,36.0,0.0,0.0,0.0,14.0,1,2,4.0,2.0,0.0,1.0,0.0,50.0,1,0.0,1.0,1,3,1,0,0,0,0,1,0,0,1,0,0,1,0,0,0,1,0,0,0,3,17,30
201400012693,14,12,1,1,2,1,1.0,3.0,0.0,7.0,0.0,0.0,0.0,15.0,1,1,4.0,2.0,2.0,1.0,0.0,0.0,-1,0.0,1.0,2,1,4,0,0,0,0,4,2,2,0,0,0,0,2,0,2,1,0,1,0,3,12,15
201400025765,14,7,3,1,2,3,1.0,3.0,0.0,7.0,0.0,0.0,2.0,1.0,1,1,4.0,2.0,2.0,2.0,0.0,0.0,1,0.0,1.0,2,1,4,0,0,0,0,4,0,0,2,0,2,2,0,2,0,1,1,0,0,2,17,50
201700000690,17,3,12,1,1,3,1.0,3.0,2.0,33.0,0.0,0.0,2.0,1.0,1,2,3.0,2.0,2.0,4.0,6.0,610.0,1,5.0,1.0,2,3,4,2,0,0,2,4,0,2,4,0,0,0,0,2,4,1,0,1,0,3,18,15
200700001124,7,1,17,1,1,1,1.0,1.0,0.0,7.0,0.0,0.0,2.0,15.0,1,1,3.0,2.0,0.0,1.0,46.0,0.0,1,5.0,1.0,2,1,2,2,0,0,0,4,0,0,4,0,0,2,2,0,0,1,0,1,0,3,15,15
201200018800,12,5,28,1,1,1,1.0,3.0,0.0,7.0,0.0,0.0,2.0,1.0,1,1,3.0,2.0,2.0,3.0,30.0,30.0,1,0.0,1.0,2,1,4,0,0,0,0,4,0,0,4,0,0,2,0,0,2,0,0,1,0,3,12,30
200700010794,7,2,21,1,2,9,1.0,3.0,0.0,20.0,0.0,0.0,2.0,16.0,1,1,3.0,2.0,2.0,1.0,0.0,0.0,1,0.0,1.0,2,1,4,0,0,0,0,4,0,0,2,2,0,2,0,0,2,1,1,0,0,3,13,45
201300018064,13,7,19,1,1,1,1.0,4.0,0.0,15.0,0.0,0.0,0.0,1.0,1,1,2.0,2.0,2.0,1.0,0.0,62.0,1,0.0,1.0,3,1,12,0,0,0,3,9,0,3,0,0,9,6,0,6,0,1,1,0,0,4,11,0
201500035597,15,6,30,1,2,1,1.0,2.0,0.0,7.0,0.0,0.0,2.0,1.0,1,1,3.0,2.0,2.0,2.0,0.0,0.0,1,0.0,1.0,2,3,2,2,0,0,0,4,0,0,2,0,2,2,0,0,2,1,1,0,0,4,18,35
200900054629,9,10,3,5,2,2,1.0,3.0,0.0,7.0,0.0,0.0,0.0,0.0,1,1,4.0,1.0,1.0,1.0,0.0,0.0,1,0.0,1.0,2,1,2,2,0,0,0,4,0,4,0,0,0,2,0,2,0,1,0,1,0,2,19,50
200500058787,5,9,8,1,1,3,1.0,3.0,0.0,7.0,0.0,0.0,2.0,1.0,1,1,2.0,2.0,3.0,1.0,0.0,103.0,1,0.0,1.0,2,3,4,0,0,0,0,4,0,0,0,2,2,2,0,0,2,1,0,1,0,3,17,30
201700014991,17,4,5,3,1,1,1.0,3.0,1.0,10.0,0.0,0.0,2.0,1.0,1,1,3.0,2.0,2.0,1.0,70.0,0.0,1,0.0,1.0,2,1,4,0,0,0,0,4,0,0,2,0,2,4,0,0,0,1,0,0,0,3,22,20
201400018387,14,3,31,1,1,6,2.0,1.0,0.0,7.0,0.0,0.0,2.0,1.0,1,-1,3.0,2.0,2.0,0.0,70.0,0.0,1,5.0,1.0,2,1,2,2,0,0,0,4,0,0,4,0,0,0,0,0,4,1,0,0,0,3,15,0
201200042757,12,5,11,1,2,1,1.0,3.0,0.0,30.0,0.0,0.0,2.0,1.0,1,2,3.0,3.0,4.0,1.0,0.0,0.0,1,0.0,1.0,2,2,6,0,0,0,2,4,0,0,6,0,0,2,0,4,0,1,0,0,0,2,18,0
200500006516,5,1,26,5,2,1,6.0,6.0,0.0,18.0,0.0,0.0,1.0,1.0,1,9,4.0,2.0,3.0,1.0,0.0,120.0,1,0.0,1.0,1,1,0,2,0,1,0,1,0,0,1,1,0,1,0,0,1,1,0,0,0,2,17,46