Num_Acc,an,mois,jour,lum,agg,int,atm,col,senc,catv,occutc,obs,obsm,manv,catu,secu,catr,circ,nbv,prof,lartpc,larrout,surf,infra,situ,nb_veh,grav_simpl,Homme,Femme,Arrière,Autre_x,Avant,Conducteur,Autre_y,Inconnu,Loisirs,Professionnel,Travail,Adulte,Enfant,Jeune,Senior,choc_avant,choc_arriere,choc_lateral,choc_multiple,grav_order_max,heure,minute
200500032875,5,6,16,1,1,1,1.0,2.0,0.0,7.0,0.0,0.0,2.0,2.0,1,1,2.0,3.0,4.0,1.0,15.0,140.0,1,0.0,1.0,2,2,2,4,0,0,2,4,0,2,4,0,0,2,2,0,2,1,1,0,0,2,9,0
201100045989,11,6,21,1,2,1,1.0,6.0,0.0,7.0,0.0,0.0,1.0,1.0,1,-1,4.0,1.0,1.0,1.0,0.0,0.0,1,0.0,1.0,1,1,1,1,0,1,0,1,1,0,0,0,1,1,1,0,0,1,0,0,0,2,11,40
200600042260,6,6,27,1,2,1,1.0,3.0,0.0,18.0,10.0,0.0,2.0,23.0,1,-1,2.0,2.0,2.0,1.0,10.0,312.0,1,0.0,1.0,2,1,4,0,0,0,0,4,0,2,0,2,0,2,0,0,2,1,0,1,0,2,14,30
200900038704,9,10,21,1,2,1,3.0,6.0,0.0,7.0,0.0,13.0,0.0,1.0,1,1,3.0,2.0,2.0,1.0,0.0,0.0,1,0.0,1.0,1,3,0,1,0,0,0,1,0,0,1,0,0,0,0,0,1,1,0,0,0,3,13,30
201000012387,10,3,8,1,1,1,1.0,6.0,0.0,7.0,0.0,2.0,0.0,13.0,1,0,3.0,2.0,2.0,1.0,0.0,57.0,1,0.0,0.0,1,4,1,0,0,0,0,1,1,0,0,0,0,0,0,0,1,1,0,0,0,4,10,45
201600039358,16,11,20,5,2,1,1.0,3.0,0.0,33.0,0.0,0.0,2.0,1.0,1,2,3.0,3.0,4.0,1.0,0.0,160.0,1,0.0,1.0,2,2,4,2,0,0,2,4,0,0,4,2,0,2,0,4,0,1,0,1,0,2,0,35
200600025700,6,5,4,1,2,3,1.0,3.0,0.0,4.0,0.0,0.0,2.0,1.0,1,2,4.0,2.0,2.0,2.0,0.0,60.0,-1,0.0,1.0,2,2,2,2,0,0,0,4,0,0,2,0,2,4,0,0,0,1,0,1,0,2,8,10
201400026003,14,12,30,1,2,2,1.0,3.0,0.0,7.0,0.0,0.0,2.0,1.0,1,1,4.0,2.0,2.0,1.0,0.0,0.0,1,5.0,1.0,2,2,2,2,0,0,0,4,0,0,2,0,2,2,0,2,0,1,0,0,0,2,14,55
200600044976,6,8,17,1,1,1,3.0,6.0,0.0,7.0,0.0,13.0,0.0,1.0,1,1,2.0,2.0,2.0,0.0,0.0,120.0,1,0.0,3.0,1,3,1,0,0,0,0,1,0,0,0,0,1,1,0,0,0,1,0,0,0,3,17,0
201000035195,10,10,2,1,2,1,1.0,4.0,0.0,10.0,0.0,0.0,2.0,23.0,1,1,4.0,3.0,6.0,1.0,20.0,210.0,1,0.0,1.0,3,2,9,3,0,0,3,9,0,0,9,0,3,6,3,3,0,1,1,0,0,2,14,35
200900007439,9,3,1,1,2,1,2.0,6.0,0.0,7.0,0.0,6.0,0.0,1.0,2,1,3.0,2.0,2.0,0.0,0.0,60.0,1,0.0,3.0,1,1,1,1,0,0,1,1,0,1,1,0,0,2,0,0,0,0,1,0,0,3,15,30
200900027124,9,10,18,5,2,3,1.0,7.0,0.0,32.0,0.0,0.0,0.0,21.0,1,2,4.0,1.0,1.0,1.0,0.0,30.0,1,0.0,1.0,1,2,1,0,0,0,0,1,0,0,1,0,0,1,0,0,0,0,0,0,0,2,21,0
200700041328,7,7,17,1,2,1,1.0,6.0,0.0,7.0,0.0,0.0,1.0,1.0,1,1,3.0,2.0,2.0,1.0,0.0,63.0,1,0.0,1.0,1,1,2,0,0,1,0,1,0,0,2,0,0,1,0,0,1,1,0,0,0,3,16,0
201400018011,14,2,19,2,1,1,2.0,1.0,0.0,7.0,0.0,0.0,2.0,13.0,1,1,2.0,2.0,2.0,1.0,0.0,70.0,1,0.0,1.0,2,3,4,0,0,0,0,4,0,0,0,2,2,2,0,2,0,1,0,0,0,3,8,15
201100027467,11,4,13,1,2,3,1.0,3.0,0.0,31.0,0.0,0.0,2.0,1.0,1,-1,4.0,2.0,2.0,3.0,0.0,56.0,1,0.0,1.0,2,2,4,0,0,0,0,4,0,4,0,0,0,0,0,2,2,1,0,1,0,2,13,55
200600018272,6,4,15,3,1,1,1.0,6.0,0.0,17.0,0.0,0.0,0.0,1.0,1,0,3.0,3.0,2.0,1.0,35.0,70.0,1,5.0,1.0,2,1,4,0,0,0,0,4,0,0,0,2,2,2,0,2,0,0,0,0,1,4,5,45
201300031698,13,7,3,1,2,1,1.0,3.0,0.0,7.0,0.0,0.0,2.0,1.0,1,1,4.0,2.0,2.0,0.0,0.0,0.0,1,0.0,1.0,2,1,2,2,0,0,0,4,0,4,0,0,0,0,0,2,2,1,0,0,0,2,15,10
200900017265,9,6,25,1,2,1,1.0,6.0,0.0,7.0,0.0,0.0,1.0,1.0,3,-1,4.0,2.0,2.0,1.0,0.0,70.0,1,0.0,1.0,1,3,1,1,0,1,0,1,2,0,0,0,0,1,0,0,1,1,0,0,0,3,10,20
200600015535,6,3,14,1,1,1,1.0,3.0,0.0,31.0,0.0,0.0,2.0,9.0,1,2,3.0,3.0,2.0,0.0,0.0,0.0,1,0.0,1.0,2,3,4,0,0,0,0,4,0,2,2,0,0,2,0,2,0,0,1,0,0,3,13,15
201100020390,11,7,13,1,2,1,2.0,2.0,0.0,30.0,0.0,0.0,2.0,2.0,1,2,4.0,2.0,2.0,2.0,0.0,90.0,1,0.0,1.0,2,2,2,2,0,0,0,4,0,4,0,0,0,2,2,0,0,1,1,0,0,2,8,30
201100037810,11,11,10,5,2,1,1.0,6.0,0.0,7.0,0.0,0.0,2.0,0.0,1,1,3.0,2.0,2.0,1.0,0.0,0.0,1,0.0,1.0,2,1,4,0,0,0,0,4,0,4,0,0,0,2,0,0,2,0,0,0,0,3,18,19
200700065222,7,10,16,1,2,2,1.0,3.0,0.0,2.0,0.0,0.0,2.0,1.0,1,2,4.0,2.0,2.0,1.0,20.0,20.0,1,0.0,1.0,2,2,4,0,0,0,0,4,0,4,0,0,0,0,0,2,2,1,0,0,0,2,14,0
201600032855,16,7,21,1,2,1,1.0,6.0,2.0,7.0,0.0,0.0,1.0,4.0,1,-1,4.0,2.0,2.0,1.0,0.0,70.0,1,0.0,4.0,1,1,1,1,0,1,0,1,0,0,2,0,0,0,0,0,2,0,1,0,0,3,10,10
200700040640,7,7,15,2,1,1,1.0,6.0,0.0,7.0,0.0,13.0,0.0,1.0,1,-1,3.0,2.0,2.0,0.0,0.0,52.0,1,0.0,3.0,1,3,2,0,0,0,1,1,0,1,1,0,0,0,0,2,0,1,0,0,0,3,5,15
201600053877,16,5,16,1,2,5,1.0,4.0,2.0,7.0,0.0,0.0,2.0,23.0,1,1,4.0,2.0,4.0,2.0,0.0,55.0,1,0.0,1.0,4,1,12,4,0,0,0,16,0,4,12,0,0,12,0,4,0,1,1,0,0,3,9,0
200900057018,9,8,3,2,2,1,1.0,6.0,1.0,7.0,0.0,0.0,1.0,2.0,3,-1,4.0,1.0,0.0,1.0,0.0,0.0,1,0.0,1.0,1,2,1,0,0,1,0,0,0,0,1,0,0,0,1,0,0,1,0,0,0,2,20,30
201000026163,10,9,3,1,2,1,1.0,3.0,0.0,7.0,0.0,0.0,0.0,0.0,1,1,3.0,2.0,0.0,0.0,0.0,0.0,1,0.0,1.0,2,1,4,0,0,0,0,4,0,4,0,0,0,0,0,0,4,1,0,0,0,4,14,30
201100031552,11,5,16,1,2,6,1.0,3.0,0.0,7.0,0.0,0.0,2.0,16.0,1,1,2.0,3.0,2.0,1.0,0.0,-1.0,1,5.0,1.0,2,1,2,2,0,0,0,4,2,2,0,0,0,4,0,0,0,1,0,0,0,3,17,32
200900067663,9,9,3,1,2,4,1.0,3.0,0.0,7.0,0.0,0.0,2.0,1.0,1,1,4.0,2.0,2.0,0.0,0.0,0.0,1,0.0,1.0,2,2,0,2,0,0,0,2,0,0,2,0,0,2,0,0,0,1,0,1,0,2,18,15
201500009888,15,8,8,1,2,1,1.0,3.0,0.0,34.0,0.0,0.0,2.0,2.0,1,-1,2.0,2.0,2.0,1.0,0.0,0.0,1,0.0,1.0,2,1,2,2,0,0,0,4,0,4,0,0,0,4,0,0,0,0,0,1,0,3,13,25
201200034159,12,9,24,1,2,1,1.0,6.0,0.0,7.0,0.0,0.0,0.0,0.0,1,1,4.0,0.0,4.0,0.0,0.0,0.0,-1,0.0,0.0,1,2,1,0,0,0,0,1,0,1,0,0,0,0,0,1,0,0,0,0,0,2,8,5
201300042759,13,1,14,5,2,1,4.0,3.0,0.0,7.0,0.0,0.0,9.0,16.0,1,1,4.0,1.0,1.0,0.0,0.0,0.0,-1,0.0,1.0,2,1,2,2,0,0,0,4,0,0,2,0,2,4,0,0,0,1,0,0,0,2,22,20
201000023084,10,2,27,1,1,1,1.0,5.0,0.0,7.0,0.0,0.0,2.0,2.0,1,1,3.0,3.0,3.0,1.0,8.0,105.0,1,0.0,1.0,4,1,12,4,0,0,0,16,0,16,0,0,0,4,0,12,0,1,1,0,0,2,16,35
200700022386,7,4,21,1,2,1,1.0,6.0,0.0,7.0,0.0,0.0,1.0,0.0,3,-1,4.0,2.0,2.0,1.0,0.0,50.0,1,0.0,1.0,1,2,2,0,0,1,0,1,1,0,1,0,0,1,1,0,0,1,0,0,0,2,17,0
200500068670,5,10,17,1,1,1,1.0,7.0,0.0,7.0,0.0,8.0,0.0,1.0,1,1,2.0,3.0,4.0,1.0,15.0,120.0,1,0.0,1.0,1,2,0,1,0,0,0,1,0,0,0,0,1,1,0,0,0,0,0,0,1,2,18,5
201300047671,13,8,19,1,1,1,1.0,3.0,0.0,7.0,0.0,0.0,2.0,18.0,1,1,1.0,3.0,6.0,1.0,15.0,210.0,1,0.0,1.0,2,2,2,2,0,0,0,4,0,4,0,0,0,4,0,0,0,0,0,1,0,2,20,3
201200010762,12,12,13,5,2,1,3.0,7.0,0.0,7.0,0.0,0.0,1.0,1.0,1,1,4.0,2.0,2.0,0.0,0.0,60.0,1,0.0,1.0,1,1,1,1,0,1,0,1,0,2,0,0,0,2,0,0,0,1,0,0,0,3,18,15
200800063334,8,11,1,3,1,1,6.0,7.0,0.0,7.0,0.0,13.0,0.0,13.0,1,0,3.0,2.0,2.0,2.0,0.0,71.0,1,0.0,3.0,1,4,1,0,0,0,0,1,0,0,1,0,0,0,0,1,0,1,0,0,0,4,4,30
201000003711,10,9,6,1,1,1,1.0,6.0,0.0,7.0,0.0,13.0,0.0,0.0,1,1,3.0,2.0,2.0,2.0,0.0,74.0,1,0.0,1.0,1,3,1,1,1,0,0,1,0,1,0,0,1,1,1,0,0,0,0,0,1,3,18,30
201400007874,14,8,15,1,1,1,1.0,3.0,0.0,7.0,0.0,0.0,2.0,19.0,1,1,3.0,2.0,2.0,1.0,0.0,71.0,1,5.0,1.0,2,1,8,2,4,0,2,4,0,6,4,0,0,2,0,0,8,1,0,1,0,3,17,30
201100060685,11,10,25,5,2,2,8.0,2.0,0.0,7.0,0.0,0.0,2.0,1.0,1,1,4.0,2.0,1.0,1.0,80.0,80.0,1,0.0,1.0,2,2,6,14,12,0,4,4,8,2,2,2,6,10,8,2,0,1,0,0,1,2,19,0
201200036406,12,10,13,1,2,2,1.0,6.0,0.0,7.0,0.0,0.0,1.0,15.0,1,-1,4.0,3.0,2.0,1.0,0.0,0.0,1,4.0,1.0,1,1,1,1,0,1,0,1,2,0,0,0,0,1,0,0,1,1,0,0,0,2,10,5
200700075350,7,12,26,1,1,1,1.0,2.0,0.0,7.0,0.0,0.0,2.0,2.0,1,1,3.0,2.0,0.0,1.0,0.0,70.0,1,0.0,1.0,2,3,4,2,0,0,2,4,2,2,2,0,0,6,0,0,0,1,0,1,0,3,17,0
201600022802,16,3,20,1,1,1,1.0,2.0,0.0,7.0,0.0,0.0,2.0,1.0,1,-1,1.0,3.0,0.0,1.0,0.0,0.0,1,0.0,1.0,2,1,4,0,0,0,0,4,2,0,2,0,0,4,0,0,0,1,1,0,0,2,13,10
201400043958,14,12,30,1,2,1,1.0,6.0,0.0,7.0,0.0,0.0,1.0,0.0,1,1,4.0,0.0,2.0,0.0,0.0,0.0,-1,0.0,1.0,1,1,2,0,0,1,0,1,0,2,0,0,0,1,0,0,1,0,0,0,0,2,10,20
201700011669,17,6,19,1,2,1,1.0,6.0,0.0,21.0,0.0,6.0,0.0,1.0,1,-1,4.0,2.0,2.0,2.0,0.0,43.0,1,0.0,1.0,1,4,1,0,0,0,0,1,1,0,0,0,0,0,0,0,1,0,0,1,0,4,10,35
200500070211,5,10,21,5,1,1,2.0,2.0,0.0,7.0,0.0,0.0,2.0,2.0,1,1,2.0,3.0,2.0,1.0,10.0,70.0,1,3.0,1.0,2,1,2,6,2,0,2,4,0,4,4,0,0,2,2,4,0,1,1,0,0,2,20,10
201500039570,15,7,17,1,2,1,1.0,3.0,0.0,2.0,0.0,0.0,2.0,12.0,1,2,3.0,1.0,2.0,4.0,0.0,0.0,1,0.0,1.0,2,2,2,0,0,0,0,2,0,0,2,0,0,0,2,0,0,0,0,1,0,2,19,35
200600058788,6,10,27,1,1,1,1.0,7.0,0.0,7.0,0.0,13.0,0.0,1.0,1,1,3.0,0.0,2.0,1.0,0.0,76.0,1,0.0,3.0,1,3,0,1,0,0,0,1,0,0,1,0,0,0,0,1,0,0,0,0,1,3,12,50
201600020417,16,11,8,1,1,1,5.0,1.0,2.0,17.0,0.0,0.0,2.0,1.0,1,1,3.0,2.0,2.0,1.0,0.0,60.0,1,0.0,1.0,2,2,4,0,0,0,0,4,0,0,0,4,0,4,0,0,0,1,0,1,0,2,8,55
200500042367,5,7,1,1,2,1,1.0,4.0,0.0,7.0,0.0,0.0,2.0,13.0,1,1,2.0,2.0,0.0,1.0,78.0,61.0,1,0.0,1.0,3,3,12,6,0,0,9,9,0,18,0,0,0,9,3,6,0,1,1,0,0,3,17,0
201600022019,16,10,23,5,2,1,1.0,7.0,2.0,2.0,0.0,0.0,0.0,2.0,1,2,3.0,3.0,2.0,2.0,0.0,0.0,1,0.0,1.0,1,3,1,0,0,0,0,1,0,0,1,0,0,1,0,0,0,0,0,0,0,3,0,20
201700011443,17,1,23,2,1,1,7.0,6.0,0.0,7.0,0.0,0.0,1.0,16.0,1,1,9.0,1.0,1.0,0.0,0.0,0.0,1,0.0,1.0,1,1,2,0,0,1,0,1,2,0,0,0,0,2,0,0,0,1,0,0,0,3,17,6
200800069023,8,12,23,1,1,1,1.0,6.0,0.0,7.0,0.0,0.0,0.0,1.0,1,1,3.0,2.0,2.0,2.0,0.0,60.0,1,0.0,3.0,1,3,0,1,0,0,0,1,0,0,0,0,1,1,0,0,0,0,0,0,1,3,8,0
201000039723,10,7,2,1,2,2,1.0,3.0,0.0,1.0,0.0,0.0,2.0,1.0,1,0,4.0,2.0,2.0,1.0,0.0,92.0,1,0.0,1.0,2,3,4,0,0,0,0,4,0,0,2,2,0,4,0,0,0,1,0,0,0,3,17,46
201700015233,17,9,20,1,1,1,1.0,7.0,1.0,34.0,0.0,0.0,0.0,16.0,1,2,3.0,2.0,2.0,2.0,0.0,45.0,1,0.0,1.0,1,3,1,1,0,0,1,1,0,0,2,0,0,0,0,0,2,0,0,0,0,3,16,15
201600005103,16,7,4,2,2,4,7.0,7.0,1.0,7.0,0.0,0.0,1.0,1.0,1,1,2.0,-1.0,2.0,-1.0,0.0,-1.0,1,0.0,-1.0,1,1,2,0,0,1,0,1,0,0,2,0,0,0,0,1,1,1,0,0,0,4,20,0
200700008117,7,2,23,1,2,1,1.0,3.0,0.0,7.0,0.0,0.0,2.0,12.0,1,-1,4.0,3.0,3.0,1.0,0.0,0.0,1,1.0,1.0,2,1,2,2,0,0,0,4,0,0,4,0,0,4,0,0,0,1,0,1,0,2,13,0
200500064165,5,10,27,3,1,9,1.0,3.0,0.0,7.0,0.0,0.0,9.0,15.0,1,1,3.0,2.0,2.0,1.0,0.0,70.0,1,5.0,1.0,2,2,6,0,0,0,2,4,0,2,0,2,2,4,2,0,0,1,1,0,0,3,6,45
200500009465,5,2,7,5,2,3,1.0,1.0,0.0,5.0,0.0,0.0,2.0,1.0,1,2,4.0,2.0,2.0,1.0,0.0,65.0,1,0.0,1.0,2,3,2,2,0,0,0,4,0,0,2,0,2,2,0,2,0,1,0,0,0,3,19,15
200700070720,7,11,13,1,2,6,1.0,2.0,0.0,31.0,0.0,0.0,2.0,2.0,1,2,2.0,1.0,2.0,2.0,0.0,0.0,1,5.0,1.0,2,2,2,2,0,0,0,4,0,0,0,2,2,4,0,0,0,1,1,0,0,2,8,30
201600012192,16,11,18,1,2,2,7.0,3.0,2.0,17.0,0.0,0.0,2.0,1.0,1,1,3.0,2.0,2.0,1.0,0.0,10.0,1,0.0,-1.0,2,1,8,0,0,2,2,4,6,0,0,2,0,4,4,0,0,1,0,1,0,2,16,45
200700068578,7,11,19,5,2,1,2.0,6.0,0.0,7.0,0.0,0.0,1.0,1.0,1,1,4.0,2.0,0.0,1.0,0.0,0.0,1,0.0,1.0,1,1,1,1,0,1,0,1,0,2,0,0,0,1,0,1,0,1,0,0,0,2,17,35
201300016390,13,1,25,5,1,1,1.0,6.0,0.0,7.0,0.0,1.0,0.0,21.0,1,1,4.0,2.0,2.0,2.0,0.0,62.0,1,0.0,1.0,1,2,1,0,0,0,0,1,0,0,0,0,1,1,0,0,0,1,0,0,0,2,7,30
201700029243,17,4,5,1,2,9,1.0,3.0,0.0,7.0,0.0,0.0,2.0,1.0,1,1,4.0,2.0,2.0,1.0,0.0,202.0,1,0.0,1.0,2,1,4,2,2,0,0,4,0,0,6,0,0,4,2,0,0,1,0,0,0,2,10,35
200600017327,6,4,9,1,1,3,1.0,3.0,0.0,7.0,0.0,0.0,2.0,19.0,1,1,3.0,2.0,2.0,1.0,0.0,60.0,1,0.0,1.0,2,1,6,4,2,0,4,4,0,6,4,0,0,10,0,0,0,1,0,0,0,3,16,0
201600053577,16,9,8,1,2,3,1.0,6.0,1.0,33.0,0.0,0.0,1.0,1.0,1,2,4.0,2.0,6.0,1.0,0.0,150.0,1,0.0,1.0,1,1,2,0,0,1,0,1,0,0,0,1,1,1,0,1,0,1,0,0,0,2,17,10
200800004431,8,1,28,5,2,2,1.0,3.0,0.0,2.0,0.0,0.0,2.0,1.0,1,2,4.0,2.0,2.0,0.0,0.0,80.0,1,0.0,1.0,2,2,4,0,0,0,0,4,0,0,2,0,2,2,2,0,0,1,0,1,0,2,19,22
200900025988,9,9,16,1,2,1,1.0,7.0,0.0,30.0,0.0,0.0,0.0,1.0,1,2,4.0,2.0,2.0,1.0,15.0,53.0,1,0.0,1.0,1,2,2,0,0,0,1,1,0,2,0,0,0,0,2,0,0,0,0,0,0,2,19,20
200800007633,8,2,8,1,2,1,1.0,6.0,0.0,7.0,0.0,0.0,1.0,1.0,1,1,4.0,2.0,2.0,2.0,0.0,0.0,1,0.0,1.0,1,1,1,1,0,1,0,1,0,2,0,0,0,0,1,0,1,1,0,0,0,2,10,55
201400019029,14,2,3,1,1,1,1.0,2.0,0.0,17.0,0.0,0.0,2.0,11.0,1,1,1.0,3.0,3.0,2.0,30.0,120.0,1,0.0,1.0,2,2,4,0,0,0,0,4,0,0,0,4,0,2,0,2,0,1,1,0,0,2,11,30
201600024102,16,8,14,3,1,4,1.0,2.0,2.0,7.0,0.0,0.0,2.0,1.0,1,1,3.0,2.0,3.0,1.0,0.0,400.0,1,0.0,1.0,2,1,4,0,0,0,0,4,2,0,2,0,0,4,0,0,0,1,1,0,0,2,22,30
201000010390,10,5,1,5,2,1,1.0,7.0,0.0,7.0,0.0,11.0,0.0,1.0,1,1,3.0,2.0,2.0,1.0,0.0,65.0,1,0.0,3.0,1,2,1,0,0,0,0,1,0,0,1,0,0,0,0,1,0,1,0,0,0,2,23,45
201100040153,11,8,10,1,1,1,1.0,1.0,0.0,7.0,0.0,0.0,2.0,13.0,1,-1,2.0,2.0,2.0,1.0,0.0,80.0,1,3.0,1.0,2,4,4,0,0,0,0,4,0,0,2,2,0,4,0,0,0,1,0,0,0,4,8,30
201100046395,11,9,21,5,2,1,1.0,7.0,0.0,30.0,0.0,1.0,0.0,1.0,1,2,3.0,2.0,2.0,1.0,0.0,100.0,1,0.0,1.0,1,2,1,0,0,0,0,1,0,0,1,0,0,0,0,1,0,0,0,1,0,2,23,30
201300015812,13,10,2,5,2,1,1.0,1.0,0.0,30.0,0.0,0.0,2.0,1.0,1,2,4.0,2.0,2.0,1.0,0.0,90.0,1,0.0,1.0,2,3,2,4,0,0,2,4,0,6,0,0,0,0,0,6,0,1,0,0,0,3,21,26
201000021877,10,8,29,1,2,1,1.0,6.0,0.0,2.0,0.0,1.0,0.0,1.0,1,0,4.0,2.0,1.0,1.0,0.0,60.0,1,0.0,1.0,1,2,1,0,0,0,0,1,0,0,1,0,0,1,0,0,0,1,0,0,0,2,18,15
201500032755,15,3,31,1,2,2,1.0,6.0,0.0,7.0,0.0,0.0,1.0,15.0,1,-1,4.0,2.0,3.0,1.0,0.0,90.0,1,0.0,1.0,1,1,2,0,0,1,0,1,0,1,1,0,0,0,0,1,1,1,0,0,0,3,14,40
200800028821,8,5,10,1,1,1,1.0,1.0,0.0,33.0,0.0,0.0,2.0,1.0,1,2,3.0,2.0,2.0,2.0,0.0,70.0,1,0.0,1.0,2,3,4,0,0,0,0,4,0,0,4,0,0,2,0,2,0,1,0,0,0,3,11,0
201000004951,10,1,8,3,1,1,8.0,6.0,0.0,7.0,0.0,10.0,0.0,1.0,1,1,3.0,2.0,2.0,1.0,0.0,50.0,0,0.0,3.0,1,3,0,1,0,0,0,1,0,0,1,0,0,0,0,0,1,0,0,0,1,3,19,15
201700042428,17,10,1,5,2,7,2.0,6.0,1.0,7.0,0.0,12.0,0.0,14.0,1,1,4.0,1.0,1.0,1.0,0.0,0.0,1,5.0,1.0,1,1,2,0,0,0,1,1,2,0,0,0,0,0,0,2,0,1,0,0,0,2,3,40
201100045801,11,8,7,1,2,1,1.0,4.0,0.0,7.0,0.0,14.0,0.0,2.0,1,1,3.0,2.0,1.0,2.0,0.0,80.0,1,0.0,1.0,3,3,6,6,0,0,3,9,0,0,12,0,0,9,0,0,3,1,1,0,0,3,12,5
200600061084,6,10,18,1,2,1,1.0,2.0,0.0,7.0,0.0,0.0,0.0,4.0,1,1,6.0,0.0,0.0,1.0,0.0,0.0,1,0.0,1.0,2,1,2,2,0,0,0,4,0,0,2,0,2,2,2,0,0,0,1,1,0,2,14,30
200600012086,6,3,8,1,2,1,2.0,2.0,0.0,7.0,0.0,0.0,2.0,1.0,1,1,4.0,2.0,2.0,1.0,0.0,84.0,1,0.0,1.0,2,1,2,2,0,0,0,4,0,0,0,0,4,4,0,0,0,1,1,0,0,2,8,0
201400033251,14,3,29,5,2,3,1.0,3.0,0.0,31.0,0.0,0.0,2.0,1.0,1,2,4.0,2.0,2.0,1.0,0.0,52.0,1,0.0,1.0,2,2,2,2,0,0,0,4,0,0,4,0,0,0,0,4,0,0,0,1,0,2,21,0
201000034444,10,9,13,1,2,2,1.0,1.0,0.0,2.0,0.0,0.0,2.0,15.0,1,2,4.0,2.0,2.0,1.0,0.0,75.0,1,0.0,1.0,2,2,0,4,0,0,0,4,4,0,0,0,0,0,0,2,2,1,0,0,0,2,12,5
200900036768,9,9,24,1,1,1,1.0,3.0,0.0,33.0,0.0,0.0,2.0,6.0,1,2,3.0,2.0,0.0,1.0,0.0,84.0,1,0.0,1.0,2,3,4,0,0,0,0,4,0,0,2,2,0,2,0,2,0,1,0,0,0,3,10,0
201600019696,16,9,26,2,2,3,1.0,3.0,2.0,7.0,0.0,0.0,2.0,15.0,1,1,4.0,2.0,2.0,1.0,0.0,70.0,1,0.0,1.0,2,1,4,0,0,0,0,4,2,0,0,0,2,2,2,0,0,1,0,1,0,3,8,0
200800065132,8,11,8,5,2,5,2.0,6.0,0.0,7.0,0.0,0.0,1.0,1.0,1,1,4.0,1.0,1.0,1.0,0.0,62.0,1,0.0,0.0,1,1,2,1,0,2,0,1,1,0,2,0,0,1,1,1,0,1,0,0,0,2,18,40
200500039697,5,6,17,5,2,1,1.0,6.0,0.0,2.0,0.0,0.0,1.0,1.0,1,2,3.0,2.0,2.0,1.0,0.0,72.0,1,0.0,4.0,1,1,1,4,0,3,1,1,0,1,4,0,0,3,2,0,0,1,0,0,0,2,22,15
200500048253,5,8,6,1,1,1,1.0,7.0,0.0,7.0,0.0,2.0,0.0,0.0,1,1,3.0,2.0,0.0,1.0,0.0,0.0,1,0.0,3.0,1,2,0,1,0,0,0,1,0,0,1,0,0,0,0,1,0,1,0,0,0,2,9,30
200800072869,8,12,30,5,2,1,1.0,6.0,0.0,7.0,0.0,8.0,0.0,1.0,1,1,4.0,2.0,2.0,1.0,0.0,50.0,1,0.0,1.0,1,1,1,1,0,0,1,1,0,2,0,0,0,0,0,2,0,1,0,0,0,2,4,10
201400051763,14,6,30,1,2,7,1.0,1.0,0.0,7.0,0.0,0.0,2.0,15.0,1,0,4.0,0.0,1.0,1.0,0.0,30.0,1,0.0,1.0,2,1,2,2,0,0,0,4,0,0,2,2,0,2,0,0,2,0,0,0,0,2,18,20
200700063233,7,10,24,1,2,4,1.0,6.0,0.0,31.0,0.0,0.0,1.0,1.0,3,-1,4.0,3.0,4.0,1.0,0.0,0.0,1,0.0,1.0,1,2,1,1,0,1,0,1,0,1,0,0,1,1,0,1,0,1,0,0,0,2,13,0
201600005240,16,9,21,5,1,1,1.0,3.0,1.0,7.0,0.0,0.0,0.0,1.0,1,1,3.0,2.0,2.0,0.0,0.0,120.0,1,5.0,1.0,2,2,4,0,0,0,0,4,2,0,0,0,2,0,2,2,0,1,0,0,0,4,20,30
200600014993,6,3,1,1,1,1,1.0,6.0,0.0,5.0,0.0,0.0,0.0,1.0,1,2,1.0,3.0,2.0,2.0,0.0,85.0,0,3.0,1.0,1,2,1,0,0,0,0,1,0,0,0,0,1,0,0,1,0,0,0,1,0,2,7,30
201200038451,12,9,5,5,2,1,1.0,6.0,1.0,1.0,0.0,0.0,1.0,0.0,3,-1,3.0,2.0,2.0,1.0,0.0,60.0,1,0.0,5.0,1,2,1,0,0,1,0,0,0,1,0,0,0,1,0,0,0,1,0,0,0,2,0,1
201000004605,10,8,22,1,2,1,1.0,1.0,0.0,7.0,0.0,0.0,2.0,1.0,1,1,3.0,2.0,2.0,1.0,0.0,60.0,1,0.0,1.0,2,2,2,2,0,0,0,4,0,0,4,0,0,2,0,2,0,1,0,0,0,2,18,25
200500007700,5,2,26,5,2,1,1.0,2.0,0.0,7.0,0.0,0.0,2.0,2.0,1,-1,4.0,3.0,6.0,1.0,10.0,190.0,1,0.0,1.0,2,2,4,2,0,0,2,4,0,2,4,0,0,2,0,4,0,1,1,0,0,2,5,25
200500072698,5,11,8,1,2,1,1.0,6.0,2.0,7.0,0.0,0.0,1.0,0.0,3,-1,4.0,2.0,2.0,1.0,0.0,0.0,1,0.0,1.0,1,2,1,0,0,1,0,0,0,1,0,0,0,0,1,0,0,0,0,0,0,2,7,50
200600020734,6,4,24,1,2,3,1.0,3.0,0.0,2.0,0.0,0.0,2.0,17.0,1,-1,4.0,2.0,2.0,1.0,0.0,0.0,1,0.0,1.0,2,1,2,2,0,0,0,4,0,0,4,0,0,0,0,4,0,1,0,1,0,3,16,10