Num_Acc,an,mois,jour,lum,agg,int,atm,col,senc,catv,occutc,obs,obsm,manv,catu,secu,catr,circ,nbv,prof,lartpc,larrout,surf,infra,situ,nb_veh,grav_simpl,Homme,Femme,Arrière,Autre_x,Avant,Conducteur,Autre_y,Inconnu,Loisirs,Professionnel,Travail,Adulte,Enfant,Jeune,Senior,choc_avant,choc_arriere,choc_lateral,choc_multiple,grav_order_max,heure,minute
201400057553,14,9,11,5,2,1,1.0,6.0,0.0,33.0,0.0,8.0,2.0,18.0,1,2,4.0,3.0,6.0,1.0,15.0,210.0,1,2.0,1.0,4,4,16,0,0,0,0,16,0,12,0,4,0,4,0,12,0,1,1,0,1,4,2,0
200700049747,7,8,7,5,2,1,1.0,7.0,0.0,7.0,0.0,4.0,0.0,14.0,1,1,4.0,2.0,2.0,1.0,0.0,70.0,1,0.0,1.0,1,1,2,4,2,2,1,1,1,5,0,0,0,1,0,5,0,1,0,0,0,2,1,45
201600038723,16,10,12,1,2,2,1.0,6.0,1.0,7.0,0.0,0.0,1.0,1.0,1,1,3.0,2.0,2.0,1.0,0.0,0.0,1,0.0,1.0,1,1,2,0,0,1,0,1,0,1,0,1,0,2,0,0,0,1,0,0,0,2,15,30
200700016745,7,3,10,3,1,1,1.0,6.0,0.0,7.0,0.0,0.0,2.0,9.0,1,-1,3.0,2.0,2.0,1.0,0.0,900.0,1,0.0,1.0,2,1,4,0,0,0,0,4,0,0,4,0,0,2,0,2,0,1,0,0,0,3,20,35
201100003052,11,9,29,3,2,1,1.0,7.0,0.0,2.0,0.0,0.0,0.0,0.0,1,0,3.0,2.0,2.0,1.0,0.0,0.0,1,5.0,1.0,1,3,1,0,0,0,0,1,1,0,0,0,0,0,0,1,0,0,0,1,0,3,0,30
201600015129,16,7,13,1,2,1,1.0,2.0,1.0,7.0,0.0,0.0,2.0,2.0,1,1,4.0,2.0,2.0,1.0,0.0,60.0,1,0.0,1.0,2,1,10,0,2,0,4,4,0,2,0,8,0,8,0,2,0,1,1,0,0,2,16,5
200700058210,7,9,20,1,2,3,1.0,6.0,0.0,7.0,0.0,0.0,1.0,15.0,1,-1,3.0,2.0,2.0,1.0,0.0,0.0,1,0.0,1.0,1,1,0,2,0,1,0,1,2,0,0,0,0,2,0,0,0,1,0,0,0,2,13,30
200900012396,9,7,5,1,2,3,1.0,6.0,0.0,30.0,0.0,8.0,0.0,21.0,1,2,4.0,1.0,1.0,1.0,0.0,50.0,1,0.0,0.0,1,2,1,0,0,0,0,1,0,1,0,0,0,1,0,0,0,0,0,1,0,2,14,50
201400004953,14,4,16,1,1,1,1.0,7.0,0.0,7.0,0.0,13.0,0.0,1.0,1,1,3.0,2.0,0.0,1.0,0.0,60.0,1,0.0,3.0,1,4,1,0,0,0,0,1,0,0,1,0,0,0,0,0,1,0,0,0,1,4,19,0
201600054896,16,3,28,5,2,7,1.0,6.0,1.0,7.0,0.0,0.0,1.0,16.0,1,1,4.0,2.0,4.0,1.0,0.0,0.0,1,0.0,1.0,1,1,1,1,0,1,0,1,1,0,1,0,0,0,1,0,1,1,0,0,0,2,23,35
201700006406,17,10,31,1,2,1,1.0,6.0,1.0,7.0,0.0,0.0,1.0,21.0,1,1,4.0,2.0,1.0,2.0,0.0,0.0,1,0.0,1.0,1,1,0,2,0,1,0,1,1,0,1,0,0,1,0,0,1,0,1,0,0,3,10,56
201600036826,16,1,6,1,2,1,1.0,6.0,2.0,7.0,0.0,1.0,1.0,1.0,1,1,3.0,1.0,1.0,2.0,0.0,40.0,1,0.0,1.0,1,1,1,1,0,1,0,1,0,0,1,0,1,1,1,0,0,1,0,0,0,2,11,50
200800000444,8,1,27,1,2,1,1.0,3.0,0.0,7.0,0.0,0.0,2.0,15.0,1,1,3.0,2.0,2.0,1.0,0.0,60.0,1,0.0,1.0,2,1,6,2,2,0,2,4,0,4,4,0,0,0,0,6,2,1,0,0,0,3,15,45
200900046663,9,11,13,3,1,1,1.0,2.0,0.0,7.0,0.0,14.0,0.0,1.0,1,1,3.0,2.0,2.0,0.0,0.0,66.0,1,0.0,1.0,2,1,4,0,0,0,0,4,2,0,0,0,2,2,0,2,0,1,0,0,0,3,19,30
200600060033,6,10,20,1,1,1,1.0,1.0,0.0,7.0,0.0,0.0,2.0,13.0,1,1,1.0,3.0,3.0,1.0,23.0,105.0,1,0.0,1.0,2,1,4,2,0,0,2,4,0,2,2,2,0,2,0,4,0,0,1,0,0,3,17,0
200500077120,5,11,26,5,1,1,1.0,2.0,0.0,7.0,0.0,4.0,0.0,9.0,1,1,1.0,1.0,3.0,1.0,15.0,105.0,1,0.0,1.0,2,2,2,4,2,0,0,4,0,2,4,0,0,2,0,4,0,1,1,0,0,2,0,30
200500018587,5,4,16,5,2,1,1.0,2.0,0.0,7.0,0.0,0.0,2.0,21.0,1,1,4.0,3.0,2.0,1.0,16.0,80.0,1,0.0,1.0,2,1,4,2,0,0,2,4,2,2,2,0,0,2,0,4,0,1,1,0,0,2,21,0
200700006194,7,2,7,3,1,9,1.0,1.0,0.0,7.0,0.0,0.0,2.0,0.0,1,1,2.0,2.0,2.0,1.0,0.0,90.0,1,5.0,1.0,2,1,8,2,6,0,0,4,0,6,4,0,0,2,0,8,0,1,0,0,0,3,19,15
201100060523,11,7,1,1,2,3,1.0,7.0,0.0,31.0,0.0,0.0,0.0,1.0,1,2,4.0,1.0,1.0,2.0,0.0,30.0,1,0.0,1.0,1,2,1,1,0,0,1,1,0,1,1,0,0,1,0,0,1,0,0,0,0,2,12,30
200600028715,6,5,12,1,2,1,1.0,6.0,0.0,7.0,0.0,0.0,1.0,4.0,1,1,4.0,2.0,2.0,1.0,0.0,70.0,1,0.0,1.0,1,1,1,1,0,1,0,1,0,0,1,1,0,1,0,0,1,0,1,0,0,2,17,45
201500022886,15,10,13,1,2,1,2.0,6.0,0.0,7.0,0.0,0.0,2.0,0.0,1,1,4.0,2.0,2.0,1.0,0.0,0.0,1,0.0,1.0,2,1,6,0,0,2,0,4,0,4,0,2,0,4,0,2,0,1,0,1,0,2,9,30
201600045937,16,7,4,3,1,1,1.0,6.0,2.0,7.0,0.0,3.0,0.0,21.0,1,1,2.0,3.0,4.0,1.0,0.0,-1.0,1,0.0,2.0,1,2,0,1,0,0,0,1,0,0,1,0,0,0,0,1,0,0,1,0,0,2,0,50
201600048040,16,12,25,3,1,1,1.0,7.0,2.0,7.0,0.0,16.0,0.0,1.0,1,1,3.0,3.0,4.0,1.0,15.0,140.0,1,0.0,1.0,1,1,1,2,1,0,1,1,0,3,0,0,0,1,2,0,0,1,0,0,0,2,0,32
200800005757,8,1,5,1,1,1,2.0,7.0,0.0,7.0,0.0,4.0,0.0,1.0,1,1,1.0,3.0,3.0,1.0,10.0,105.0,1,0.0,1.0,1,2,1,0,0,0,0,1,0,0,1,0,0,1,0,0,0,1,0,0,0,2,8,50
200600065193,6,10,31,1,2,1,1.0,6.0,0.0,7.0,0.0,0.0,1.0,1.0,1,-1,4.0,2.0,1.0,2.0,0.0,30.0,-1,0.0,1.0,1,1,1,1,0,1,0,1,0,2,0,0,0,0,1,1,0,1,0,0,0,2,15,54
201700004403,17,8,13,3,2,1,1.0,7.0,2.0,32.0,0.0,0.0,0.0,1.0,1,2,3.0,2.0,2.0,1.0,0.0,0.0,1,0.0,1.0,1,3,1,0,0,0,0,1,0,0,1,0,0,1,0,0,0,0,0,1,0,3,2,10
201600040903,16,1,16,1,2,2,1.0,3.0,2.0,10.0,0.0,0.0,2.0,1.0,1,-1,4.0,2.0,3.0,1.0,0.0,0.0,1,0.0,1.0,2,1,2,2,0,0,0,4,0,0,4,0,0,2,0,0,2,1,0,1,0,3,11,20
201200009159,12,7,1,1,1,1,1.0,7.0,0.0,7.0,0.0,13.0,0.0,14.0,1,1,3.0,2.0,2.0,1.0,0.0,65.0,1,0.0,3.0,1,3,1,0,0,0,0,1,0,1,0,0,0,0,0,0,1,0,0,0,1,3,7,0
201300019960,13,10,16,1,2,1,3.0,2.0,0.0,7.0,0.0,0.0,2.0,2.0,1,1,3.0,4.0,3.0,1.0,0.0,100.0,1,5.0,1.0,2,1,2,4,2,0,0,4,2,0,4,0,0,2,0,0,4,1,1,0,0,3,18,10
200800036770,8,7,9,1,2,1,1.0,6.0,0.0,36.0,0.0,1.0,1.0,1.0,1,2,4.0,2.0,1.0,1.0,0.0,0.0,1,0.0,1.0,1,2,2,0,0,1,0,1,0,0,2,0,0,0,1,1,0,1,0,0,0,2,13,15
200600024578,6,5,6,1,2,1,1.0,2.0,0.0,2.0,0.0,0.0,2.0,1.0,1,2,3.0,2.0,2.0,2.0,0.0,98.0,1,0.0,1.0,2,3,2,2,0,0,0,4,2,0,2,0,0,0,0,2,2,1,1,0,0,3,10,15
200900044440,9,6,4,1,1,1,1.0,7.0,0.0,31.0,0.0,13.0,0.0,0.0,1,2,3.0,0.0,2.0,2.0,0.0,106.0,1,0.0,1.0,1,3,0,1,0,0,0,1,0,0,1,0,0,1,0,0,0,1,0,0,0,3,10,55
201600057004,16,11,21,5,2,1,1.0,6.0,0.0,33.0,0.0,0.0,1.0,1.0,1,2,4.0,2.0,6.0,1.0,0.0,220.0,1,2.0,1.0,1,3,1,1,0,1,0,1,0,2,0,0,0,1,0,1,0,1,0,0,0,3,21,20
200600041923,6,7,24,1,1,1,1.0,2.0,0.0,7.0,0.0,0.0,0.0,1.0,1,1,1.0,3.0,6.0,2.0,15.0,210.0,1,0.0,1.0,2,1,4,0,0,0,0,4,0,2,2,0,0,2,0,2,0,1,1,0,0,2,11,35
201300029265,13,12,17,5,2,1,1.0,1.0,0.0,7.0,0.0,0.0,2.0,13.0,1,1,4.0,2.0,2.0,1.0,0.0,0.0,1,0.0,1.0,2,2,4,0,0,0,0,4,0,0,2,2,0,4,0,0,0,1,0,0,0,2,18,8
201700011912,17,1,5,1,1,1,8.0,6.0,2.0,7.0,0.0,13.0,0.0,2.0,1,1,3.0,2.0,2.0,2.0,0.0,46.0,0,0.0,3.0,1,2,1,0,0,0,0,1,0,0,0,0,1,1,0,0,0,1,0,0,0,2,9,55
200700064277,7,10,12,1,2,1,1.0,6.0,0.0,7.0,0.0,0.0,4.0,1.0,1,-1,4.0,2.0,4.0,1.0,0.0,0.0,1,0.0,1.0,2,1,2,6,2,0,2,4,2,4,0,2,0,4,0,2,2,1,0,0,0,2,15,20
200700007628,7,2,13,1,2,1,1.0,3.0,0.0,7.0,0.0,0.0,2.0,15.0,1,1,4.0,2.0,4.0,1.0,0.0,138.0,1,5.0,1.0,2,1,2,2,0,0,0,4,0,0,4,0,0,2,0,0,2,0,0,1,0,2,13,22
200600013318,6,3,2,5,2,1,1.0,6.0,0.0,7.0,0.0,4.0,0.0,13.0,1,-1,4.0,3.0,4.0,1.0,15.0,120.0,1,0.0,1.0,1,2,1,0,0,0,0,1,0,0,1,0,0,1,0,0,0,1,0,0,0,2,3,10
201300010594,13,10,21,1,2,1,1.0,2.0,0.0,7.0,0.0,0.0,0.0,2.0,1,-1,4.0,2.0,2.0,1.0,0.0,0.0,1,0.0,1.0,2,2,0,4,0,0,0,4,0,4,0,0,0,4,0,0,0,1,1,0,0,2,8,55
200900060028,9,12,15,1,1,2,8.0,3.0,0.0,7.0,0.0,0.0,2.0,15.0,1,1,2.0,4.0,3.0,4.0,0.0,0.0,1,5.0,1.0,2,2,4,2,0,0,2,4,2,2,2,0,0,2,0,0,4,1,0,1,0,3,9,30
200600067971,6,11,4,1,2,1,1.0,7.0,0.0,7.0,0.0,16.0,0.0,1.0,1,-1,4.0,2.0,2.0,1.0,0.0,0.0,1,0.0,1.0,1,3,0,1,0,0,0,1,1,0,0,0,0,0,0,1,0,0,0,0,0,3,14,10
201000063827,10,4,3,1,2,1,2.0,3.0,0.0,7.0,0.0,0.0,2.0,9.0,1,1,4.0,0.0,0.0,1.0,0.0,0.0,1,0.0,5.0,2,1,2,2,0,0,0,4,0,0,2,2,0,2,0,2,0,1,0,0,0,2,14,55
201200001149,12,3,28,1,1,1,1.0,6.0,0.0,7.0,0.0,2.0,0.0,1.0,1,1,4.0,2.0,2.0,2.0,0.0,60.0,1,0.0,3.0,1,3,0,2,0,0,1,1,1,1,0,0,0,1,0,1,0,0,0,0,1,3,12,0
200900063070,9,11,18,5,2,1,2.0,3.0,0.0,7.0,0.0,0.0,2.0,15.0,1,1,4.0,2.0,0.0,2.0,0.0,0.0,1,0.0,1.0,2,1,4,0,0,0,0,4,0,0,0,0,4,0,0,4,0,1,0,1,0,3,17,45
201500041358,15,7,3,1,2,1,1.0,3.0,0.0,7.0,0.0,0.0,2.0,10.0,1,1,2.0,2.0,0.0,2.0,0.0,0.0,1,0.0,1.0,2,2,2,2,0,0,0,4,0,0,0,0,4,2,0,2,0,1,0,0,0,3,17,15
201000026251,10,5,29,1,2,3,1.0,6.0,0.0,7.0,0.0,0.0,2.0,9.0,1,1,4.0,1.0,1.0,1.0,0.0,40.0,1,0.0,1.0,2,1,2,4,0,0,2,4,0,0,6,0,0,4,2,0,0,1,0,0,0,2,12,5
201300011044,13,6,20,1,2,6,1.0,3.0,0.0,7.0,0.0,0.0,2.0,1.0,1,1,4.0,1.0,2.0,1.0,0.0,0.0,1,0.0,1.0,2,1,2,2,0,0,0,4,0,2,2,0,0,2,0,2,0,1,1,0,0,2,19,0
201000037681,10,5,12,4,2,2,2.0,6.0,0.0,7.0,0.0,0.0,1.0,1.0,1,-1,4.0,2.0,2.0,1.0,0.0,0.0,1,5.0,1.0,1,1,0,2,0,1,0,1,1,0,0,1,0,1,0,1,0,1,0,0,0,3,7,0
201600042913,16,11,4,1,2,1,2.0,6.0,1.0,10.0,0.0,8.0,0.0,21.0,1,1,4.0,1.0,0.0,1.0,0.0,0.0,1,0.0,1.0,1,1,0,2,1,0,0,1,1,0,1,0,0,1,1,0,0,1,0,0,0,2,9,20
201700037348,17,8,17,1,2,6,1.0,1.0,2.0,31.0,0.0,0.0,2.0,15.0,1,2,4.0,2.0,0.0,1.0,0.0,60.0,1,0.0,0.0,2,2,2,4,0,0,2,4,0,0,4,0,2,2,0,2,2,1,0,0,0,2,7,5
200500044587,5,7,13,5,1,6,1.0,7.0,0.0,7.0,0.0,9.0,0.0,0.0,1,1,2.0,2.0,2.0,1.0,0.0,80.0,1,5.0,1.0,1,2,1,1,0,0,1,1,0,1,1,0,0,2,0,0,0,0,0,0,0,2,0,50
201200014741,12,2,3,1,2,1,1.0,2.0,1.0,7.0,0.0,0.0,2.0,1.0,1,1,4.0,2.0,0.0,2.0,0.0,0.0,1,0.0,1.0,2,2,0,2,0,0,0,2,0,0,2,0,0,2,0,0,0,1,1,0,0,2,14,45
201300011417,13,12,11,1,2,1,1.0,3.0,0.0,2.0,0.0,0.0,2.0,1.0,1,2,4.0,2.0,2.0,1.0,0.0,0.0,1,0.0,1.0,2,2,4,0,0,0,0,4,2,2,0,0,0,2,2,0,0,1,1,0,0,2,15,0
201600015372,16,7,29,2,2,1,1.0,5.0,2.0,7.0,0.0,0.0,2.0,0.0,1,1,4.0,3.0,2.0,1.0,0.0,0.0,1,0.0,1.0,4,1,20,0,0,0,4,16,0,20,0,0,0,4,0,12,4,0,0,1,0,2,20,15
200900052079,9,11,9,1,2,1,1.0,2.0,0.0,15.0,0.0,0.0,2.0,2.0,1,1,2.0,2.0,2.0,1.0,0.0,103.0,1,0.0,1.0,2,1,2,2,0,0,0,4,0,0,2,2,0,2,0,2,0,1,1,0,0,2,10,30
201100003133,11,2,20,5,2,1,1.0,6.0,0.0,30.0,0.0,1.0,0.0,14.0,1,0,3.0,2.0,2.0,2.0,0.0,0.0,1,0.0,3.0,1,2,1,0,0,0,0,1,0,0,1,0,0,0,1,0,0,1,0,0,0,2,4,30
200800002456,8,1,11,1,2,2,2.0,4.0,0.0,7.0,0.0,14.0,0.0,1.0,1,-1,4.0,2.0,0.0,1.0,0.0,160.0,1,5.0,1.0,3,2,12,12,9,0,6,9,6,15,0,3,0,9,12,3,0,1,1,0,1,2,17,10
200500041659,5,7,3,3,1,1,1.0,6.0,0.0,7.0,0.0,2.0,0.0,1.0,1,-1,3.0,2.0,2.0,1.0,0.0,62.0,1,0.0,0.0,1,4,1,0,0,0,0,1,0,0,0,0,1,0,0,1,0,1,0,0,0,4,22,0
200500070837,5,11,25,1,1,1,2.0,5.0,0.0,7.0,0.0,0.0,2.0,13.0,1,1,2.0,2.0,2.0,1.0,0.0,72.0,1,0.0,1.0,3,2,3,6,0,0,0,9,3,0,3,0,3,3,0,6,0,1,0,0,1,3,14,15
201400049459,14,5,14,1,1,1,1.0,4.0,0.0,7.0,0.0,0.0,2.0,2.0,1,1,1.0,3.0,4.0,1.0,15.0,140.0,1,0.0,1.0,4,1,8,8,0,0,0,16,0,12,4,0,0,4,0,12,0,1,1,0,0,2,13,45
201300030462,13,1,28,5,2,1,1.0,3.0,0.0,32.0,0.0,0.0,2.0,0.0,1,2,4.0,3.0,4.0,1.0,0.0,0.0,1,0.0,1.0,2,2,2,0,0,0,0,2,0,0,2,0,0,2,0,0,0,1,0,1,0,2,17,45
201600048365,16,4,6,1,2,1,1.0,6.0,1.0,7.0,0.0,0.0,1.0,1.0,1,1,3.0,3.0,2.0,1.0,24.0,70.0,1,0.0,1.0,1,1,1,1,0,1,0,1,0,1,1,0,0,0,1,1,0,1,0,0,0,3,18,0
200900053115,9,10,23,1,2,1,1.0,3.0,0.0,10.0,0.0,0.0,2.0,0.0,1,1,3.0,2.0,2.0,0.0,0.0,62.0,1,0.0,1.0,2,1,2,2,0,0,0,4,0,2,0,2,0,2,0,0,2,1,0,0,0,3,8,30
201500020273,15,11,26,1,2,1,1.0,1.0,0.0,7.0,0.0,0.0,9.0,1.0,1,1,9.0,1.0,3.0,1.0,0.0,0.0,1,0.0,1.0,2,2,4,0,0,0,0,4,2,0,0,2,0,4,0,0,0,1,0,1,0,2,15,5
200900054264,9,11,4,1,2,1,1.0,3.0,0.0,31.0,0.0,0.0,2.0,2.0,1,-1,4.0,2.0,2.0,1.0,0.0,80.0,1,0.0,1.0,2,2,2,2,0,0,0,4,0,4,0,0,0,4,0,0,0,1,1,0,0,2,12,25
201300004332,13,3,9,5,2,1,1.0,1.0,0.0,7.0,0.0,0.0,2.0,1.0,1,1,4.0,2.0,2.0,1.0,0.0,63.0,1,0.0,1.0,2,1,6,0,0,0,2,4,0,2,2,2,0,6,0,0,0,1,0,0,0,2,20,0
200600072089,6,11,30,3,1,1,1.0,3.0,0.0,7.0,0.0,0.0,2.0,17.0,1,1,2.0,2.0,2.0,1.0,0.0,60.0,1,0.0,1.0,2,3,2,2,0,0,0,4,2,0,0,0,2,2,0,0,2,0,0,1,0,3,17,45
200800004079,8,1,15,1,1,1,1.0,7.0,0.0,7.0,0.0,15.0,0.0,19.0,2,1,3.0,2.0,2.0,0.0,0.0,60.0,1,0.0,3.0,1,2,0,2,0,0,1,1,1,1,0,0,0,1,0,1,0,1,0,0,0,2,8,0
200600069440,6,11,1,1,1,1,1.0,4.0,0.0,7.0,0.0,0.0,2.0,1.0,1,1,2.0,3.0,4.0,2.0,0.0,0.0,1,0.0,1.0,3,1,6,12,0,0,9,9,0,9,9,0,0,12,0,0,6,1,1,0,0,2,11,15
200800071319,8,12,15,1,2,1,1.0,3.0,0.0,7.0,0.0,8.0,2.0,6.0,1,1,3.0,2.0,2.0,1.0,0.0,68.0,1,0.0,1.0,2,1,2,4,0,0,2,4,2,2,2,0,0,4,0,0,2,1,0,1,0,2,14,45
201400006637,14,6,22,1,1,2,1.0,3.0,0.0,33.0,0.0,0.0,2.0,1.0,1,2,3.0,2.0,2.0,2.0,0.0,61.0,1,0.0,1.0,2,3,4,2,0,0,2,4,0,0,6,0,0,2,0,0,4,1,0,0,0,3,11,0
201400052893,14,5,20,5,2,3,1.0,6.0,0.0,7.0,0.0,7.0,0.0,13.0,1,-1,4.0,2.0,3.0,0.0,0.0,30.0,1,0.0,1.0,1,3,1,0,0,0,0,1,0,0,0,1,0,0,0,0,1,0,0,0,1,3,23,45
201100040864,11,7,28,1,2,3,1.0,3.0,0.0,1.0,0.0,0.0,2.0,17.0,1,-1,4.0,2.0,2.0,1.0,0.0,70.0,1,0.0,1.0,2,2,4,0,0,0,0,4,2,0,2,0,0,4,0,0,0,1,0,0,0,2,17,30
201700025446,17,6,23,1,1,1,1.0,3.0,1.0,14.0,0.0,0.0,2.0,0.0,1,1,3.0,2.0,2.0,3.0,0.0,62.0,1,0.0,1.0,2,1,6,2,0,4,0,4,0,0,6,2,0,2,4,2,0,1,1,0,0,3,20,45
201700056017,17,2,26,1,2,7,1.0,6.0,0.0,7.0,0.0,0.0,2.0,1.0,1,2,4.0,1.0,5.0,1.0,0.0,0.0,1,0.0,1.0,2,2,0,2,0,0,0,2,0,0,2,0,0,0,0,0,2,0,0,1,0,2,9,25
201600006348,16,11,1,5,2,1,1.0,5.0,1.0,7.0,0.0,0.0,2.0,1.0,1,-1,3.0,2.0,2.0,1.0,0.0,740.0,1,0.0,1.0,4,1,24,16,12,4,8,16,0,0,40,0,0,12,16,4,8,1,0,1,0,3,18,0
201200020766,12,8,19,1,1,1,1.0,7.0,0.0,7.0,0.0,0.0,9.0,9.0,1,1,2.0,3.0,0.0,0.0,0.0,0.0,-1,0.0,3.0,1,2,2,0,0,0,1,1,0,2,0,0,0,2,0,0,0,0,0,0,1,2,14,20
200900062564,9,10,20,1,2,2,1.0,3.0,0.0,30.0,0.0,0.0,2.0,1.0,1,2,4.0,2.0,2.0,1.0,0.0,0.0,1,0.0,0.0,2,2,4,0,0,0,0,4,0,4,0,0,0,0,0,2,2,1,0,1,0,2,9,0
200800030240,8,6,22,1,1,1,1.0,1.0,0.0,7.0,0.0,0.0,2.0,13.0,1,1,3.0,2.0,2.0,1.0,0.0,66.0,1,0.0,3.0,2,2,4,0,0,0,0,4,0,0,4,0,0,4,0,0,0,1,0,0,0,2,19,0
200700068287,7,11,26,5,1,2,2.0,5.0,0.0,7.0,0.0,0.0,2.0,16.0,1,1,4.0,2.0,2.0,1.0,0.0,60.0,1,0.0,1.0,3,1,9,9,0,0,9,9,0,9,9,0,0,3,3,12,0,1,0,0,0,3,21,40
201100025405,11,1,26,5,2,1,2.0,2.0,0.0,33.0,0.0,0.0,2.0,0.0,1,2,4.0,2.0,4.0,1.0,0.0,0.0,1,0.0,1.0,2,2,2,2,0,0,0,4,2,0,0,2,0,2,0,2,0,1,1,0,0,2,7,50
200600066293,6,11,22,5,2,1,1.0,1.0,0.0,33.0,0.0,0.0,2.0,21.0,1,2,4.0,2.0,0.0,1.0,0.0,0.0,1,0.0,1.0,2,2,2,2,0,0,0,4,0,0,0,0,4,4,0,0,0,1,0,0,0,2,19,50
201100039980,11,5,25,1,2,6,1.0,6.0,0.0,7.0,0.0,0.0,1.0,16.0,1,1,4.0,2.0,2.0,2.0,0.0,0.0,1,0.0,1.0,1,1,0,2,0,1,0,1,1,0,1,0,0,1,0,0,1,1,0,0,0,2,17,25
200900044828,9,10,15,1,2,1,1.0,4.0,0.0,7.0,0.0,0.0,2.0,2.0,1,1,3.0,2.0,2.0,1.0,0.0,0.0,1,0.0,1.0,3,1,9,3,0,0,3,9,9,3,0,0,0,6,3,3,0,1,1,0,0,2,8,0
200600043706,6,7,24,1,1,1,1.0,2.0,0.0,15.0,0.0,0.0,2.0,2.0,1,1,2.0,3.0,4.0,1.0,20.0,74.0,1,0.0,1.0,2,1,4,0,0,0,0,4,0,0,0,4,0,4,0,0,0,1,1,0,0,3,20,0
200900068826,9,10,14,1,2,4,1.0,2.0,0.0,7.0,0.0,0.0,2.0,1.0,1,1,2.0,1.0,1.0,2.0,0.0,0.0,1,3.0,1.0,2,1,4,6,4,0,2,4,0,10,0,0,0,2,0,4,4,1,1,0,0,2,10,40
200600063175,6,10,6,5,2,1,2.0,1.0,0.0,1.0,0.0,0.0,2.0,5.0,1,-1,4.0,2.0,4.0,1.0,0.0,120.0,1,0.0,1.0,2,2,4,0,0,0,0,4,0,0,4,0,0,2,0,2,0,1,0,0,0,2,19,5
201000053904,10,11,13,5,2,1,2.0,4.0,0.0,7.0,0.0,0.0,2.0,1.0,1,1,2.0,2.0,4.0,1.0,0.0,100.0,1,0.0,1.0,3,1,6,12,6,0,3,9,0,0,18,0,0,9,6,3,0,1,1,0,0,2,23,30
200700025262,7,5,29,1,2,3,1.0,1.0,0.0,7.0,0.0,0.0,9.0,1.0,1,1,3.0,0.0,0.0,0.0,0.0,86.0,1,5.0,0.0,2,1,4,0,0,0,0,4,0,0,4,0,0,0,2,2,0,1,0,1,0,3,19,15
201400056051,14,6,6,1,2,3,1.0,3.0,0.0,1.0,0.0,0.0,2.0,7.0,1,-1,4.0,1.0,3.0,1.0,0.0,0.0,1,0.0,1.0,2,2,2,2,0,0,0,4,2,2,0,0,0,0,2,2,0,1,1,0,0,2,13,15
201500055371,15,11,5,1,2,1,1.0,6.0,0.0,32.0,0.0,0.0,1.0,1.0,1,2,4.0,1.0,1.0,1.0,0.0,0.0,1,0.0,5.0,1,2,1,1,0,1,0,1,1,1,0,0,0,1,0,1,0,1,0,0,0,2,12,45
201400041302,14,6,17,5,2,1,1.0,6.0,0.0,7.0,0.0,0.0,1.0,4.0,1,1,4.0,1.0,2.0,0.0,0.0,0.0,1,1.0,1.0,1,1,2,0,0,1,0,1,0,0,0,2,0,2,0,0,0,0,1,0,0,2,7,15
201700025911,17,10,15,5,2,1,1.0,6.0,2.0,40.0,30.0,0.0,1.0,1.0,1,-1,4.0,3.0,4.0,1.0,0.0,0.0,1,4.0,1.0,1,1,2,0,0,1,0,1,0,1,0,1,0,2,0,0,0,0,0,1,0,3,20,15
200500015529,5,3,29,2,2,3,2.0,3.0,0.0,7.0,0.0,0.0,2.0,15.0,1,1,3.0,2.0,2.0,1.0,0.0,60.0,1,0.0,1.0,2,1,4,0,0,0,0,4,0,0,0,2,2,4,0,0,0,1,0,1,0,2,7,30
201500053149,15,6,8,1,2,7,1.0,3.0,0.0,10.0,0.0,0.0,2.0,1.0,1,1,4.0,1.0,1.0,0.0,0.0,0.0,-1,0.0,1.0,2,1,4,0,0,0,0,4,2,2,0,0,0,2,0,0,2,1,0,0,0,2,8,30
201600050768,16,7,13,1,1,1,1.0,4.0,2.0,10.0,0.0,0.0,2.0,2.0,1,1,1.0,3.0,3.0,1.0,15.0,105.0,1,0.0,1.0,4,1,12,8,4,0,0,16,0,4,8,4,4,8,0,8,4,1,1,0,0,2,7,59
201200054538,12,11,27,1,2,3,2.0,7.0,0.0,30.0,0.0,0.0,0.0,21.0,1,2,4.0,1.0,4.0,2.0,0.0,100.0,1,0.0,1.0,1,2,1,0,0,0,0,1,0,1,0,0,0,1,0,0,0,0,0,0,0,2,13,25
200600037703,6,7,29,1,2,1,1.0,7.0,0.0,7.0,0.0,0.0,2.0,1.0,1,1,2.0,2.0,2.0,1.0,0.0,98.0,1,0.0,1.0,1,1,1,1,0,1,0,1,0,0,2,0,0,0,0,1,1,1,0,0,0,2,12,20
201500030438,15,6,27,1,2,1,1.0,6.0,0.0,7.0,0.0,6.0,0.0,1.0,1,1,4.0,2.0,2.0,1.0,0.0,0.0,1,0.0,0.0,1,1,3,0,1,0,1,1,0,0,3,0,0,1,1,1,0,0,0,1,0,3,19,0
201500035142,15,9,1,1,2,1,1.0,6.0,0.0,7.0,0.0,0.0,1.0,0.0,1,1,3.0,2.0,2.0,1.0,35.0,40.0,1,0.0,1.0,1,1,2,0,0,1,0,1,0,1,1,0,0,0,0,0,2,1,0,0,0,3,16,10