Num_Acc,an,mois,jour,lum,agg,int,atm,col,senc,catv,occutc,obs,obsm,manv,catu,secu,catr,circ,nbv,prof,lartpc,larrout,surf,infra,situ,nb_veh,grav_simpl,Homme,Femme,Arrière,Autre_x,Avant,Conducteur,Autre_y,Inconnu,Loisirs,Professionnel,Travail,Adulte,Enfant,Jeune,Senior,choc_avant,choc_arriere,choc_lateral,choc_multiple,grav_order_max,heure,minute
201000016818,10,7,13,5,1,1,1.0,6.0,0.0,7.0,0.0,2.0,0.0,1.0,1,1,4.0,3.0,2.0,1.0,0.0,80.0,1,0.0,1.0,1,3,1,1,0,0,1,1,0,1,1,0,0,1,0,1,0,1,0,0,0,3,4,20
201100036158,11,3,28,1,2,1,1.0,6.0,0.0,7.0,0.0,0.0,1.0,0.0,1,1,4.0,2.0,0.0,1.0,0.0,0.0,1,0.0,1.0,1,1,2,0,0,1,0,1,1,0,0,1,0,1,1,0,0,1,0,0,0,2,17,0
200500078090,5,12,4,1,1,1,8.0,6.0,0.0,7.0,0.0,8.0,0.0,1.0,1,1,3.0,2.0,2.0,1.0,0.0,49.0,1,0.0,1.0,1,1,2,0,0,0,1,1,0,1,1,0,0,0,1,1,0,1,0,0,0,2,9,15
201700008453,17,5,23,1,1,1,1.0,7.0,0.0,38.0,30.0,16.0,0.0,1.0,1,1,9.0,2.0,2.0,1.0,0.0,0.0,1,0.0,3.0,1,1,1,15,3,11,1,1,0,0,15,1,0,0,0,1,15,0,0,1,0,4,11,30
201500044455,15,1,10,3,1,1,2.0,4.0,0.0,7.0,0.0,0.0,2.0,1.0,1,1,1.0,3.0,2.0,1.0,60.0,25.0,1,3.0,1.0,3,1,6,6,0,0,3,9,0,0,12,0,0,12,0,0,0,1,1,0,1,2,19,10
201700017555,17,6,16,3,1,1,1.0,7.0,0.0,34.0,0.0,2.0,0.0,1.0,1,2,3.0,2.0,2.0,2.0,0.0,70.0,1,0.0,3.0,1,3,1,0,0,0,0,1,0,1,0,0,0,1,0,0,0,0,0,0,0,3,2,30
200600000659,6,1,30,3,1,1,1.0,2.0,0.0,7.0,0.0,0.0,2.0,21.0,1,1,2.0,3.0,4.0,1.0,20.0,70.0,1,0.0,1.0,2,1,0,4,0,0,0,4,0,4,0,0,0,4,0,0,0,1,1,0,0,2,19,25
201300044203,13,6,5,1,2,1,1.0,6.0,0.0,7.0,0.0,0.0,1.0,0.0,1,1,4.0,1.0,1.0,1.0,0.0,48.0,1,0.0,1.0,1,1,1,1,0,1,0,1,0,0,0,0,2,2,0,0,0,1,0,0,0,2,9,15
200700012117,7,3,26,1,1,1,1.0,3.0,0.0,7.0,0.0,0.0,2.0,13.0,1,1,3.0,2.0,2.0,2.0,0.0,71.0,1,0.0,1.0,2,4,2,2,0,0,0,4,0,0,0,0,4,2,0,2,0,1,0,1,0,4,18,15
201700031365,17,9,21,1,1,3,1.0,7.0,1.0,3.0,0.0,15.0,0.0,16.0,1,2,3.0,2.0,2.0,1.0,11.0,810.0,0,0.0,1.0,1,3,1,0,0,0,0,1,0,0,1,0,0,0,0,0,1,0,1,0,0,3,17,55
201300013909,13,12,25,1,2,1,8.0,6.0,0.0,7.0,0.0,0.0,1.0,1.0,1,1,4.0,0.0,1.0,0.0,0.0,60.0,-1,0.0,1.0,1,1,2,0,0,1,0,1,0,2,0,0,0,2,0,0,0,1,0,0,0,2,9,35
200500081355,5,12,28,5,2,2,1.0,3.0,0.0,7.0,0.0,0.0,2.0,1.0,1,1,3.0,2.0,2.0,1.0,0.0,0.0,1,5.0,0.0,2,1,4,4,2,0,2,4,0,4,4,0,0,0,4,2,2,1,0,0,0,2,19,35
201700041542,17,9,7,1,2,1,1.0,2.0,1.0,7.0,0.0,0.0,2.0,7.0,1,1,4.0,1.0,0.0,1.0,0.0,0.0,1,0.0,1.0,2,1,2,2,0,0,0,4,0,4,0,0,0,2,0,2,0,1,1,0,0,2,17,10
200800069454,8,12,13,1,1,1,1.0,6.0,0.0,7.0,0.0,13.0,0.0,1.0,1,1,3.0,2.0,2.0,1.0,0.0,0.0,1,0.0,0.0,1,2,1,0,0,0,0,1,0,0,1,0,0,1,0,0,0,0,0,0,1,2,16,0
201000005949,10,7,10,5,1,1,1.0,6.0,0.0,7.0,0.0,15.0,0.0,1.0,1,0,3.0,2.0,2.0,1.0,42.0,81.0,1,0.0,3.0,1,4,1,0,0,0,0,1,0,0,1,0,0,1,0,0,0,1,0,0,0,4,7,30
200900012156,9,3,19,1,1,1,1.0,1.0,0.0,7.0,0.0,0.0,2.0,17.0,1,1,3.0,2.0,2.0,1.0,0.0,60.0,1,0.0,1.0,2,3,4,0,0,0,0,4,0,0,2,0,2,4,0,0,0,1,0,0,0,3,14,30
200500028154,5,5,17,1,2,3,3.0,1.0,0.0,7.0,0.0,0.0,2.0,15.0,1,1,4.0,2.0,2.0,3.0,0.0,73.0,1,0.0,1.0,2,1,6,0,0,0,2,4,0,2,0,2,2,4,0,2,0,1,0,0,0,2,12,28
201700002312,17,6,9,5,2,1,1.0,6.0,0.0,33.0,0.0,14.0,0.0,1.0,1,-1,3.0,2.0,2.0,1.0,0.0,10.0,-1,0.0,-1.0,1,3,1,0,0,0,0,1,0,1,0,0,0,0,1,0,0,1,0,0,0,3,2,50
200800068027,8,11,13,2,2,1,1.0,3.0,0.0,7.0,0.0,0.0,2.0,18.0,1,-1,4.0,4.0,2.0,1.0,0.0,0.0,1,0.0,1.0,2,1,2,4,0,2,0,4,0,4,0,2,0,2,0,2,2,1,0,0,0,2,16,25
200500077257,5,11,15,5,1,1,2.0,3.0,0.0,7.0,0.0,0.0,0.0,1.0,1,1,2.0,1.0,3.0,1.0,5.0,105.0,1,0.0,1.0,2,1,2,4,2,0,0,4,0,6,0,0,0,2,2,2,0,0,1,1,0,2,21,30
201200004862,12,11,20,3,1,1,5.0,7.0,0.0,37.0,0.0,8.0,0.0,1.0,1,1,3.0,2.0,2.0,0.0,0.0,65.0,1,0.0,3.0,1,1,19,6,24,0,0,1,0,24,0,1,0,0,21,3,1,1,0,0,0,2,7,0
201200050407,12,11,10,3,1,1,1.0,5.0,0.0,7.0,0.0,0.0,2.0,12.0,1,1,1.0,3.0,3.0,2.0,15.0,90.0,1,0.0,1.0,3,1,9,0,0,0,0,9,0,0,3,0,6,3,0,6,0,1,0,0,0,2,20,40
201400052204,14,11,9,5,2,1,1.0,6.0,0.0,32.0,0.0,14.0,0.0,1.0,1,2,4.0,3.0,4.0,1.0,10.0,100.0,1,0.0,1.0,1,2,1,1,0,0,1,1,0,0,2,0,0,2,0,0,0,0,0,0,0,2,2,15
201000026670,10,4,29,1,2,1,1.0,6.0,0.0,7.0,0.0,0.0,2.0,1.0,1,1,3.0,0.0,2.0,1.0,0.0,70.0,1,5.0,1.0,1,1,1,1,0,1,0,1,0,2,0,0,0,0,0,0,2,1,0,0,0,2,18,25
201300003927,13,6,8,3,1,1,2.0,6.0,0.0,7.0,0.0,2.0,0.0,13.0,1,1,3.0,2.0,2.0,1.0,0.0,42.0,1,0.0,3.0,1,2,1,0,0,0,0,1,0,0,1,0,0,1,0,0,0,0,0,1,0,2,23,0
201100005318,11,2,6,5,2,1,1.0,1.0,0.0,3.0,0.0,0.0,2.0,15.0,1,-1,3.0,2.0,0.0,1.0,0.0,0.0,1,5.0,1.0,2,1,6,2,0,0,2,6,0,4,4,0,0,4,0,4,0,1,0,1,0,3,6,0
201500044309,15,3,12,1,2,1,1.0,3.0,0.0,37.0,2.0,0.0,2.0,13.0,1,1,4.0,2.0,2.0,1.0,0.0,-1.0,1,0.0,1.0,2,2,2,0,0,0,0,2,0,0,0,2,0,2,0,0,0,1,0,0,0,2,18,45
201200009800,12,8,27,1,1,1,7.0,1.0,0.0,7.0,0.0,0.0,2.0,1.0,1,1,3.0,2.0,2.0,1.0,0.0,45.0,1,0.0,1.0,2,3,4,0,0,0,0,4,0,0,0,0,4,4,0,0,0,1,0,0,0,3,17,30
201400012013,14,2,2,1,1,1,8.0,6.0,0.0,7.0,0.0,3.0,0.0,0.0,1,1,1.0,2.0,2.0,2.0,0.0,103.0,1,3.0,1.0,1,2,1,1,0,0,1,1,0,1,1,0,0,1,1,0,0,1,0,0,0,2,12,15
200600065096,6,10,8,5,2,2,1.0,1.0,0.0,2.0,0.0,0.0,2.0,15.0,1,2,3.0,2.0,2.0,1.0,0.0,0.0,1,0.0,1.0,2,3,8,0,4,0,0,4,0,4,4,0,0,0,0,8,0,1,0,0,0,3,2,25
201000066948,10,6,29,1,2,4,1.0,3.0,0.0,15.0,0.0,0.0,0.0,1.0,1,1,4.0,3.0,2.0,1.0,15.0,35.0,1,0.0,1.0,2,1,4,2,0,0,2,4,0,0,2,2,2,2,0,4,0,1,1,0,0,2,11,45
201000054727,10,10,1,5,1,1,3.0,2.0,0.0,7.0,0.0,3.0,0.0,2.0,1,1,9.0,2.0,2.0,1.0,0.0,-1.0,1,2.0,1.0,2,1,2,4,0,0,2,4,4,2,0,0,0,2,0,4,0,1,1,0,0,3,20,25
200800021334,8,4,5,1,2,1,1.0,4.0,0.0,7.0,0.0,0.0,0.0,0.0,1,1,3.0,2.0,4.0,1.0,0.0,30.0,1,0.0,1.0,3,1,3,9,0,0,3,9,0,3,9,0,0,12,0,0,0,1,1,0,1,3,18,10
200700060400,7,10,3,1,2,1,1.0,6.0,0.0,10.0,0.0,0.0,1.0,1.0,1,1,2.0,2.0,0.0,1.0,0.0,55.0,1,6.0,1.0,1,1,1,1,0,1,0,1,1,0,1,0,0,0,0,0,2,1,0,0,0,4,10,45
201300048324,13,1,28,1,2,2,2.0,3.0,0.0,7.0,0.0,0.0,2.0,1.0,1,-1,4.0,1.0,1.0,1.0,0.0,0.0,1,0.0,1.0,2,2,2,2,0,0,0,4,0,4,0,0,0,2,0,2,0,1,1,0,0,2,12,0
200700072692,7,11,27,1,2,1,1.0,3.0,0.0,7.0,0.0,0.0,2.0,3.0,1,1,3.0,3.0,1.0,1.0,60.0,40.0,1,2.0,1.0,2,1,0,4,0,0,0,4,0,0,2,2,0,2,0,2,0,0,0,1,0,2,10,0
201500041962,15,1,14,1,2,1,2.0,1.0,0.0,7.0,0.0,0.0,2.0,15.0,1,1,4.0,2.0,2.0,1.0,0.0,0.0,1,0.0,1.0,2,2,2,2,0,0,0,4,0,0,4,0,0,4,0,0,0,1,0,0,0,3,13,25
200700071224,7,11,17,1,2,1,1.0,7.0,0.0,33.0,0.0,0.0,0.0,21.0,1,2,3.0,1.0,2.0,1.0,0.0,60.0,1,0.0,1.0,1,2,1,0,0,0,0,1,0,0,0,0,1,1,0,0,0,1,0,0,0,2,9,45
201000038128,10,9,9,2,2,1,1.0,1.0,0.0,1.0,0.0,0.0,2.0,11.0,1,0,3.0,2.0,2.0,1.0,0.0,161.0,1,0.0,1.0,2,4,6,0,2,0,0,4,0,0,6,0,0,0,4,2,0,1,0,0,0,4,19,57
201200012220,12,7,25,1,1,1,1.0,1.0,0.0,7.0,0.0,0.0,0.0,17.0,1,1,1.0,1.0,3.0,1.0,10.0,90.0,1,0.0,1.0,2,2,2,6,4,0,0,4,0,4,4,0,0,0,4,2,2,1,0,0,1,2,14,45
201000035628,10,9,2,1,2,1,1.0,1.0,0.0,7.0,0.0,0.0,2.0,5.0,1,1,4.0,2.0,2.0,1.0,0.0,0.0,1,0.0,1.0,2,2,4,0,0,0,0,4,0,0,2,2,0,2,0,0,2,1,0,0,0,2,13,50
200900062751,9,8,9,5,2,1,1.0,6.0,0.0,7.0,0.0,1.0,0.0,1.0,1,1,4.0,2.0,2.0,1.0,0.0,72.0,1,0.0,1.0,1,3,1,0,0,0,0,1,0,0,1,0,0,0,0,0,1,1,0,0,0,3,22,0
201400051123,14,6,22,1,1,1,1.0,6.0,0.0,7.0,0.0,3.0,0.0,14.0,1,1,1.0,3.0,2.0,1.0,15.0,70.0,1,0.0,2.0,1,2,0,1,0,0,0,1,0,0,1,0,0,0,0,1,0,1,0,0,0,2,6,20
200800005087,8,1,21,4,2,2,1.0,6.0,0.0,7.0,0.0,0.0,1.0,1.0,1,1,2.0,2.0,2.0,2.0,0.0,0.0,1,0.0,1.0,1,1,3,0,0,1,1,1,0,2,0,1,0,2,1,0,0,1,0,0,0,2,7,40
200800015082,8,3,10,1,2,1,2.0,5.0,0.0,33.0,0.0,0.0,2.0,12.0,1,-1,4.0,2.0,4.0,1.0,0.0,63.0,1,0.0,1.0,3,2,9,0,0,0,0,9,0,6,0,0,3,6,0,0,3,0,0,0,0,2,14,20
201000030292,10,4,28,5,2,3,1.0,6.0,0.0,7.0,0.0,0.0,1.0,0.0,1,1,4.0,2.0,2.0,1.0,0.0,80.0,1,0.0,1.0,1,1,1,1,0,1,0,1,0,1,1,0,0,0,0,1,1,1,0,0,0,2,23,43
201300031148,13,9,26,2,2,1,1.0,1.0,0.0,33.0,0.0,0.0,2.0,17.0,1,2,3.0,2.0,3.0,1.0,0.0,105.0,1,0.0,1.0,2,4,2,2,0,0,0,4,0,0,4,0,0,2,0,0,2,1,0,0,0,4,17,45
200500082284,5,12,19,2,2,2,2.0,3.0,0.0,7.0,0.0,0.0,2.0,1.0,1,1,4.0,2.0,2.0,1.0,0.0,60.0,1,0.0,1.0,2,2,2,2,0,0,0,4,0,0,0,4,0,4,0,0,0,1,0,0,0,2,7,22
201200057090,12,3,9,1,2,3,1.0,7.0,0.0,32.0,0.0,0.0,0.0,7.0,1,2,4.0,1.0,2.0,1.0,0.0,74.0,0,0.0,1.0,1,2,1,0,0,0,0,1,0,0,0,0,1,0,0,0,1,0,0,0,0,2,8,10
201300052000,13,5,2,5,2,2,1.0,3.0,0.0,33.0,0.0,0.0,2.0,18.0,1,2,4.0,2.0,4.0,1.0,0.0,100.0,1,0.0,1.0,2,2,4,0,0,0,0,4,0,4,0,0,0,4,0,0,0,1,0,1,0,2,20,30
201000031646,10,3,30,1,2,1,1.0,7.0,0.0,37.0,0.0,0.0,0.0,1.0,1,-1,4.0,2.0,4.0,1.0,0.0,120.0,1,0.0,1.0,1,1,1,2,1,0,1,1,0,2,0,1,0,1,1,0,1,0,0,0,0,3,17,30
200800059119,8,10,12,4,2,2,1.0,3.0,0.0,7.0,0.0,0.0,2.0,1.0,1,1,4.0,1.0,3.0,1.0,0.0,126.0,1,5.0,1.0,2,1,6,2,2,0,2,4,0,4,2,2,0,6,0,2,0,1,1,0,0,2,21,15
201700044141,17,11,24,2,2,2,2.0,6.0,1.0,7.0,0.0,0.0,1.0,16.0,1,1,4.0,2.0,2.0,1.0,17.0,147.0,1,0.0,1.0,1,1,1,1,0,1,0,1,1,0,0,0,1,0,0,1,1,1,0,0,0,2,7,40
200600061590,6,10,13,1,2,2,1.0,3.0,0.0,7.0,0.0,0.0,2.0,19.0,1,1,2.0,1.0,2.0,1.0,0.0,55.0,1,5.0,1.0,2,1,2,2,0,0,0,4,0,0,2,2,0,2,0,0,2,1,0,1,0,2,15,25
201200038140,12,7,25,5,2,2,1.0,2.0,0.0,33.0,0.0,0.0,2.0,1.0,1,2,3.0,2.0,0.0,2.0,0.0,0.0,1,0.0,1.0,2,3,2,2,0,0,0,4,0,0,2,0,2,2,0,2,0,1,1,0,0,3,23,10
201500017970,15,6,21,1,1,1,1.0,6.0,0.0,7.0,0.0,13.0,0.0,14.0,1,0,3.0,2.0,2.0,4.0,0.0,0.0,1,0.0,1.0,1,3,1,0,0,0,0,1,1,0,0,0,0,1,0,0,0,1,0,0,0,3,19,45
201300014490,13,4,3,1,2,1,1.0,6.0,0.0,7.0,0.0,0.0,2.0,1.0,1,1,4.0,2.0,2.0,1.0,0.0,100.0,1,0.0,1.0,2,1,4,0,0,0,0,4,0,0,2,0,2,2,0,0,2,1,0,1,0,3,16,0
200500024853,5,5,4,1,1,1,1.0,2.0,0.0,7.0,0.0,0.0,0.0,15.0,1,1,2.0,2.0,2.0,1.0,0.0,77.0,1,0.0,1.0,2,2,4,0,0,0,0,4,0,0,2,0,2,0,0,4,0,1,0,0,0,2,19,0
200800010346,8,2,18,5,1,1,1.0,4.0,1.0,14.0,0.0,0.0,0.0,9.0,1,1,1.0,1.0,3.0,1.0,0.0,130.0,1,0.0,1.0,3,1,3,3,0,0,0,6,0,0,3,0,3,3,0,3,0,1,1,0,0,2,19,45
201100003132,11,2,7,1,1,1,1.0,1.0,0.0,7.0,0.0,0.0,2.0,1.0,1,1,3.0,2.0,2.0,1.0,0.0,73.0,1,0.0,1.0,2,4,4,2,0,0,2,4,0,2,0,2,2,4,0,0,2,1,0,0,0,4,10,0
200900031357,9,5,6,1,2,2,1.0,3.0,0.0,33.0,0.0,0.0,2.0,1.0,1,2,4.0,2.0,2.0,1.0,0.0,0.0,1,0.0,1.0,2,3,4,0,0,0,0,4,0,4,0,0,0,4,0,0,0,1,0,0,0,3,20,30
201000052322,10,12,12,1,1,6,1.0,6.0,0.0,7.0,0.0,12.0,0.0,9.0,1,1,3.0,3.0,2.0,1.0,0.0,0.0,1,5.0,4.0,1,3,0,1,0,0,0,1,0,0,1,0,0,0,0,1,0,1,0,0,0,3,7,50
201700011809,17,3,26,1,1,1,1.0,1.0,2.0,33.0,0.0,0.0,2.0,13.0,1,2,3.0,2.0,2.0,1.0,0.0,88.0,1,0.0,1.0,2,3,6,2,0,0,4,4,0,0,8,0,0,2,0,6,0,1,0,0,0,3,15,30
201600048313,16,3,1,1,2,1,1.0,6.0,1.0,7.0,0.0,0.0,2.0,1.0,1,1,4.0,1.0,4.0,1.0,0.0,0.0,1,0.0,1.0,2,1,2,2,0,0,0,4,0,0,2,0,2,4,0,0,0,1,0,1,0,2,14,20
201000064780,10,2,26,5,2,5,1.0,2.0,0.0,7.0,0.0,0.0,2.0,2.0,1,-1,4.0,1.0,2.0,2.0,0.0,0.0,1,0.0,1.0,2,1,4,0,0,0,0,4,0,0,0,0,4,4,0,0,0,1,1,0,0,2,19,10
200800020604,8,4,10,1,2,1,1.0,6.0,0.0,7.0,0.0,0.0,1.0,1.0,1,-1,4.0,2.0,3.0,1.0,0.0,108.0,1,0.0,1.0,1,1,0,2,0,1,0,1,0,0,2,0,0,0,0,0,2,1,0,0,0,2,14,30
201200042851,12,1,15,5,2,3,9.0,1.0,0.0,10.0,0.0,0.0,2.0,15.0,1,1,4.0,2.0,2.0,1.0,0.0,59.0,1,0.0,1.0,2,1,4,0,0,0,0,4,2,0,2,0,0,0,0,4,0,1,0,0,0,2,23,10
200900038582,9,9,4,1,2,3,1.0,3.0,0.0,7.0,0.0,0.0,2.0,16.0,1,-1,4.0,0.0,0.0,0.0,0.0,0.0,1,0.0,0.0,2,1,2,4,0,0,2,4,0,6,0,0,0,2,0,4,0,1,0,0,0,2,14,5
200900059058,9,8,24,1,2,2,1.0,3.0,0.0,7.0,0.0,0.0,2.0,16.0,1,1,4.0,2.0,3.0,1.0,0.0,0.0,1,0.0,1.0,2,1,2,4,0,0,2,4,2,2,0,2,0,4,2,0,0,1,0,1,0,2,11,30
201000016026,10,10,13,2,2,1,1.0,2.0,0.0,2.0,0.0,0.0,2.0,2.0,1,-1,3.0,2.0,2.0,1.0,0.0,0.0,1,0.0,1.0,2,2,2,2,0,0,0,4,0,4,0,0,0,2,0,2,0,1,1,0,0,2,17,40
201600003845,16,1,8,1,1,1,8.0,3.0,2.0,7.0,0.0,0.0,2.0,15.0,1,1,3.0,2.0,2.0,1.0,0.0,112.0,1,5.0,1.0,2,2,6,6,4,0,4,4,0,0,4,0,8,10,2,0,0,1,0,1,0,3,16,30
200700008276,7,2,16,1,2,3,1.0,5.0,0.0,7.0,0.0,7.0,2.0,1.0,1,1,4.0,2.0,2.0,1.0,0.0,150.0,1,5.0,1.0,3,2,9,3,0,0,3,9,0,3,6,3,0,3,0,6,3,1,0,0,0,2,9,55
200800013513,8,3,27,5,2,1,1.0,7.0,0.0,7.0,0.0,3.0,0.0,1.0,1,-1,2.0,3.0,4.0,1.0,20.0,140.0,1,2.0,1.0,1,3,1,0,0,0,0,1,1,0,0,0,0,1,0,0,0,1,0,0,0,3,23,50
200700080455,7,12,15,5,2,2,1.0,3.0,0.0,7.0,0.0,0.0,2.0,1.0,1,1,4.0,1.0,1.0,1.0,0.0,41.0,1,0.0,1.0,2,1,4,0,0,0,0,4,0,0,4,0,0,0,0,4,0,1,0,0,0,2,18,45
200800017125,8,4,28,1,1,1,2.0,5.0,0.0,7.0,0.0,0.0,2.0,2.0,1,1,3.0,2.0,0.0,0.0,0.0,80.0,1,0.0,1.0,4,1,12,16,4,0,8,16,8,12,8,0,0,12,0,16,0,1,1,0,0,3,18,0
200900049259,9,8,13,1,1,1,2.0,7.0,0.0,7.0,0.0,3.0,0.0,14.0,1,1,1.0,3.0,4.0,0.0,20.0,70.0,1,0.0,1.0,1,2,0,1,0,0,0,1,0,0,1,0,0,0,0,0,1,0,0,1,0,2,11,0
200700079679,7,12,16,1,2,1,1.0,6.0,0.0,7.0,0.0,0.0,1.0,1.0,1,1,2.0,2.0,4.0,1.0,200.0,100.0,1,0.0,1.0,1,1,1,1,0,1,0,1,0,0,2,0,0,1,1,0,0,1,0,0,0,2,14,55
201200043801,12,10,11,1,2,1,8.0,1.0,0.0,34.0,0.0,0.0,2.0,1.0,1,2,4.0,2.0,2.0,1.0,0.0,60.0,1,0.0,1.0,2,3,4,0,0,0,0,4,0,4,0,0,0,4,0,0,0,1,0,0,0,3,15,30
200900000771,9,2,9,5,2,3,2.0,3.0,0.0,32.0,0.0,0.0,2.0,1.0,1,2,4.0,1.0,2.0,1.0,0.0,120.0,1,0.0,1.0,2,2,4,0,0,0,0,4,0,0,2,2,0,4,0,0,0,0,0,1,0,2,20,35
200600026073,6,5,24,5,2,1,1.0,6.0,0.0,1.0,0.0,6.0,0.0,0.0,1,-1,4.0,2.0,2.0,2.0,0.0,60.0,1,0.0,4.0,1,3,1,0,0,0,0,1,0,0,1,0,0,0,0,1,0,1,0,0,0,3,22,30
200600036567,6,6,25,5,2,1,2.0,6.0,0.0,7.0,0.0,0.0,1.0,1.0,1,1,4.0,2.0,2.0,1.0,0.0,50.0,1,0.0,1.0,1,1,2,0,0,1,0,1,0,1,1,0,0,0,1,1,0,1,0,0,0,3,22,15
200900025572,9,6,27,5,2,3,1.0,3.0,0.0,7.0,0.0,0.0,2.0,15.0,2,1,4.0,2.0,2.0,1.0,0.0,60.0,1,0.0,1.0,2,1,2,6,2,0,2,4,0,0,8,0,0,2,0,6,0,1,0,1,0,2,22,30
201600049384,16,8,30,1,2,1,1.0,6.0,0.0,7.0,0.0,0.0,1.0,0.0,1,1,4.0,2.0,0.0,1.0,0.0,0.0,1,0.0,1.0,1,1,1,1,0,1,0,1,0,2,0,0,0,1,0,0,1,1,0,0,0,2,9,58
201400029498,14,9,7,5,2,1,1.0,6.0,1.0,7.0,0.0,0.0,1.0,0.0,4,-1,4.0,1.0,1.0,1.0,0.0,0.0,1,0.0,1.0,1,2,1,0,0,1,0,0,0,1,0,0,0,0,0,1,0,0,0,0,0,2,0,15
201000041300,10,5,29,1,2,4,1.0,6.0,0.0,7.0,0.0,0.0,2.0,1.0,1,1,4.0,2.0,3.0,2.0,0.0,90.0,1,0.0,1.0,2,1,4,0,0,0,0,4,0,0,4,0,0,0,0,2,2,1,0,0,0,2,13,30
201700009252,17,3,15,1,2,3,1.0,6.0,1.0,7.0,0.0,0.0,1.0,0.0,1,1,4.0,1.0,2.0,1.0,0.0,60.0,1,0.0,1.0,1,1,2,0,0,1,0,1,0,1,0,1,0,1,0,0,1,0,0,0,0,2,13,30
201400041054,14,7,20,1,2,1,1.0,6.0,0.0,7.0,0.0,0.0,1.0,1.0,1,-1,3.0,3.0,4.0,1.0,0.0,170.0,1,0.0,1.0,1,1,0,2,0,1,0,1,0,0,2,0,0,0,0,0,2,1,0,0,0,2,10,34
200800012703,8,3,26,1,2,1,2.0,7.0,0.0,10.0,0.0,12.0,0.0,1.0,1,1,4.0,2.0,2.0,1.0,0.0,70.0,1,0.0,1.0,1,2,2,1,1,0,1,1,0,2,1,0,0,0,2,1,0,1,0,0,0,2,14,21
201100023533,11,9,2,3,1,1,1.0,7.0,0.0,7.0,0.0,3.0,0.0,21.0,1,1,1.0,3.0,2.0,1.0,25.0,70.0,1,0.0,1.0,1,2,0,1,0,0,0,1,0,0,1,0,0,0,0,1,0,1,0,0,0,2,21,0
200600058221,6,10,12,5,2,1,1.0,1.0,0.0,7.0,0.0,1.0,0.0,1.0,1,1,3.0,2.0,2.0,1.0,62.0,70.0,1,0.0,4.0,2,1,6,0,0,0,2,4,0,4,2,0,0,2,0,4,0,1,0,1,0,3,21,25
201500032656,15,1,25,1,2,1,2.0,3.0,0.0,2.0,0.0,0.0,2.0,1.0,1,2,4.0,4.0,3.0,2.0,0.0,101.0,1,0.0,1.0,2,2,2,2,0,0,0,4,0,2,2,0,0,0,0,4,0,1,0,1,0,2,17,0
200800019230,8,4,21,5,1,1,2.0,6.0,0.0,7.0,0.0,0.0,0.0,2.0,1,1,2.0,1.0,0.0,2.0,0.0,0.0,1,0.0,1.0,1,3,1,0,0,0,0,1,0,0,1,0,0,0,0,1,0,1,0,0,0,3,0,53
201700046842,17,9,27,1,1,1,1.0,5.0,2.0,7.0,0.0,0.0,2.0,11.0,1,1,1.0,1.0,4.0,1.0,0.0,0.0,1,0.0,1.0,4,1,16,0,0,0,0,16,0,12,0,4,0,12,0,4,0,0,0,1,1,2,9,0
201600034476,16,8,27,1,1,1,1.0,6.0,0.0,99.0,0.0,2.0,0.0,0.0,1,-1,4.0,0.0,0.0,0.0,0.0,0.0,-1,0.0,0.0,1,3,1,0,0,0,0,1,0,0,1,0,0,1,0,0,0,0,0,0,0,3,15,5
201100038768,11,1,21,5,2,1,1.0,6.0,0.0,1.0,0.0,0.0,1.0,1.0,1,-1,4.0,3.0,2.0,1.0,0.0,50.0,1,0.0,4.0,1,1,0,2,0,1,0,1,0,0,1,0,1,1,0,0,1,1,0,0,0,2,19,50
201600009408,16,10,29,1,2,1,1.0,6.0,2.0,7.0,0.0,0.0,1.0,1.0,1,1,3.0,2.0,2.0,1.0,30.0,82.0,1,0.0,1.0,1,1,2,0,0,1,0,1,0,0,2,0,0,1,0,0,1,0,0,1,0,2,17,15
201200013460,12,7,10,1,1,1,1.0,3.0,0.0,33.0,0.0,0.0,2.0,17.0,1,2,4.0,2.0,2.0,1.0,0.0,0.0,1,0.0,1.0,2,2,6,0,0,0,2,4,0,2,4,0,0,0,0,6,0,1,0,1,0,2,9,55
201500003214,15,6,15,3,2,1,8.0,6.0,0.0,7.0,0.0,1.0,0.0,13.0,1,1,4.0,2.0,1.0,1.0,0.0,46.0,1,0.0,3.0,1,1,2,0,0,0,1,1,0,1,1,0,0,2,0,0,0,1,0,0,0,3,3,0
201700036913,17,3,16,1,2,1,1.0,6.0,1.0,7.0,0.0,0.0,1.0,1.0,1,1,3.0,2.0,2.0,1.0,0.0,70.0,1,0.0,1.0,1,1,0,2,0,1,0,1,0,0,2,0,0,0,1,0,1,1,0,0,0,3,18,10
201700042309,17,3,23,1,2,2,1.0,6.0,2.0,7.0,0.0,0.0,0.0,1.0,1,1,3.0,2.0,2.0,1.0,0.0,60.0,1,0.0,1.0,1,1,1,1,0,1,0,1,1,0,0,0,1,1,1,0,0,0,0,1,0,2,8,50
201500046400,15,5,13,1,1,1,1.0,3.0,0.0,7.0,0.0,0.0,2.0,12.0,1,1,2.0,1.0,2.0,1.0,10.0,70.0,1,0.0,1.0,2,1,4,2,0,0,2,4,0,2,4,0,0,6,0,0,0,1,0,0,0,2,20,25