Num_Acc,an,mois,jour,lum,agg,int,atm,col,senc,catv,occutc,obs,obsm,manv,catu,secu,catr,circ,nbv,prof,lartpc,larrout,surf,infra,situ,nb_veh,grav_simpl,Homme,Femme,Arrière,Autre_x,Avant,Conducteur,Autre_y,Inconnu,Loisirs,Professionnel,Travail,Adulte,Enfant,Jeune,Senior,choc_avant,choc_arriere,choc_lateral,choc_multiple,grav_order_max,heure,minute
201300003664,13,10,16,3,1,1,2.0,3.0,0.0,30.0,0.0,0.0,2.0,2.0,1,2,3.0,2.0,2.0,2.0,0.0,0.0,1,0.0,1.0,2,3,4,2,0,0,2,4,0,2,4,0,0,2,0,4,0,1,0,0,0,3,19,15
201500030854,15,6,11,1,2,1,1.0,6.0,0.0,7.0,0.0,0.0,1.0,1.0,1,1,3.0,2.0,2.0,1.0,0.0,77.0,1,6.0,1.0,1,1,0,2,0,1,0,1,1,1,0,0,0,0,0,1,1,1,0,0,0,3,14,0
201100063352,11,6,24,1,2,1,1.0,3.0,0.0,7.0,0.0,0.0,1.0,10.0,1,1,4.0,2.0,2.0,2.0,50.0,50.0,1,0.0,1.0,2,1,4,0,0,0,0,4,0,4,0,0,0,2,0,2,0,1,0,0,0,2,9,40
200500027964,5,5,19,1,2,3,1.0,6.0,0.0,7.0,0.0,0.0,1.0,1.0,1,1,4.0,2.0,2.0,2.0,0.0,82.0,1,0.0,1.0,1,1,1,1,0,1,0,1,1,0,1,0,0,1,1,0,0,1,0,0,0,2,8,30
201500022837,15,9,22,5,2,6,2.0,3.0,0.0,1.0,0.0,0.0,2.0,1.0,1,0,4.0,1.0,3.0,1.0,0.0,0.0,1,0.0,1.0,2,3,4,0,0,0,0,4,0,2,2,0,0,0,0,2,2,1,0,1,0,3,21,45
201600055803,16,3,22,1,2,1,1.0,3.0,1.0,7.0,0.0,0.0,2.0,10.0,1,1,4.0,2.0,2.0,1.0,0.0,0.0,1,0.0,1.0,2,1,2,2,0,0,0,4,2,2,0,0,0,4,0,0,0,1,0,1,0,2,9,30
201100027759,11,7,29,1,2,1,1.0,2.0,0.0,37.0,1.0,0.0,2.0,1.0,1,-1,4.0,2.0,3.0,1.0,0.0,0.0,1,0.0,2.0,2,1,4,6,4,0,2,4,0,8,0,2,0,2,4,4,0,1,1,0,0,3,18,50
200700039893,7,7,17,1,1,9,1.0,3.0,0.0,7.0,0.0,0.0,2.0,1.0,1,1,3.0,2.0,2.0,1.0,0.0,70.0,1,0.0,1.0,2,1,4,2,0,0,2,4,0,2,4,0,0,2,4,0,0,1,1,0,0,3,16,0
200800003545,8,1,10,1,2,1,1.0,3.0,0.0,33.0,0.0,0.0,0.0,14.0,1,-1,9.0,0.0,3.0,1.0,0.0,0.0,1,0.0,1.0,2,3,4,0,0,0,0,4,0,4,0,0,0,4,0,0,0,1,0,1,0,3,16,55
200600038909,6,7,4,1,2,4,1.0,3.0,0.0,7.0,0.0,0.0,2.0,1.0,1,1,4.0,2.0,2.0,1.0,0.0,60.0,1,5.0,1.0,2,1,4,0,0,0,0,4,0,0,2,2,0,2,0,2,0,1,0,0,0,2,15,3
201700051717,17,1,1,4,1,1,1.0,2.0,2.0,7.0,0.0,0.0,0.0,0.0,1,1,1.0,3.0,3.0,1.0,15.0,105.0,1,0.0,1.0,2,2,0,2,0,0,0,2,0,2,0,0,0,0,0,2,0,0,1,0,0,2,3,40
200700020568,7,4,18,5,1,2,1.0,3.0,0.0,7.0,0.0,0.0,2.0,1.0,1,1,4.0,3.0,4.0,1.0,0.0,120.0,1,2.0,1.0,2,1,2,2,0,0,0,4,2,0,2,0,0,2,0,2,0,1,0,1,0,2,21,0
200900006798,9,3,24,5,2,1,1.0,3.0,0.0,7.0,0.0,0.0,2.0,15.0,1,1,4.0,2.0,2.0,1.0,0.0,120.0,1,0.0,1.0,2,1,4,0,0,0,0,4,0,0,4,0,0,2,0,2,0,1,0,1,0,3,21,5
201100043067,11,9,7,1,2,3,1.0,3.0,0.0,7.0,0.0,0.0,2.0,15.0,1,1,4.0,0.0,2.0,1.0,0.0,62.0,1,5.0,1.0,2,1,2,2,0,0,0,4,0,0,2,0,2,2,0,0,2,1,0,1,0,3,11,27
201300026178,13,7,12,1,2,1,1.0,7.0,0.0,7.0,0.0,0.0,0.0,1.0,1,1,3.0,2.0,2.0,1.0,0.0,70.0,1,0.0,1.0,1,3,1,0,0,0,0,1,0,0,0,0,1,0,0,1,0,0,0,0,1,3,13,30
200800065459,8,11,11,1,2,1,1.0,6.0,0.0,7.0,0.0,0.0,1.0,2.0,1,-1,4.0,2.0,2.0,1.0,0.0,0.0,1,0.0,1.0,1,1,1,1,0,1,0,1,0,0,2,0,0,2,0,0,0,1,0,0,0,3,11,0
200500030914,5,5,21,1,2,6,1.0,3.0,0.0,7.0,0.0,0.0,2.0,1.0,1,1,4.0,2.0,2.0,1.0,0.0,100.0,1,0.0,1.0,2,1,0,4,0,0,0,4,0,0,4,0,0,2,2,0,0,1,0,1,0,2,11,30
200700061640,7,10,5,1,1,1,8.0,1.0,0.0,7.0,0.0,0.0,0.0,6.0,1,1,3.0,2.0,2.0,2.0,61.0,32.0,1,0.0,1.0,2,3,2,2,0,0,0,4,0,0,2,0,2,2,0,2,0,1,0,0,0,3,17,0
201200029623,12,6,19,1,2,2,1.0,3.0,0.0,7.0,0.0,0.0,2.0,15.0,1,1,4.0,3.0,5.0,1.0,0.0,90.0,1,0.0,1.0,2,2,2,2,0,0,0,4,0,0,0,0,4,0,0,4,0,1,0,0,0,2,9,0
200800036230,8,7,29,1,2,1,1.0,6.0,0.0,7.0,0.0,0.0,1.0,0.0,1,1,4.0,3.0,2.0,1.0,0.0,0.0,1,6.0,1.0,1,1,2,0,0,1,0,1,1,0,1,0,0,0,0,0,2,1,0,0,0,3,10,45
200900060503,9,12,14,5,2,1,1.0,7.0,0.0,38.0,1.0,0.0,1.0,20.0,1,1,6.0,2.0,2.0,1.0,0.0,0.0,1,0.0,1.0,1,1,2,0,0,1,0,1,1,0,0,1,0,1,1,0,0,0,0,1,0,3,7,40
201700055262,17,9,16,5,2,1,2.0,3.0,1.0,30.0,0.0,0.0,2.0,17.0,1,2,4.0,2.0,2.0,1.0,0.0,0.0,1,0.0,1.0,2,2,4,0,0,0,0,4,0,0,4,0,0,2,0,2,0,1,1,0,0,2,23,3
201500030422,15,4,17,1,2,1,1.0,6.0,1.0,7.0,0.0,0.0,1.0,0.0,3,-1,4.0,2.0,2.0,1.0,0.0,0.0,1,0.0,4.0,1,2,0,1,0,1,0,0,0,0,1,0,0,0,0,0,1,0,0,0,0,2,14,20
200700063869,7,10,8,5,2,1,1.0,3.0,0.0,7.0,0.0,0.0,2.0,9.0,1,1,4.0,2.0,2.0,1.0,0.0,53.0,1,0.0,1.0,2,2,2,2,0,0,0,4,0,0,2,0,2,4,0,0,0,1,0,1,0,2,20,35
200700067391,7,10,30,1,2,5,1.0,6.0,1.0,7.0,0.0,0.0,2.0,0.0,1,2,4.0,1.0,4.0,1.0,0.0,220.0,1,0.0,1.0,2,2,2,0,0,0,0,2,2,0,0,0,0,2,0,0,0,1,0,0,0,2,10,12
201200046680,12,7,31,1,2,2,1.0,3.0,0.0,7.0,0.0,0.0,2.0,15.0,1,0,3.0,2.0,2.0,2.0,0.0,0.0,1,0.0,1.0,2,1,4,0,0,0,0,4,0,0,2,0,2,2,0,2,0,1,1,0,0,2,17,15
201400041858,14,7,27,1,2,3,1.0,3.0,0.0,7.0,0.0,0.0,0.0,0.0,1,1,2.0,1.0,2.0,1.0,0.0,0.0,1,0.0,1.0,2,3,2,4,2,0,0,4,0,6,0,0,0,2,0,0,4,1,0,0,1,3,18,0
200600000810,6,1,25,1,2,1,8.0,3.0,0.0,7.0,0.0,0.0,2.0,15.0,1,1,4.0,2.0,2.0,1.0,0.0,50.0,1,0.0,1.0,2,1,0,4,0,0,0,4,0,0,2,0,2,2,0,2,0,1,0,1,0,3,9,10
201700002758,17,3,30,1,1,1,1.0,6.0,2.0,7.0,0.0,13.0,0.0,1.0,1,1,3.0,2.0,2.0,1.0,0.0,80.0,1,0.0,3.0,1,2,1,1,0,0,1,1,2,0,0,0,0,0,1,1,0,1,0,0,0,3,7,20
200900066597,9,10,17,1,2,1,1.0,3.0,0.0,7.0,0.0,6.0,0.0,19.0,1,1,3.0,2.0,2.0,1.0,0.0,68.0,1,0.0,1.0,2,1,2,2,0,0,0,4,0,0,4,0,0,2,0,0,2,1,1,0,0,3,14,45
201200035126,12,11,17,5,2,2,1.0,3.0,0.0,30.0,0.0,0.0,2.0,1.0,1,2,4.0,2.0,0.0,1.0,0.0,0.0,1,0.0,1.0,2,3,2,2,0,0,0,4,4,0,0,0,0,2,2,0,0,1,0,0,0,3,17,45
201200001048,12,2,29,1,2,1,1.0,2.0,0.0,20.0,0.0,0.0,2.0,4.0,1,1,4.0,2.0,1.0,1.0,40.0,40.0,1,0.0,1.0,2,1,2,2,0,0,0,4,0,0,2,2,0,0,0,2,2,0,1,1,0,2,11,0
200900059935,9,11,17,2,1,1,3.0,6.0,0.0,7.0,0.0,4.0,0.0,1.0,1,1,1.0,3.0,1.0,2.0,0.0,45.0,1,3.0,1.0,1,3,0,1,0,0,0,1,0,0,0,0,1,1,0,0,0,1,0,0,0,3,7,15
201700023471,17,8,6,1,2,6,1.0,6.0,1.0,33.0,0.0,0.0,0.0,1.0,1,2,3.0,1.0,2.0,1.0,6.0,585.0,1,5.0,1.0,1,3,1,0,0,0,0,1,0,0,1,0,0,1,0,0,0,0,0,1,0,3,17,10
201200058076,12,5,15,5,2,1,1.0,6.0,0.0,31.0,0.0,1.0,0.0,13.0,1,2,4.0,1.0,1.0,1.0,0.0,0.0,1,0.0,1.0,1,2,1,0,0,0,0,1,0,1,0,0,0,1,0,0,0,0,0,0,0,2,4,0
201500021670,15,12,9,1,2,6,1.0,3.0,0.0,7.0,0.0,0.0,2.0,16.0,1,1,4.0,0.0,0.0,1.0,0.0,0.0,1,0.0,1.0,2,1,2,2,0,0,0,4,0,4,0,0,0,0,0,2,2,1,0,1,0,2,17,10
201600008011,16,11,3,1,1,1,1.0,3.0,1.0,14.0,0.0,0.0,2.0,1.0,1,1,3.0,2.0,1.0,2.0,0.0,120.0,1,0.0,1.0,2,1,2,2,0,0,0,4,0,0,2,2,0,0,0,2,2,1,0,0,0,3,10,30
201100029718,11,5,4,1,1,1,1.0,7.0,0.0,7.0,0.0,0.0,0.0,14.0,1,1,3.0,2.0,2.0,1.0,0.0,75.0,1,0.0,3.0,1,2,1,1,0,0,1,1,0,1,1,0,0,1,0,1,0,0,0,0,0,2,14,19
200600010367,6,2,25,1,2,1,1.0,6.0,0.0,7.0,0.0,0.0,1.0,21.0,1,1,4.0,2.0,2.0,1.0,0.0,120.0,1,0.0,1.0,1,1,1,1,0,1,0,1,1,0,1,0,0,1,1,0,0,1,0,0,0,2,13,20
200800016152,8,3,16,3,1,1,2.0,5.0,0.0,7.0,0.0,0.0,2.0,17.0,1,1,3.0,2.0,2.0,2.0,0.0,70.0,1,0.0,1.0,3,2,9,0,0,0,0,9,0,0,9,0,0,9,0,0,0,1,0,0,0,4,18,45
201100007798,11,10,9,1,1,1,3.0,1.0,0.0,7.0,0.0,0.0,2.0,1.0,1,1,3.0,3.0,2.0,4.0,0.0,0.0,1,0.0,1.0,2,2,4,4,0,0,4,4,0,4,4,0,0,0,0,0,8,1,0,0,0,3,17,30
200900060635,9,12,27,3,2,1,1.0,6.0,0.0,7.0,0.0,0.0,1.0,1.0,3,-1,4.0,0.0,0.0,1.0,0.0,0.0,1,0.0,1.0,1,2,3,0,0,2,0,1,0,0,3,0,0,2,0,0,1,1,0,0,0,2,18,40
200800011800,8,3,23,2,2,2,1.0,3.0,2.0,7.0,0.0,15.0,0.0,1.0,1,1,4.0,1.0,2.0,2.0,0.0,0.0,-1,0.0,1.0,2,2,2,0,0,0,0,2,0,0,2,0,0,2,0,0,0,1,0,0,0,2,5,30
201600045271,16,1,4,1,1,1,1.0,2.0,2.0,33.0,0.0,1.0,0.0,1.0,1,2,1.0,3.0,8.0,1.0,0.0,-1.0,1,0.0,1.0,2,2,2,0,0,0,0,2,0,0,0,2,0,2,0,0,0,1,1,0,0,2,9,30
201200021369,12,12,19,5,2,5,1.0,1.0,0.0,2.0,0.0,0.0,2.0,1.0,1,2,4.0,2.0,4.0,1.0,0.0,115.0,1,0.0,1.0,2,2,4,0,0,0,0,4,2,0,0,2,0,0,0,4,0,1,0,0,0,2,20,15
201200048277,12,9,8,1,1,1,1.0,3.0,0.0,31.0,0.0,0.0,2.0,2.0,1,2,3.0,2.0,2.0,1.0,0.0,45.0,1,0.0,1.0,2,2,2,2,0,0,0,4,2,0,2,0,0,2,0,0,2,0,1,1,0,2,10,50
200600076569,6,12,26,5,2,3,1.0,3.0,0.0,7.0,0.0,0.0,2.0,15.0,1,1,4.0,2.0,2.0,1.0,0.0,0.0,1,0.0,1.0,2,2,8,0,2,0,2,4,0,4,4,0,0,2,4,2,0,1,0,1,0,2,21,10
200700036692,7,6,4,5,2,2,1.0,6.0,0.0,4.0,0.0,11.0,0.0,15.0,1,2,4.0,2.0,4.0,1.0,0.0,120.0,1,0.0,1.0,1,2,1,0,0,0,0,1,0,0,0,0,1,0,0,1,0,1,0,0,0,2,5,5
201600041754,16,8,23,1,2,1,1.0,6.0,0.0,7.0,0.0,0.0,9.0,2.0,1,1,3.0,0.0,3.0,1.0,0.0,0.0,1,0.0,1.0,1,1,2,0,0,1,0,1,0,0,1,0,1,0,0,2,0,1,0,0,0,2,10,20
200700025384,7,5,24,3,2,1,1.0,1.0,0.0,7.0,0.0,0.0,2.0,0.0,1,1,3.0,2.0,2.0,2.0,0.0,70.0,1,0.0,1.0,2,4,4,0,0,0,0,4,0,0,0,2,2,0,0,4,0,1,0,0,0,4,4,30
200700001199,7,1,16,1,1,1,1.0,3.0,0.0,7.0,0.0,0.0,2.0,19.0,1,1,3.0,2.0,2.0,3.0,0.0,45.0,1,0.0,1.0,2,4,2,2,0,0,0,4,0,0,4,0,0,2,0,0,2,1,0,1,0,4,8,30
201500025097,15,11,18,1,2,7,1.0,3.0,0.0,7.0,0.0,0.0,2.0,1.0,1,1,4.0,3.0,3.0,1.0,0.0,0.0,1,5.0,1.0,2,1,2,2,0,0,0,4,0,4,0,0,0,2,0,2,0,1,0,0,0,2,17,20
201300003817,13,7,25,1,2,1,1.0,7.0,0.0,10.0,0.0,10.0,0.0,13.0,1,1,3.0,2.0,1.0,1.0,0.0,55.0,1,0.0,1.0,1,3,1,2,1,0,1,1,0,2,1,0,0,2,1,0,0,1,0,0,0,3,19,30
200500053430,5,8,28,1,2,3,1.0,6.0,0.0,7.0,0.0,0.0,1.0,2.0,1,1,4.0,2.0,2.0,0.0,0.0,0.0,1,5.0,1.0,1,1,2,0,0,1,0,1,0,1,1,0,0,2,0,0,0,1,0,0,0,2,13,40
201500017308,15,12,26,3,1,1,1.0,4.0,0.0,7.0,0.0,0.0,0.0,23.0,1,1,2.0,2.0,2.0,2.0,0.0,73.0,1,0.0,1.0,3,2,9,0,0,0,0,9,0,0,9,0,0,6,0,3,0,1,1,0,0,3,18,30
200600050654,6,8,2,2,1,1,1.0,6.0,0.0,7.0,0.0,0.0,2.0,14.0,1,9,1.0,3.0,2.0,1.0,35.0,70.0,-1,0.0,3.0,2,2,4,0,0,0,0,4,0,0,0,2,2,2,0,2,0,1,1,0,0,2,6,35
201200014782,12,11,16,1,2,2,1.0,3.0,0.0,30.0,0.0,0.0,2.0,2.0,1,2,4.0,1.0,1.0,1.0,0.0,0.0,1,1.0,0.0,2,2,4,0,0,0,0,4,0,4,0,0,0,0,0,4,0,1,1,0,0,2,9,20
200900061842,9,5,14,1,2,9,1.0,6.0,1.0,7.0,0.0,0.0,1.0,1.0,3,-1,4.0,2.0,2.0,1.0,0.0,0.0,1,0.0,1.0,1,2,1,0,0,1,0,0,0,0,1,0,0,1,0,0,0,1,0,0,0,2,15,50
201400040658,14,4,17,5,2,1,1.0,7.0,0.0,2.0,0.0,0.0,0.0,16.0,1,2,4.0,2.0,0.0,1.0,0.0,0.0,1,0.0,1.0,1,2,1,0,0,0,0,1,0,0,0,1,0,0,0,1,0,1,0,0,0,2,22,35
200600024439,6,5,5,3,1,1,1.0,6.0,0.0,7.0,0.0,13.0,0.0,1.0,1,1,3.0,2.0,2.0,1.0,0.0,46.0,1,0.0,3.0,1,3,1,0,0,0,0,1,0,0,1,0,0,1,0,0,0,0,0,0,1,3,21,45
201100023005,11,3,9,1,2,1,1.0,1.0,0.0,7.0,0.0,0.0,2.0,0.0,1,-1,4.0,0.0,2.0,0.0,0.0,0.0,-1,0.0,0.0,2,2,2,2,0,0,0,4,0,4,0,0,0,2,0,2,0,0,0,0,0,2,12,15
201200020103,12,6,3,1,2,1,1.0,6.0,0.0,7.0,0.0,0.0,1.0,1.0,1,1,3.0,2.0,2.0,1.0,0.0,59.0,1,0.0,1.0,1,1,2,0,0,1,0,1,1,0,1,0,0,1,1,0,0,1,0,0,0,3,16,15
201000066935,10,6,25,1,2,1,1.0,3.0,0.0,33.0,0.0,0.0,2.0,12.0,1,2,4.0,1.0,4.0,1.0,15.0,120.0,1,1.0,1.0,2,2,4,0,0,0,0,4,0,0,2,0,2,4,0,0,0,1,0,1,0,2,18,0
201500042152,15,3,22,2,2,2,1.0,2.0,1.0,7.0,0.0,0.0,2.0,1.0,1,1,3.0,2.0,2.0,1.0,0.0,110.0,1,6.0,1.0,2,2,0,2,0,0,0,2,0,2,0,0,0,2,0,0,0,1,1,0,0,2,6,10
200700044924,7,7,20,1,2,1,1.0,6.0,0.0,7.0,0.0,0.0,1.0,1.0,1,1,3.0,2.0,4.0,1.0,0.0,160.0,1,0.0,1.0,1,1,2,0,0,1,0,1,0,0,1,1,0,1,1,0,0,0,0,1,0,2,17,45
201500017138,15,2,23,5,2,1,1.0,7.0,0.0,33.0,0.0,2.0,0.0,1.0,1,2,3.0,2.0,0.0,0.0,0.0,50.0,1,0.0,3.0,1,3,1,0,0,0,0,1,0,0,0,0,1,1,0,0,0,1,0,0,0,3,21,0
200500001421,5,1,1,1,1,1,1.0,6.0,0.0,7.0,0.0,6.0,0.0,1.0,1,0,3.0,2.0,2.0,0.0,0.0,50.0,1,0.0,3.0,1,4,1,0,0,0,0,1,0,0,1,0,0,0,0,1,0,1,0,0,0,4,8,30
201200031029,12,3,6,1,1,1,1.0,4.0,0.0,7.0,0.0,0.0,2.0,0.0,1,1,2.0,3.0,4.0,0.0,0.0,0.0,1,0.0,1.0,4,1,12,4,0,0,0,16,0,0,8,8,0,12,0,4,0,1,1,0,0,2,8,55
201000062701,10,3,11,5,2,1,1.0,3.0,0.0,34.0,0.0,0.0,2.0,17.0,1,2,4.0,2.0,2.0,2.0,0.0,131.0,1,0.0,1.0,2,2,4,0,0,0,0,4,0,0,0,4,0,2,0,2,0,1,0,0,0,2,21,0
201300046843,13,3,28,1,1,1,8.0,6.0,0.0,7.0,0.0,3.0,2.0,0.0,1,1,1.0,1.0,3.0,1.0,15.0,30.0,1,0.0,1.0,2,1,0,4,0,0,0,4,0,0,4,0,0,0,0,0,4,0,1,0,0,2,10,40
200800009361,8,2,2,5,2,1,1.0,4.0,0.0,7.0,0.0,0.0,2.0,2.0,1,1,2.0,3.0,4.0,1.0,20.0,140.0,1,0.0,1.0,3,1,9,3,0,0,3,9,0,3,9,0,0,12,0,0,0,1,1,0,0,3,19,5
201500046618,15,9,9,1,1,1,1.0,2.0,0.0,10.0,0.0,0.0,0.0,0.0,1,1,1.0,1.0,3.0,1.0,0.0,105.0,1,0.0,1.0,2,1,4,2,0,0,2,4,0,4,0,0,2,4,2,0,0,0,0,0,0,2,17,25
201000027304,10,8,28,1,2,1,1.0,2.0,0.0,7.0,0.0,0.0,2.0,2.0,1,1,4.0,2.0,2.0,3.0,0.0,0.0,1,0.0,0.0,2,1,4,0,0,0,0,4,0,4,0,0,0,4,0,0,0,1,1,0,0,2,16,55
201600019968,16,11,18,2,2,1,2.0,2.0,1.0,7.0,0.0,0.0,2.0,2.0,1,1,4.0,2.0,2.0,2.0,0.0,55.0,1,0.0,1.0,2,1,2,2,0,0,0,4,0,0,4,0,0,2,0,2,0,1,1,0,0,2,17,49
200900069544,9,11,21,5,2,1,1.0,3.0,0.0,34.0,0.0,0.0,2.0,0.0,1,2,3.0,2.0,2.0,1.0,0.0,60.0,1,0.0,1.0,2,3,4,0,0,0,0,4,0,2,2,0,0,0,0,4,0,1,0,1,0,3,18,20
200700042349,7,7,20,3,2,3,2.0,3.0,0.0,7.0,0.0,0.0,2.0,1.0,1,1,4.0,2.0,2.0,1.0,0.0,0.0,1,0.0,1.0,2,1,4,2,0,0,2,4,0,2,4,0,0,0,2,4,0,1,0,0,0,2,2,50
201200032205,12,5,2,1,2,3,1.0,6.0,0.0,7.0,0.0,8.0,0.0,15.0,1,1,4.0,3.0,2.0,1.0,0.0,0.0,1,0.0,1.0,1,3,0,1,0,0,0,1,1,0,0,0,0,0,0,0,1,1,0,0,0,3,16,10
201300011966,13,12,7,1,1,1,1.0,5.0,0.0,7.0,0.0,0.0,2.0,1.0,1,1,1.0,3.0,6.0,1.0,20.0,120.0,-1,0.0,1.0,4,1,16,20,8,0,12,16,0,20,12,4,0,4,0,32,0,1,1,0,0,3,19,15
201700054270,17,9,21,1,2,2,1.0,3.0,2.0,7.0,0.0,0.0,2.0,1.0,1,1,4.0,1.0,1.0,1.0,0.0,0.0,1,0.0,1.0,2,1,4,2,0,0,2,4,0,0,4,2,0,6,0,0,0,0,0,1,0,2,15,32
200800037870,8,7,13,1,1,3,1.0,3.0,0.0,7.0,0.0,0.0,2.0,1.0,1,1,3.0,2.0,2.0,1.0,0.0,75.0,1,5.0,1.0,2,3,6,4,4,0,2,4,0,6,4,0,0,4,4,0,2,1,1,0,0,3,9,30
200700052966,7,9,28,1,2,1,7.0,6.0,0.0,7.0,0.0,0.0,1.0,1.0,1,1,3.0,2.0,2.0,1.0,65.0,60.0,1,0.0,1.0,1,1,1,1,0,1,0,1,0,0,2,0,0,0,0,1,1,1,0,0,0,4,8,30
200800029171,8,5,27,1,1,1,8.0,3.0,0.0,7.0,0.0,0.0,2.0,15.0,1,1,3.0,2.0,2.0,1.0,0.0,0.0,1,5.0,1.0,2,1,4,0,0,0,0,4,2,0,2,0,0,0,0,0,4,1,0,0,0,3,9,45
201200011841,12,11,19,1,2,1,1.0,6.0,0.0,10.0,0.0,1.0,1.0,1.0,1,1,4.0,2.0,2.0,1.0,0.0,0.0,1,0.0,1.0,1,2,2,0,0,1,0,1,1,0,0,1,0,0,1,1,0,1,0,0,0,2,8,35
201600036003,16,4,7,1,2,2,1.0,3.0,2.0,10.0,0.0,0.0,2.0,1.0,1,1,4.0,2.0,2.0,1.0,0.0,60.0,1,0.0,1.0,2,1,2,2,0,0,0,4,0,0,0,2,2,2,0,0,2,1,1,0,0,3,12,55
200600048924,6,8,24,1,1,5,1.0,6.0,0.0,7.0,0.0,0.0,1.0,16.0,1,1,4.0,2.0,1.0,1.0,0.0,69.0,1,0.0,1.0,1,1,1,1,0,1,0,1,0,0,2,0,0,1,0,0,1,1,0,0,0,2,17,20
201700047696,17,7,24,3,1,1,2.0,2.0,1.0,7.0,0.0,4.0,2.0,2.0,1,1,1.0,1.0,3.0,2.0,15.0,105.0,1,2.0,1.0,2,1,4,0,0,0,0,4,2,2,0,0,0,2,0,2,0,1,1,0,0,2,1,50
201100038107,11,8,4,1,2,1,1.0,6.0,0.0,30.0,0.0,0.0,2.0,18.0,1,2,4.0,2.0,2.0,1.0,0.0,0.0,1,0.0,1.0,2,2,2,2,0,0,0,4,0,0,4,0,0,0,2,0,2,1,0,0,0,2,14,45
201300001788,13,8,29,1,1,1,1.0,2.0,0.0,7.0,0.0,13.0,0.0,23.0,1,1,3.0,2.0,2.0,1.0,0.0,60.0,1,0.0,1.0,2,3,4,0,0,0,0,4,0,2,0,2,0,2,0,0,2,1,1,0,0,3,10,45
201300023665,13,4,22,1,2,2,1.0,3.0,0.0,1.0,0.0,0.0,0.0,1.0,1,-1,4.0,1.0,0.0,2.0,0.0,0.0,1,0.0,1.0,2,1,2,2,0,0,0,4,0,2,0,0,2,4,0,0,0,1,0,0,0,3,19,0
200700064681,7,10,24,1,2,1,1.0,6.0,0.0,7.0,0.0,0.0,9.0,12.0,1,1,4.0,3.0,2.0,1.0,10.0,80.0,1,0.0,1.0,2,1,4,0,0,0,0,4,0,2,2,0,0,0,0,2,2,1,1,0,0,2,9,40
201000037980,10,7,19,1,2,4,1.0,3.0,0.0,31.0,0.0,0.0,2.0,2.0,1,2,4.0,2.0,2.0,2.0,0.0,0.0,1,0.0,1.0,2,3,4,0,0,0,0,4,0,4,0,0,0,0,0,2,2,1,1,0,0,3,18,50
201100047240,11,6,4,1,2,1,1.0,7.0,0.0,7.0,0.0,8.0,0.0,11.0,1,-1,4.0,1.0,1.0,1.0,0.0,30.0,1,0.0,1.0,1,2,0,1,0,0,0,1,0,0,0,0,1,1,0,0,0,1,0,0,0,2,20,25
200600045968,6,8,23,5,2,1,1.0,6.0,0.0,7.0,0.0,0.0,1.0,16.0,1,1,3.0,2.0,0.0,1.0,0.0,60.0,-1,0.0,1.0,1,1,1,1,0,1,0,1,0,0,0,0,2,1,0,1,0,1,0,0,0,3,21,15
201100040127,11,1,4,1,2,1,1.0,6.0,0.0,30.0,0.0,12.0,0.0,1.0,1,2,4.0,2.0,2.0,2.0,0.0,0.0,1,0.0,1.0,1,2,0,1,0,0,0,1,0,1,0,0,0,1,0,0,0,1,0,0,0,2,16,0
200700048268,7,8,7,1,1,1,1.0,2.0,0.0,10.0,0.0,0.0,2.0,2.0,1,1,3.0,0.0,2.0,1.0,0.0,75.0,1,0.0,1.0,2,1,8,0,2,0,2,4,2,4,0,0,2,8,0,0,0,1,1,0,0,4,17,0
201500029318,15,12,7,3,2,3,1.0,6.0,0.0,7.0,0.0,0.0,1.0,1.0,1,1,4.0,1.0,1.0,1.0,0.0,0.0,1,0.0,0.0,1,1,2,0,0,1,0,1,1,1,0,0,0,1,1,0,0,1,0,0,0,2,17,17
201200023719,12,4,2,1,2,3,1.0,3.0,0.0,7.0,0.0,0.0,2.0,2.0,1,1,4.0,2.0,2.0,1.0,0.0,0.0,1,0.0,1.0,2,1,2,2,0,0,0,4,0,4,0,0,0,2,0,2,0,1,0,0,0,2,17,44
201100033535,11,6,4,1,2,1,1.0,3.0,0.0,7.0,0.0,0.0,2.0,1.0,1,1,3.0,2.0,2.0,1.0,0.0,75.0,1,0.0,1.0,2,2,2,2,0,0,0,4,0,0,2,0,2,2,0,2,0,1,1,0,0,2,19,15
200500028059,5,5,27,1,2,1,1.0,3.0,0.0,1.0,0.0,0.0,2.0,19.0,1,0,4.0,2.0,2.0,1.0,0.0,60.0,1,0.0,1.0,2,3,4,0,0,0,0,4,2,0,2,0,0,0,2,0,2,1,0,0,0,3,18,35
200500023569,5,4,3,3,1,1,1.0,6.0,0.0,7.0,0.0,16.0,0.0,1.0,1,1,3.0,2.0,2.0,1.0,0.0,50.0,1,0.0,1.0,1,2,1,0,0,0,0,1,0,0,1,0,0,1,0,0,0,1,0,0,0,2,5,30
200900016602,9,6,22,1,2,1,1.0,5.0,0.0,7.0,0.0,0.0,2.0,15.0,1,1,3.0,2.0,0.0,2.0,86.0,0.0,1,0.0,1.0,3,3,6,6,0,0,3,9,6,3,0,0,3,9,3,0,0,1,0,1,1,3,10,30
200700016471,7,3,28,5,2,1,1.0,6.0,0.0,7.0,0.0,0.0,2.0,1.0,1,1,4.0,2.0,3.0,1.0,0.0,90.0,1,0.0,1.0,2,1,4,0,0,0,0,4,0,0,4,0,0,2,0,2,0,1,1,0,0,2,22,15