Num_Acc,an,mois,jour,lum,agg,int,atm,col,senc,catv,occutc,obs,obsm,manv,catu,secu,catr,circ,nbv,prof,lartpc,larrout,surf,infra,situ,nb_veh,grav_simpl,Homme,Femme,Arrière,Autre_x,Avant,Conducteur,Autre_y,Inconnu,Loisirs,Professionnel,Travail,Adulte,Enfant,Jeune,Senior,choc_avant,choc_arriere,choc_lateral,choc_multiple,grav_order_max,heure,minute
200800026873,8,5,30,1,1,1,2.0,3.0,0.0,7.0,0.0,0.0,2.0,1.0,1,1,3.0,1.0,3.0,3.0,200.0,105.0,1,0.0,1.0,2,1,2,4,0,0,2,4,0,4,2,0,0,4,0,2,0,0,0,1,0,2,20,25
201000045502,10,8,8,1,2,1,1.0,3.0,0.0,7.0,0.0,0.0,2.0,15.0,1,1,4.0,2.0,2.0,1.0,0.0,62.0,1,6.0,1.0,2,1,4,0,0,0,0,4,0,0,4,0,0,2,2,0,0,1,0,0,0,2,13,15
201500048703,15,7,15,1,2,2,1.0,3.0,0.0,1.0,0.0,0.0,2.0,1.0,1,0,4.0,1.0,1.0,1.0,0.0,39.0,1,5.0,1.0,2,2,4,0,0,0,0,4,0,0,0,2,2,2,0,2,0,1,0,1,0,2,9,5
200600005913,6,1,24,1,1,9,1.0,2.0,0.0,7.0,0.0,0.0,0.0,9.0,1,1,1.0,3.0,2.0,1.0,10.0,70.0,1,0.0,1.0,2,2,4,0,0,0,0,4,0,0,0,4,0,2,0,2,0,1,1,0,0,2,15,0
200600068849,6,11,14,1,2,1,1.0,3.0,0.0,10.0,0.0,0.0,2.0,9.0,1,1,4.0,1.0,2.0,1.0,0.0,60.0,1,0.0,1.0,2,1,4,0,0,0,0,4,0,0,0,4,0,2,0,2,0,1,0,1,0,2,11,35
201700057616,17,6,21,1,2,1,1.0,3.0,1.0,32.0,0.0,0.0,2.0,17.0,1,2,4.0,2.0,2.0,2.0,0.0,100.0,1,0.0,1.0,2,2,4,0,0,0,0,4,0,0,0,2,2,4,0,0,0,1,1,0,0,2,7,45
200500055671,5,9,18,1,1,1,1.0,6.0,0.0,7.0,0.0,6.0,0.0,1.0,1,1,3.0,3.0,2.0,1.0,50.0,60.0,1,0.0,3.0,1,2,0,1,0,0,0,1,1,0,0,0,0,0,0,0,1,1,0,0,0,2,7,45
201500030557,15,1,6,2,1,1,8.0,6.0,0.0,7.0,0.0,0.0,1.0,1.0,1,1,2.0,3.0,4.0,1.0,0.0,79.0,1,0.0,1.0,1,1,2,0,0,1,0,1,0,0,0,0,2,2,0,0,0,1,0,0,0,3,8,25
201100003046,11,12,24,2,1,1,1.0,6.0,0.0,7.0,0.0,8.0,0.0,1.0,1,-1,3.0,2.0,2.0,1.0,0.0,61.0,1,0.0,3.0,1,4,3,0,1,0,1,1,1,2,0,0,0,1,0,2,0,1,0,0,0,4,17,30
200800043958,8,8,29,1,2,1,1.0,3.0,0.0,7.0,0.0,0.0,2.0,16.0,1,1,4.0,1.0,1.0,1.0,0.0,80.0,1,6.0,1.0,2,1,2,2,0,0,0,4,0,2,2,0,0,4,0,0,0,1,0,1,0,3,14,5
200500059759,5,9,6,1,2,3,1.0,6.0,0.0,5.0,0.0,1.0,2.0,5.0,1,2,4.0,2.0,4.0,1.0,0.0,120.0,1,0.0,1.0,2,2,2,2,0,0,0,4,0,0,2,0,2,2,0,2,0,1,0,0,0,2,17,35
200600075587,6,12,7,5,2,1,1.0,3.0,0.0,7.0,0.0,0.0,2.0,15.0,1,1,4.0,2.0,2.0,1.0,0.0,80.0,1,0.0,1.0,2,1,4,0,0,0,0,4,0,0,0,2,2,4,0,0,0,1,0,0,0,2,17,20
200800029042,8,5,21,1,1,1,2.0,3.0,0.0,7.0,0.0,0.0,2.0,13.0,1,1,3.0,2.0,2.0,1.0,0.0,60.0,1,0.0,1.0,2,2,4,0,0,0,0,4,0,2,0,0,2,4,0,0,0,1,0,1,0,2,18,0
201600008755,16,7,18,1,1,1,1.0,1.0,0.0,7.0,0.0,0.0,2.0,13.0,1,1,3.0,2.0,2.0,1.0,0.0,0.0,-1,0.0,1.0,2,1,4,2,0,0,2,4,0,2,4,0,0,4,0,2,0,1,0,0,0,3,12,15
200600065850,6,11,6,5,2,9,1.0,1.0,0.0,7.0,0.0,0.0,2.0,1.0,1,1,4.0,2.0,2.0,1.0,0.0,90.0,1,0.0,1.0,2,1,4,0,0,0,0,4,0,4,0,0,0,4,0,0,0,1,0,0,0,2,20,15
201100060059,11,6,3,1,2,1,1.0,3.0,0.0,10.0,0.0,0.0,0.0,22.0,1,-1,4.0,1.0,1.0,1.0,70.0,70.0,1,0.0,5.0,2,1,4,0,0,0,0,4,0,2,0,0,2,4,0,0,0,1,0,0,0,2,13,0
200600007516,6,2,1,1,2,1,1.0,3.0,0.0,2.0,0.0,0.0,2.0,17.0,1,2,2.0,2.0,2.0,1.0,0.0,42.0,1,0.0,1.0,2,2,4,0,0,0,0,4,0,0,0,2,2,4,0,0,0,1,1,0,0,2,13,20
201200059357,12,12,21,5,2,3,8.0,6.0,0.0,7.0,0.0,0.0,1.0,1.0,1,1,4.0,2.0,1.0,2.0,0.0,120.0,1,5.0,1.0,1,1,1,1,0,1,0,1,0,2,0,0,0,0,0,0,2,1,0,0,0,2,18,45
200800068909,8,12,7,1,1,1,1.0,7.0,0.0,31.0,0.0,0.0,0.0,1.0,1,2,3.0,2.0,0.0,1.0,0.0,78.0,1,0.0,1.0,1,3,1,0,0,0,0,1,0,0,1,0,0,0,0,1,0,0,0,0,0,3,15,30
201000032451,10,9,3,1,2,1,1.0,3.0,0.0,2.0,0.0,0.0,2.0,13.0,1,2,4.0,3.0,2.0,1.0,0.0,0.0,1,0.0,1.0,2,2,0,4,0,0,0,4,4,0,0,0,0,0,0,4,0,0,1,1,0,2,15,0
201200009404,12,9,22,5,2,1,1.0,6.0,0.0,7.0,0.0,0.0,1.0,1.0,1,1,3.0,1.0,2.0,1.0,0.0,96.0,1,0.0,1.0,1,1,4,1,2,1,1,1,0,0,5,0,0,1,1,3,0,0,0,1,0,4,21,21
201700024365,17,7,1,5,2,3,1.0,3.0,0.0,7.0,0.0,0.0,0.0,1.0,1,1,3.0,2.0,2.0,1.0,0.0,0.0,1,0.0,1.0,2,1,6,0,0,0,2,4,0,6,0,0,0,2,4,0,0,1,0,1,0,3,2,40
201700046559,17,4,21,1,1,1,1.0,2.0,1.0,7.0,0.0,0.0,2.0,1.0,1,1,1.0,3.0,3.0,1.0,20.0,105.0,1,0.0,1.0,2,1,2,2,0,0,0,4,0,0,2,0,2,2,0,2,0,1,1,0,0,3,17,43
201100034337,11,11,13,5,2,1,1.0,7.0,0.0,2.0,0.0,0.0,0.0,1.0,1,2,4.0,2.0,2.0,1.0,0.0,0.0,1,0.0,1.0,1,3,1,0,0,0,0,1,0,1,0,0,0,0,0,1,0,0,0,0,0,3,21,48
200700074960,7,12,24,1,1,3,1.0,3.0,0.0,7.0,0.0,0.0,2.0,1.0,1,1,3.0,2.0,3.0,4.0,0.0,111.0,1,0.0,1.0,2,1,4,0,0,0,0,4,0,0,4,0,0,0,2,0,2,1,0,1,0,3,15,45
201300053017,13,1,30,1,2,2,1.0,6.0,0.0,7.0,0.0,0.0,1.0,1.0,1,1,4.0,2.0,2.0,1.0,60.0,60.0,1,0.0,1.0,1,1,0,2,0,1,0,1,0,1,1,0,0,0,0,0,2,1,0,0,0,2,16,50
200800044507,8,8,17,1,2,1,1.0,7.0,0.0,33.0,0.0,16.0,0.0,1.0,1,2,4.0,2.0,2.0,1.0,0.0,0.0,1,0.0,1.0,1,2,1,0,0,0,0,1,0,0,1,0,0,1,0,0,0,0,0,0,0,2,14,20
201000000033,10,5,4,1,2,1,1.0,1.0,0.0,38.0,0.0,1.0,2.0,1.0,1,1,3.0,2.0,2.0,1.0,0.0,70.0,1,0.0,1.0,2,1,4,0,0,0,0,4,0,0,2,2,0,2,0,2,0,1,0,0,0,2,19,0
200900054158,9,12,18,1,2,2,6.0,3.0,0.0,7.0,0.0,0.0,2.0,1.0,1,-1,4.0,2.0,2.0,2.0,0.0,0.0,1,5.0,1.0,2,1,4,2,0,0,2,4,4,0,0,2,0,2,0,4,0,1,0,0,0,2,12,50
200700063479,7,10,12,1,2,1,1.0,3.0,0.0,7.0,0.0,0.0,2.0,17.0,1,1,3.0,2.0,2.0,1.0,0.0,70.0,1,0.0,1.0,2,1,4,0,0,0,0,4,2,2,0,0,0,2,0,2,0,1,0,0,0,2,7,15
201100022819,11,6,25,5,2,1,1.0,6.0,0.0,2.0,0.0,12.0,0.0,0.0,1,2,4.0,2.0,2.0,0.0,0.0,0.0,1,0.0,1.0,1,2,1,1,0,0,1,1,0,0,2,0,0,0,0,2,0,0,0,0,0,2,23,20
201100015867,11,5,10,1,2,1,1.0,3.0,0.0,2.0,0.0,0.0,2.0,1.0,1,2,4.0,3.0,2.0,1.0,40.0,65.0,1,0.0,1.0,2,2,4,0,0,0,0,4,0,2,0,0,2,2,0,2,0,1,0,0,0,2,8,0
201500045373,15,4,16,1,1,1,1.0,4.0,0.0,14.0,0.0,0.0,2.0,2.0,1,1,1.0,1.0,3.0,1.0,20.0,105.0,1,0.0,1.0,3,1,9,0,0,0,0,9,0,9,0,0,0,9,0,0,0,1,1,0,0,2,8,30
200500031031,5,5,8,1,2,3,1.0,3.0,0.0,5.0,0.0,0.0,2.0,1.0,1,2,9.0,2.0,2.0,1.0,0.0,0.0,1,0.0,1.0,2,2,4,0,0,0,0,4,0,0,4,0,0,0,0,4,0,1,0,0,0,2,17,35
201300007308,13,4,15,1,1,1,1.0,1.0,0.0,7.0,0.0,0.0,2.0,13.0,1,1,3.0,0.0,2.0,1.0,0.0,0.0,1,0.0,1.0,2,3,4,0,0,0,0,4,0,0,4,0,0,0,0,0,4,1,0,0,0,4,10,30
201600056729,16,1,13,1,2,1,1.0,6.0,0.0,38.0,0.0,0.0,1.0,4.0,1,1,4.0,0.0,1.0,1.0,0.0,115.0,0,0.0,1.0,1,1,2,0,0,1,0,1,0,0,1,1,0,1,0,0,1,0,1,0,0,4,9,28
201600031864,16,8,14,1,2,1,1.0,6.0,0.0,7.0,0.0,0.0,1.0,1.0,1,1,4.0,2.0,2.0,1.0,0.0,0.0,1,0.0,1.0,1,1,1,1,0,1,0,1,0,1,1,0,0,1,1,0,0,1,0,0,0,2,19,20
201100057083,11,10,8,1,1,1,2.0,7.0,0.0,7.0,0.0,4.0,0.0,1.0,1,1,1.0,3.0,3.0,2.0,15.0,105.0,1,0.0,1.0,1,2,1,0,0,0,0,1,0,0,1,0,0,0,0,1,0,1,0,0,0,2,15,50
200500077069,5,11,12,5,1,1,2.0,6.0,0.0,5.0,0.0,0.0,0.0,0.0,1,2,1.0,3.0,5.0,1.0,0.0,225.0,1,0.0,1.0,1,2,1,0,0,0,0,1,0,0,0,0,1,0,0,1,0,0,0,0,0,2,6,15
201000050483,10,6,28,5,2,3,1.0,3.0,0.0,33.0,0.0,0.0,2.0,2.0,1,2,2.0,2.0,4.0,1.0,0.0,60.0,1,0.0,1.0,2,2,0,4,0,0,0,4,4,0,0,0,0,4,0,0,0,1,0,1,0,2,23,5
201000005211,10,2,5,2,2,1,1.0,1.0,0.0,7.0,0.0,0.0,2.0,13.0,1,1,3.0,2.0,2.0,2.0,0.0,63.0,1,0.0,3.0,2,2,2,4,0,0,2,4,4,0,0,0,2,2,2,2,0,1,0,0,0,3,7,45
200900069208,9,8,20,1,2,1,1.0,2.0,0.0,7.0,0.0,0.0,0.0,0.0,2,1,3.0,3.0,0.0,1.0,0.0,0.0,1,0.0,1.0,2,1,4,2,0,0,2,4,0,4,0,2,0,4,0,2,0,0,0,0,0,2,14,35
200800063096,8,11,29,1,1,1,1.0,6.0,0.0,7.0,0.0,13.0,0.0,13.0,1,-1,3.0,2.0,0.0,1.0,0.0,50.0,1,0.0,3.0,1,3,1,0,0,0,0,1,1,0,0,0,0,1,0,0,0,1,0,0,0,3,8,45
201700033327,17,11,21,1,2,1,1.0,6.0,0.0,10.0,0.0,0.0,1.0,1.0,1,1,4.0,2.0,2.0,1.0,0.0,60.0,1,0.0,1.0,1,1,1,1,0,1,0,1,0,2,0,0,0,1,0,0,1,1,0,0,0,2,9,55
201300000173,13,4,5,1,1,1,1.0,7.0,0.0,7.0,0.0,4.0,0.0,1.0,1,1,1.0,3.0,0.0,0.0,0.0,140.0,1,0.0,1.0,1,2,1,0,0,0,0,1,0,1,0,0,0,1,0,0,0,1,0,0,0,2,8,15
200500082789,5,12,19,1,2,1,2.0,6.0,1.0,10.0,0.0,0.0,2.0,0.0,1,-1,4.0,2.0,3.0,1.0,0.0,90.0,1,0.0,1.0,3,2,3,3,0,0,0,6,0,0,3,3,0,6,0,0,0,1,0,1,0,2,10,0
201600027282,16,11,22,5,2,3,1.0,3.0,1.0,33.0,0.0,0.0,2.0,1.0,1,2,3.0,2.0,2.0,1.0,0.0,50.0,1,0.0,1.0,2,3,4,0,0,0,0,4,4,0,0,0,0,0,0,4,0,1,0,1,0,3,20,35
200600063480,6,10,13,1,2,1,1.0,3.0,0.0,7.0,0.0,0.0,2.0,12.0,1,1,4.0,3.0,4.0,1.0,15.0,120.0,1,0.0,1.0,2,1,4,0,0,0,0,4,0,0,4,0,0,2,0,2,0,1,0,1,0,2,17,30
200700036013,7,6,8,1,2,1,1.0,2.0,0.0,7.0,0.0,0.0,2.0,2.0,1,1,4.0,2.0,2.0,2.0,0.0,0.0,1,0.0,1.0,2,1,2,4,0,2,0,4,0,6,0,0,0,2,2,2,0,1,1,0,0,2,9,0
201100046462,11,5,13,1,2,2,1.0,6.0,0.0,34.0,0.0,0.0,1.0,1.0,1,2,3.0,1.0,0.0,1.0,0.0,0.0,1,0.0,1.0,1,1,1,1,0,1,0,1,0,0,0,0,2,1,0,1,0,1,0,0,0,2,14,0
200800032068,8,6,6,1,2,1,1.0,2.0,0.0,7.0,0.0,0.0,2.0,1.0,1,1,4.0,2.0,2.0,1.0,0.0,85.0,1,0.0,1.0,2,1,2,2,0,0,0,4,0,0,4,0,0,0,0,4,0,1,1,0,0,3,13,0
200700012370,7,3,7,3,1,1,2.0,7.0,0.0,7.0,0.0,2.0,0.0,1.0,1,0,3.0,2.0,2.0,2.0,0.0,50.0,1,0.0,3.0,1,3,1,0,0,0,0,1,0,0,1,0,0,0,1,0,0,1,0,0,0,3,0,30
201000050661,10,11,1,1,2,3,1.0,6.0,2.0,33.0,0.0,0.0,2.0,12.0,1,2,4.0,2.0,2.0,1.0,0.0,0.0,1,0.0,1.0,2,3,4,0,0,0,0,4,0,0,2,2,0,2,0,2,0,0,0,1,0,3,16,7
201000018788,10,9,4,1,1,1,1.0,6.0,0.0,33.0,0.0,0.0,0.0,1.0,1,2,1.0,1.0,1.0,1.0,0.0,70.0,1,3.0,1.0,1,3,1,0,0,0,0,1,0,0,1,0,0,1,0,0,0,1,0,0,0,3,13,10
200600008807,6,2,7,5,2,3,1.0,1.0,0.0,7.0,0.0,0.0,2.0,15.0,1,1,4.0,2.0,2.0,1.0,0.0,70.0,1,0.0,1.0,2,1,4,0,0,0,0,4,0,0,4,0,0,0,2,0,2,1,0,0,0,3,19,40
200900039455,9,10,31,1,1,1,1.0,1.0,0.0,7.0,0.0,0.0,2.0,17.0,1,1,3.0,2.0,2.0,1.0,0.0,77.0,1,0.0,1.0,2,3,2,4,0,0,2,4,0,2,4,0,0,4,0,2,0,1,0,0,0,4,15,0
200500024480,5,4,30,1,1,1,1.0,6.0,0.0,7.0,0.0,4.0,0.0,1.0,1,1,1.0,3.0,3.0,1.0,30.0,140.0,1,0.0,1.0,1,2,3,0,1,0,1,1,0,2,1,0,0,1,1,1,0,1,0,0,0,2,19,30
201500028377,15,6,24,1,2,3,1.0,3.0,0.0,7.0,0.0,0.0,2.0,1.0,1,-1,4.0,2.0,1.0,1.0,0.0,0.0,-1,0.0,1.0,2,1,0,4,0,0,0,4,4,0,0,0,0,4,0,0,0,1,0,0,0,2,11,34
201200025584,12,10,30,1,2,2,1.0,6.0,0.0,7.0,0.0,0.0,1.0,1.0,1,-1,4.0,2.0,2.0,1.0,0.0,0.0,1,0.0,1.0,1,1,1,1,0,1,0,1,2,0,0,0,0,1,0,0,1,1,0,0,0,2,16,25
201600000216,16,1,19,1,2,1,7.0,6.0,1.0,7.0,0.0,0.0,1.0,23.0,1,0,3.0,2.0,2.0,1.0,0.0,40.0,1,0.0,1.0,2,1,4,4,0,4,0,4,0,0,6,0,2,2,0,6,0,1,1,0,0,3,11,45
201600006539,16,9,7,1,2,1,1.0,6.0,0.0,1.0,0.0,0.0,1.0,1.0,1,2,3.0,2.0,0.0,1.0,0.0,0.0,1,0.0,1.0,1,1,1,1,0,1,0,1,1,0,1,0,0,1,1,0,0,1,0,0,0,3,8,45
201000033155,10,11,10,1,2,3,2.0,3.0,0.0,10.0,0.0,0.0,2.0,1.0,1,1,4.0,2.0,3.0,2.0,0.0,101.0,1,0.0,1.0,2,1,2,2,0,0,0,4,0,0,0,4,0,4,0,0,0,1,0,1,0,3,8,30
200500044736,5,7,5,1,2,2,1.0,3.0,0.0,7.0,0.0,0.0,2.0,1.0,1,1,4.0,1.0,1.0,1.0,0.0,59.0,1,0.0,1.0,2,1,2,4,0,0,0,6,0,2,4,0,0,4,0,2,0,1,0,1,0,2,13,30
201600054220,16,6,8,1,2,2,1.0,7.0,2.0,31.0,0.0,0.0,0.0,21.0,1,2,4.0,2.0,3.0,1.0,0.0,150.0,1,0.0,1.0,1,2,1,0,0,0,0,1,1,0,0,0,0,0,0,1,0,0,0,1,0,2,9,55
201200002190,12,4,2,1,1,1,1.0,7.0,0.0,33.0,0.0,13.0,0.0,0.0,1,2,3.0,2.0,2.0,1.0,0.0,53.0,1,0.0,1.0,1,3,1,0,0,0,0,1,0,0,1,0,0,0,0,1,0,1,0,0,0,3,18,45
200500064950,5,10,13,1,2,1,1.0,3.0,0.0,7.0,0.0,0.0,2.0,15.0,1,1,2.0,2.0,3.0,2.0,0.0,90.0,1,0.0,1.0,2,1,4,0,0,0,0,4,4,0,0,0,0,2,0,2,0,1,0,0,0,2,15,10
200500013018,5,3,11,1,1,1,1.0,1.0,0.0,7.0,0.0,0.0,2.0,1.0,1,1,3.0,2.0,2.0,2.0,0.0,70.0,1,0.0,1.0,2,2,0,4,0,0,0,4,4,0,0,0,0,0,0,2,2,1,0,0,0,2,13,15
200800013722,8,3,13,1,2,1,1.0,6.0,0.0,7.0,0.0,0.0,1.0,1.0,1,1,4.0,2.0,2.0,1.0,0.0,60.0,1,0.0,1.0,1,1,2,0,0,1,0,1,1,0,1,0,0,0,1,0,1,1,0,0,0,2,17,20
201600045130,16,11,2,1,1,1,1.0,4.0,2.0,7.0,0.0,0.0,2.0,2.0,1,1,1.0,3.0,3.0,1.0,0.0,0.0,1,0.0,1.0,3,1,6,3,0,0,0,9,0,0,3,0,6,3,0,3,3,1,1,0,1,2,18,30
201400023744,14,5,14,3,1,1,1.0,6.0,0.0,7.0,0.0,2.0,0.0,1.0,1,0,3.0,2.0,2.0,1.0,0.0,70.0,1,0.0,3.0,1,4,1,0,0,0,0,1,0,0,1,0,0,1,0,0,0,1,0,0,0,4,6,30
201300052257,13,2,27,1,2,3,8.0,6.0,0.0,7.0,0.0,0.0,1.0,4.0,1,1,4.0,1.0,1.0,1.0,0.0,25.0,1,0.0,1.0,1,1,1,1,0,1,0,1,1,0,0,1,0,2,0,0,0,0,1,0,0,3,9,45
200800025007,8,5,15,1,2,1,1.0,6.0,0.0,7.0,0.0,0.0,1.0,1.0,1,1,4.0,2.0,2.0,1.0,0.0,68.0,1,0.0,1.0,1,1,2,0,0,1,0,1,0,0,2,0,0,1,0,1,0,1,0,0,0,2,16,10
201000003240,10,12,9,1,1,1,9.0,6.0,0.0,7.0,0.0,13.0,0.0,1.0,1,1,3.0,2.0,2.0,1.0,0.0,53.0,-1,0.0,0.0,1,3,0,3,2,0,0,1,0,2,0,0,1,1,2,0,0,1,0,0,0,3,8,45
201100008488,11,12,12,5,2,1,2.0,6.0,0.0,7.0,0.0,0.0,1.0,1.0,1,1,3.0,2.0,2.0,1.0,0.0,75.0,1,0.0,1.0,1,1,0,2,0,1,0,1,1,0,1,0,0,2,0,0,0,1,0,0,0,3,18,0
200800032261,8,6,24,1,2,2,1.0,4.0,0.0,7.0,0.0,0.0,0.0,1.0,1,1,6.0,1.0,1.0,0.0,0.0,105.0,-1,0.0,1.0,3,1,3,6,0,0,0,9,3,0,3,0,3,9,0,0,0,0,0,0,0,2,21,15
201500006820,15,1,14,1,1,2,1.0,3.0,0.0,7.0,0.0,0.0,2.0,1.0,1,1,3.0,2.0,2.0,1.0,0.0,0.0,1,0.0,1.0,2,2,4,2,0,0,2,4,2,2,2,0,0,2,2,0,2,1,1,0,0,2,8,30
201400016542,14,5,31,1,2,4,1.0,3.0,0.0,7.0,0.0,0.0,2.0,1.0,1,-1,3.0,2.0,2.0,2.0,0.0,108.0,1,5.0,1.0,2,3,6,0,0,0,2,4,0,0,6,0,0,2,0,4,0,1,0,1,0,3,12,30
200500000894,5,1,8,1,2,7,1.0,3.0,0.0,7.0,0.0,0.0,2.0,16.0,1,1,4.0,2.0,2.0,1.0,0.0,61.0,-1,0.0,1.0,2,1,2,2,0,0,0,4,4,0,0,0,0,0,2,0,2,1,0,1,0,2,11,30
200700073309,7,11,6,1,1,1,1.0,2.0,0.0,7.0,0.0,0.0,0.0,23.0,1,1,3.0,2.0,1.0,1.0,0.0,38.0,1,0.0,1.0,2,3,4,0,0,0,0,4,2,0,0,2,0,4,0,0,0,1,1,0,0,3,13,45
201300029372,13,2,22,1,2,6,1.0,6.0,0.0,7.0,0.0,0.0,1.0,4.0,1,1,4.0,2.0,2.0,2.0,0.0,80.0,1,0.0,1.0,1,1,0,2,0,1,0,1,0,0,2,0,0,1,0,0,1,0,1,0,0,3,12,10
201500017204,15,5,13,1,1,6,1.0,3.0,0.0,7.0,0.0,0.0,9.0,9.0,1,1,3.0,1.0,2.0,0.0,0.0,0.0,1,5.0,0.0,2,1,4,0,0,0,0,4,2,0,2,0,0,2,0,0,2,0,0,1,0,3,17,30
200700024145,7,4,23,5,2,1,1.0,3.0,0.0,31.0,0.0,0.0,2.0,2.0,1,2,2.0,3.0,3.0,1.0,0.0,0.0,1,0.0,1.0,2,3,4,0,0,0,0,4,0,4,0,0,0,4,0,0,0,1,0,0,0,3,23,45
201100010726,11,4,3,3,1,1,1.0,1.0,0.0,7.0,0.0,0.0,0.0,5.0,1,1,3.0,2.0,2.0,3.0,0.0,70.0,1,0.0,1.0,2,4,2,4,0,0,2,4,0,0,6,0,0,2,0,4,0,1,0,0,0,4,0,30
200500056830,5,9,9,5,2,1,1.0,7.0,0.0,2.0,0.0,11.0,0.0,2.0,1,2,4.0,3.0,3.0,1.0,0.0,0.0,1,5.0,1.0,1,3,1,0,0,0,0,1,0,0,1,0,0,0,0,1,0,0,0,1,0,3,0,50
200500011007,5,2,7,2,2,1,1.0,2.0,0.0,7.0,0.0,0.0,2.0,1.0,1,1,2.0,2.0,2.0,1.0,0.0,105.0,1,0.0,1.0,2,2,0,4,0,0,0,4,0,0,0,0,4,4,0,0,0,1,1,0,0,2,18,15
201100012042,11,1,24,1,1,1,1.0,5.0,0.0,7.0,0.0,0.0,2.0,13.0,1,1,3.0,2.0,2.0,1.0,0.0,67.0,1,0.0,1.0,3,3,6,3,0,0,0,9,0,0,0,0,9,3,0,6,0,1,0,1,0,3,10,15
201700036066,17,5,16,1,2,2,1.0,2.0,2.0,7.0,0.0,0.0,2.0,2.0,1,1,3.0,3.0,4.0,1.0,0.0,60.0,1,5.0,1.0,2,2,0,4,0,0,0,4,0,2,2,0,0,2,0,2,0,1,1,0,0,2,21,30
201700011116,17,6,11,1,2,9,1.0,6.0,1.0,7.0,0.0,0.0,1.0,15.0,1,-1,4.0,2.0,2.0,1.0,0.0,0.0,1,0.0,1.0,1,1,1,1,0,1,0,1,1,1,0,0,0,1,0,0,1,1,0,0,0,3,16,50
200800027778,8,5,26,1,2,1,2.0,2.0,0.0,7.0,0.0,0.0,2.0,23.0,1,1,4.0,2.0,2.0,1.0,0.0,0.0,1,0.0,1.0,2,2,0,4,0,0,0,4,4,0,0,0,0,4,0,0,0,1,1,0,0,2,18,45
200700017076,7,3,18,1,2,2,2.0,3.0,0.0,7.0,0.0,0.0,0.0,1.0,1,1,4.0,0.0,2.0,1.0,0.0,63.0,1,0.0,1.0,2,2,4,0,0,0,0,4,2,0,2,0,0,4,0,0,0,1,0,1,0,2,16,50
200900058477,9,12,16,5,2,9,1.0,1.0,0.0,7.0,0.0,0.0,2.0,0.0,1,1,4.0,2.0,2.0,1.0,0.0,0.0,1,0.0,1.0,2,2,4,0,0,0,0,4,0,0,0,0,4,4,0,0,0,1,0,1,0,2,19,30
200900001071,9,2,27,1,2,1,1.0,6.0,0.0,7.0,0.0,0.0,1.0,20.0,1,-1,4.0,1.0,1.0,1.0,0.0,60.0,1,0.0,1.0,1,1,1,1,0,1,0,1,0,0,1,1,0,1,0,0,1,0,1,0,0,2,11,20
200500063585,5,10,30,1,1,1,1.0,7.0,0.0,7.0,0.0,13.0,0.0,1.0,1,1,3.0,2.0,0.0,1.0,0.0,52.0,1,0.0,3.0,1,2,2,2,2,0,1,1,0,3,1,0,0,2,0,0,2,1,0,0,0,2,16,45
200800068915,8,12,18,1,1,1,8.0,1.0,0.0,10.0,0.0,0.0,2.0,19.0,1,1,3.0,0.0,0.0,1.0,0.0,77.0,1,0.0,1.0,2,1,6,0,0,0,2,4,0,2,2,2,0,4,0,2,0,1,0,0,0,4,13,45
200500082562,5,12,7,5,2,2,1.0,6.0,0.0,4.0,0.0,15.0,0.0,16.0,1,2,4.0,1.0,2.0,1.0,0.0,60.0,1,0.0,1.0,1,2,1,0,0,0,0,1,0,0,1,0,0,1,0,0,0,1,0,0,0,2,5,40
201500015377,15,10,23,1,2,9,1.0,6.0,0.0,7.0,0.0,0.0,2.0,23.0,1,1,4.0,2.0,3.0,1.0,0.0,63.0,1,0.0,1.0,2,1,6,0,0,0,2,4,4,2,0,0,0,2,0,4,0,0,1,0,1,3,14,30
200600066802,6,11,23,1,2,1,1.0,6.0,0.0,7.0,0.0,0.0,1.0,2.0,1,-1,4.0,2.0,2.0,1.0,0.0,55.0,1,0.0,1.0,1,1,2,1,0,2,0,1,1,0,2,0,0,1,0,0,2,1,0,0,0,2,9,55
200700019747,7,4,27,1,2,1,1.0,6.0,0.0,30.0,0.0,0.0,2.0,2.0,1,2,3.0,2.0,2.0,1.0,0.0,0.0,1,0.0,1.0,1,2,1,1,0,0,1,1,0,1,1,0,0,0,2,0,0,0,0,1,0,2,19,0
201100031712,11,9,29,1,2,1,1.0,6.0,0.0,7.0,0.0,1.0,2.0,1.0,1,1,4.0,2.0,2.0,1.0,0.0,0.0,1,0.0,1.0,2,1,4,2,0,2,0,4,2,4,0,0,0,6,0,0,0,1,0,1,0,3,16,30
200600055815,6,9,8,1,2,2,1.0,3.0,0.0,5.0,0.0,0.0,2.0,18.0,1,2,4.0,2.0,4.0,1.0,0.0,120.0,1,0.0,1.0,2,2,2,2,0,0,0,4,0,0,2,2,0,2,0,2,0,1,0,0,0,2,17,30
201000062855,10,6,26,5,2,3,1.0,1.0,0.0,31.0,0.0,0.0,2.0,1.0,1,2,4.0,2.0,2.0,2.0,0.0,100.0,1,0.0,1.0,2,2,2,2,0,0,0,4,0,0,4,0,0,0,0,4,0,1,0,1,0,2,23,30
201300016841,13,5,15,1,1,1,3.0,6.0,0.0,13.0,0.0,6.0,0.0,1.0,1,1,3.0,2.0,2.0,1.0,0.0,0.0,1,2.0,1.0,1,1,0,2,0,0,1,1,0,1,0,0,1,1,0,1,0,1,0,0,0,3,11,30