Num_Acc,an,mois,jour,lum,agg,int,atm,col,senc,catv,occutc,obs,obsm,manv,catu,secu,catr,circ,nbv,prof,lartpc,larrout,surf,infra,situ,nb_veh,grav_simpl,Homme,Femme,Arrière,Autre_x,Avant,Conducteur,Autre_y,Inconnu,Loisirs,Professionnel,Travail,Adulte,Enfant,Jeune,Senior,choc_avant,choc_arriere,choc_lateral,choc_multiple,grav_order_max,heure,minute
201400028556,14,11,3,2,2,1,3.0,7.0,0.0,7.0,0.0,0.0,0.0,1.0,1,1,4.0,0.0,2.0,1.0,0.0,59.0,1,0.0,4.0,1,2,1,0,0,0,0,1,0,0,1,0,0,0,0,0,1,1,0,0,0,2,15,58
201100058490,11,8,30,1,2,2,1.0,6.0,0.0,31.0,0.0,0.0,2.0,1.0,1,2,4.0,1.0,1.0,1.0,0.0,60.0,1,0.0,1.0,2,2,2,0,0,0,0,2,0,0,0,2,0,2,0,0,0,1,0,0,0,2,15,10
201300012486,13,8,21,1,1,1,1.0,7.0,0.0,33.0,0.0,2.0,0.0,1.0,1,2,3.0,2.0,2.0,2.0,0.0,60.0,1,0.0,1.0,1,4,1,0,0,0,0,1,0,0,1,0,0,1,0,0,0,1,0,0,0,4,15,15
201700032400,17,12,7,3,1,2,1.0,3.0,2.0,7.0,0.0,0.0,2.0,19.0,1,1,3.0,2.0,2.0,1.0,0.0,10.0,1,0.0,-1.0,2,3,2,2,0,0,0,4,0,4,0,0,0,2,0,0,2,1,1,0,0,3,19,45
201400050783,14,7,30,2,1,1,1.0,5.0,0.0,7.0,0.0,0.0,0.0,0.0,1,-1,1.0,1.0,3.0,1.0,10.0,105.0,1,3.0,1.0,3,1,9,0,0,0,0,9,0,3,3,0,3,3,0,6,0,1,0,1,0,2,21,14
200600049615,6,8,27,1,2,7,1.0,6.0,0.0,7.0,0.0,0.0,1.0,9.0,1,1,4.0,2.0,2.0,1.0,0.0,0.0,1,0.0,1.0,1,1,1,1,0,1,0,1,0,0,2,0,0,0,0,1,1,1,0,0,0,3,10,25
200700067834,7,11,26,5,2,1,1.0,1.0,0.0,7.0,0.0,0.0,2.0,5.0,1,-1,4.0,2.0,3.0,2.0,0.0,89.0,1,0.0,1.0,2,2,4,2,0,0,2,4,0,4,2,0,0,4,0,2,0,1,0,0,0,2,21,30
201400010228,14,8,16,1,2,6,1.0,6.0,0.0,7.0,0.0,0.0,1.0,9.0,1,1,4.0,1.0,2.0,1.0,0.0,0.0,1,0.0,1.0,1,1,1,1,0,1,0,1,0,0,2,0,0,1,0,1,0,1,0,0,0,2,15,0
200700035208,7,6,14,1,2,1,1.0,6.0,0.0,15.0,0.0,0.0,2.0,14.0,1,-1,4.0,2.0,3.0,1.0,0.0,90.0,1,0.0,1.0,2,1,2,4,0,2,0,4,0,4,2,0,0,0,0,6,0,1,1,0,0,3,14,10
201200014795,12,2,14,1,2,1,1.0,3.0,0.0,7.0,0.0,0.0,2.0,20.0,1,1,4.0,2.0,4.0,2.0,0.0,110.0,1,0.0,1.0,2,1,2,2,0,0,0,4,0,4,0,0,0,4,0,0,0,1,1,0,0,2,11,30
201300033473,13,11,29,1,2,3,8.0,3.0,0.0,7.0,0.0,0.0,2.0,15.0,1,-1,6.0,0.0,0.0,1.0,0.0,0.0,1,0.0,1.0,2,2,4,0,0,0,0,4,0,2,0,2,0,4,0,0,0,1,0,0,0,2,14,20
201100015117,11,11,8,5,2,1,3.0,4.0,0.0,7.0,0.0,0.0,2.0,2.0,1,1,2.0,2.0,2.0,1.0,10.0,120.0,1,0.0,1.0,3,1,3,9,3,0,0,9,0,9,3,0,0,3,0,9,0,1,1,0,0,3,19,50
201600015327,16,8,17,4,1,1,1.0,6.0,1.0,7.0,0.0,8.0,0.0,0.0,1,-1,4.0,1.0,2.0,2.0,0.0,80.0,1,0.0,1.0,1,3,1,0,0,0,0,1,0,1,0,0,0,0,0,1,0,1,0,0,0,3,4,30
201600054030,16,10,19,1,2,3,1.0,6.0,1.0,10.0,0.0,0.0,1.0,4.0,1,1,4.0,1.0,1.0,1.0,0.0,62.0,1,0.0,0.0,1,1,2,0,0,1,0,1,0,0,1,1,0,1,0,0,1,0,1,0,0,2,8,55
200600056966,6,9,7,5,2,1,1.0,6.0,0.0,33.0,0.0,1.0,0.0,0.0,1,2,4.0,2.0,2.0,1.0,0.0,50.0,1,0.0,1.0,1,3,1,0,0,0,0,1,0,0,1,0,0,0,0,1,0,1,0,0,0,3,21,10
200500041671,5,7,28,1,1,9,1.0,3.0,0.0,21.0,0.0,0.0,2.0,19.0,1,-1,3.0,2.0,0.0,0.0,0.0,0.0,1,0.0,1.0,2,1,4,2,0,0,2,4,0,2,4,0,0,4,0,0,2,1,0,0,0,3,10,0
200900062016,9,11,19,1,2,1,1.0,2.0,0.0,31.0,0.0,0.0,2.0,2.0,1,2,4.0,2.0,1.0,1.0,0.0,0.0,1,0.0,1.0,2,2,4,2,0,0,2,4,0,4,0,0,2,4,0,2,0,1,1,0,0,2,12,40
200900010315,9,3,28,1,1,1,1.0,1.0,0.0,7.0,0.0,0.0,2.0,1.0,1,1,3.0,2.0,2.0,1.0,0.0,0.0,1,0.0,1.0,2,4,4,0,0,0,0,4,0,0,2,0,2,2,0,2,0,1,0,0,0,4,18,30
201700012603,17,9,27,1,2,1,7.0,6.0,2.0,7.0,0.0,0.0,1.0,1.0,1,1,3.0,2.0,2.0,2.0,0.0,65.0,1,0.0,1.0,1,1,2,0,0,1,0,1,0,0,1,0,1,1,0,0,1,0,0,1,0,3,8,57
200700032041,7,6,1,5,2,1,1.0,6.0,0.0,33.0,0.0,13.0,0.0,1.0,1,2,3.0,2.0,2.0,1.0,0.0,70.0,1,0.0,3.0,1,3,1,0,0,0,0,1,0,0,1,0,0,0,0,1,0,0,0,1,0,3,22,15
200600035362,6,6,12,2,2,2,1.0,3.0,0.0,5.0,0.0,0.0,2.0,15.0,1,2,4.0,1.0,1.0,1.0,0.0,30.0,1,0.0,1.0,2,2,4,0,0,0,0,4,0,0,4,0,0,2,0,2,0,1,1,0,0,2,22,27
201300029035,13,2,12,1,2,1,1.0,7.0,0.0,7.0,0.0,0.0,0.0,0.0,1,1,9.0,0.0,2.0,0.0,0.0,0.0,1,0.0,1.0,1,2,1,0,0,0,0,1,0,1,0,0,0,1,0,0,0,0,1,0,0,2,9,20
200600001007,6,1,9,5,2,2,3.0,3.0,0.0,7.0,0.0,0.0,2.0,15.0,1,-1,4.0,2.0,2.0,1.0,0.0,0.0,1,0.0,1.0,2,1,4,0,0,0,0,4,2,0,0,2,0,0,2,2,0,1,0,0,0,2,7,55
200500059176,5,9,22,1,2,1,1.0,6.0,0.0,7.0,0.0,0.0,1.0,2.0,1,1,3.0,2.0,2.0,1.0,0.0,74.0,1,0.0,1.0,1,1,1,1,0,1,0,1,0,0,2,0,0,0,0,2,0,1,0,0,0,2,11,0
201300003735,13,4,20,1,1,6,1.0,2.0,0.0,7.0,0.0,0.0,2.0,9.0,1,-1,3.0,2.0,2.0,1.0,0.0,40.0,1,0.0,1.0,2,1,4,2,0,0,2,4,0,2,4,0,0,0,2,2,2,1,1,0,0,2,20,45
200800034712,8,6,15,1,2,2,1.0,5.0,0.0,7.0,0.0,0.0,2.0,15.0,1,1,4.0,2.0,2.0,1.0,0.0,75.0,1,0.0,1.0,3,1,6,3,0,0,0,9,0,0,9,0,0,3,6,0,0,1,0,0,0,2,16,20
201600023303,16,12,22,5,2,1,2.0,6.0,1.0,7.0,0.0,0.0,1.0,1.0,1,1,4.0,2.0,0.0,1.0,0.0,0.0,1,0.0,1.0,1,1,0,2,0,1,0,1,0,2,0,0,0,2,0,0,0,1,0,0,0,2,18,25
201500029913,15,8,6,1,2,1,1.0,3.0,0.0,33.0,0.0,0.0,2.0,0.0,1,2,3.0,2.0,4.0,2.0,0.0,0.0,1,2.0,1.0,2,3,2,0,0,0,0,2,0,2,0,0,0,2,0,0,0,0,0,1,0,3,17,35
200900069661,9,12,31,3,1,1,2.0,6.0,0.0,10.0,0.0,4.0,0.0,0.0,2,1,1.0,1.0,0.0,2.0,10.0,60.0,1,2.0,1.0,1,2,2,0,0,0,1,1,0,0,2,0,0,0,0,2,0,1,0,0,0,2,0,30
200600020488,6,4,11,1,2,1,8.0,6.0,0.0,7.0,0.0,0.0,1.0,1.0,1,1,3.0,2.0,3.0,1.0,0.0,109.0,1,0.0,1.0,1,1,3,0,0,1,1,1,0,1,1,0,1,2,0,1,0,1,0,0,0,3,14,40
201200022435,12,6,15,1,2,1,1.0,6.0,0.0,7.0,0.0,0.0,1.0,1.0,1,1,4.0,3.0,2.0,1.0,0.0,67.0,1,0.0,1.0,1,1,2,0,0,1,0,1,0,0,2,0,0,0,0,1,1,1,0,0,0,3,18,40
200800004708,8,1,25,1,2,2,1.0,6.0,1.0,2.0,0.0,0.0,1.0,2.0,3,-1,4.0,1.0,2.0,1.0,0.0,55.0,1,5.0,1.0,1,2,0,1,0,1,0,0,0,1,0,0,0,0,1,0,0,1,0,0,0,2,17,10
201400055915,14,2,11,1,2,4,1.0,3.0,0.0,34.0,0.0,0.0,2.0,1.0,1,2,4.0,2.0,2.0,1.0,0.0,200.0,1,0.0,1.0,2,2,4,0,0,0,0,4,0,0,0,2,2,4,0,0,0,1,1,0,0,2,13,0
201300015133,13,7,11,5,2,1,1.0,6.0,0.0,7.0,0.0,4.0,0.0,1.0,1,0,4.0,2.0,2.0,1.0,0.0,50.0,1,0.0,1.0,1,1,3,0,2,0,0,1,0,0,3,0,0,0,2,1,0,1,0,0,0,2,1,15
201300012524,13,5,30,1,1,1,8.0,6.0,0.0,7.0,0.0,14.0,0.0,1.0,1,1,3.0,2.0,2.0,1.0,0.0,58.0,-1,0.0,3.0,1,2,1,1,0,0,1,1,0,0,2,0,0,0,0,2,0,0,0,1,0,4,16,55
200500057566,5,9,22,5,2,1,1.0,7.0,0.0,7.0,0.0,0.0,0.0,0.0,1,-1,4.0,2.0,2.0,1.0,0.0,50.0,1,0.0,0.0,1,2,1,0,0,0,0,1,0,1,0,0,0,1,0,0,0,0,0,0,0,2,3,50
201000003725,10,6,6,1,1,1,1.0,7.0,0.0,7.0,0.0,13.0,0.0,1.0,1,1,4.0,2.0,0.0,4.0,0.0,48.0,1,0.0,1.0,1,3,4,0,2,0,1,1,0,1,3,0,0,1,0,3,0,1,0,0,0,3,5,30
200500034525,5,6,15,3,2,1,1.0,6.0,0.0,2.0,0.0,6.0,0.0,1.0,1,0,4.0,2.0,2.0,1.0,0.0,520.0,1,0.0,4.0,1,3,1,0,0,0,0,1,0,1,0,0,0,0,0,1,0,1,0,0,0,3,23,15
200900039814,9,6,4,1,2,6,1.0,3.0,0.0,7.0,0.0,0.0,2.0,9.0,1,1,4.0,2.0,1.0,1.0,86.0,80.0,1,5.0,1.0,2,1,2,2,0,0,0,4,0,0,2,0,2,4,0,0,0,1,1,0,0,3,7,45
201700014790,17,2,26,3,1,1,1.0,6.0,1.0,7.0,0.0,6.0,0.0,0.0,1,1,3.0,2.0,2.0,2.0,0.0,0.0,1,2.0,1.0,1,1,1,1,0,0,1,1,0,0,2,0,0,2,0,0,0,1,0,0,0,2,22,15
200700030378,7,5,14,1,2,6,1.0,6.0,0.0,7.0,0.0,0.0,1.0,6.0,3,-1,4.0,1.0,1.0,1.0,0.0,84.0,1,0.0,1.0,1,2,0,2,0,1,0,1,2,0,0,0,0,2,0,0,0,0,1,0,0,2,6,55
200700015249,7,3,7,1,2,1,3.0,5.0,0.0,7.0,0.0,0.0,0.0,1.0,1,1,9.0,2.0,2.0,1.0,0.0,0.0,1,0.0,1.0,3,1,6,12,3,0,6,9,0,9,0,9,0,15,0,0,3,1,1,0,0,2,10,18
201500013536,15,7,2,1,2,3,1.0,3.0,0.0,7.0,0.0,0.0,2.0,15.0,1,1,3.0,2.0,2.0,0.0,0.0,0.0,-1,0.0,1.0,2,1,4,0,0,0,0,4,0,2,2,0,0,2,0,2,0,1,0,0,0,3,20,30
200500014253,5,3,10,5,2,3,1.0,3.0,0.0,2.0,0.0,0.0,2.0,17.0,1,2,4.0,2.0,2.0,1.0,0.0,98.0,1,0.0,1.0,2,3,2,2,0,0,0,4,0,0,4,0,0,0,2,2,0,1,0,1,0,3,21,30
201500015226,15,9,30,1,2,1,1.0,3.0,0.0,32.0,0.0,0.0,2.0,1.0,1,2,4.0,2.0,2.0,1.0,0.0,50.0,1,0.0,1.0,2,2,2,2,0,0,0,4,0,0,4,0,0,2,0,2,0,1,1,0,0,2,15,30
201000038673,10,3,11,1,2,1,1.0,1.0,0.0,7.0,0.0,0.0,2.0,21.0,1,1,4.0,2.0,2.0,1.0,0.0,0.0,1,0.0,1.0,2,2,2,2,0,0,0,4,0,0,2,0,2,4,0,0,0,1,0,0,0,2,8,45
200700019987,7,4,22,1,2,9,1.0,6.0,0.0,7.0,0.0,0.0,1.0,1.0,1,1,3.0,2.0,2.0,1.0,4.0,134.0,1,5.0,1.0,1,1,0,2,0,1,0,1,0,0,2,0,0,1,1,0,0,1,0,0,0,2,18,0
201000041122,10,11,26,1,2,1,8.0,6.0,0.0,30.0,0.0,8.0,0.0,1.0,1,2,9.0,2.0,1.0,1.0,0.0,0.0,1,0.0,5.0,1,3,1,0,0,0,0,1,0,0,1,0,0,0,1,0,0,1,0,0,0,3,14,45
200600065968,6,11,15,1,2,1,1.0,6.0,0.0,10.0,0.0,0.0,0.0,9.0,1,1,4.0,1.0,2.0,1.0,0.0,62.0,1,0.0,1.0,2,1,4,0,0,0,0,4,0,2,2,0,0,0,0,2,2,1,0,0,0,2,15,0
201200020518,12,7,5,1,1,1,1.0,5.0,0.0,7.0,0.0,0.0,2.0,1.0,1,1,3.0,2.0,2.0,1.0,0.0,-1.0,1,0.0,1.0,4,1,12,12,4,0,4,16,20,0,0,0,4,8,0,12,4,1,0,0,1,2,14,50
200500078270,5,12,18,3,1,1,1.0,6.0,1.0,7.0,0.0,0.0,1.0,1.0,3,-1,3.0,0.0,2.0,0.0,0.0,70.0,1,0.0,1.0,1,4,1,0,0,1,0,0,0,0,1,0,0,0,0,1,0,1,0,0,0,4,0,1
201300010143,13,5,15,1,2,1,1.0,3.0,0.0,7.0,0.0,0.0,2.0,15.0,1,1,4.0,2.0,2.0,0.0,0.0,0.0,1,0.0,1.0,2,1,4,0,0,0,0,4,0,0,2,2,0,2,2,0,0,1,0,0,0,2,18,10
200600037906,6,7,5,5,2,1,1.0,3.0,0.0,4.0,0.0,0.0,2.0,17.0,1,2,4.0,2.0,1.0,1.0,0.0,0.0,1,0.0,1.0,2,3,4,0,0,0,0,4,0,0,4,0,0,0,0,4,0,1,0,0,0,3,23,20
201700022571,17,5,19,5,2,1,2.0,6.0,2.0,10.0,0.0,6.0,0.0,1.0,1,1,3.0,1.0,1.0,1.0,0.0,0.0,1,0.0,1.0,1,3,1,0,0,0,0,1,1,0,0,0,0,0,0,1,0,1,0,0,0,3,5,32
201600024780,16,9,25,5,2,2,1.0,3.0,2.0,32.0,0.0,0.0,2.0,1.0,1,2,4.0,1.0,3.0,1.0,34.0,95.0,-1,0.0,1.0,2,3,8,6,6,0,4,4,10,4,0,0,0,4,0,10,0,1,1,0,0,4,4,45
200500064482,5,10,13,3,1,1,1.0,7.0,0.0,7.0,0.0,0.0,2.0,2.0,1,1,1.0,1.0,3.0,1.0,20.0,0.0,1,0.0,1.0,1,3,1,0,0,0,0,1,0,0,0,1,0,1,0,0,0,0,0,0,0,3,20,0
200800044987,8,8,26,2,2,1,1.0,7.0,0.0,33.0,0.0,0.0,0.0,0.0,1,2,4.0,2.0,0.0,1.0,0.0,0.0,1,0.0,1.0,1,2,1,0,0,0,0,1,1,0,0,0,0,1,0,0,0,0,0,0,0,2,20,35
200600056491,6,9,29,5,2,1,8.0,6.0,0.0,7.0,0.0,0.0,1.0,1.0,3,-1,4.0,3.0,4.0,1.0,50.0,120.0,1,0.0,1.0,1,2,2,0,0,1,0,1,0,0,2,0,0,1,1,0,0,0,0,1,0,2,18,35
201200054957,12,11,24,2,2,1,1.0,3.0,0.0,7.0,0.0,0.0,2.0,14.0,1,1,4.0,1.0,4.0,1.0,150.0,400.0,1,0.0,1.0,2,1,4,0,0,0,0,4,0,0,4,0,0,4,0,0,0,1,0,0,0,2,17,15
200600010894,6,2,8,5,2,2,1.0,3.0,0.0,5.0,0.0,0.0,2.0,1.0,1,2,4.0,2.0,4.0,1.0,0.0,0.0,1,0.0,1.0,2,3,4,0,0,0,0,4,2,0,2,0,0,4,0,0,0,1,0,0,0,3,5,50
200600012243,6,3,16,1,2,3,1.0,3.0,0.0,7.0,0.0,0.0,2.0,15.0,1,-1,4.0,2.0,2.0,1.0,0.0,88.0,1,0.0,1.0,2,1,4,0,0,0,0,4,0,0,4,0,0,4,0,0,0,1,0,0,0,3,15,10
201400011489,14,12,4,5,2,9,2.0,6.0,0.0,10.0,0.0,0.0,1.0,1.0,1,1,4.0,4.0,1.0,1.0,0.0,0.0,1,0.0,1.0,1,1,1,1,0,1,0,1,0,0,0,1,1,1,0,1,0,1,0,0,0,2,19,0
201300005766,13,1,4,3,1,1,2.0,6.0,0.0,7.0,0.0,2.0,0.0,1.0,1,-1,4.0,2.0,2.0,1.0,0.0,48.0,1,0.0,3.0,1,3,2,0,0,0,1,1,1,1,0,0,0,1,0,1,0,0,0,1,0,3,20,30
200900015071,9,4,8,1,2,3,1.0,6.0,0.0,7.0,0.0,0.0,2.0,15.0,1,1,4.0,2.0,2.0,1.0,0.0,0.0,1,0.0,1.0,2,2,0,4,0,0,0,4,0,2,0,0,2,0,0,4,0,1,0,0,0,2,9,20
200500008914,5,2,12,1,2,4,1.0,3.0,0.0,5.0,0.0,0.0,2.0,1.0,1,2,4.0,1.0,2.0,1.0,0.0,60.0,1,0.0,1.0,2,2,4,0,0,0,0,4,0,0,2,2,0,4,0,0,0,1,0,0,0,2,10,59
201400057632,14,12,4,1,2,2,1.0,3.0,0.0,31.0,0.0,0.0,2.0,1.0,1,2,4.0,1.0,5.0,1.0,0.0,180.0,1,0.0,1.0,2,2,4,0,0,0,0,4,0,0,2,2,0,4,0,0,0,1,1,0,0,2,8,55
201400054070,14,4,16,5,2,5,1.0,3.0,0.0,34.0,0.0,0.0,2.0,1.0,1,2,4.0,3.0,4.0,1.0,0.0,60.0,1,5.0,1.0,2,2,2,2,0,0,0,4,0,4,0,0,0,0,0,4,0,1,0,0,0,2,0,25
201500048299,15,2,15,3,1,1,1.0,6.0,0.0,7.0,0.0,5.0,0.0,1.0,1,1,1.0,3.0,6.0,1.0,25.0,140.0,1,0.0,1.0,1,4,1,0,0,0,0,1,0,0,0,0,1,1,0,0,0,1,0,0,0,4,1,30
201600026960,16,6,7,1,2,2,1.0,6.0,0.0,7.0,0.0,0.0,1.0,0.0,1,1,4.0,0.0,1.0,1.0,0.0,0.0,1,0.0,1.0,1,1,1,1,0,1,0,1,0,2,0,0,0,0,0,0,2,0,0,0,0,2,8,0
200800073074,8,12,23,2,2,1,1.0,6.0,0.0,7.0,0.0,0.0,1.0,1.0,1,1,4.0,0.0,1.0,0.0,0.0,0.0,1,5.0,1.0,1,1,1,1,0,1,0,1,0,2,0,0,0,1,0,0,1,1,0,0,0,3,17,10
200700028875,7,5,3,1,2,1,1.0,6.0,0.0,7.0,0.0,0.0,1.0,1.0,3,-1,4.0,2.0,2.0,0.0,30.0,98.0,1,0.0,1.0,1,3,1,1,0,1,0,1,0,0,2,0,0,1,0,0,1,1,0,0,0,3,13,30
200900005214,9,2,5,1,2,2,8.0,3.0,0.0,7.0,0.0,0.0,2.0,19.0,1,1,3.0,1.0,1.0,2.0,0.0,0.0,1,5.0,1.0,2,2,2,2,0,0,0,4,2,0,0,0,2,0,0,2,2,1,0,1,0,2,15,40
201600020955,16,3,15,1,2,2,1.0,3.0,2.0,34.0,0.0,0.0,0.0,0.0,1,2,3.0,2.0,2.0,1.0,0.0,75.0,-1,0.0,1.0,2,3,2,2,0,0,0,4,0,0,0,0,4,4,0,0,0,0,0,0,0,3,13,45
201600005547,16,1,28,4,2,2,1.0,3.0,0.0,7.0,0.0,0.0,0.0,19.0,1,-1,3.0,2.0,2.0,2.0,0.0,-1.0,1,0.0,1.0,2,1,4,0,0,0,0,4,0,0,0,0,4,2,0,2,0,1,0,0,0,3,5,50
201300021966,13,7,30,1,2,1,2.0,7.0,0.0,2.0,0.0,0.0,0.0,1.0,1,2,4.0,2.0,1.0,0.0,0.0,0.0,-1,0.0,1.0,1,2,0,1,0,0,0,1,0,0,1,0,0,0,1,0,0,0,0,1,0,2,19,35
200800074380,8,12,7,5,1,1,1.0,5.0,0.0,7.0,0.0,4.0,0.0,21.0,1,1,1.0,3.0,3.0,1.0,0.0,35.0,1,0.0,1.0,3,2,9,0,0,0,3,6,0,3,6,0,0,0,0,9,0,0,0,0,0,2,22,30
201500002754,15,11,19,3,1,6,1.0,6.0,0.0,7.0,0.0,14.0,0.0,1.0,1,1,3.0,2.0,2.0,1.0,0.0,44.0,1,5.0,1.0,1,4,0,2,0,0,1,1,0,1,1,0,0,1,1,0,0,1,0,0,0,4,20,30
200800004933,8,1,3,5,2,3,2.0,3.0,0.0,7.0,0.0,0.0,2.0,15.0,1,1,3.0,2.0,2.0,1.0,0.0,59.0,1,0.0,1.0,2,1,2,2,0,0,0,4,2,2,0,0,0,2,2,0,0,1,0,0,0,2,19,48
200800015119,8,3,18,1,2,1,1.0,2.0,0.0,7.0,0.0,0.0,0.0,2.0,1,1,4.0,2.0,0.0,2.0,0.0,78.0,1,0.0,1.0,2,2,4,0,0,0,0,4,0,2,2,0,0,2,0,0,2,1,1,0,0,2,17,0
201100036354,11,3,3,5,2,1,1.0,6.0,0.0,30.0,0.0,1.0,0.0,0.0,1,2,3.0,2.0,2.0,1.0,0.0,0.0,1,0.0,1.0,1,3,1,0,0,0,0,1,0,0,1,0,0,0,0,1,0,1,0,0,0,3,1,30
200900068425,9,7,2,2,1,1,1.0,7.0,0.0,3.0,0.0,0.0,0.0,1.0,1,0,3.0,0.0,2.0,1.0,0.0,70.0,1,0.0,1.0,1,3,1,0,0,0,0,1,0,0,0,1,0,1,0,0,0,0,0,0,1,3,21,0
200700007729,7,2,12,1,2,1,1.0,3.0,0.0,7.0,0.0,0.0,2.0,15.0,1,1,4.0,2.0,4.0,1.0,0.0,100.0,1,0.0,1.0,2,1,4,0,0,0,0,4,2,0,0,0,2,2,2,0,0,1,1,0,0,2,7,45
200500040220,5,6,10,1,2,1,1.0,2.0,0.0,7.0,0.0,0.0,0.0,1.0,1,1,4.0,2.0,0.0,0.0,0.0,0.0,-1,0.0,1.0,2,1,2,2,0,0,0,4,0,0,2,0,2,2,2,0,0,1,1,0,0,2,21,0
200500002495,5,1,20,1,2,1,1.0,3.0,0.0,7.0,0.0,0.0,2.0,1.0,1,-1,4.0,2.0,4.0,2.0,0.0,150.0,0,0.0,1.0,2,1,4,0,0,0,0,4,0,0,2,2,0,0,0,0,4,1,0,0,0,2,10,5
201400057605,14,11,5,5,2,4,1.0,3.0,0.0,10.0,0.0,0.0,2.0,15.0,1,1,4.0,2.0,5.0,1.0,0.0,0.0,1,0.0,1.0,2,1,2,2,0,0,0,4,0,0,0,2,2,2,0,0,2,1,0,1,0,3,7,19
201700045239,17,3,23,1,2,3,8.0,3.0,0.0,7.0,0.0,0.0,2.0,2.0,1,1,4.0,1.0,1.0,2.0,0.0,63.0,1,0.0,1.0,2,2,4,0,0,0,0,4,0,0,0,2,2,4,0,0,0,1,0,1,0,2,17,20
201500023920,15,10,29,2,2,6,1.0,2.0,0.0,7.0,0.0,0.0,0.0,23.0,1,-1,4.0,2.0,2.0,1.0,0.0,0.0,1,0.0,1.0,2,2,2,2,0,0,0,4,0,4,0,0,0,0,0,4,0,1,1,0,0,2,17,41
200700078025,7,12,12,2,2,1,1.0,6.0,0.0,7.0,0.0,0.0,1.0,11.0,3,-1,4.0,2.0,2.0,1.0,0.0,42.0,1,0.0,3.0,1,3,1,1,0,1,0,1,1,0,0,0,1,0,1,0,1,1,0,0,0,3,8,5
200500003714,5,1,1,3,2,1,2.0,3.0,0.0,7.0,0.0,15.0,2.0,19.0,1,1,2.0,2.0,2.0,1.0,51.0,104.0,1,0.0,1.0,2,3,6,4,2,0,4,4,0,6,4,0,0,6,0,4,0,1,0,1,0,4,23,25
201600012031,16,9,28,1,1,1,1.0,2.0,0.0,7.0,0.0,0.0,2.0,17.0,1,1,1.0,3.0,6.0,4.0,15.0,210.0,1,0.0,1.0,2,1,4,4,0,0,4,4,0,4,0,4,0,6,2,0,0,1,1,0,0,3,18,30
201000053053,10,4,17,1,2,5,1.0,3.0,0.0,7.0,0.0,1.0,2.0,1.0,1,1,4.0,2.0,5.0,1.0,0.0,0.0,1,5.0,1.0,2,2,2,2,0,0,0,4,2,0,0,0,2,0,0,4,0,1,0,0,0,2,10,20
200800028098,8,5,30,3,1,1,1.0,7.0,0.0,30.0,0.0,0.0,0.0,1.0,1,0,3.0,2.0,0.0,1.0,0.0,60.0,1,0.0,1.0,1,3,1,0,0,0,0,1,0,0,1,0,0,1,0,0,0,1,0,0,0,3,23,30
200700008111,7,2,10,5,2,1,1.0,3.0,0.0,7.0,0.0,0.0,2.0,18.0,2,-1,4.0,2.0,1.0,1.0,0.0,45.0,1,0.0,1.0,2,2,4,2,0,0,0,6,0,2,4,0,0,2,0,4,0,1,0,0,0,2,20,0
201300018230,13,8,19,1,1,1,1.0,6.0,0.0,14.0,0.0,0.0,1.0,5.0,1,-1,3.0,2.0,2.0,1.0,25.0,98.0,1,0.0,1.0,1,1,3,0,0,1,1,1,0,1,2,0,0,2,0,1,0,1,0,0,0,3,15,30
201100027680,11,6,25,1,2,1,1.0,6.0,0.0,7.0,0.0,0.0,1.0,1.0,1,-1,4.0,1.0,1.0,1.0,0.0,0.0,1,0.0,1.0,1,1,1,1,0,1,0,1,0,1,1,0,0,0,1,0,1,1,0,0,0,2,9,45
201100048946,11,10,5,1,2,2,1.0,7.0,0.0,34.0,0.0,2.0,2.0,21.0,1,2,3.0,2.0,2.0,1.0,0.0,0.0,1,0.0,4.0,1,3,2,0,1,0,0,1,1,1,0,0,0,1,1,0,0,1,0,0,0,3,13,10
200600045878,6,8,2,1,1,1,2.0,3.0,0.0,7.0,0.0,0.0,2.0,1.0,1,1,3.0,2.0,2.0,1.0,0.0,62.0,1,0.0,1.0,2,3,4,0,0,0,0,4,0,0,2,2,0,4,0,0,0,1,1,0,0,3,14,30
200700048920,7,8,4,5,2,1,1.0,6.0,0.0,30.0,0.0,0.0,0.0,0.0,1,-1,4.0,2.0,4.0,1.0,0.0,216.0,1,0.0,1.0,1,3,2,0,0,0,1,1,0,1,1,0,0,0,1,1,0,1,0,0,0,3,4,5
201500051276,15,7,24,1,2,2,1.0,7.0,0.0,1.0,0.0,0.0,0.0,1.0,1,-1,4.0,1.0,1.0,1.0,0.0,40.0,1,0.0,1.0,1,2,1,0,0,0,0,1,0,0,0,0,1,1,0,0,0,0,0,0,0,2,7,55
201000043438,10,7,30,1,1,6,1.0,3.0,0.0,7.0,0.0,0.0,2.0,12.0,1,1,3.0,1.0,2.0,1.0,0.0,88.0,1,5.0,1.0,2,1,2,2,0,0,0,4,0,4,0,0,0,2,0,2,0,1,0,0,0,3,16,35
201300038124,13,11,14,5,2,1,2.0,6.0,0.0,7.0,0.0,0.0,1.0,1.0,1,1,4.0,2.0,2.0,1.0,0.0,0.0,1,0.0,1.0,1,1,2,0,0,1,0,1,0,0,2,0,0,0,0,2,0,1,0,0,0,3,19,0