Num_Acc,an,mois,jour,lum,agg,int,atm,col,senc,catv,occutc,obs,obsm,manv,catu,secu,catr,circ,nbv,prof,lartpc,larrout,surf,infra,situ,nb_veh,grav_simpl,Homme,Femme,Arrière,Autre_x,Avant,Conducteur,Autre_y,Inconnu,Loisirs,Professionnel,Travail,Adulte,Enfant,Jeune,Senior,choc_avant,choc_arriere,choc_lateral,choc_multiple,grav_order_max,heure,minute
200800015889,8,3,8,1,2,1,1.0,3.0,0.0,7.0,0.0,0.0,2.0,15.0,1,1,9.0,2.0,0.0,1.0,0.0,70.0,1,0.0,1.0,2,1,4,0,0,0,0,4,0,0,2,2,0,2,2,0,0,1,0,1,0,3,14,45
200600073719,6,12,10,3,1,2,1.0,3.0,0.0,7.0,0.0,0.0,9.0,15.0,1,1,3.0,2.0,2.0,0.0,0.0,0.0,1,0.0,1.0,2,1,12,0,4,0,4,4,0,8,4,0,0,2,2,8,0,1,0,0,0,3,18,45
200600002364,6,1,10,5,2,1,1.0,3.0,0.0,10.0,0.0,0.0,2.0,9.0,1,1,4.0,2.0,4.0,2.0,0.0,120.0,1,0.0,1.0,2,1,4,0,0,0,0,4,2,0,2,0,0,2,0,2,0,1,0,0,0,2,6,55
200500038755,5,6,5,1,2,3,1.0,1.0,0.0,7.0,0.0,0.0,9.0,1.0,1,1,3.0,2.0,2.0,1.0,0.0,60.0,1,0.0,1.0,2,1,4,0,0,0,0,4,0,0,4,0,0,0,2,0,2,1,0,1,0,3,18,15
200500031316,5,5,31,1,2,1,1.0,2.0,0.0,4.0,0.0,0.0,2.0,2.0,1,2,3.0,2.0,2.0,1.0,0.0,90.0,1,0.0,1.0,2,2,4,0,0,0,0,4,0,2,0,0,2,2,0,2,0,1,1,0,0,2,19,25
201600021661,16,4,10,1,1,2,1.0,3.0,2.0,7.0,0.0,0.0,2.0,1.0,1,1,3.0,2.0,2.0,1.0,0.0,51.0,1,0.0,1.0,2,2,12,6,10,0,4,4,0,0,18,0,0,6,8,4,0,1,0,1,0,3,13,45
200900011953,9,2,10,1,2,1,8.0,3.0,0.0,10.0,0.0,0.0,0.0,16.0,1,-1,4.0,2.0,3.0,1.0,0.0,0.0,1,0.0,1.0,2,1,2,2,0,0,0,4,0,2,0,2,0,2,0,2,0,1,1,0,0,2,13,30
201400015182,14,6,16,1,2,1,1.0,3.0,0.0,1.0,0.0,0.0,2.0,0.0,1,4,4.0,2.0,0.0,1.0,0.0,0.0,1,0.0,1.0,2,2,2,0,0,0,0,2,2,0,0,0,0,2,0,0,0,0,0,1,0,2,11,0
201000047131,10,2,4,1,1,1,1.0,6.0,0.0,7.0,0.0,0.0,2.0,2.0,1,1,3.0,2.0,2.0,1.0,0.0,0.0,-1,0.0,1.0,3,2,6,6,0,3,0,9,0,6,0,6,0,6,0,6,0,1,1,0,0,2,11,50
200500033644,5,6,8,1,2,1,1.0,3.0,0.0,1.0,0.0,0.0,2.0,13.0,1,-1,4.0,3.0,3.0,1.0,0.0,90.0,1,0.0,1.0,2,3,2,2,0,0,0,4,0,4,0,0,0,0,0,4,0,1,0,0,0,3,9,15
200700018244,7,3,7,5,2,3,2.0,6.0,0.0,7.0,0.0,0.0,1.0,1.0,3,-1,4.0,2.0,1.0,1.0,0.0,0.0,1,0.0,1.0,1,2,1,1,0,1,0,1,0,2,0,0,0,1,0,1,0,0,0,0,0,2,19,15
201400052252,14,3,20,5,2,3,1.0,3.0,0.0,7.0,0.0,0.0,2.0,15.0,1,1,4.0,3.0,2.0,2.0,0.0,80.0,1,0.0,1.0,2,1,4,2,0,0,2,4,2,0,4,0,0,0,0,4,2,0,0,1,0,2,18,50
201000032452,10,9,11,5,2,1,1.0,6.0,0.0,7.0,0.0,15.0,0.0,1.0,1,1,4.0,2.0,2.0,1.0,0.0,0.0,1,0.0,1.0,1,3,1,0,0,0,0,1,1,0,0,0,0,1,0,0,0,1,0,0,0,3,22,50
201000039447,10,12,21,5,2,3,2.0,3.0,0.0,7.0,0.0,0.0,2.0,1.0,1,1,3.0,2.0,2.0,2.0,0.0,93.0,1,0.0,1.0,2,1,2,2,0,0,0,4,0,0,2,0,2,2,0,0,2,1,1,0,0,2,18,35
200900070926,9,11,3,2,2,3,1.0,3.0,0.0,7.0,0.0,0.0,2.0,10.0,1,1,2.0,2.0,2.0,1.0,0.0,0.0,1,0.0,1.0,2,1,0,4,0,0,0,4,4,0,0,0,0,4,0,0,0,1,0,0,0,2,16,50
201200016160,12,9,19,1,2,3,1.0,5.0,0.0,7.0,0.0,0.0,2.0,1.0,1,-1,4.0,1.0,1.0,1.0,0.0,30.0,1,0.0,1.0,3,1,9,0,0,0,0,9,0,0,3,0,6,6,0,3,0,1,0,1,0,2,15,25
200500068892,5,10,27,1,2,3,1.0,3.0,0.0,7.0,0.0,0.0,2.0,1.0,1,1,2.0,2.0,2.0,0.0,0.0,60.0,1,0.0,1.0,2,2,2,4,0,0,2,4,0,2,2,2,0,2,0,4,0,1,0,0,0,2,15,21
200500032342,5,6,13,1,2,4,1.0,3.0,0.0,4.0,0.0,0.0,2.0,1.0,1,2,4.0,2.0,2.0,1.0,0.0,54.0,1,0.0,1.0,2,2,2,2,0,0,0,4,2,0,0,0,2,2,2,0,0,1,0,0,0,2,8,0
201400025868,14,10,3,5,2,3,1.0,6.0,0.0,7.0,0.0,0.0,1.0,1.0,1,1,4.0,3.0,4.0,1.0,0.0,0.0,1,5.0,1.0,1,1,2,0,0,1,0,1,0,0,1,1,0,2,0,0,0,0,0,0,0,3,6,25
201000017273,10,12,10,2,2,1,1.0,3.0,0.0,34.0,0.0,0.0,2.0,1.0,1,2,4.0,2.0,4.0,1.0,0.0,0.0,1,2.0,1.0,2,2,4,0,0,0,0,4,0,0,0,2,2,4,0,0,0,1,0,0,0,2,7,30
201300050138,13,10,6,3,1,1,8.0,3.0,0.0,7.0,0.0,0.0,2.0,1.0,1,1,1.0,3.0,3.0,1.0,10.0,105.0,1,0.0,1.0,2,1,4,0,0,0,0,4,0,0,4,0,0,4,0,0,0,0,0,1,0,2,21,40
200700067934,7,11,17,5,2,1,1.0,6.0,0.0,7.0,0.0,0.0,1.0,1.0,1,-1,4.0,3.0,6.0,1.0,28.0,91.0,1,0.0,1.0,1,1,2,0,0,1,0,1,0,0,2,0,0,2,0,0,0,1,0,0,0,2,18,45
201300032468,13,2,11,1,2,1,3.0,2.0,0.0,13.0,0.0,0.0,2.0,2.0,1,1,4.0,2.0,2.0,1.0,0.0,0.0,1,0.0,1.0,2,1,4,0,0,0,0,4,0,4,0,0,0,2,2,0,0,1,1,0,0,2,17,30
200700046023,7,7,12,1,2,3,1.0,6.0,0.0,7.0,0.0,0.0,1.0,15.0,3,-1,4.0,2.0,3.0,1.0,0.0,0.0,1,0.0,1.0,1,2,0,2,0,1,0,1,1,0,0,1,0,1,0,1,0,1,0,0,0,2,11,50
201100008066,11,5,22,1,1,1,1.0,3.0,0.0,7.0,0.0,3.0,2.0,17.0,1,1,3.0,2.0,2.0,4.0,0.0,71.0,1,0.0,1.0,2,4,8,0,0,0,4,4,0,4,4,0,0,2,0,6,0,1,1,0,0,4,19,45
200500000365,5,1,20,5,2,1,1.0,6.0,0.0,7.0,0.0,2.0,0.0,1.0,1,1,3.0,2.0,2.0,2.0,0.0,73.0,1,0.0,3.0,1,4,1,0,0,0,0,1,0,0,1,0,0,0,0,1,0,0,0,1,0,4,21,0
200900070809,9,3,17,1,2,1,1.0,4.0,0.0,13.0,0.0,0.0,2.0,2.0,1,1,3.0,0.0,2.0,1.0,0.0,0.0,1,0.0,1.0,3,1,6,3,0,0,0,9,0,0,3,6,0,3,0,6,0,1,1,0,0,3,13,30
200800068118,8,11,20,1,2,1,2.0,2.0,0.0,7.0,0.0,0.0,2.0,1.0,1,-1,4.0,1.0,3.0,3.0,0.0,150.0,1,0.0,1.0,2,2,2,4,0,0,2,4,0,6,0,0,0,6,0,0,0,1,1,0,0,2,12,5
200800038231,8,7,14,1,2,4,1.0,5.0,0.0,32.0,0.0,0.0,2.0,1.0,1,2,3.0,2.0,2.0,4.0,0.0,80.0,1,0.0,1.0,3,3,9,0,0,0,0,9,0,9,0,0,0,9,0,0,0,1,0,1,0,3,18,40
201300011640,13,7,20,1,1,1,1.0,6.0,0.0,7.0,0.0,5.0,0.0,1.0,1,1,1.0,3.0,3.0,4.0,10.0,135.0,1,0.0,2.0,1,3,1,0,0,0,0,1,0,0,1,0,0,1,0,0,0,1,0,0,0,3,18,30
201100023214,11,4,19,1,1,1,1.0,4.0,0.0,17.0,0.0,0.0,2.0,2.0,1,1,1.0,1.0,3.0,1.0,25.0,240.0,1,0.0,1.0,3,3,9,9,6,0,3,9,0,9,3,6,0,12,6,0,0,1,1,0,0,4,16,15
201300021492,13,10,31,1,2,1,1.0,4.0,0.0,10.0,0.0,0.0,0.0,23.0,1,1,2.0,1.0,2.0,1.0,0.0,0.0,1,0.0,1.0,3,1,6,6,0,0,3,9,3,3,3,0,3,3,0,3,6,1,1,0,0,2,9,48
201500031183,15,7,16,1,2,2,1.0,1.0,0.0,34.0,0.0,0.0,2.0,1.0,1,2,4.0,2.0,2.0,1.0,0.0,79.0,1,5.0,1.0,2,3,4,0,0,0,0,4,0,0,2,0,2,2,0,2,0,1,0,0,0,3,16,40
201100043848,11,8,26,1,2,1,1.0,6.0,0.0,7.0,0.0,1.0,0.0,14.0,1,1,4.0,2.0,2.0,1.0,0.0,70.0,1,0.0,1.0,1,1,1,1,0,0,1,1,0,0,0,0,2,0,0,2,0,1,0,0,0,2,8,15
201200039479,12,3,22,1,2,3,1.0,6.0,0.0,7.0,0.0,0.0,2.0,23.0,1,1,4.0,2.0,2.0,1.0,0.0,0.0,1,0.0,1.0,3,1,3,6,0,0,0,9,0,0,9,0,0,6,3,0,0,1,0,0,0,2,17,10
200900006905,9,3,6,1,2,1,1.0,2.0,0.0,7.0,0.0,0.0,0.0,1.0,1,1,4.0,2.0,2.0,1.0,0.0,0.0,1,0.0,1.0,2,1,2,2,0,0,0,4,0,0,4,0,0,2,0,2,0,0,1,0,0,3,15,5
200600020507,6,4,8,1,2,1,1.0,6.0,0.0,7.0,0.0,0.0,1.0,1.0,1,1,4.0,4.0,4.0,1.0,0.0,0.0,1,0.0,1.0,1,1,2,0,0,1,0,1,1,0,0,0,1,1,1,0,0,1,0,0,0,2,8,25
200900000379,9,1,30,1,2,3,1.0,6.0,0.0,32.0,0.0,0.0,1.0,17.0,3,-1,4.0,0.0,2.0,2.0,0.0,0.0,1,0.0,0.0,1,2,1,1,0,1,0,1,0,2,0,0,0,1,0,1,0,1,0,0,0,2,16,0
201600047587,16,6,9,1,1,1,1.0,2.0,2.0,10.0,0.0,0.0,2.0,2.0,1,1,1.0,3.0,6.0,1.0,15.0,210.0,1,0.0,1.0,2,1,4,0,0,0,0,4,0,4,0,0,0,2,0,2,0,1,1,0,0,2,9,0
201100030824,11,5,8,1,2,3,1.0,6.0,0.0,7.0,0.0,0.0,1.0,15.0,1,1,3.0,2.0,1.0,1.0,0.0,0.0,1,0.0,1.0,1,1,0,2,0,1,0,1,0,0,2,0,0,1,0,0,1,1,0,0,0,3,10,50
201300037271,13,8,6,1,2,2,1.0,3.0,0.0,7.0,0.0,0.0,2.0,1.0,1,1,4.0,3.0,6.0,0.0,230.0,180.0,1,0.0,1.0,2,1,2,4,0,0,2,4,0,0,4,0,2,4,0,0,2,1,0,0,0,2,8,19
200500015414,5,3,23,1,2,1,1.0,6.0,1.0,7.0,0.0,0.0,1.0,7.0,3,-1,4.0,2.0,2.0,2.0,0.0,97.0,1,0.0,1.0,1,2,0,2,0,2,0,0,1,0,1,0,0,0,1,1,0,0,0,0,0,2,18,0
201000063033,10,11,20,1,2,1,1.0,3.0,0.0,32.0,0.0,0.0,2.0,17.0,1,2,4.0,2.0,2.0,2.0,0.0,60.0,1,0.0,1.0,2,2,4,0,0,0,0,4,0,2,2,0,0,4,0,0,0,0,0,1,0,2,14,50
200700081120,7,12,16,5,2,3,1.0,6.0,1.0,7.0,0.0,0.0,0.0,15.0,3,-1,4.0,1.0,1.0,1.0,0.0,20.0,1,0.0,1.0,1,2,1,0,0,1,0,0,0,0,1,0,0,0,0,0,1,1,0,0,0,2,18,45
201200018791,12,12,6,3,1,1,2.0,1.0,0.0,7.0,0.0,0.0,2.0,21.0,1,1,3.0,2.0,2.0,1.0,0.0,77.0,1,0.0,1.0,2,1,2,2,0,0,0,4,0,0,0,0,4,2,0,2,0,1,0,0,0,3,19,45
201200059989,12,5,5,1,2,1,1.0,3.0,0.0,33.0,0.0,0.0,2.0,3.0,1,2,4.0,1.0,2.0,2.0,0.0,70.0,1,0.0,1.0,2,2,4,0,0,0,0,4,0,0,2,2,0,2,0,0,2,0,0,1,0,2,12,20
200600051767,6,9,25,1,1,1,2.0,6.0,0.0,7.0,0.0,13.0,0.0,1.0,1,1,2.0,2.0,2.0,1.0,0.0,73.0,1,0.0,1.0,1,3,0,1,0,0,0,1,0,0,0,0,1,0,0,1,0,0,0,0,1,3,17,45
201100040702,11,9,9,5,2,1,2.0,1.0,0.0,7.0,0.0,10.0,2.0,1.0,1,1,3.0,2.0,4.0,1.0,0.0,118.0,1,2.0,1.0,2,3,4,0,0,0,0,4,0,0,0,0,4,0,0,4,0,1,0,0,0,3,5,15
200700045077,7,7,25,1,2,5,1.0,3.0,0.0,32.0,0.0,0.0,2.0,1.0,1,2,2.0,3.0,0.0,2.0,0.0,0.0,1,5.0,1.0,2,2,4,2,0,0,2,4,0,4,0,0,2,4,0,2,0,1,0,0,0,2,19,10
200700056772,7,9,6,1,2,9,1.0,3.0,0.0,33.0,0.0,0.0,2.0,8.0,1,2,4.0,2.0,4.0,1.0,0.0,120.0,1,0.0,1.0,2,3,4,0,0,0,0,4,2,0,0,2,0,2,2,0,0,1,0,0,0,3,7,35
200600030459,6,6,13,1,2,1,1.0,3.0,0.0,2.0,0.0,0.0,2.0,9.0,1,2,9.0,2.0,0.0,1.0,0.0,50.0,1,0.0,1.0,2,2,4,0,0,0,0,4,0,0,0,0,4,2,0,2,0,1,0,0,0,2,8,0
201000007905,10,8,4,1,1,1,1.0,6.0,0.0,31.0,0.0,5.0,0.0,0.0,1,2,3.0,2.0,0.0,2.0,0.0,76.0,1,0.0,1.0,1,3,2,0,0,0,1,1,0,1,1,0,0,0,0,2,0,0,0,1,0,3,15,0
201000014815,10,4,19,1,1,2,1.0,3.0,0.0,7.0,0.0,0.0,2.0,1.0,1,1,2.0,2.0,2.0,1.0,0.0,74.0,1,5.0,1.0,2,3,2,4,0,0,0,6,2,2,0,0,2,2,0,4,0,1,1,0,0,3,13,30
200600026692,6,5,10,1,1,1,1.0,6.0,0.0,7.0,0.0,4.0,0.0,1.0,1,1,1.0,1.0,2.0,2.0,0.0,92.0,1,3.0,1.0,1,1,1,1,0,0,1,1,0,2,0,0,0,1,0,1,0,1,0,0,0,2,13,40
200500021850,5,4,21,5,1,9,1.0,6.0,0.0,5.0,0.0,4.0,9.0,2.0,1,2,2.0,1.0,1.0,1.0,50.0,120.0,1,0.0,1.0,1,4,1,0,0,0,0,1,0,0,1,0,0,0,0,1,0,1,0,0,0,4,0,50
201500003723,15,3,7,1,1,1,1.0,1.0,0.0,7.0,0.0,0.0,0.0,1.0,1,1,3.0,0.0,0.0,1.0,0.0,73.0,1,0.0,1.0,2,3,2,2,0,0,0,4,0,0,4,0,0,0,0,0,4,1,0,0,0,3,17,35
201100020455,11,7,21,1,2,1,1.0,6.0,1.0,7.0,0.0,0.0,1.0,1.0,3,-1,4.0,2.0,0.0,1.0,0.0,0.0,1,0.0,1.0,1,2,1,0,0,1,0,0,0,1,0,0,0,1,0,0,0,1,0,0,0,2,8,45
201500008872,15,6,19,1,1,1,1.0,1.0,0.0,30.0,0.0,0.0,2.0,1.0,1,2,3.0,2.0,0.0,2.0,0.0,45.0,1,0.0,1.0,2,3,0,4,0,0,0,4,0,0,0,0,4,4,0,0,0,1,0,0,0,3,9,30
201700053524,17,6,14,1,2,1,1.0,6.0,1.0,7.0,0.0,12.0,1.0,1.0,1,-1,4.0,1.0,1.0,1.0,0.0,20.0,1,1.0,1.0,1,1,2,0,0,1,0,1,0,2,0,0,0,0,0,0,2,0,0,0,0,3,15,0
201400004914,14,5,16,1,1,1,1.0,6.0,0.0,7.0,0.0,2.0,0.0,17.0,1,-1,3.0,2.0,2.0,2.0,0.0,70.0,1,0.0,1.0,1,3,1,0,0,0,0,1,0,0,0,0,1,1,0,0,0,1,0,0,0,3,8,30
201500002416,15,12,7,2,2,1,1.0,6.0,0.0,7.0,0.0,0.0,1.0,1.0,1,1,3.0,2.0,2.0,1.0,0.0,56.0,1,0.0,1.0,1,1,1,1,0,1,0,1,0,0,1,0,1,1,0,0,1,1,0,0,0,3,17,45
201700011720,17,5,29,1,1,1,1.0,6.0,2.0,33.0,0.0,13.0,0.0,1.0,1,2,3.0,2.0,2.0,2.0,0.0,111.0,1,0.0,3.0,1,4,1,0,0,0,0,1,0,0,0,0,1,0,0,1,0,1,0,0,0,4,12,30
200700052263,7,8,29,5,2,6,1.0,3.0,0.0,31.0,0.0,0.0,2.0,2.0,1,2,3.0,1.0,1.0,1.0,60.0,60.0,1,0.0,1.0,2,2,2,0,0,0,0,2,0,0,0,0,2,2,0,0,0,0,0,1,0,2,4,50
201200010623,12,4,23,1,2,1,1.0,7.0,0.0,7.0,0.0,0.0,1.0,1.0,1,-1,4.0,2.0,2.0,1.0,0.0,60.0,1,0.0,1.0,1,1,1,1,0,1,0,1,0,0,2,0,0,0,0,0,2,1,0,0,0,3,9,50
200700007771,7,2,22,1,2,1,1.0,3.0,0.0,7.0,0.0,0.0,2.0,15.0,1,1,4.0,2.0,3.0,1.0,0.0,110.0,1,0.0,1.0,2,1,4,0,0,0,0,4,2,2,0,0,0,0,0,2,2,1,0,0,0,2,11,25
201200037518,12,8,6,1,2,1,1.0,2.0,0.0,20.0,0.0,0.0,0.0,1.0,1,-1,3.0,3.0,2.0,1.0,10.0,70.0,1,0.0,1.0,2,3,12,0,6,2,0,4,0,2,0,10,0,6,2,4,0,1,1,0,0,3,8,0
200500059533,5,9,16,1,2,1,1.0,6.0,0.0,18.0,0.0,0.0,1.0,1.0,1,-1,4.0,2.0,4.0,1.0,0.0,110.0,1,0.0,1.0,1,1,2,0,0,1,0,1,0,0,0,2,0,2,0,0,0,1,0,0,0,2,16,0
201400001659,14,3,16,3,1,1,1.0,7.0,0.0,7.0,0.0,13.0,0.0,1.0,1,-1,3.0,2.0,2.0,2.0,0.0,45.0,1,0.0,3.0,1,4,1,0,0,0,0,1,0,0,1,0,0,1,0,0,0,1,0,0,0,4,20,30
200500044764,5,7,31,1,2,2,1.0,3.0,0.0,7.0,0.0,0.0,2.0,1.0,1,1,4.0,1.0,1.0,1.0,0.0,59.0,1,0.0,1.0,2,3,6,2,0,0,4,4,4,4,0,0,0,6,0,2,0,1,0,0,0,3,18,0
201500009062,15,8,4,1,1,1,1.0,1.0,0.0,33.0,0.0,0.0,2.0,21.0,1,2,3.0,2.0,2.0,1.0,0.0,0.0,1,0.0,1.0,2,3,4,0,0,0,0,4,0,2,0,2,0,0,0,4,0,1,0,0,0,3,16,30
200600035850,6,6,16,1,1,1,1.0,7.0,0.0,33.0,0.0,0.0,0.0,1.0,1,2,3.0,2.0,1.0,1.0,0.0,0.0,1,0.0,1.0,1,3,1,0,0,0,0,1,0,0,1,0,0,1,0,0,0,0,0,0,0,3,21,35
201600047844,16,10,13,3,1,1,1.0,4.0,1.0,10.0,0.0,0.0,2.0,2.0,1,1,1.0,3.0,6.0,1.0,15.0,210.0,1,0.0,1.0,3,1,9,0,0,0,0,9,0,0,0,0,9,3,0,6,0,1,1,0,1,2,7,6
201200057609,12,6,21,1,2,2,1.0,5.0,0.0,7.0,0.0,0.0,2.0,1.0,1,-1,4.0,1.0,0.0,1.0,0.0,0.0,1,0.0,1.0,4,1,12,4,0,0,0,16,12,4,0,0,0,8,0,4,4,0,1,1,0,2,18,45
201600015891,16,11,4,1,2,6,1.0,3.0,1.0,7.0,0.0,0.0,2.0,1.0,1,1,4.0,1.0,3.0,0.0,0.0,90.0,-1,0.0,1.0,2,2,4,0,0,0,0,4,0,4,0,0,0,2,0,0,2,1,0,1,0,2,15,0
200700043416,7,7,25,1,2,1,1.0,2.0,0.0,30.0,0.0,0.0,2.0,4.0,1,2,9.0,3.0,4.0,1.0,0.0,0.0,1,0.0,1.0,2,2,4,0,0,0,0,4,0,0,0,2,2,2,0,2,0,1,1,0,0,2,17,30
200800033616,8,6,1,4,2,1,1.0,6.0,0.0,7.0,0.0,1.0,0.0,1.0,1,1,4.0,2.0,2.0,1.0,0.0,120.0,1,0.0,1.0,1,1,2,0,0,0,1,1,0,1,1,0,0,1,0,1,0,1,0,0,0,2,1,0
201700003745,17,7,3,1,1,2,1.0,3.0,0.0,7.0,0.0,0.0,2.0,1.0,1,1,3.0,2.0,2.0,1.0,6.0,415.0,1,0.0,-1.0,2,3,2,2,0,0,0,4,0,0,4,0,0,0,0,0,4,1,0,1,0,4,10,50
201300017644,13,4,18,2,1,1,1.0,6.0,0.0,33.0,0.0,8.0,0.0,1.0,1,2,3.0,2.0,2.0,2.0,0.0,63.0,1,0.0,1.0,1,4,1,0,0,0,0,1,0,0,1,0,0,0,0,0,1,1,0,0,0,4,21,15
200500053899,5,8,1,1,1,1,1.0,2.0,0.0,7.0,0.0,4.0,0.0,1.0,1,-1,1.0,3.0,6.0,1.0,30.0,210.0,1,0.0,1.0,2,2,2,2,0,0,2,2,2,2,0,0,0,2,2,0,0,1,1,0,0,3,18,0
201100048049,11,6,7,1,2,1,1.0,2.0,0.0,33.0,0.0,16.0,2.0,16.0,1,2,2.0,3.0,2.0,1.0,0.0,0.0,1,0.0,1.0,2,3,0,4,0,0,0,4,0,0,0,0,4,4,0,0,0,1,1,0,0,3,18,50
201000054538,10,6,1,1,2,1,1.0,1.0,0.0,7.0,0.0,0.0,2.0,1.0,1,1,4.0,2.0,2.0,1.0,0.0,0.0,1,0.0,1.0,2,1,2,2,0,0,0,4,0,4,0,0,0,2,0,2,0,0,1,0,1,2,9,50
200500006718,5,1,11,1,2,1,8.0,3.0,0.0,1.0,0.0,0.0,2.0,15.0,1,-1,3.0,3.0,5.0,1.0,0.0,260.0,1,0.0,1.0,2,1,4,0,0,0,0,4,0,4,0,0,0,2,0,2,0,1,0,0,0,2,16,10
200600003026,6,1,20,1,2,3,1.0,3.0,0.0,2.0,0.0,0.0,2.0,1.0,1,2,3.0,2.0,6.0,1.0,0.0,180.0,1,0.0,1.0,2,3,2,2,0,0,0,4,0,0,0,2,2,2,0,2,0,1,0,0,0,3,8,0
200600056319,6,9,30,1,2,1,1.0,3.0,0.0,7.0,0.0,0.0,2.0,15.0,1,1,4.0,1.0,2.0,1.0,0.0,60.0,1,0.0,1.0,2,1,2,4,0,0,2,4,0,2,4,0,0,2,0,4,0,1,1,0,0,2,15,10
200800066746,8,11,28,1,2,3,2.0,3.0,0.0,7.0,0.0,0.0,2.0,15.0,1,1,4.0,1.0,1.0,1.0,0.0,0.0,1,0.0,1.0,2,1,4,0,0,0,0,4,2,0,0,2,0,4,0,0,0,1,1,0,0,2,16,0
200800004460,8,1,19,4,2,1,1.0,6.0,0.0,1.0,0.0,9.0,0.0,1.0,1,0,4.0,1.0,1.0,1.0,0.0,0.0,1,0.0,1.0,1,2,1,0,0,0,0,1,1,0,0,0,0,1,0,0,0,1,0,0,0,2,23,0
200800071112,8,12,15,1,2,1,1.0,2.0,0.0,7.0,0.0,0.0,2.0,9.0,1,1,4.0,1.0,3.0,1.0,40.0,109.0,1,0.0,1.0,2,1,4,0,0,0,0,4,2,0,0,0,2,2,0,2,0,1,1,0,0,2,9,15
200700034551,7,6,14,1,2,6,1.0,1.0,0.0,31.0,0.0,0.0,2.0,5.0,1,2,4.0,1.0,1.0,2.0,0.0,0.0,1,0.0,1.0,2,1,4,0,0,0,0,4,2,0,0,0,2,2,0,2,0,1,0,0,0,2,14,5
201000049048,10,12,17,5,2,1,2.0,6.0,0.0,7.0,0.0,0.0,1.0,1.0,1,-1,3.0,2.0,2.0,1.0,0.0,0.0,1,0.0,1.0,1,1,2,0,0,1,0,1,1,0,0,1,0,0,0,1,1,1,0,0,0,3,17,10
201300015614,13,9,24,1,2,1,1.0,6.0,0.0,7.0,0.0,0.0,1.0,17.0,1,1,4.0,2.0,0.0,1.0,0.0,0.0,1,0.0,1.0,1,1,0,2,0,1,0,1,0,1,1,0,0,0,1,1,0,1,0,0,0,2,14,45
201600052443,16,8,31,5,2,2,1.0,6.0,1.0,33.0,0.0,0.0,2.0,1.0,1,2,4.0,2.0,0.0,1.0,0.0,0.0,1,0.0,1.0,2,2,2,0,0,0,0,2,0,2,0,0,0,2,0,0,0,1,0,1,0,2,23,10
200500033298,5,6,25,5,1,1,1.0,6.0,0.0,7.0,0.0,13.0,0.0,1.0,1,-1,3.0,3.0,4.0,1.0,0.0,70.0,1,0.0,1.0,1,1,1,1,0,0,1,1,0,2,0,0,0,0,0,2,0,0,0,1,0,2,2,1
200900028731,9,2,28,3,1,1,1.0,5.0,0.0,7.0,0.0,0.0,2.0,2.0,1,1,1.0,3.0,3.0,1.0,0.0,-1.0,1,0.0,0.0,4,4,16,4,0,0,4,16,0,0,16,4,0,8,0,12,0,1,0,1,0,4,23,56
201100041181,11,9,21,1,2,1,1.0,7.0,0.0,7.0,0.0,0.0,1.0,1.0,1,1,4.0,2.0,2.0,4.0,0.0,0.0,1,0.0,1.0,1,1,2,0,0,1,0,1,0,0,1,0,1,1,0,0,1,1,0,0,0,2,10,55
200700029293,7,5,3,1,2,4,1.0,6.0,0.0,1.0,0.0,0.0,2.0,1.0,1,-1,4.0,1.0,6.0,1.0,0.0,150.0,1,0.0,5.0,2,2,2,2,0,0,0,4,0,0,2,0,2,4,0,0,0,1,1,0,0,2,19,35
201200036243,12,3,21,1,2,3,1.0,6.0,0.0,7.0,0.0,0.0,1.0,1.0,1,1,4.0,3.0,2.0,1.0,31.0,62.0,1,5.0,1.0,1,1,1,1,0,1,0,1,1,1,0,0,0,1,1,0,0,1,0,0,0,2,11,53
201300014146,13,2,3,5,2,9,6.0,3.0,0.0,7.0,0.0,1.0,0.0,14.0,1,1,4.0,2.0,4.0,2.0,0.0,0.0,1,0.0,1.0,2,1,4,0,0,0,0,4,0,2,0,0,2,2,0,2,0,0,1,1,0,2,1,25
201400002504,14,12,20,1,2,1,1.0,1.0,0.0,7.0,0.0,0.0,2.0,9.0,1,1,3.0,2.0,2.0,2.0,71.0,71.0,1,0.0,1.0,2,1,4,0,0,0,0,4,0,0,4,0,0,4,0,0,0,1,0,0,0,3,16,45
200700038612,7,6,27,1,2,1,1.0,6.0,0.0,10.0,0.0,0.0,1.0,0.0,1,-1,4.0,2.0,3.0,1.0,0.0,101.0,1,0.0,1.0,1,2,2,0,0,1,0,1,0,1,0,1,0,2,0,0,0,1,0,0,0,2,14,40
200500060235,5,9,30,1,2,3,2.0,7.0,0.0,2.0,0.0,0.0,0.0,21.0,1,2,4.0,1.0,1.0,1.0,0.0,30.0,1,0.0,1.0,1,2,1,0,0,0,0,1,0,0,0,0,1,1,0,0,0,1,0,0,0,2,18,0
200900001036,9,2,25,1,2,5,1.0,6.0,0.0,30.0,0.0,1.0,1.0,1.0,3,-1,4.0,1.0,2.0,2.0,0.0,70.0,1,0.0,1.0,1,2,2,0,0,1,0,1,0,1,1,0,0,0,0,1,1,0,0,1,0,2,15,0
201100058867,11,8,31,1,2,1,7.0,7.0,0.0,1.0,0.0,0.0,0.0,1.0,1,-1,4.0,0.0,1.0,1.0,0.0,0.0,1,0.0,5.0,1,2,1,0,0,0,0,1,0,0,0,0,1,1,0,0,0,0,0,0,0,2,18,10