Num_Acc,an,mois,jour,lum,agg,int,atm,col,senc,catv,occutc,obs,obsm,manv,catu,secu,catr,circ,nbv,prof,lartpc,larrout,surf,infra,situ,nb_veh,grav_simpl,Homme,Femme,Arrière,Autre_x,Avant,Conducteur,Autre_y,Inconnu,Loisirs,Professionnel,Travail,Adulte,Enfant,Jeune,Senior,choc_avant,choc_arriere,choc_lateral,choc_multiple,grav_order_max,heure,minute
201300033665,13,2,1,1,2,1,1.0,6.0,0.0,7.0,0.0,0.0,1.0,0.0,1,1,4.0,0.0,0.0,0.0,0.0,0.0,-1,0.0,0.0,1,1,2,0,0,1,0,1,0,1,1,0,0,0,1,1,0,1,0,0,0,2,16,37
200500011218,5,2,23,1,2,1,1.0,3.0,0.0,5.0,0.0,0.0,2.0,17.0,1,2,2.0,2.0,0.0,1.0,0.0,80.0,1,0.0,1.0,2,3,2,4,0,0,2,4,2,2,0,0,2,2,2,2,0,1,0,1,0,3,17,30
200500056538,5,8,20,1,2,1,1.0,6.0,0.0,7.0,0.0,0.0,1.0,0.0,1,1,9.0,1.0,1.0,1.0,0.0,28.0,1,0.0,1.0,1,1,1,1,0,1,0,1,0,0,2,0,0,0,1,1,0,0,0,0,0,3,13,15
201000047339,10,2,20,2,2,1,1.0,3.0,0.0,7.0,0.0,0.0,2.0,15.0,1,1,4.0,0.0,2.0,1.0,0.0,60.0,1,0.0,0.0,2,3,8,0,2,0,2,4,0,0,2,6,0,4,0,4,0,1,0,1,0,3,20,0
201600016084,16,12,7,1,2,1,1.0,1.0,1.0,7.0,0.0,0.0,2.0,13.0,1,1,4.0,2.0,2.0,2.0,7.0,68.0,1,0.0,1.0,2,2,4,2,0,0,2,4,0,2,2,0,2,6,0,0,0,1,0,0,0,2,7,45
201200012973,12,9,29,5,1,1,1.0,2.0,0.0,7.0,0.0,1.0,0.0,1.0,1,1,1.0,0.0,0.0,1.0,0.0,0.0,1,7.0,1.0,2,1,8,6,4,2,4,4,0,10,4,0,0,4,2,4,4,1,1,0,0,3,4,0
200600069537,6,11,29,1,2,1,1.0,6.0,0.0,33.0,0.0,0.0,1.0,1.0,1,2,3.0,2.0,2.0,1.0,15.0,60.0,1,0.0,1.0,1,2,1,1,0,1,0,1,0,0,1,1,0,1,0,0,1,1,0,0,0,2,14,50
200900058415,9,12,7,5,2,1,1.0,6.0,1.0,32.0,0.0,0.0,1.0,0.0,3,-1,4.0,0.0,0.0,0.0,0.0,0.0,-1,0.0,0.0,1,2,1,0,0,1,0,0,0,1,0,0,0,0,1,0,0,0,0,0,0,2,17,50
201500009464,15,4,4,1,1,1,2.0,6.0,0.0,7.0,0.0,2.0,0.0,14.0,1,1,3.0,2.0,2.0,1.0,0.0,60.0,1,0.0,1.0,1,4,0,1,0,0,0,1,0,0,0,0,1,0,0,1,0,1,0,0,0,4,19,0
200800068037,8,11,14,5,2,1,1.0,7.0,0.0,30.0,0.0,0.0,0.0,13.0,1,2,4.0,1.0,1.0,1.0,0.0,66.0,1,0.0,1.0,1,2,1,0,0,0,0,1,0,1,0,0,0,1,0,0,0,0,0,0,0,2,1,50
200900045016,9,5,7,1,2,1,1.0,3.0,0.0,30.0,0.0,0.0,0.0,0.0,2,2,2.0,1.0,2.0,1.0,0.0,0.0,1,0.0,1.0,2,2,4,2,0,0,2,4,2,2,0,0,2,0,0,4,2,1,0,0,0,2,15,25
201200022956,12,12,26,3,1,1,8.0,6.0,0.0,7.0,0.0,3.0,0.0,12.0,1,1,2.0,3.0,2.0,1.0,100.0,70.0,1,0.0,2.0,1,2,1,1,0,0,1,1,0,1,1,0,0,1,1,0,0,1,0,0,0,2,17,15
200600022377,6,4,12,1,2,1,1.0,2.0,0.0,30.0,0.0,0.0,2.0,2.0,1,2,3.0,3.0,0.0,1.0,0.0,0.0,-1,0.0,1.0,2,2,4,0,0,0,0,4,0,4,0,0,0,2,0,2,0,1,1,0,0,2,10,55
200600003417,6,1,4,1,2,1,1.0,3.0,0.0,18.0,20.0,0.0,2.0,1.0,1,0,3.0,2.0,2.0,1.0,0.0,100.0,1,0.0,1.0,2,1,4,0,0,0,0,4,2,0,0,2,0,2,0,2,0,0,0,1,0,3,15,0
201700022341,17,6,21,1,2,3,1.0,3.0,0.0,99.0,0.0,0.0,2.0,19.0,1,-1,4.0,2.0,2.0,1.0,0.0,0.0,1,0.0,1.0,2,3,4,0,0,0,0,4,0,0,4,0,0,2,0,2,0,1,0,0,0,3,18,33
201000037180,10,5,21,1,2,6,1.0,3.0,0.0,7.0,0.0,0.0,2.0,9.0,1,1,4.0,2.0,2.0,1.0,0.0,0.0,1,0.0,1.0,2,1,4,0,0,0,0,4,0,0,2,0,2,4,0,0,0,1,0,1,0,2,20,30
201600026437,16,3,4,5,1,1,3.0,6.0,2.0,7.0,0.0,0.0,1.0,0.0,1,1,3.0,2.0,2.0,1.0,0.0,60.0,1,0.0,1.0,1,1,2,0,0,1,0,1,0,2,0,0,0,2,0,0,0,1,0,0,0,3,19,45
200600065505,6,10,10,3,1,1,2.0,4.0,0.0,16.0,0.0,0.0,2.0,2.0,1,1,1.0,3.0,2.0,1.0,20.0,90.0,1,0.0,1.0,3,1,9,0,0,0,0,9,0,0,0,6,3,9,0,0,0,1,1,0,0,4,6,30
201400029638,14,4,24,1,2,1,1.0,3.0,0.0,1.0,0.0,0.0,2.0,1.0,1,9,3.0,2.0,2.0,2.0,0.0,115.0,1,0.0,1.0,2,3,4,0,0,0,0,4,0,0,2,0,2,2,0,0,2,1,0,0,0,3,10,8
200900064040,9,7,5,1,2,1,1.0,6.0,0.0,7.0,0.0,0.0,2.0,13.0,1,1,4.0,2.0,2.0,1.0,0.0,105.0,1,0.0,0.0,2,1,4,2,0,0,2,4,0,0,6,0,0,2,0,2,2,1,1,0,0,2,22,15
201700013472,17,3,22,1,1,2,1.0,3.0,0.0,7.0,0.0,0.0,2.0,2.0,1,-1,3.0,2.0,2.0,1.0,0.0,55.0,1,0.0,1.0,2,1,6,2,0,2,2,4,0,2,6,0,0,0,0,4,4,1,0,1,0,3,9,20
200700053264,7,9,3,1,1,1,1.0,3.0,0.0,7.0,0.0,0.0,2.0,15.0,1,1,3.0,2.0,2.0,1.0,0.0,75.0,1,0.0,1.0,2,2,0,4,0,0,0,4,2,0,2,0,0,4,0,0,0,1,0,1,0,2,17,0
201000031613,10,2,18,1,2,1,1.0,6.0,0.0,7.0,0.0,0.0,2.0,0.0,1,1,4.0,2.0,0.0,1.0,0.0,0.0,1,0.0,0.0,2,1,4,0,0,0,0,4,0,4,0,0,0,2,0,2,0,0,0,0,0,2,9,10
201100008465,11,5,29,2,1,1,1.0,7.0,0.0,7.0,0.0,15.0,0.0,1.0,1,1,3.0,2.0,2.0,0.0,0.0,0.0,1,0.0,1.0,1,1,3,0,1,0,1,1,0,2,1,0,0,3,0,0,0,0,0,0,1,3,7,0
201300016419,13,3,30,1,2,1,1.0,6.0,0.0,7.0,0.0,0.0,1.0,2.0,1,1,4.0,1.0,1.0,1.0,0.0,49.0,1,0.0,1.0,1,1,1,1,0,1,0,1,1,0,1,0,0,0,0,1,1,1,0,0,0,3,16,15
200500025219,5,5,24,1,2,1,1.0,1.0,0.0,7.0,0.0,0.0,9.0,1.0,1,1,4.0,2.0,0.0,0.0,0.0,50.0,1,0.0,1.0,2,1,4,0,0,0,0,4,0,0,4,0,0,0,2,2,0,1,0,1,0,3,20,15
200800035586,8,6,1,5,2,2,1.0,6.0,0.0,7.0,0.0,0.0,2.0,16.0,1,1,4.0,2.0,1.0,1.0,0.0,0.0,1,0.0,1.0,2,1,4,2,0,0,2,4,0,2,2,2,0,0,0,6,0,1,0,1,0,2,3,35
201100044318,11,2,4,1,1,1,8.0,1.0,0.0,7.0,0.0,0.0,2.0,1.0,1,1,2.0,2.0,2.0,1.0,0.0,73.0,0,0.0,1.0,2,3,4,0,0,0,0,4,2,2,0,0,0,0,0,4,0,1,0,0,0,3,11,55
200500012323,5,3,20,2,1,1,1.0,3.0,0.0,7.0,0.0,0.0,2.0,15.0,1,1,3.0,2.0,0.0,1.0,0.0,85.0,1,5.0,1.0,2,1,2,2,0,0,0,4,0,0,4,0,0,0,0,4,0,1,0,1,0,3,20,0
200500004402,5,1,14,1,1,3,1.0,2.0,0.0,7.0,0.0,0.0,2.0,1.0,1,1,1.0,1.0,2.0,1.0,0.0,120.0,1,3.0,1.0,2,1,2,4,0,0,2,4,0,2,4,0,0,2,0,4,0,1,1,0,0,2,13,50
201000003560,10,4,5,1,1,1,1.0,6.0,0.0,7.0,0.0,13.0,0.0,1.0,1,1,3.0,2.0,2.0,4.0,0.0,84.0,1,5.0,1.0,1,1,3,0,1,0,1,1,0,2,1,0,0,0,0,3,0,1,0,0,0,3,13,15
200500026787,5,5,12,1,1,1,1.0,6.0,0.0,17.0,0.0,3.0,0.0,1.0,1,1,1.0,3.0,3.0,1.0,0.0,0.0,1,0.0,1.0,1,2,1,0,0,0,0,1,0,0,0,1,0,0,0,1,0,1,0,0,0,2,8,0
201100028615,11,5,2,1,2,1,1.0,2.0,0.0,7.0,0.0,0.0,2.0,1.0,1,1,4.0,2.0,1.0,2.0,0.0,30.0,1,0.0,1.0,2,1,0,4,0,0,0,4,2,0,2,0,0,0,0,4,0,1,1,0,0,2,17,0
200600008264,6,2,3,5,2,2,1.0,6.0,0.0,5.0,0.0,0.0,1.0,1.0,1,-1,4.0,2.0,2.0,1.0,0.0,90.0,1,0.0,1.0,1,1,1,1,0,1,0,1,0,1,0,0,1,0,0,2,0,1,0,0,0,2,19,30
200900055895,9,7,28,1,2,1,1.0,3.0,1.0,7.0,0.0,0.0,0.0,14.0,1,2,3.0,2.0,2.0,3.0,0.0,67.0,1,0.0,1.0,2,2,2,0,0,0,0,2,0,0,2,0,0,0,0,2,0,0,0,1,0,2,12,0
200600006902,6,2,1,3,1,1,5.0,1.0,0.0,7.0,0.0,0.0,2.0,1.0,1,1,3.0,2.0,3.0,2.0,0.0,105.0,1,0.0,1.0,2,3,2,6,2,0,2,4,2,4,0,0,2,6,0,2,0,1,0,0,0,3,17,45
201200049761,12,11,8,1,1,1,1.0,7.0,0.0,34.0,0.0,0.0,9.0,0.0,1,2,1.0,3.0,3.0,1.0,15.0,105.0,1,0.0,1.0,1,2,1,0,0,0,0,1,0,1,0,0,0,1,0,0,0,0,0,1,0,2,15,30
201200008501,12,3,10,1,1,1,1.0,3.0,0.0,33.0,0.0,0.0,2.0,17.0,1,2,3.0,0.0,0.0,1.0,0.0,60.0,1,0.0,1.0,2,3,2,2,0,0,0,4,0,0,4,0,0,4,0,0,0,1,1,0,0,3,16,0
200500047620,5,7,29,1,1,1,1.0,3.0,0.0,7.0,0.0,0.0,2.0,14.0,1,1,1.0,3.0,6.0,4.0,20.0,210.0,1,0.0,1.0,2,1,4,0,0,0,0,4,2,0,2,0,0,2,0,2,0,1,0,1,0,2,19,23
201500000742,15,3,8,1,1,1,1.0,6.0,0.0,33.0,0.0,16.0,0.0,1.0,1,2,3.0,2.0,0.0,1.0,60.0,0.0,1,0.0,3.0,1,3,1,0,0,0,0,1,0,0,1,0,0,0,0,1,0,1,0,0,0,3,18,0
200700003479,7,1,7,3,2,1,1.0,6.0,0.0,7.0,0.0,2.0,0.0,1.0,1,1,3.0,2.0,2.0,1.0,0.0,35.0,1,0.0,3.0,1,2,1,0,0,0,0,1,1,0,0,0,0,0,0,1,0,1,0,0,0,2,4,15
201300014642,13,4,1,2,2,2,1.0,2.0,0.0,10.0,0.0,0.0,2.0,3.0,1,1,4.0,1.0,2.0,1.0,0.0,75.0,1,0.0,1.0,2,3,4,0,0,0,0,4,0,0,2,0,2,2,0,2,0,1,0,1,0,3,4,55
200800027150,8,5,14,1,2,1,1.0,4.0,0.0,34.0,0.0,0.0,2.0,14.0,1,2,4.0,2.0,1.0,1.0,0.0,104.0,1,0.0,1.0,3,2,12,0,3,0,0,9,0,3,9,0,0,6,0,3,3,1,1,0,0,2,14,45
201300043743,13,12,4,1,2,2,8.0,3.0,0.0,2.0,0.0,0.0,2.0,1.0,1,2,3.0,0.0,0.0,1.0,0.0,0.0,1,0.0,1.0,2,3,4,0,0,0,0,4,0,0,0,0,4,0,0,2,2,1,0,0,0,3,9,50
201300047238,13,10,29,5,1,1,1.0,1.0,0.0,33.0,0.0,0.0,2.0,3.0,1,2,2.0,1.0,2.0,0.0,10.0,30.0,1,0.0,1.0,2,3,2,0,0,0,0,2,0,2,0,0,0,2,0,0,0,1,0,0,0,3,20,26
201000001014,10,12,14,1,2,9,8.0,6.0,0.0,30.0,0.0,1.0,0.0,1.0,1,2,9.0,2.0,2.0,1.0,0.0,55.0,1,0.0,1.0,1,3,1,0,0,0,0,1,0,0,1,0,0,0,1,0,0,0,0,1,0,3,14,30
201600022076,16,1,26,5,2,1,1.0,6.0,0.0,7.0,0.0,0.0,1.0,15.0,1,1,4.0,2.0,2.0,1.0,0.0,0.0,1,2.0,1.0,1,1,2,0,0,1,0,1,1,1,0,0,0,0,0,1,1,1,0,0,0,2,20,40
201000062459,10,7,29,1,2,1,1.0,6.0,0.0,7.0,0.0,0.0,1.0,1.0,1,1,4.0,2.0,1.0,1.0,0.0,100.0,1,0.0,1.0,1,1,1,1,0,1,0,1,0,0,1,0,1,1,0,0,1,0,1,0,0,2,16,10
201200057455,12,3,8,1,2,5,1.0,2.0,0.0,7.0,0.0,0.0,2.0,23.0,1,1,4.0,1.0,2.0,1.0,0.0,80.0,1,0.0,1.0,2,2,2,4,2,0,0,4,2,4,0,0,0,4,2,0,0,1,1,0,0,2,8,45
201200042761,12,5,29,1,2,6,1.0,3.0,0.0,30.0,0.0,0.0,2.0,1.0,1,2,3.0,2.0,2.0,1.0,0.0,0.0,1,0.0,1.0,2,2,2,2,0,0,0,4,2,0,0,2,0,0,0,4,0,1,0,1,0,2,10,45
201300018472,13,1,4,1,1,1,2.0,3.0,0.0,7.0,0.0,1.0,2.0,10.0,1,1,3.0,2.0,2.0,0.0,10.0,70.0,1,0.0,1.0,2,2,2,2,0,0,0,4,0,0,2,2,0,4,0,0,0,1,0,1,0,3,13,30
200700036431,7,6,1,1,2,1,1.0,6.0,0.0,2.0,0.0,8.0,0.0,13.0,1,2,2.0,3.0,2.0,1.0,18.0,99.0,1,0.0,1.0,1,3,1,0,0,0,0,1,0,0,1,0,0,0,0,1,0,1,0,0,0,3,19,10
201000028503,10,12,11,1,2,1,1.0,3.0,0.0,30.0,0.0,0.0,2.0,1.0,1,2,4.0,2.0,2.0,1.0,0.0,85.0,1,0.0,1.0,2,1,6,0,0,0,2,4,2,2,2,0,0,0,6,0,0,0,0,0,0,2,15,50
201700001074,17,9,7,1,1,9,1.0,3.0,0.0,33.0,0.0,0.0,2.0,1.0,1,2,3.0,3.0,1.0,1.0,603.0,610.0,1,0.0,-1.0,2,3,4,0,0,0,0,4,0,2,0,2,0,2,0,2,0,1,1,0,0,3,15,15
201400023876,14,12,31,1,1,1,1.0,6.0,0.0,10.0,0.0,2.0,0.0,1.0,1,1,3.0,2.0,2.0,1.0,0.0,62.0,1,0.0,3.0,1,3,1,0,0,0,0,1,0,0,0,1,0,0,0,1,0,1,0,0,0,3,14,15
201500055474,15,3,12,5,2,5,1.0,7.0,0.0,31.0,0.0,0.0,0.0,1.0,1,2,4.0,0.0,1.0,0.0,0.0,60.0,-1,0.0,0.0,1,1,2,0,0,0,1,1,0,2,0,0,0,2,0,0,0,0,0,1,0,2,0,50
201100036740,11,11,25,2,2,6,1.0,3.0,0.0,33.0,0.0,0.0,2.0,15.0,1,2,3.0,1.0,2.0,1.0,0.0,103.0,1,5.0,1.0,2,3,2,2,0,0,0,4,0,0,2,2,0,4,0,0,0,1,0,1,0,3,17,30
201300028602,13,1,4,5,2,1,1.0,2.0,0.0,7.0,0.0,0.0,2.0,2.0,1,1,4.0,2.0,2.0,1.0,0.0,0.0,1,0.0,1.0,2,1,4,4,2,0,2,4,0,8,0,0,0,4,2,2,0,1,1,0,0,2,18,35
201200060312,12,10,27,5,2,1,1.0,2.0,0.0,33.0,0.0,0.0,2.0,2.0,1,2,4.0,1.0,2.0,2.0,0.0,70.0,1,0.0,1.0,2,2,4,2,0,0,2,4,0,0,6,0,0,2,0,4,0,1,1,0,0,2,2,29
201100006276,11,11,13,3,1,1,1.0,6.0,0.0,7.0,0.0,2.0,0.0,19.0,1,1,3.0,2.0,2.0,1.0,0.0,55.0,1,0.0,3.0,1,2,1,0,0,0,0,1,0,0,1,0,0,0,0,1,0,1,0,0,0,2,3,45
200500022503,5,4,29,1,1,1,1.0,3.0,0.0,7.0,0.0,0.0,2.0,22.0,1,1,1.0,1.0,2.0,1.0,20.0,70.0,1,0.0,1.0,2,1,4,2,0,0,2,4,0,2,4,0,0,4,0,2,0,1,0,1,0,3,18,35
201200020062,12,7,4,1,1,3,1.0,3.0,0.0,7.0,0.0,0.0,2.0,1.0,1,1,2.0,2.0,3.0,1.0,80.0,80.0,1,5.0,1.0,2,1,4,2,0,0,2,4,0,2,4,0,0,0,0,0,6,1,0,1,0,2,9,45
200500054761,5,9,8,1,2,2,2.0,3.0,0.0,7.0,0.0,0.0,2.0,1.0,1,1,3.0,2.0,0.0,0.0,0.0,50.0,1,0.0,1.0,2,1,6,0,0,0,2,4,0,2,0,0,4,0,0,6,0,1,0,1,0,3,12,0
200700072565,7,11,18,5,2,1,1.0,2.0,0.0,1.0,0.0,0.0,0.0,14.0,1,-1,4.0,3.0,7.0,1.0,0.0,0.0,1,0.0,1.0,2,2,2,2,0,0,0,4,0,0,4,0,0,0,0,4,0,1,1,0,0,2,0,25
200600068797,6,11,16,1,2,1,2.0,7.0,0.0,4.0,0.0,0.0,0.0,1.0,1,2,4.0,2.0,2.0,1.0,0.0,60.0,1,0.0,1.0,1,2,0,1,0,0,0,1,0,0,0,0,1,1,0,0,0,0,0,0,0,2,8,40
201700039590,17,12,12,5,2,1,1.0,6.0,1.0,7.0,0.0,0.0,1.0,15.0,1,1,3.0,2.0,2.0,1.0,0.0,90.0,1,0.0,1.0,1,1,1,2,0,2,0,1,0,0,2,0,1,2,1,0,0,1,0,0,0,2,7,40
201300045197,13,7,23,1,2,3,1.0,3.0,0.0,7.0,0.0,0.0,2.0,15.0,1,1,3.0,2.0,3.0,1.0,0.0,114.0,1,0.0,1.0,2,2,2,2,0,0,0,4,0,0,0,0,4,2,0,2,0,1,0,0,0,2,15,35
201100051668,11,4,7,1,2,1,1.0,2.0,0.0,7.0,0.0,0.0,0.0,1.0,1,1,3.0,2.0,2.0,1.0,0.0,50.0,1,0.0,1.0,2,2,2,2,0,0,0,4,2,0,2,0,0,2,0,2,0,1,1,0,0,2,11,50
201400014181,14,2,18,5,2,1,1.0,2.0,0.0,7.0,0.0,0.0,2.0,1.0,1,-1,3.0,2.0,0.0,2.0,0.0,0.0,1,0.0,1.0,2,1,4,4,2,0,2,4,4,4,0,0,0,0,2,6,0,1,1,0,0,2,6,50
200500015131,5,3,14,1,2,1,1.0,1.0,0.0,7.0,0.0,0.0,2.0,23.0,1,1,4.0,2.0,2.0,1.0,0.0,68.0,1,0.0,1.0,2,1,4,0,0,0,0,4,0,2,2,0,0,4,0,0,0,1,0,0,0,4,16,15
201300007364,13,4,5,1,1,1,1.0,7.0,0.0,33.0,0.0,0.0,0.0,1.0,1,2,3.0,2.0,2.0,1.0,0.0,71.0,1,0.0,1.0,1,3,1,0,0,0,0,1,0,0,1,0,0,1,0,0,0,0,1,0,0,3,12,30
201100040296,11,4,14,1,1,1,1.0,5.0,0.0,7.0,0.0,0.0,2.0,2.0,1,1,4.0,2.0,2.0,1.0,0.0,0.0,1,0.0,1.0,3,2,6,6,0,0,3,9,0,9,0,3,0,3,0,9,0,1,1,0,0,3,17,50
201300035907,13,2,27,1,2,2,1.0,3.0,0.0,7.0,0.0,0.0,2.0,1.0,1,1,4.0,2.0,2.0,1.0,0.0,0.0,1,0.0,1.0,2,1,4,2,0,0,2,4,0,2,4,0,0,6,0,0,0,1,0,1,0,2,13,0
200900018328,9,6,20,1,1,1,1.0,1.0,0.0,7.0,0.0,0.0,2.0,1.0,1,1,4.0,2.0,2.0,1.0,60.0,60.0,1,0.0,1.0,2,1,4,0,0,0,0,4,0,0,4,0,0,0,2,2,0,1,0,0,0,3,16,15
201700057567,17,4,19,1,2,1,1.0,5.0,1.0,32.0,0.0,0.0,2.0,13.0,1,2,4.0,2.0,2.0,2.0,0.0,100.0,1,0.0,1.0,3,2,9,0,0,0,0,9,0,0,0,3,6,6,0,0,3,1,0,1,0,2,18,45
201700024580,17,2,27,5,2,1,1.0,6.0,1.0,37.0,20.0,0.0,1.0,1.0,1,1,4.0,2.0,3.0,1.0,0.0,0.0,1,0.0,1.0,1,1,2,0,0,1,0,1,1,0,0,1,0,2,0,0,0,1,0,0,0,3,19,30
201100041558,11,11,28,5,1,3,5.0,6.0,0.0,7.0,0.0,0.0,1.0,15.0,1,1,4.0,2.0,2.0,1.0,0.0,68.0,1,0.0,1.0,1,1,2,0,0,1,0,1,0,0,0,0,2,0,0,2,0,1,0,0,0,3,5,15
201700000727,17,5,27,1,1,1,1.0,1.0,0.0,1.0,0.0,0.0,2.0,5.0,1,0,4.0,1.0,1.0,4.0,0.0,34.0,1,0.0,1.0,2,3,4,0,0,0,0,4,0,0,4,0,0,0,2,0,2,1,1,0,0,3,20,5
200500007576,5,2,5,1,2,3,1.0,3.0,0.0,7.0,0.0,0.0,2.0,15.0,1,1,4.0,2.0,2.0,1.0,0.0,60.0,1,0.0,1.0,2,1,0,4,0,0,0,4,2,0,2,0,0,4,0,0,0,1,0,0,0,3,13,0
201500014716,15,7,7,1,2,1,1.0,3.0,0.0,7.0,0.0,0.0,2.0,19.0,1,1,4.0,2.0,2.0,1.0,0.0,50.0,1,0.0,1.0,2,1,4,0,0,0,0,4,0,0,2,0,2,2,0,0,2,1,0,0,0,2,10,10
200700029073,7,5,26,1,2,1,1.0,6.0,0.0,10.0,0.0,0.0,1.0,0.0,1,1,4.0,2.0,2.0,1.0,0.0,0.0,1,0.0,1.0,1,1,1,1,0,1,0,1,0,2,0,0,0,1,1,0,0,1,0,0,0,3,18,5
201000020168,10,6,26,5,1,1,2.0,6.0,0.0,30.0,0.0,0.0,2.0,0.0,1,-1,3.0,3.0,2.0,1.0,0.0,0.0,1,0.0,1.0,1,2,1,0,0,0,0,1,1,0,0,0,0,0,1,0,0,0,0,1,0,2,23,30
201400027428,14,10,25,1,1,1,1.0,6.0,0.0,33.0,0.0,0.0,0.0,0.0,1,2,3.0,2.0,2.0,1.0,0.0,0.0,1,0.0,1.0,1,3,1,0,0,0,0,1,0,1,0,0,0,1,0,0,0,0,0,0,0,3,17,5
200500041914,5,7,16,1,1,1,1.0,2.0,0.0,5.0,0.0,0.0,2.0,17.0,1,2,3.0,2.0,2.0,2.0,0.0,56.0,1,0.0,1.0,2,3,4,2,0,0,2,4,2,2,2,0,0,6,0,0,0,1,1,0,0,3,19,15
200900060817,9,8,21,1,2,1,1.0,6.0,0.0,30.0,0.0,0.0,2.0,17.0,1,2,4.0,3.0,2.0,1.0,0.0,140.0,1,0.0,1.0,2,3,2,2,0,0,0,4,0,0,2,2,0,2,0,2,0,1,1,0,0,3,12,45
200800026005,8,5,2,5,2,6,1.0,6.0,0.0,30.0,0.0,9.0,0.0,1.0,1,2,3.0,1.0,1.0,1.0,0.0,78.0,1,0.0,1.0,1,2,1,0,0,0,0,1,1,0,0,0,0,0,0,1,0,1,0,0,0,2,22,50
200900031443,9,8,8,1,1,9,1.0,6.0,0.0,7.0,0.0,3.0,0.0,23.0,1,1,1.0,3.0,2.0,3.0,8.0,110.0,1,7.0,2.0,1,3,0,1,0,0,0,1,0,0,1,0,0,1,0,0,0,1,0,0,0,3,15,0
200600069548,6,11,10,2,2,1,1.0,7.0,0.0,7.0,0.0,2.0,0.0,1.0,1,1,4.0,2.0,2.0,1.0,0.0,80.0,1,0.0,3.0,1,3,0,1,0,0,0,1,0,0,1,0,0,0,0,1,0,1,0,0,0,3,6,25
201600050410,16,7,31,3,1,1,1.0,3.0,2.0,7.0,0.0,0.0,2.0,1.0,1,1,1.0,3.0,3.0,1.0,10.0,105.0,1,0.0,1.0,2,2,2,2,0,0,2,2,0,0,4,0,0,0,0,0,4,0,0,1,0,3,23,28
201500042863,15,5,12,5,2,1,1.0,2.0,0.0,7.0,0.0,0.0,2.0,2.0,1,1,3.0,1.0,2.0,1.0,0.0,0.0,1,0.0,1.0,2,1,10,2,6,0,2,4,0,0,12,0,0,2,0,10,0,1,1,0,0,2,23,10
200800001630,8,1,10,5,2,1,3.0,6.0,0.0,7.0,0.0,0.0,1.0,1.0,1,1,4.0,0.0,3.0,1.0,0.0,90.0,0,0.0,0.0,1,1,1,1,0,1,0,1,0,0,2,0,0,0,0,1,1,1,0,0,0,2,18,51
201700053026,17,11,6,1,2,3,7.0,6.0,2.0,7.0,0.0,0.0,1.0,1.0,1,1,4.0,1.0,1.0,1.0,0.0,88.0,1,0.0,1.0,1,1,1,1,0,1,0,1,0,0,1,0,1,2,0,0,0,1,0,0,0,2,9,20
200500042216,5,7,31,1,1,1,8.0,1.0,0.0,7.0,0.0,0.0,2.0,13.0,1,1,4.0,2.0,1.0,2.0,0.0,43.0,1,0.0,1.0,2,1,2,2,0,0,0,4,0,0,4,0,0,0,0,4,0,1,0,0,0,4,18,15
200900007834,9,4,22,1,2,1,1.0,6.0,0.0,7.0,0.0,0.0,1.0,1.0,3,-1,4.0,1.0,1.0,1.0,0.0,52.0,1,0.0,1.0,1,3,4,0,0,2,1,1,0,1,3,0,0,2,2,0,0,1,0,0,0,3,16,25
200600006080,6,2,7,1,1,1,1.0,7.0,0.0,7.0,0.0,0.0,0.0,1.0,1,1,3.0,2.0,2.0,2.0,0.0,64.0,1,2.0,1.0,1,3,0,1,0,0,0,1,0,0,1,0,0,1,0,0,0,1,0,0,0,3,14,0
200600027028,6,5,20,5,2,1,1.0,6.0,0.0,30.0,0.0,0.0,5.0,1.0,1,2,4.0,2.0,2.0,1.0,0.0,500.0,1,0.0,1.0,1,2,1,0,0,0,0,1,0,0,1,0,0,0,0,1,0,1,0,0,0,2,23,35
201200004227,12,1,20,1,1,1,1.0,7.0,0.0,17.0,0.0,0.0,0.0,1.0,1,1,3.0,2.0,2.0,1.0,0.0,72.0,1,0.0,1.0,1,3,1,0,0,0,0,1,0,0,0,1,0,1,0,0,0,0,0,1,0,3,15,45
201300033833,13,12,23,1,2,1,1.0,3.0,0.0,7.0,0.0,1.0,2.0,9.0,1,1,3.0,2.0,2.0,1.0,0.0,65.0,1,0.0,1.0,2,1,4,0,0,0,0,4,0,0,2,2,0,2,0,2,0,1,0,1,0,2,9,45
201200028678,12,12,19,1,2,1,1.0,6.0,0.0,7.0,0.0,0.0,1.0,20.0,1,1,4.0,1.0,2.0,1.0,0.0,-1.0,1,0.0,1.0,1,1,2,0,0,1,0,1,0,0,2,0,0,0,0,1,1,0,1,0,0,2,13,30
200900043600,9,10,7,1,2,3,1.0,7.0,0.0,7.0,0.0,0.0,1.0,16.0,3,-1,4.0,2.0,4.0,1.0,0.0,90.0,1,0.0,1.0,1,2,2,0,0,1,0,1,1,1,0,0,0,0,1,0,1,0,1,0,0,2,8,10
201700033555,17,4,28,1,1,1,1.0,6.0,1.0,7.0,0.0,13.0,0.0,1.0,1,1,3.0,2.0,2.0,1.0,0.0,65.0,-1,0.0,3.0,1,2,0,1,0,0,0,1,0,0,0,0,1,1,0,0,0,1,0,0,0,2,14,5
201600023934,16,6,2,5,2,2,1.0,3.0,2.0,2.0,0.0,0.0,2.0,1.0,1,-1,4.0,2.0,3.0,2.0,0.0,0.0,1,0.0,0.0,2,2,2,2,0,0,0,4,4,0,0,0,0,2,0,2,0,1,0,0,0,2,22,43