Num_Acc,an,mois,jour,lum,agg,int,atm,col,senc,catv,occutc,obs,obsm,manv,catu,secu,catr,circ,nbv,prof,lartpc,larrout,surf,infra,situ,nb_veh,grav_simpl,Homme,Femme,Arrière,Autre_x,Avant,Conducteur,Autre_y,Inconnu,Loisirs,Professionnel,Travail,Adulte,Enfant,Jeune,Senior,choc_avant,choc_arriere,choc_lateral,choc_multiple,grav_order_max,heure,minute
201000002897,10,11,3,2,2,2,1.0,6.0,0.0,7.0,0.0,0.0,1.0,1.0,1,1,3.0,3.0,4.0,1.0,15.0,130.0,1,0.0,1.0,1,1,1,1,0,1,0,1,1,0,0,0,1,1,1,0,0,1,0,0,0,3,17,15
201300019057,13,8,4,1,1,1,1.0,3.0,0.0,7.0,0.0,0.0,2.0,15.0,1,1,3.0,2.0,2.0,1.0,0.0,69.0,1,0.0,1.0,2,1,4,0,0,0,0,4,0,0,4,0,0,4,0,0,0,1,0,0,0,3,20,15
200600037667,6,7,7,1,2,2,1.0,3.0,0.0,10.0,0.0,0.0,2.0,1.0,1,1,2.0,1.0,2.0,1.0,0.0,88.0,1,5.0,1.0,2,1,4,0,0,0,0,4,0,0,2,2,0,2,0,0,2,1,0,0,0,2,16,49
200900001649,9,3,9,5,2,3,1.0,6.0,0.0,7.0,0.0,0.0,1.0,1.0,3,-1,4.0,1.0,1.0,1.0,0.0,30.0,1,0.0,1.0,1,3,2,0,0,1,0,1,0,1,1,0,0,2,0,0,0,0,1,0,0,3,21,10
201100009050,11,2,9,5,2,1,9.0,6.0,0.0,7.0,0.0,1.0,0.0,13.0,1,1,3.0,2.0,2.0,2.0,0.0,64.0,1,0.0,4.0,1,1,2,0,0,0,1,1,0,1,1,0,0,0,0,2,0,1,0,0,0,2,20,30
200600017423,6,4,8,1,1,1,1.0,2.0,0.0,7.0,0.0,0.0,2.0,15.0,1,1,3.0,2.0,1.0,2.0,0.0,62.0,1,0.0,1.0,2,1,6,0,0,0,2,4,2,2,2,0,0,2,0,4,0,1,1,0,0,3,16,15
200900032710,9,11,4,5,2,1,1.0,3.0,0.0,7.0,0.0,0.0,2.0,11.0,1,1,4.0,1.0,4.0,1.0,15.0,140.0,1,0.0,1.0,2,1,2,2,0,0,0,4,0,0,0,2,2,2,0,2,0,1,0,0,0,2,19,10
200600047031,6,8,14,1,2,9,1.0,6.0,0.0,7.0,0.0,0.0,1.0,1.0,1,1,2.0,2.0,2.0,1.0,0.0,78.0,1,0.0,1.0,1,1,2,0,0,1,0,1,1,0,1,0,0,0,0,0,2,1,0,0,0,3,9,45
200500039017,5,6,21,1,1,1,7.0,6.0,0.0,7.0,0.0,2.0,0.0,1.0,1,1,3.0,2.0,2.0,3.0,0.0,60.0,1,0.0,1.0,1,2,1,0,0,0,0,1,0,0,0,0,1,0,0,1,0,1,0,0,0,2,8,30
201500043649,15,1,23,5,2,1,1.0,6.0,0.0,7.0,0.0,2.0,0.0,14.0,1,-1,3.0,2.0,2.0,1.0,0.0,0.0,1,0.0,1.0,1,3,2,0,0,0,1,1,0,0,2,0,0,2,0,0,0,0,0,0,1,4,21,15
201300052045,13,6,11,1,2,5,1.0,6.0,0.0,7.0,0.0,0.0,1.0,1.0,1,1,4.0,1.0,1.0,1.0,0.0,60.0,1,0.0,1.0,1,1,2,0,0,1,0,1,0,1,0,1,0,0,0,1,1,1,0,0,0,2,11,45
200500076133,5,11,29,1,2,1,1.0,1.0,0.0,7.0,0.0,0.0,2.0,15.0,1,1,4.0,3.0,5.0,1.0,0.0,206.0,1,0.0,1.0,2,2,0,4,0,0,0,4,0,0,4,0,0,0,0,2,2,1,0,0,0,2,17,50
201600012727,16,8,11,1,1,1,1.0,7.0,1.0,15.0,0.0,3.0,0.0,1.0,1,1,1.0,3.0,0.0,1.0,85.0,70.0,1,0.0,1.0,1,3,1,0,0,0,0,1,0,0,0,1,0,1,0,0,0,1,0,0,0,3,7,0
201000008998,10,9,21,3,1,1,1.0,1.0,0.0,7.0,0.0,1.0,0.0,0.0,1,1,3.0,2.0,2.0,0.0,0.0,74.0,1,0.0,1.0,2,3,4,0,0,0,0,4,0,0,2,2,0,2,0,0,2,1,1,0,0,3,20,30
201700010707,17,10,26,5,2,1,1.0,6.0,1.0,7.0,0.0,0.0,1.0,1.0,1,-1,4.0,1.0,3.0,1.0,0.0,90.0,1,6.0,1.0,1,1,0,2,0,1,0,1,1,1,0,0,0,0,0,2,0,1,0,0,0,3,20,45
201600054800,16,1,14,5,2,2,1.0,3.0,1.0,32.0,0.0,0.0,2.0,1.0,1,2,4.0,1.0,0.0,1.0,0.0,0.0,1,5.0,1.0,2,1,4,2,0,0,2,4,0,4,0,2,0,4,0,2,0,0,0,1,0,2,23,18
200700043165,7,7,11,1,1,1,1.0,2.0,0.0,7.0,0.0,0.0,2.0,2.0,1,1,3.0,3.0,3.0,2.0,0.0,90.0,1,0.0,1.0,2,2,2,2,0,0,0,4,2,0,0,2,0,4,0,0,0,1,1,0,0,2,17,10
201700049608,17,11,21,1,1,1,8.0,2.0,1.0,7.0,0.0,0.0,2.0,2.0,1,1,1.0,3.0,6.0,1.0,15.0,210.0,1,0.0,1.0,2,2,2,2,0,0,0,4,0,0,0,0,4,4,0,0,0,1,1,0,0,2,15,5
200700031920,7,5,27,1,1,1,1.0,6.0,0.0,7.0,0.0,4.0,0.0,21.0,1,1,1.0,3.0,3.0,2.0,10.0,105.0,1,0.0,1.0,1,2,0,1,0,0,0,1,0,0,1,0,0,0,0,1,0,1,0,0,0,2,15,40
201500015475,15,11,8,5,2,1,1.0,1.0,0.0,32.0,0.0,0.0,2.0,1.0,1,-1,4.0,2.0,2.0,1.0,0.0,100.0,1,0.0,1.0,2,3,4,0,0,0,2,2,0,4,0,0,0,0,2,2,0,1,0,0,0,3,18,15
201200004226,12,12,7,3,1,2,8.0,5.0,0.0,7.0,0.0,0.0,2.0,23.0,1,1,3.0,2.0,2.0,1.0,18.0,35.0,1,5.0,1.0,3,1,9,3,0,0,3,9,0,3,3,0,6,6,0,0,6,1,0,0,0,3,17,45
201500003601,15,4,12,1,2,1,1.0,6.0,0.0,33.0,0.0,5.0,0.0,2.0,1,2,3.0,2.0,2.0,1.0,0.0,60.0,1,0.0,3.0,1,3,1,0,0,0,0,1,0,0,1,0,0,1,0,0,0,1,0,0,0,3,17,30
200500020842,5,4,11,1,2,3,1.0,3.0,0.0,7.0,0.0,0.0,2.0,1.0,1,1,4.0,1.0,2.0,1.0,0.0,60.0,1,0.0,1.0,2,1,4,0,0,0,0,4,0,0,0,4,0,4,0,0,0,1,0,0,0,2,10,25
200600006481,6,2,18,1,1,1,4.0,1.0,0.0,7.0,0.0,0.0,2.0,1.0,1,1,3.0,2.0,0.0,1.0,0.0,65.0,0,0.0,1.0,2,3,4,2,0,0,2,4,0,2,4,0,0,2,0,0,4,1,0,0,0,3,13,30
201500031027,15,9,9,1,2,1,1.0,2.0,0.0,7.0,0.0,2.0,2.0,1.0,1,1,3.0,2.0,2.0,1.0,0.0,0.0,1,0.0,1.0,2,1,4,2,0,0,2,4,0,6,0,0,0,4,2,0,0,1,1,0,0,2,9,0
200500049820,5,8,5,3,1,1,1.0,7.0,0.0,7.0,0.0,16.0,0.0,1.0,1,-1,2.0,3.0,4.0,1.0,10.0,140.0,1,0.0,3.0,1,3,1,0,0,0,0,1,1,0,0,0,0,0,0,1,0,1,0,0,0,3,1,15
201100040413,11,9,19,1,2,1,1.0,6.0,0.0,2.0,0.0,0.0,1.0,1.0,1,2,4.0,2.0,3.0,1.0,0.0,0.0,1,4.0,1.0,1,1,1,1,0,1,0,1,0,1,0,0,1,1,0,1,0,1,0,0,0,2,17,40
200600023312,6,4,14,1,1,1,1.0,2.0,1.0,7.0,0.0,0.0,2.0,0.0,1,1,1.0,1.0,1.0,1.0,0.0,35.0,1,0.0,1.0,2,1,2,2,0,0,2,2,0,2,2,0,0,0,0,0,4,1,1,0,0,2,15,45
201300036606,13,8,22,1,2,1,1.0,6.0,0.0,7.0,0.0,0.0,1.0,1.0,1,1,4.0,2.0,2.0,1.0,0.0,50.0,1,0.0,1.0,1,1,1,2,0,2,0,1,0,0,3,0,0,3,0,0,0,1,0,0,0,3,18,29
201700022084,17,6,21,1,1,1,7.0,6.0,2.0,7.0,0.0,13.0,0.0,1.0,1,1,3.0,2.0,2.0,1.0,0.0,41.0,1,0.0,3.0,1,3,1,3,0,3,0,1,0,0,4,0,0,1,3,0,0,0,0,0,1,3,20,25
201500008224,15,5,23,1,2,1,1.0,6.0,0.0,10.0,0.0,0.0,1.0,1.0,1,1,2.0,2.0,2.0,0.0,0.0,90.0,1,0.0,1.0,1,1,3,0,0,1,1,1,2,1,0,0,0,2,0,1,0,0,0,1,0,4,11,25
200800006699,8,2,11,1,1,1,1.0,3.0,0.0,7.0,0.0,0.0,2.0,15.0,1,1,3.0,2.0,2.0,1.0,0.0,0.0,1,0.0,1.0,2,1,0,4,0,0,0,4,0,0,4,0,0,2,0,0,2,1,1,0,0,3,14,30
200800028327,8,5,31,1,1,1,1.0,6.0,0.0,7.0,0.0,2.0,0.0,2.0,1,1,3.0,2.0,0.0,2.0,0.0,0.0,1,0.0,3.0,1,4,1,0,0,0,0,1,0,0,1,0,0,1,0,0,0,1,0,0,0,4,8,30
200600006348,6,2,18,1,2,1,2.0,1.0,0.0,7.0,0.0,0.0,2.0,13.0,1,1,3.0,2.0,2.0,2.0,0.0,50.0,1,0.0,1.0,2,1,4,2,0,0,2,4,4,2,0,0,0,2,0,0,4,1,0,0,0,3,10,30
200800057714,8,10,4,5,1,1,1.0,5.0,0.0,7.0,0.0,0.0,2.0,5.0,1,-1,4.0,2.0,2.0,0.0,0.0,73.0,1,0.0,1.0,3,2,9,12,3,0,9,9,0,18,3,0,0,6,0,15,0,1,0,0,0,2,1,30
201100059041,11,4,5,1,2,4,1.0,5.0,0.0,7.0,0.0,0.0,2.0,1.0,1,1,4.0,2.0,2.0,2.0,0.0,100.0,1,0.0,1.0,3,1,9,0,0,0,0,9,0,3,0,3,3,9,0,0,0,1,1,0,0,2,15,10
200900058538,9,6,2,1,2,1,1.0,3.0,0.0,7.0,0.0,0.0,2.0,5.0,1,1,4.0,2.0,2.0,1.0,27.0,95.0,1,0.0,1.0,2,1,2,2,0,0,0,4,0,2,2,0,0,2,0,2,0,0,0,1,0,2,19,0
201000011129,10,3,20,3,1,1,1.0,7.0,0.0,7.0,0.0,0.0,0.0,1.0,1,1,3.0,2.0,2.0,2.0,0.0,62.0,1,0.0,3.0,1,3,1,0,0,0,0,1,0,0,1,0,0,0,0,1,0,0,0,0,1,3,1,30
200900041434,9,4,4,1,2,3,1.0,3.0,0.0,31.0,0.0,0.0,0.0,1.0,1,2,4.0,2.0,2.0,1.0,30.0,60.0,1,0.0,1.0,2,2,2,2,0,0,0,4,0,0,4,0,0,4,0,0,0,1,0,0,0,2,11,45
201600025440,16,11,21,1,1,6,2.0,6.0,0.0,7.0,0.0,3.0,0.0,1.0,1,1,4.0,1.0,2.0,1.0,0.0,0.0,1,0.0,3.0,1,2,0,1,0,0,0,1,1,0,0,0,0,0,0,1,0,0,0,0,0,2,14,1
201400023251,14,5,20,1,2,5,1.0,3.0,0.0,7.0,0.0,0.0,2.0,15.0,1,1,4.0,2.0,3.0,1.0,0.0,0.0,1,0.0,1.0,2,1,2,2,0,0,0,4,0,2,0,0,2,4,0,0,0,1,0,0,0,3,12,20
200600046332,6,8,26,2,1,1,1.0,5.0,0.0,7.0,0.0,0.0,0.0,1.0,1,1,2.0,2.0,2.0,2.0,0.0,103.0,1,0.0,1.0,3,3,9,3,0,0,3,9,0,3,9,0,0,6,0,3,3,1,0,1,0,4,20,30
201400043309,14,8,22,5,2,1,2.0,6.0,0.0,7.0,0.0,1.0,0.0,13.0,1,-1,4.0,2.0,2.0,1.0,0.0,50.0,1,0.0,1.0,1,2,1,0,0,0,0,1,1,0,0,0,0,0,0,1,0,1,0,0,0,2,22,45
201000002678,10,6,22,1,1,1,1.0,1.0,0.0,14.0,0.0,0.0,2.0,1.0,1,1,3.0,2.0,2.0,1.0,0.0,96.0,-1,0.0,1.0,2,3,4,0,0,0,0,4,0,0,0,2,2,2,0,2,0,1,0,0,0,3,7,15
200500052730,5,8,27,5,2,1,1.0,6.0,0.0,5.0,0.0,12.0,0.0,14.0,1,2,4.0,2.0,6.0,1.0,0.0,180.0,1,2.0,1.0,1,2,1,0,0,0,0,1,0,0,0,0,1,1,0,0,0,1,0,0,0,2,3,15
201500054977,15,7,24,5,2,7,1.0,3.0,0.0,7.0,0.0,0.0,2.0,1.0,1,1,4.0,3.0,4.0,1.0,0.0,100.0,1,0.0,1.0,2,1,4,0,0,0,0,4,0,4,0,0,0,4,0,0,0,1,0,1,0,2,0,55
200800038271,8,7,7,1,2,1,1.0,6.0,0.0,7.0,0.0,0.0,1.0,4.0,1,1,4.0,2.0,2.0,1.0,0.0,0.0,1,0.0,1.0,1,1,2,0,0,1,0,1,0,1,1,0,0,0,0,0,2,0,1,0,0,2,19,15
200500013127,5,3,29,1,2,1,1.0,7.0,0.0,2.0,0.0,0.0,0.0,14.0,1,2,3.0,2.0,2.0,1.0,0.0,0.0,1,0.0,1.0,1,2,1,0,0,0,0,1,0,0,1,0,0,1,0,0,0,0,0,1,0,2,13,30
200600005544,6,1,25,1,2,1,1.0,3.0,0.0,5.0,0.0,0.0,2.0,2.0,1,2,2.0,2.0,0.0,0.0,0.0,72.0,1,0.0,1.0,2,3,4,0,0,0,0,4,0,2,2,0,0,4,0,0,0,1,0,1,0,3,17,0
200500015152,5,3,26,2,2,1,2.0,6.0,0.0,7.0,0.0,4.0,0.0,2.0,1,1,4.0,2.0,2.0,4.0,0.0,35.0,1,0.0,3.0,1,2,1,0,0,0,0,1,0,0,0,0,1,1,0,0,0,1,0,0,0,2,6,40
201200033112,12,11,24,1,2,1,1.0,6.0,0.0,7.0,0.0,0.0,1.0,1.0,1,-1,4.0,2.0,0.0,1.0,0.0,0.0,1,0.0,1.0,1,1,1,1,0,1,0,1,0,1,1,0,0,1,1,0,0,1,0,0,0,3,19,30
201300001301,13,2,2,1,1,1,6.0,1.0,0.0,2.0,0.0,0.0,2.0,13.0,1,2,3.0,2.0,2.0,2.0,0.0,80.0,1,0.0,1.0,2,3,2,2,0,0,0,4,0,0,4,0,0,0,2,0,2,1,0,0,0,3,14,0
201400040786,14,11,14,5,2,1,1.0,2.0,0.0,7.0,0.0,0.0,2.0,9.0,1,1,4.0,1.0,1.0,1.0,0.0,0.0,1,0.0,1.0,2,1,2,2,0,0,0,4,0,0,2,2,0,2,0,2,0,1,1,0,0,2,21,50
200500021775,5,4,20,1,2,1,1.0,6.0,0.0,7.0,0.0,0.0,1.0,20.0,1,1,4.0,1.0,1.0,1.0,0.0,0.0,1,0.0,1.0,1,1,1,1,0,1,0,1,0,0,2,0,0,1,1,0,0,1,0,0,0,2,16,30
200900004358,9,2,6,1,1,2,1.0,3.0,0.0,17.0,0.0,0.0,2.0,0.0,1,1,3.0,2.0,2.0,1.0,0.0,62.0,1,0.0,1.0,2,1,2,2,0,0,0,4,2,0,0,2,0,2,0,0,2,1,0,0,0,3,12,0
201500021442,15,8,6,1,2,1,1.0,1.0,0.0,21.0,0.0,0.0,0.0,15.0,1,0,3.0,2.0,3.0,2.0,0.0,115.0,1,5.0,1.0,2,1,4,2,0,0,2,4,0,2,2,2,0,0,0,4,2,1,0,0,0,4,17,45
200700065620,7,10,14,5,2,5,1.0,3.0,0.0,7.0,0.0,0.0,2.0,15.0,1,-1,3.0,2.0,3.0,1.0,0.0,90.0,1,5.0,1.0,2,1,4,4,0,0,4,4,0,4,4,0,0,0,4,4,0,1,0,0,0,3,1,20
200800042583,8,7,20,1,2,1,1.0,3.0,0.0,31.0,0.0,0.0,2.0,17.0,1,2,4.0,2.0,2.0,2.0,0.0,101.0,1,0.0,1.0,2,3,2,2,0,0,0,4,0,2,2,0,0,4,0,0,0,1,0,0,0,3,13,30
201200012498,12,6,15,1,2,1,1.0,6.0,0.0,7.0,0.0,0.0,1.0,2.0,1,1,4.0,2.0,2.0,1.0,0.0,70.0,1,0.0,1.0,1,1,1,1,0,1,0,1,1,0,1,0,0,0,1,0,1,1,0,0,0,2,13,30
201300046588,13,11,3,1,1,1,1.0,7.0,0.0,31.0,0.0,16.0,0.0,0.0,1,2,1.0,3.0,6.0,2.0,0.0,-1.0,1,0.0,1.0,1,3,0,1,0,0,0,1,0,0,1,0,0,0,0,1,0,0,0,0,1,3,9,0
201200012590,12,12,16,3,1,1,1.0,4.0,0.0,7.0,0.0,3.0,0.0,17.0,1,1,1.0,3.0,3.0,1.0,35.0,105.0,1,0.0,1.0,3,1,15,18,12,3,9,9,0,24,9,0,0,9,6,9,9,1,0,0,0,4,19,15
201700008512,17,5,11,1,1,1,1.0,1.0,2.0,7.0,0.0,0.0,2.0,13.0,1,1,3.0,2.0,2.0,2.0,0.0,70.0,1,0.0,1.0,2,1,4,2,0,0,2,4,0,0,6,0,0,0,0,0,6,1,0,0,0,3,11,40
200700066195,7,10,14,5,1,1,1.0,2.0,0.0,15.0,0.0,0.0,2.0,2.0,1,1,1.0,3.0,4.0,1.0,15.0,180.0,1,3.0,1.0,2,1,2,2,0,0,0,4,0,0,2,2,0,4,0,0,0,0,1,1,0,2,23,30
201600041309,16,4,23,1,2,1,8.0,6.0,0.0,7.0,0.0,0.0,2.0,14.0,1,1,4.0,2.0,2.0,1.0,0.0,35.0,1,0.0,1.0,2,3,4,0,0,0,0,4,2,0,2,0,0,2,0,2,0,1,0,0,0,3,15,0
201300015098,13,6,4,2,2,1,1.0,6.0,0.0,7.0,0.0,0.0,1.0,1.0,1,-1,4.0,2.0,2.0,1.0,0.0,68.0,1,0.0,1.0,1,1,2,0,0,1,0,1,0,1,0,0,1,2,0,0,0,1,0,0,0,2,20,0
200500046758,5,7,7,1,2,1,2.0,2.0,0.0,2.0,0.0,0.0,2.0,1.0,1,2,4.0,2.0,0.0,1.0,0.0,0.0,1,0.0,1.0,2,2,2,2,0,0,0,4,2,0,0,0,2,0,0,4,0,1,1,0,0,2,18,0
200600065510,6,10,12,3,1,1,1.0,5.0,0.0,10.0,0.0,0.0,0.0,1.0,1,0,1.0,3.0,2.0,1.0,20.0,90.0,1,0.0,1.0,3,1,9,0,0,0,0,9,0,3,3,3,0,3,0,6,0,1,1,0,0,3,23,0
200700075029,7,12,8,1,2,1,1.0,3.0,0.0,7.0,0.0,0.0,2.0,19.0,1,1,9.0,2.0,0.0,0.0,0.0,0.0,1,0.0,1.0,2,1,4,0,0,0,0,4,2,0,2,0,0,4,0,0,0,1,0,0,0,3,11,45
200700041423,7,7,1,3,1,1,1.0,2.0,0.0,7.0,0.0,3.0,2.0,2.0,1,1,1.0,3.0,4.0,1.0,25.0,72.0,1,0.0,1.0,2,3,4,0,0,0,0,4,0,0,4,0,0,2,0,0,2,1,1,0,0,3,23,30
201300009343,13,5,27,1,2,2,1.0,4.0,0.0,7.0,0.0,0.0,2.0,1.0,1,1,4.0,2.0,2.0,1.0,0.0,56.0,1,0.0,1.0,3,1,3,6,0,0,0,9,9,0,0,0,0,0,0,6,3,1,0,1,0,3,17,0
201300027432,13,7,2,1,2,2,1.0,3.0,0.0,7.0,0.0,0.0,2.0,1.0,1,1,4.0,2.0,2.0,1.0,0.0,50.0,1,0.0,1.0,2,1,2,2,0,0,0,4,2,0,2,0,0,2,0,0,2,1,0,0,0,2,8,45
201200049567,12,9,2,1,1,1,1.0,2.0,0.0,7.0,0.0,0.0,2.0,18.0,1,1,1.0,1.0,4.0,1.0,15.0,210.0,1,0.0,1.0,2,1,6,0,0,0,2,4,0,4,0,0,2,4,0,2,0,1,1,0,0,3,12,20
200900034348,9,2,26,2,2,1,1.0,5.0,0.0,7.0,0.0,0.0,2.0,23.0,1,1,2.0,2.0,4.0,1.0,0.0,105.0,1,0.0,1.0,3,1,3,6,0,0,0,9,0,9,0,0,0,9,0,0,0,1,1,0,1,2,18,40
201700033217,17,7,5,1,2,3,1.0,3.0,0.0,31.0,0.0,0.0,2.0,1.0,1,2,4.0,2.0,2.0,1.0,0.0,0.0,1,0.0,1.0,2,2,0,4,0,0,0,4,0,2,0,2,0,2,0,2,0,1,0,1,0,2,18,15
200700055861,7,9,5,1,2,1,1.0,2.0,0.0,7.0,0.0,0.0,0.0,13.0,1,1,4.0,3.0,5.0,1.0,0.0,152.0,1,0.0,1.0,2,1,4,0,0,0,0,4,0,0,0,2,2,4,0,0,0,1,1,0,0,2,14,15
201000055924,10,10,6,3,1,1,2.0,6.0,0.0,7.0,0.0,4.0,0.0,1.0,1,1,3.0,3.0,0.0,1.0,15.0,70.0,1,0.0,1.0,1,2,0,2,0,0,1,1,0,2,0,0,0,0,0,2,0,1,0,0,0,2,20,40
201400012225,14,5,5,1,1,1,1.0,4.0,0.0,7.0,0.0,0.0,2.0,2.0,1,1,1.0,3.0,4.0,1.0,30.0,140.0,1,0.0,1.0,4,2,16,8,0,0,8,16,0,0,16,8,0,16,0,4,4,1,1,0,0,3,14,15
200700081110,7,12,8,5,2,1,2.0,6.0,0.0,7.0,0.0,0.0,1.0,2.0,1,1,4.0,1.0,1.0,1.0,0.0,90.0,1,0.0,1.0,1,1,1,1,0,1,0,1,0,0,2,0,0,1,0,1,0,1,0,0,0,2,20,10
200700023651,7,4,5,1,1,1,1.0,7.0,0.0,7.0,0.0,3.0,0.0,1.0,1,1,3.0,2.0,2.0,1.0,0.0,53.0,1,0.0,3.0,1,2,0,1,0,0,0,1,0,0,1,0,0,0,0,1,0,0,0,0,1,2,19,55
200700056716,7,9,27,1,2,2,2.0,6.0,0.0,7.0,0.0,0.0,1.0,1.0,3,-1,4.0,3.0,4.0,1.0,30.0,130.0,1,0.0,1.0,1,2,1,1,0,1,0,1,2,0,0,0,0,0,1,1,0,1,0,0,0,2,13,25
201400021175,14,7,24,1,2,1,1.0,3.0,0.0,7.0,0.0,0.0,2.0,15.0,1,-1,4.0,1.0,2.0,0.0,0.0,0.0,1,0.0,1.0,2,1,2,2,0,0,0,4,0,2,0,0,2,4,0,0,0,1,0,1,0,2,8,56
201500037687,15,10,17,5,2,1,2.0,6.0,0.0,34.0,0.0,0.0,1.0,1.0,1,2,2.0,1.0,0.0,1.0,0.0,0.0,1,0.0,1.0,1,1,1,1,0,1,0,1,0,0,1,0,1,1,0,0,1,1,0,0,0,2,22,50
201100032494,11,6,4,5,2,1,1.0,7.0,0.0,33.0,0.0,8.0,0.0,1.0,1,2,4.0,2.0,2.0,1.0,39.0,103.0,1,0.0,0.0,1,4,1,0,0,0,0,1,0,0,1,0,0,1,0,0,0,1,0,0,0,4,0,55
200800055507,8,10,26,3,1,1,1.0,6.0,0.0,7.0,0.0,8.0,0.0,1.0,1,0,3.0,0.0,2.0,0.0,0.0,55.0,1,0.0,3.0,1,3,2,0,1,0,0,1,0,1,1,0,0,0,0,2,0,0,0,1,0,4,4,45
201300040411,13,11,19,5,2,1,1.0,7.0,0.0,1.0,0.0,0.0,0.0,1.0,1,9,4.0,2.0,4.0,1.0,0.0,0.0,1,0.0,1.0,1,2,1,0,0,0,0,1,0,1,0,0,0,0,0,1,0,0,0,1,0,2,19,40
200700038567,7,6,29,1,2,7,8.0,4.0,0.0,32.0,0.0,0.0,0.0,2.0,1,2,4.0,1.0,3.0,0.0,0.0,100.0,-1,0.0,1.0,3,2,12,0,0,0,3,9,6,6,0,0,0,6,0,6,0,1,1,0,0,2,18,0
201700027323,17,7,30,5,2,1,1.0,2.0,1.0,7.0,0.0,0.0,2.0,15.0,1,1,4.0,4.0,2.0,1.0,0.0,0.0,1,0.0,1.0,2,1,6,0,0,0,2,4,0,0,6,0,0,4,0,2,0,1,1,0,0,2,5,25
201100044665,11,1,21,5,2,1,1.0,2.0,0.0,7.0,0.0,0.0,2.0,1.0,1,1,2.0,2.0,4.0,1.0,20.0,20.0,1,0.0,1.0,2,1,8,2,2,0,4,4,10,0,0,0,0,2,2,6,0,1,1,0,0,2,19,5
201500004334,15,12,5,1,2,1,5.0,6.0,0.0,7.0,0.0,2.0,0.0,1.0,1,1,3.0,2.0,2.0,1.0,0.0,0.0,1,0.0,1.0,1,2,0,2,0,0,1,1,2,0,0,0,0,1,1,0,0,1,0,0,0,2,9,30
201700055554,17,9,12,1,2,3,1.0,6.0,2.0,32.0,0.0,0.0,1.0,17.0,1,2,4.0,2.0,4.0,1.0,0.0,120.0,1,0.0,0.0,1,2,2,1,0,2,0,1,0,0,1,2,0,2,1,0,0,0,0,1,0,2,17,15
201300003505,13,11,25,1,1,1,8.0,6.0,0.0,7.0,0.0,8.0,0.0,14.0,1,1,3.0,2.0,0.0,2.0,0.0,72.0,-1,0.0,3.0,1,4,1,0,0,0,0,1,0,0,1,0,0,0,0,0,1,1,0,0,0,4,14,0
200600070923,6,11,13,1,1,1,1.0,6.0,0.0,7.0,0.0,0.0,0.0,0.0,2,1,1.0,3.0,3.0,0.0,20.0,120.0,1,0.0,1.0,2,2,4,2,0,0,2,4,0,6,0,0,0,4,0,2,0,0,0,0,0,2,14,0
200900017493,9,6,6,1,1,1,1.0,1.0,0.0,30.0,0.0,0.0,2.0,1.0,1,2,3.0,2.0,2.0,1.0,0.0,64.0,1,0.0,1.0,2,3,4,0,0,0,0,4,0,0,2,0,2,2,0,2,0,1,0,0,0,3,19,15
200700023900,7,4,13,1,2,2,1.0,3.0,0.0,7.0,0.0,0.0,2.0,15.0,1,-1,3.0,3.0,4.0,1.0,150.0,120.0,1,0.0,1.0,2,2,2,2,0,0,0,4,0,0,0,0,4,4,0,0,0,1,0,0,0,2,12,30
200700052391,7,8,26,1,2,2,1.0,3.0,0.0,7.0,0.0,0.0,2.0,15.0,1,1,4.0,2.0,1.0,1.0,0.0,150.0,1,0.0,1.0,2,1,4,0,0,0,0,4,0,0,2,0,2,2,0,2,0,1,0,0,0,2,19,30
201100046253,11,10,17,1,2,1,1.0,3.0,0.0,7.0,0.0,0.0,2.0,15.0,1,-1,3.0,2.0,4.0,1.0,0.0,0.0,1,0.0,1.0,2,1,0,4,0,0,0,4,2,0,0,0,2,4,0,0,0,1,0,0,0,2,10,40
201000018987,10,7,1,1,2,2,1.0,6.0,0.0,7.0,0.0,0.0,1.0,16.0,1,1,4.0,2.0,2.0,1.0,0.0,100.0,1,0.0,1.0,1,1,1,1,0,1,0,1,2,0,0,0,0,0,0,0,2,1,0,0,0,3,10,45
201100060184,11,9,17,1,2,5,1.0,7.0,0.0,30.0,0.0,0.0,0.0,1.0,1,2,4.0,3.0,2.0,2.0,30.0,70.0,0,5.0,1.0,1,2,0,1,0,0,0,1,1,0,0,0,0,0,0,1,0,0,0,0,0,2,14,50
201200046662,12,3,12,1,2,1,1.0,6.0,0.0,7.0,0.0,1.0,0.0,1.0,1,1,3.0,2.0,2.0,1.0,0.0,0.0,1,0.0,1.0,1,2,1,0,0,0,0,1,1,0,0,0,0,1,0,0,0,0,0,1,0,2,17,50
201600016006,16,11,22,5,2,1,3.0,2.0,2.0,7.0,0.0,7.0,0.0,2.0,1,-1,4.0,3.0,4.0,1.0,0.0,180.0,1,0.0,1.0,2,2,4,0,0,0,0,4,0,0,2,2,0,2,0,2,0,1,1,0,0,2,4,58
201700029314,17,6,12,1,1,1,1.0,2.0,0.0,7.0,0.0,0.0,2.0,1.0,1,1,4.0,3.0,2.0,1.0,0.0,70.0,1,0.0,1.0,2,1,2,2,0,0,0,4,0,0,4,0,0,4,0,0,0,1,1,0,0,2,16,20