Num_Acc,an,mois,jour,lum,agg,int,atm,col,senc,catv,occutc,obs,obsm,manv,catu,secu,catr,circ,nbv,prof,lartpc,larrout,surf,infra,situ,nb_veh,grav_simpl,Homme,Femme,Arrière,Autre_x,Avant,Conducteur,Autre_y,Inconnu,Loisirs,Professionnel,Travail,Adulte,Enfant,Jeune,Senior,choc_avant,choc_arriere,choc_lateral,choc_multiple,grav_order_max,heure,minute
201200034181,12,10,3,1,2,1,1.0,6.0,0.0,7.0,0.0,0.0,1.0,1.0,1,1,3.0,1.0,3.0,1.0,0.0,0.0,1,0.0,1.0,1,1,1,1,0,1,0,1,0,2,0,0,0,1,1,0,0,1,0,0,0,2,18,50
200900042702,9,9,16,1,1,1,2.0,6.0,0.0,99.0,0.0,3.0,0.0,1.0,1,1,1.0,1.0,1.0,2.0,0.0,80.0,1,3.0,1.0,1,2,2,2,2,0,1,1,1,2,0,1,0,1,1,2,0,1,0,0,0,2,13,40
201200045031,12,12,24,5,2,1,1.0,6.0,0.0,7.0,0.0,1.0,1.0,13.0,1,1,4.0,2.0,1.0,1.0,0.0,0.0,1,0.0,1.0,1,1,1,1,0,1,0,1,0,2,0,0,0,1,1,0,0,1,0,0,0,2,20,0
201500017234,15,8,9,3,1,1,1.0,6.0,0.0,7.0,0.0,13.0,0.0,1.0,1,1,3.0,2.0,2.0,2.0,0.0,45.0,1,0.0,3.0,1,3,2,0,0,0,1,1,0,1,1,0,0,1,0,1,0,1,0,0,0,3,1,30
201100020674,11,9,8,2,2,1,1.0,3.0,0.0,33.0,0.0,0.0,2.0,1.0,1,2,4.0,2.0,2.0,1.0,0.0,60.0,1,0.0,1.0,2,2,2,2,0,0,0,4,0,0,4,0,0,2,0,0,2,1,0,0,0,2,20,0
200700021414,7,4,18,1,1,1,1.0,4.0,0.0,7.0,0.0,0.0,2.0,1.0,1,1,1.0,3.0,3.0,1.0,0.0,0.0,1,0.0,1.0,4,2,4,12,0,0,0,16,0,16,0,0,0,4,0,8,4,1,1,0,1,2,17,20
200600016078,6,3,1,2,1,1,1.0,3.0,0.0,14.0,0.0,0.0,2.0,1.0,1,1,2.0,3.0,2.0,1.0,10.0,40.0,1,5.0,1.0,2,1,4,0,0,0,0,4,0,0,2,2,0,2,0,0,2,1,0,0,0,3,6,40
200800004765,8,1,29,1,2,3,1.0,3.0,0.0,32.0,0.0,0.0,2.0,1.0,1,2,4.0,1.0,1.0,2.0,0.0,77.0,1,0.0,1.0,2,2,4,0,0,0,0,4,0,2,2,0,0,0,0,4,0,1,0,1,0,2,16,0
201600031190,16,10,4,1,2,1,1.0,6.0,1.0,7.0,0.0,0.0,1.0,1.0,1,1,3.0,2.0,2.0,1.0,0.0,80.0,1,0.0,1.0,1,1,4,0,0,3,0,1,3,0,1,0,0,0,2,1,1,1,0,0,0,3,17,50
201600054852,16,2,22,2,2,1,2.0,6.0,1.0,32.0,0.0,0.0,1.0,17.0,1,2,4.0,2.0,2.0,1.0,0.0,0.0,1,0.0,1.0,1,1,1,1,0,1,0,1,0,0,2,0,0,1,0,1,0,1,0,0,0,2,18,10
200500083113,5,12,16,2,2,1,1.0,3.0,0.0,7.0,0.0,0.0,2.0,9.0,1,1,4.0,1.0,2.0,1.0,0.0,60.0,1,0.0,1.0,2,1,4,0,0,0,0,4,2,2,0,0,0,2,0,2,0,1,0,1,0,2,8,6
201300043855,13,9,14,1,2,1,2.0,7.0,0.0,2.0,0.0,0.0,0.0,0.0,1,-1,3.0,0.0,2.0,2.0,0.0,0.0,1,0.0,1.0,1,2,1,0,0,0,0,1,0,0,0,0,1,0,0,1,0,0,0,0,0,2,18,0
200700015364,7,3,11,2,2,1,1.0,1.0,0.0,7.0,0.0,0.0,2.0,13.0,1,1,4.0,2.0,2.0,1.0,0.0,60.0,1,0.0,1.0,2,2,4,4,2,0,2,4,0,4,4,0,0,2,2,4,0,1,0,0,0,2,18,50
200700058863,7,9,21,1,1,1,1.0,7.0,0.0,33.0,0.0,0.0,0.0,1.0,1,2,1.0,1.0,2.0,2.0,0.0,70.0,1,1.0,1.0,1,2,1,0,0,0,0,1,0,0,1,0,0,0,0,1,0,0,0,1,0,2,18,53
201000020133,10,10,7,1,2,1,1.0,4.0,0.0,7.0,0.0,0.0,2.0,2.0,1,1,4.0,1.0,2.0,1.0,0.0,0.0,1,0.0,1.0,3,1,3,9,3,0,0,9,3,0,9,0,0,9,0,0,3,1,1,0,1,2,17,50
201000001370,10,5,24,1,1,2,7.0,3.0,0.0,33.0,0.0,0.0,2.0,1.0,1,2,3.0,2.0,2.0,1.0,0.0,56.0,1,0.0,1.0,2,3,2,2,0,0,0,4,0,0,4,0,0,4,0,0,0,1,0,1,0,3,18,45
200800009588,8,2,1,1,2,1,2.0,7.0,0.0,7.0,0.0,0.0,1.0,17.0,1,1,4.0,2.0,2.0,1.0,0.0,74.0,1,0.0,1.0,1,1,2,0,0,1,0,1,1,0,1,0,0,1,0,1,0,0,0,1,0,2,10,45
200600021633,6,4,26,1,2,1,1.0,6.0,0.0,7.0,0.0,0.0,1.0,17.0,1,1,4.0,2.0,2.0,1.0,0.0,60.0,1,0.0,1.0,1,1,1,1,0,1,0,1,1,0,1,0,0,1,0,1,0,1,0,0,0,2,8,45
201300007088,13,5,31,1,1,2,2.0,3.0,0.0,7.0,0.0,0.0,2.0,1.0,1,1,4.0,2.0,2.0,4.0,0.0,78.0,1,5.0,1.0,2,2,0,4,0,0,0,4,0,0,0,4,0,4,0,0,0,1,0,1,0,2,17,0
200500070384,5,11,17,1,2,1,2.0,6.0,0.0,2.0,0.0,0.0,1.0,1.0,1,2,3.0,2.0,2.0,0.0,0.0,0.0,1,0.0,1.0,1,1,1,1,0,1,0,1,1,1,0,0,0,1,0,0,1,1,0,0,0,3,16,30
200900057196,9,9,16,1,1,1,1.0,3.0,0.0,7.0,0.0,0.0,2.0,1.0,1,1,1.0,0.0,3.0,2.0,10.0,135.0,1,0.0,1.0,2,1,4,0,0,0,0,4,0,0,2,2,0,4,0,0,0,0,0,1,0,3,16,38
201000015152,10,11,15,1,2,1,1.0,3.0,0.0,10.0,0.0,0.0,0.0,17.0,1,1,3.0,2.0,2.0,1.0,0.0,78.0,1,5.0,1.0,2,1,2,2,0,0,0,4,0,0,2,2,0,2,0,0,2,1,0,1,0,3,10,15
201000001628,10,2,1,1,2,6,4.0,6.0,0.0,7.0,0.0,0.0,1.0,16.0,1,1,9.0,2.0,2.0,1.0,70.0,0.0,0,0.0,4.0,1,1,0,3,0,2,0,1,2,1,0,0,0,2,1,0,0,1,0,0,0,3,8,30
201100024512,11,7,25,1,2,1,1.0,6.0,0.0,7.0,0.0,0.0,1.0,1.0,1,-1,4.0,1.0,4.0,0.0,0.0,0.0,-1,1.0,1.0,1,1,1,1,0,1,0,1,0,2,0,0,0,0,0,2,0,0,0,0,0,2,11,47
201500037758,15,10,2,1,2,1,1.0,6.0,0.0,7.0,0.0,0.0,1.0,0.0,1,1,4.0,1.0,1.0,3.0,0.0,0.0,1,0.0,1.0,1,1,1,2,0,2,0,1,1,1,0,0,1,2,1,0,0,1,0,0,0,2,8,15
200500051539,5,8,18,1,2,9,1.0,2.0,0.0,7.0,0.0,0.0,0.0,1.0,1,1,4.0,2.0,2.0,1.0,0.0,0.0,1,5.0,1.0,2,2,0,2,0,0,0,2,0,2,0,0,0,0,0,2,0,1,1,0,0,2,18,55
201300052444,13,8,9,1,2,1,1.0,3.0,0.0,32.0,0.0,0.0,2.0,1.0,1,2,4.0,2.0,0.0,1.0,0.0,140.0,1,0.0,1.0,2,2,4,0,0,0,0,4,0,0,0,4,0,2,0,2,0,1,1,0,0,2,7,50
201500017642,15,10,13,1,1,1,1.0,6.0,0.0,7.0,0.0,0.0,2.0,1.0,1,1,3.0,2.0,2.0,3.0,0.0,42.0,1,0.0,1.0,2,3,4,6,4,0,2,4,4,6,0,0,0,4,4,0,2,1,0,0,0,3,16,30
201200059541,12,6,8,1,2,7,1.0,6.0,0.0,2.0,0.0,0.0,2.0,2.0,1,2,4.0,1.0,2.0,1.0,0.0,164.0,1,0.0,1.0,2,3,2,0,0,0,0,2,0,0,0,0,2,2,0,0,0,1,1,0,0,3,6,25
201200051005,12,11,28,1,1,1,1.0,7.0,0.0,33.0,0.0,0.0,0.0,1.0,1,2,1.0,3.0,2.0,1.0,15.0,70.0,1,0.0,1.0,1,2,1,0,0,0,0,1,0,0,1,0,0,0,0,1,0,0,0,0,0,2,15,28
200900059769,9,9,8,1,1,1,1.0,1.0,0.0,10.0,0.0,0.0,2.0,5.0,1,1,3.0,2.0,2.0,1.0,0.0,58.0,1,0.0,1.0,2,2,2,2,0,0,0,4,0,0,0,2,2,4,0,0,0,1,0,0,0,2,8,35
200800065303,8,11,11,5,2,1,1.0,6.0,0.0,1.0,0.0,0.0,2.0,0.0,1,-1,4.0,2.0,2.0,0.0,0.0,0.0,1,0.0,1.0,2,2,0,2,0,0,0,2,0,2,0,0,0,0,0,2,0,0,0,0,0,2,4,0
200500081948,5,12,2,5,2,1,1.0,6.0,0.0,7.0,0.0,0.0,1.0,14.0,1,1,3.0,2.0,2.0,1.0,0.0,88.0,1,0.0,4.0,1,1,2,0,0,1,0,1,1,0,1,0,0,2,0,0,0,1,0,0,0,2,5,40
200600062591,6,10,2,1,2,1,1.0,6.0,0.0,31.0,0.0,0.0,2.0,1.0,1,2,4.0,2.0,4.0,1.0,0.0,0.0,1,0.0,1.0,2,2,4,0,0,0,0,4,2,0,2,0,0,4,0,0,0,1,1,0,0,2,16,30
201600055542,16,7,14,1,2,3,1.0,4.0,1.0,7.0,0.0,0.0,2.0,2.0,1,1,4.0,2.0,2.0,1.0,0.0,100.0,1,0.0,1.0,3,1,9,3,0,0,3,9,0,6,6,0,0,12,0,0,0,1,1,0,0,2,17,45
200600036937,6,6,18,1,2,1,1.0,3.0,0.0,32.0,0.0,0.0,2.0,1.0,1,2,4.0,2.0,2.0,1.0,0.0,60.0,1,0.0,1.0,2,2,2,2,0,0,0,4,0,0,4,0,0,2,0,2,0,1,0,0,0,2,20,0
200500071666,5,11,14,1,2,1,1.0,3.0,0.0,7.0,0.0,0.0,2.0,15.0,1,1,3.0,2.0,2.0,0.0,0.0,70.0,1,0.0,1.0,2,2,2,4,0,0,2,4,2,2,0,2,0,4,0,2,0,1,0,0,0,2,11,0
201000064428,10,6,30,1,2,1,1.0,3.0,0.0,33.0,0.0,0.0,2.0,1.0,1,2,4.0,2.0,2.0,1.0,0.0,0.0,1,0.0,1.0,2,2,4,0,0,0,0,4,0,0,2,0,2,2,0,2,0,1,1,0,0,2,20,24
200600076456,6,12,21,5,1,1,1.0,2.0,0.0,7.0,0.0,0.0,2.0,0.0,1,-1,2.0,3.0,2.0,1.0,20.0,70.0,1,0.0,1.0,2,2,4,0,0,0,0,4,0,2,2,0,0,4,0,0,0,1,1,0,0,2,21,32
200500011699,5,2,22,1,1,1,4.0,3.0,0.0,15.0,0.0,0.0,2.0,17.0,1,1,3.0,2.0,2.0,1.0,68.0,0.0,1,0.0,1.0,2,1,2,2,0,0,0,4,0,0,0,2,2,4,0,0,0,1,0,0,0,3,12,30
200700000629,7,1,27,5,1,1,8.0,6.0,0.0,7.0,0.0,6.0,0.0,2.0,1,1,3.0,2.0,2.0,1.0,0.0,0.0,0,0.0,1.0,1,3,1,0,0,0,0,1,0,0,1,0,0,0,0,1,0,1,0,0,0,3,1,15
200500051463,5,8,1,1,2,1,1.0,6.0,0.0,7.0,0.0,0.0,1.0,1.0,1,1,4.0,2.0,3.0,1.0,0.0,98.0,1,0.0,1.0,1,1,1,1,0,1,0,1,0,0,2,0,0,0,0,0,2,1,0,0,0,3,10,30
201700001314,17,4,24,1,1,1,1.0,3.0,1.0,7.0,0.0,0.0,2.0,15.0,1,1,3.0,2.0,2.0,1.0,6.0,210.0,1,0.0,1.0,2,1,4,0,0,0,0,4,4,0,0,0,0,2,0,2,0,1,0,0,0,3,10,20
201700052019,17,1,5,1,1,1,1.0,3.0,1.0,7.0,0.0,0.0,2.0,2.0,1,1,1.0,0.0,2.0,1.0,10.0,70.0,1,0.0,1.0,2,1,4,0,0,0,0,4,0,0,0,2,2,0,0,4,0,1,0,1,0,2,13,5
201000058870,10,12,14,5,2,1,1.0,7.0,0.0,33.0,0.0,0.0,0.0,1.0,1,2,4.0,2.0,2.0,1.0,0.0,100.0,1,0.0,1.0,2,3,4,0,0,0,0,4,0,2,2,0,0,2,0,2,0,0,0,0,0,3,20,10
200700005251,7,1,12,1,2,3,1.0,3.0,0.0,32.0,0.0,0.0,2.0,17.0,1,2,3.0,2.0,2.0,2.0,0.0,0.0,1,0.0,1.0,2,2,2,2,0,0,0,4,0,4,0,0,0,2,0,2,0,1,0,0,0,2,8,50
201300004299,13,4,16,1,2,1,1.0,2.0,0.0,7.0,0.0,0.0,2.0,1.0,1,1,3.0,2.0,0.0,0.0,0.0,72.0,1,0.0,1.0,2,1,4,2,0,0,2,4,0,2,2,0,2,2,0,4,0,1,1,0,0,3,14,45
201400043458,14,8,22,1,2,1,1.0,3.0,0.0,3.0,0.0,0.0,0.0,10.0,1,-1,3.0,2.0,3.0,1.0,0.0,30.0,1,0.0,1.0,2,1,4,0,0,0,0,4,0,4,0,0,0,2,0,2,0,1,0,1,0,2,14,30
200900050410,9,7,25,5,2,1,1.0,6.0,0.0,33.0,0.0,9.0,0.0,14.0,1,2,4.0,0.0,2.0,1.0,0.0,91.0,1,0.0,1.0,1,2,1,0,0,0,0,1,0,0,1,0,0,0,0,1,0,0,0,1,0,2,4,40
200900028094,9,7,24,1,2,1,1.0,2.0,0.0,7.0,0.0,0.0,2.0,1.0,1,1,4.0,2.0,2.0,1.0,0.0,46.0,1,0.0,1.0,2,2,2,2,0,0,0,4,0,0,0,4,0,4,0,0,0,1,1,0,0,2,10,15
201700021915,17,4,27,3,1,1,1.0,3.0,2.0,7.0,0.0,0.0,2.0,19.0,1,0,3.0,2.0,2.0,1.0,7.0,20.0,1,0.0,-1.0,2,4,2,2,0,0,0,4,0,0,0,0,4,2,0,2,0,1,0,1,0,4,3,50
201000049638,10,11,28,5,2,2,8.0,2.0,0.0,7.0,0.0,0.0,2.0,1.0,1,-1,4.0,2.0,2.0,2.0,0.0,-1.0,1,0.0,1.0,2,1,4,2,0,0,2,4,0,0,6,0,0,2,0,2,2,1,1,0,0,2,0,5
200800051673,8,9,11,1,2,4,1.0,3.0,0.0,30.0,0.0,0.0,2.0,1.0,1,2,3.0,2.0,2.0,2.0,30.0,210.0,1,0.0,1.0,2,3,4,2,0,0,2,4,2,2,2,0,0,0,2,0,4,1,0,1,0,3,18,20
201600044135,16,9,27,1,2,1,1.0,6.0,2.0,7.0,0.0,0.0,1.0,1.0,1,1,3.0,2.0,2.0,2.0,0.0,-1.0,1,0.0,1.0,1,2,0,2,0,1,0,1,1,0,0,0,1,1,1,0,0,1,0,0,0,2,8,20
201100025160,11,4,30,1,1,9,5.0,3.0,0.0,7.0,0.0,0.0,2.0,15.0,1,1,3.0,2.0,2.0,1.0,0.0,0.0,1,0.0,0.0,2,1,4,0,0,0,0,4,0,2,2,0,0,4,0,0,0,0,0,0,0,2,7,40
201100004268,11,12,4,1,2,1,2.0,6.0,0.0,7.0,0.0,2.0,0.0,1.0,1,1,3.0,2.0,1.0,0.0,0.0,70.0,1,0.0,3.0,1,3,0,1,0,0,0,1,0,0,1,0,0,1,0,0,0,1,0,0,0,3,11,30
200900034367,9,2,2,2,2,1,1.0,6.0,0.0,7.0,0.0,0.0,0.0,0.0,3,-1,4.0,1.0,1.0,1.0,0.0,72.0,1,0.0,1.0,1,2,1,1,0,1,0,1,0,1,0,0,1,1,0,0,1,1,0,0,0,2,18,5
200500069157,5,10,20,1,2,1,1.0,3.0,0.0,2.0,0.0,0.0,2.0,7.0,1,-1,4.0,2.0,4.0,1.0,0.0,0.0,1,0.0,1.0,2,2,4,0,0,0,0,4,0,0,4,0,0,0,0,2,2,1,0,0,0,2,14,30
200900066536,9,6,20,5,1,1,1.0,6.0,0.0,7.0,0.0,4.0,0.0,1.0,1,1,2.0,3.0,2.0,1.0,0.0,85.0,1,0.0,1.0,1,2,1,0,0,0,0,1,0,0,1,0,0,0,0,1,0,1,0,0,0,2,0,45
200900042805,9,5,28,1,2,1,1.0,6.0,0.0,7.0,0.0,0.0,1.0,1.0,3,-1,3.0,3.0,4.0,1.0,0.0,0.0,1,0.0,1.0,1,2,2,0,0,1,0,1,0,1,1,0,0,0,1,1,0,1,0,0,0,2,18,30
201300050215,13,6,1,1,2,2,1.0,7.0,0.0,1.0,0.0,0.0,0.0,7.0,1,-1,4.0,1.0,4.0,1.0,0.0,125.0,1,0.0,5.0,1,2,1,0,0,0,0,1,0,1,0,0,0,1,0,0,0,0,0,0,0,2,15,40
200900003549,9,2,16,5,2,1,1.0,1.0,0.0,30.0,0.0,0.0,0.0,1.0,1,2,4.0,2.0,0.0,1.0,0.0,0.0,1,0.0,1.0,2,3,4,0,0,0,0,4,0,2,2,0,0,4,0,0,0,1,0,1,0,3,18,15
200900047509,9,6,2,1,2,1,1.0,3.0,0.0,7.0,0.0,0.0,2.0,20.0,1,-1,3.0,2.0,2.0,1.0,0.0,0.0,1,0.0,1.0,2,1,4,0,0,0,0,4,0,2,0,2,0,2,0,2,0,1,0,0,0,2,9,0
201400003165,14,6,9,4,1,1,8.0,6.0,0.0,7.0,0.0,2.0,0.0,1.0,1,1,3.0,2.0,2.0,1.0,0.0,55.0,1,0.0,3.0,1,1,2,2,2,0,1,1,0,0,4,0,0,0,2,2,0,1,0,0,0,3,2,0
200700008577,7,2,8,1,2,1,1.0,4.0,0.0,7.0,0.0,0.0,2.0,1.0,1,1,4.0,2.0,3.0,1.0,0.0,93.0,1,0.0,1.0,3,2,6,3,0,0,0,9,0,3,0,6,0,6,0,3,0,1,1,0,0,2,14,30
200600024674,6,5,10,1,1,1,1.0,1.0,0.0,17.0,0.0,0.0,2.0,1.0,1,1,2.0,2.0,2.0,2.0,72.0,0.0,1,0.0,1.0,2,3,4,2,0,0,2,4,0,2,2,2,0,2,0,0,4,1,0,0,0,3,12,30
200700065926,7,10,27,1,2,1,1.0,5.0,0.0,10.0,0.0,1.0,2.0,9.0,1,1,2.0,2.0,2.0,2.0,21.0,96.0,1,0.0,1.0,3,1,6,6,3,0,0,9,0,6,3,0,3,9,3,0,0,1,1,1,0,2,15,50
200700021840,7,4,6,1,2,1,1.0,6.0,0.0,7.0,0.0,0.0,1.0,1.0,1,1,4.0,2.0,2.0,1.0,20.0,120.0,1,0.0,1.0,1,1,2,0,0,1,0,1,0,1,1,0,0,0,0,0,2,1,0,0,0,2,11,15
201300038771,13,6,8,1,2,6,1.0,3.0,0.0,7.0,0.0,0.0,2.0,1.0,1,1,3.0,1.0,2.0,1.0,0.0,0.0,1,5.0,1.0,2,1,2,2,0,0,0,4,0,0,4,0,0,4,0,0,0,1,0,1,0,2,17,45
201300008677,13,6,11,1,2,1,1.0,6.0,0.0,10.0,0.0,0.0,1.0,1.0,1,1,6.0,2.0,0.0,0.0,0.0,30.0,1,0.0,1.0,1,1,0,2,0,1,0,1,0,2,0,0,0,1,0,0,1,1,0,0,0,3,18,15
201100031581,11,6,9,1,2,1,1.0,6.0,0.0,10.0,0.0,0.0,1.0,1.0,1,1,4.0,2.0,2.0,1.0,0.0,0.0,1,0.0,1.0,1,1,2,0,0,1,0,1,1,0,0,1,0,1,1,0,0,1,0,0,0,3,15,35
200900051137,9,4,14,1,2,8,1.0,6.0,0.0,37.0,0.0,0.0,1.0,1.0,1,1,4.0,3.0,2.0,1.0,5.0,71.0,1,0.0,0.0,1,1,2,0,0,1,0,1,0,0,1,1,0,0,1,1,0,1,0,0,0,3,18,45
200500027840,5,5,17,1,2,6,1.0,3.0,0.0,7.0,0.0,0.0,2.0,1.0,1,1,3.0,1.0,2.0,1.0,15.0,60.0,1,0.0,5.0,2,1,2,2,0,0,0,4,0,0,4,0,0,0,0,0,4,1,0,1,0,3,12,15
200700030784,7,5,3,1,2,1,1.0,3.0,0.0,7.0,0.0,0.0,2.0,16.0,1,-1,3.0,3.0,5.0,1.0,0.0,0.0,1,0.0,1.0,2,1,2,2,0,0,0,4,0,0,0,4,0,2,0,2,0,1,1,0,0,2,13,50
200600001902,6,1,15,1,2,2,1.0,6.0,0.0,2.0,0.0,0.0,2.0,17.0,1,2,4.0,4.0,4.0,1.0,0.0,140.0,1,5.0,1.0,2,1,4,2,2,0,0,4,0,2,4,0,0,2,2,2,0,1,0,0,0,3,14,27
200900004776,9,1,24,1,2,1,1.0,6.0,0.0,10.0,0.0,0.0,1.0,1.0,3,-1,4.0,2.0,2.0,2.0,0.0,0.0,1,0.0,1.0,1,2,2,0,0,1,0,1,0,0,1,1,0,1,0,1,0,1,0,0,0,2,15,25
201200009249,12,12,5,1,1,1,2.0,3.0,0.0,7.0,0.0,0.0,2.0,15.0,1,1,3.0,2.0,2.0,1.0,0.0,63.0,1,0.0,1.0,2,1,4,0,0,0,0,4,0,0,0,0,4,2,0,2,0,0,0,1,0,3,7,45
200900012462,9,7,7,2,2,3,2.0,3.0,0.0,2.0,0.0,0.0,2.0,1.0,1,2,4.0,1.0,2.0,1.0,5.0,60.0,1,0.0,1.0,2,2,2,2,0,0,0,4,0,0,4,0,0,2,0,2,0,0,1,1,0,2,20,55
201700046174,17,1,26,2,2,1,1.0,4.0,2.0,3.0,0.0,0.0,2.0,2.0,1,1,3.0,2.0,2.0,0.0,0.0,37.0,1,0.0,1.0,3,1,9,0,0,0,0,9,6,0,0,3,0,3,6,0,0,1,1,0,0,2,8,25
200700033528,7,6,5,1,1,1,1.0,4.0,0.0,7.0,0.0,0.0,2.0,13.0,1,1,3.0,2.0,2.0,1.0,0.0,73.0,1,0.0,1.0,4,3,12,8,4,0,0,16,0,4,0,8,8,8,4,8,0,1,0,0,0,3,7,45
201100031391,11,7,24,1,2,6,1.0,3.0,0.0,7.0,0.0,0.0,2.0,9.0,1,1,4.0,3.0,1.0,1.0,45.0,172.0,1,5.0,1.0,2,1,6,4,4,0,2,4,0,0,10,0,0,2,4,0,4,1,1,0,0,2,17,15
201600002711,16,3,29,1,2,6,2.0,3.0,0.0,2.0,0.0,0.0,2.0,9.0,1,2,4.0,2.0,2.0,1.0,0.0,0.0,1,5.0,1.0,2,3,2,2,0,0,0,4,4,0,0,0,0,2,0,0,2,1,0,0,0,3,20,0
201200048085,12,3,6,1,1,1,1.0,2.0,0.0,7.0,0.0,0.0,2.0,2.0,1,1,2.0,3.0,4.0,1.0,0.0,-1.0,1,5.0,1.0,2,2,2,2,0,0,0,4,0,0,0,4,0,4,0,0,0,1,1,0,0,2,10,20
201300009204,13,12,15,3,2,1,2.0,6.0,0.0,7.0,0.0,11.0,0.0,1.0,1,1,3.0,2.0,2.0,1.0,0.0,-1.0,1,0.0,4.0,1,3,2,1,1,0,1,1,0,0,3,0,0,0,0,3,0,1,0,0,0,3,5,45
201500008969,15,1,7,5,2,1,1.0,6.0,0.0,7.0,0.0,0.0,1.0,1.0,1,1,2.0,2.0,2.0,1.0,0.0,114.0,1,0.0,1.0,1,1,0,2,0,1,0,1,0,0,1,0,1,2,0,0,0,1,0,0,0,3,20,10
201700017630,17,8,19,1,1,1,1.0,1.0,1.0,7.0,0.0,0.0,2.0,13.0,1,1,3.0,2.0,2.0,1.0,0.0,49.0,1,0.0,1.0,2,1,0,4,0,0,0,4,0,0,4,0,0,2,0,0,2,1,0,0,0,3,10,15
201200055540,12,1,24,5,2,2,2.0,6.0,0.0,32.0,0.0,0.0,0.0,1.0,1,2,4.0,1.0,1.0,3.0,0.0,80.0,1,0.0,1.0,1,1,1,1,0,1,0,1,0,2,0,0,0,0,0,1,1,0,0,0,0,2,19,30
200800022734,8,1,3,5,1,1,2.0,6.0,0.0,10.0,0.0,4.0,0.0,1.0,1,1,1.0,1.0,2.0,1.0,5.0,70.0,1,0.0,2.0,1,2,1,0,0,0,0,1,0,0,0,1,0,1,0,0,0,1,0,0,0,2,5,45
201000055276,10,9,10,1,1,1,1.0,5.0,0.0,7.0,0.0,0.0,2.0,1.0,1,1,1.0,3.0,5.0,1.0,10.0,175.0,1,0.0,1.0,3,1,9,0,0,0,0,9,0,0,0,0,9,9,0,0,0,1,0,1,0,2,17,25
200800025929,8,5,19,1,2,2,1.0,6.0,0.0,7.0,0.0,0.0,1.0,4.0,1,1,3.0,2.0,2.0,1.0,0.0,100.0,1,0.0,1.0,1,1,0,2,0,1,0,1,0,1,0,0,1,1,0,0,1,0,1,0,0,2,14,10
201300046368,13,9,5,1,1,1,1.0,3.0,0.0,33.0,0.0,0.0,2.0,3.0,1,2,1.0,1.0,2.0,2.0,15.0,60.0,1,0.0,1.0,2,2,2,2,0,0,0,4,0,4,0,0,0,2,0,2,0,0,0,1,0,2,17,45
200500061616,5,9,26,1,2,9,1.0,6.0,0.0,7.0,0.0,0.0,1.0,2.0,1,1,4.0,2.0,2.0,1.0,40.0,40.0,1,0.0,1.0,1,1,1,1,0,1,0,1,1,1,0,0,0,1,1,0,0,1,0,0,0,3,13,35
201000045990,10,7,13,1,2,1,1.0,6.0,0.0,3.0,0.0,0.0,0.0,21.0,1,1,4.0,2.0,2.0,1.0,0.0,0.0,1,0.0,3.0,1,2,1,1,0,0,1,1,0,0,2,0,0,1,0,1,0,0,0,1,0,2,12,30
200700029874,7,5,20,5,2,2,1.0,6.0,0.0,7.0,0.0,0.0,2.0,1.0,1,1,4.0,2.0,2.0,1.0,0.0,60.0,1,0.0,1.0,2,1,0,4,0,0,2,2,0,2,2,0,0,4,0,0,0,1,0,0,0,2,0,50
201500021836,15,7,2,1,2,1,1.0,3.0,0.0,7.0,0.0,1.0,0.0,22.0,1,0,4.0,1.0,1.0,1.0,0.0,30.0,1,0.0,1.0,2,1,2,2,0,0,0,4,0,2,2,0,0,2,2,0,0,1,0,1,0,3,19,10
201100021995,11,1,28,1,2,1,1.0,6.0,0.0,7.0,0.0,0.0,1.0,1.0,1,1,4.0,2.0,2.0,1.0,0.0,70.0,1,0.0,1.0,1,1,0,2,0,1,0,1,0,0,2,0,0,0,0,1,1,0,0,1,0,3,9,25
201000020046,10,6,19,1,2,3,1.0,3.0,0.0,14.0,0.0,0.0,0.0,1.0,1,1,4.0,2.0,1.0,1.0,0.0,25.0,1,0.0,1.0,2,1,4,0,0,0,0,4,0,2,0,2,0,2,0,2,0,1,1,0,0,2,7,30
201700024665,17,4,12,1,2,6,1.0,3.0,1.0,7.0,0.0,0.0,2.0,1.0,1,1,4.0,1.0,0.0,1.0,0.0,0.0,1,0.0,1.0,2,2,2,2,0,0,0,4,4,0,0,0,0,2,0,2,0,1,0,1,0,2,12,20
201400007173,14,2,10,1,2,1,2.0,6.0,0.0,7.0,0.0,0.0,1.0,1.0,1,1,3.0,2.0,0.0,0.0,0.0,75.0,1,0.0,1.0,1,1,2,0,0,1,0,1,1,0,1,0,0,0,1,1,0,1,0,0,0,3,17,0
201200017495,12,1,14,3,1,1,1.0,7.0,0.0,7.0,0.0,16.0,0.0,13.0,1,1,3.0,2.0,2.0,1.0,0.0,0.0,1,0.0,3.0,1,3,1,0,0,0,0,1,0,0,1,0,0,1,0,0,0,1,0,0,0,3,5,0
201400014174,14,2,21,1,2,1,1.0,6.0,0.0,7.0,0.0,0.0,2.0,1.0,1,1,4.0,3.0,0.0,1.0,0.0,0.0,1,0.0,1.0,2,1,4,0,0,0,0,4,0,0,2,2,0,2,0,2,0,1,1,0,0,2,13,40
201200059895,12,3,10,1,2,1,1.0,4.0,0.0,7.0,0.0,0.0,2.0,23.0,1,1,4.0,1.0,4.0,1.0,15.0,140.0,1,1.0,1.0,5,2,20,15,0,0,10,25,5,0,20,10,0,30,0,5,0,1,1,0,0,2,11,45