Num_Acc,an,mois,jour,lum,agg,int,atm,col,senc,catv,occutc,obs,obsm,manv,catu,secu,catr,circ,nbv,prof,lartpc,larrout,surf,infra,situ,nb_veh,grav_simpl,Homme,Femme,Arrière,Autre_x,Avant,Conducteur,Autre_y,Inconnu,Loisirs,Professionnel,Travail,Adulte,Enfant,Jeune,Senior,choc_avant,choc_arriere,choc_lateral,choc_multiple,grav_order_max,heure,minute
201200026518,12,1,24,1,2,1,1.0,3.0,0.0,3.0,0.0,0.0,2.0,1.0,1,-1,4.0,3.0,4.0,1.0,0.0,0.0,1,0.0,1.0,2,1,2,2,0,0,0,4,0,0,2,0,2,2,0,2,0,0,0,1,0,2,17,5
200800002383,8,1,11,5,2,1,1.0,6.0,0.0,2.0,0.0,0.0,1.0,1.0,3,-1,4.0,1.0,2.0,1.0,0.0,30.0,1,0.0,1.0,1,2,2,0,0,1,0,1,2,0,0,0,0,1,0,0,1,1,0,0,0,2,18,32
201000004334,10,8,27,2,1,1,1.0,1.0,0.0,33.0,0.0,0.0,2.0,1.0,1,2,3.0,2.0,2.0,1.0,0.0,56.0,1,0.0,1.0,2,4,6,2,2,0,2,4,0,4,0,0,4,0,0,8,0,1,0,0,0,4,7,0
201000025928,10,7,16,1,2,6,7.0,3.0,0.0,7.0,0.0,0.0,9.0,9.0,1,-1,2.0,2.0,2.0,1.0,0.0,0.0,1,0.0,1.0,2,1,4,0,0,0,0,4,0,0,0,2,2,0,0,4,0,1,1,0,0,3,6,45
201600045638,16,4,24,1,1,1,1.0,2.0,2.0,7.0,0.0,0.0,2.0,1.0,1,1,1.0,1.0,4.0,1.0,15.0,140.0,1,0.0,1.0,2,1,4,2,0,0,2,4,0,0,4,2,0,4,0,2,0,1,1,0,0,2,19,15
201100027186,11,12,31,5,2,1,2.0,6.0,0.0,10.0,0.0,0.0,0.0,0.0,1,-1,4.0,2.0,2.0,1.0,0.0,0.0,1,0.0,1.0,1,2,2,0,0,0,1,1,0,0,2,0,0,1,0,1,0,1,0,0,0,2,5,30
201100047197,11,11,29,1,2,2,1.0,3.0,0.0,31.0,0.0,0.0,2.0,18.0,1,2,3.0,2.0,2.0,1.0,0.0,70.0,1,0.0,1.0,2,2,2,2,0,0,0,4,0,0,2,0,2,4,0,0,0,1,0,1,0,2,10,10
200500040039,5,6,18,2,1,1,1.0,1.0,0.0,7.0,0.0,0.0,2.0,2.0,1,1,1.0,0.0,4.0,1.0,30.0,145.0,1,0.0,1.0,2,2,6,4,4,0,2,4,0,6,2,2,0,2,0,8,0,1,1,0,0,3,6,0
200600052063,6,9,21,1,2,1,7.0,6.0,0.0,7.0,0.0,0.0,1.0,1.0,1,1,3.0,0.0,0.0,0.0,0.0,68.0,1,0.0,1.0,1,1,1,1,0,1,0,1,0,0,2,0,0,0,0,1,1,1,0,0,0,3,18,45
201000020677,10,3,7,1,2,2,1.0,3.0,0.0,7.0,0.0,0.0,2.0,0.0,1,1,4.0,1.0,2.0,1.0,0.0,0.0,1,0.0,1.0,2,1,2,2,0,0,0,4,0,0,2,0,2,0,0,4,0,1,1,0,0,3,8,0
201300026194,13,9,18,2,2,1,1.0,7.0,0.0,1.0,0.0,0.0,0.0,1.0,1,9,9.0,2.0,2.0,2.0,0.0,50.0,1,0.0,1.0,1,3,1,0,0,0,0,1,0,0,0,0,1,1,0,0,0,1,0,0,0,3,8,40
201500000056,15,1,12,5,2,1,1.0,6.0,0.0,37.0,0.0,0.0,1.0,1.0,1,-1,3.0,2.0,0.0,1.0,0.0,0.0,1,6.0,1.0,1,1,0,2,0,1,0,1,1,0,0,1,0,1,1,0,0,1,0,0,0,2,8,0
200700028675,7,5,19,5,2,2,1.0,3.0,0.0,2.0,0.0,0.0,2.0,1.0,1,-1,4.0,2.0,3.0,1.0,0.0,90.0,1,0.0,1.0,2,2,4,0,0,0,0,4,0,2,2,0,0,0,0,4,0,1,0,1,0,2,0,15
201600032979,16,2,27,1,2,1,1.0,3.0,1.0,7.0,0.0,6.0,9.0,9.0,1,1,9.0,2.0,2.0,1.0,0.0,80.0,1,0.0,5.0,2,1,2,2,0,0,0,4,0,0,4,0,0,4,0,0,0,1,0,0,0,2,11,0
201600024613,16,3,9,1,2,1,2.0,6.0,1.0,7.0,0.0,0.0,1.0,0.0,1,1,4.0,2.0,4.0,3.0,12.0,124.0,1,0.0,1.0,1,1,1,1,0,1,0,1,0,0,0,0,2,1,0,0,1,1,0,0,0,2,17,5
200500080055,5,12,9,5,2,1,1.0,6.0,1.0,7.0,0.0,0.0,0.0,0.0,3,-1,4.0,2.0,2.0,1.0,0.0,99.0,1,0.0,1.0,1,3,1,0,0,1,0,0,0,0,0,0,1,1,0,0,0,0,0,0,0,3,6,15
201600009867,16,11,18,2,1,1,2.0,3.0,2.0,10.0,0.0,0.0,2.0,1.0,1,1,3.0,2.0,2.0,1.0,0.0,75.0,1,0.0,1.0,2,2,6,0,0,0,2,4,0,2,0,2,2,0,0,4,2,1,0,1,0,2,7,30
200700055378,7,9,21,1,2,1,1.0,2.0,0.0,7.0,0.0,0.0,2.0,16.0,1,1,4.0,2.0,0.0,1.0,0.0,0.0,1,0.0,1.0,2,1,2,2,0,0,0,4,4,0,0,0,0,0,0,4,0,1,1,0,0,2,10,45
200800053017,8,9,5,1,2,1,2.0,6.0,0.0,7.0,0.0,0.0,1.0,1.0,1,1,4.0,2.0,4.0,1.0,0.0,0.0,1,0.0,1.0,1,1,0,2,0,1,0,1,0,0,1,0,1,0,0,2,0,1,0,0,0,3,13,50
201600042823,16,5,15,1,2,1,1.0,3.0,1.0,7.0,0.0,0.0,2.0,9.0,1,1,3.0,1.0,1.0,1.0,0.0,35.0,1,0.0,1.0,2,1,4,0,0,0,0,4,0,0,0,0,4,2,0,2,0,1,0,1,0,2,7,15
201200056310,12,11,19,1,2,5,1.0,3.0,0.0,7.0,0.0,0.0,2.0,1.0,1,1,4.0,2.0,1.0,1.0,0.0,36.0,1,0.0,1.0,2,1,2,2,0,0,0,4,0,0,4,0,0,0,0,2,2,1,0,1,0,3,12,20
201700023609,17,3,7,1,2,3,2.0,3.0,1.0,7.0,0.0,0.0,2.0,1.0,1,1,4.0,0.0,0.0,1.0,0.0,0.0,1,0.0,0.0,2,2,4,0,0,0,0,4,0,0,4,0,0,4,0,0,0,1,0,1,0,2,12,35
201300036460,13,1,30,1,2,1,1.0,3.0,0.0,7.0,0.0,0.0,0.0,9.0,1,-1,3.0,2.0,2.0,1.0,0.0,73.0,1,0.0,1.0,2,1,4,0,0,0,0,4,0,0,0,0,4,4,0,0,0,0,0,1,0,2,7,45
200700001794,7,1,16,1,2,1,1.0,7.0,0.0,7.0,0.0,0.0,0.0,12.0,1,1,4.0,2.0,4.0,1.0,0.0,102.0,1,0.0,1.0,2,1,0,4,0,0,0,4,0,2,0,0,2,2,0,2,0,0,0,0,0,2,8,55
201500042653,15,5,13,1,2,1,1.0,3.0,0.0,34.0,0.0,0.0,0.0,13.0,1,2,2.0,2.0,1.0,1.0,0.0,0.0,-1,0.0,0.0,2,3,2,2,0,0,0,4,0,4,0,0,0,2,0,2,0,1,0,0,0,3,13,35
201300028543,13,8,20,1,2,1,1.0,6.0,0.0,7.0,0.0,0.0,1.0,1.0,1,0,4.0,2.0,2.0,1.0,0.0,80.0,1,0.0,1.0,1,1,2,0,0,1,0,1,1,0,1,0,0,0,0,0,2,1,0,0,0,2,10,0
200700045498,7,7,10,1,1,1,2.0,7.0,0.0,5.0,0.0,0.0,0.0,21.0,1,2,1.0,3.0,6.0,1.0,10.0,270.0,1,0.0,1.0,1,2,1,0,0,0,0,1,0,1,0,0,0,0,0,1,0,0,0,1,0,2,13,40
200600044927,6,8,5,1,2,1,1.0,2.0,0.0,7.0,0.0,0.0,2.0,1.0,1,1,4.0,2.0,2.0,1.0,0.0,54.0,1,0.0,1.0,2,1,4,4,2,0,2,4,0,4,4,0,0,6,2,0,0,1,1,0,0,3,16,30
201500026667,15,12,4,1,2,1,1.0,2.0,0.0,7.0,0.0,0.0,0.0,0.0,1,-1,4.0,0.0,1.0,1.0,0.0,0.0,1,0.0,1.0,2,3,12,0,6,0,2,4,0,6,0,6,0,4,0,8,0,1,1,0,0,3,14,5
201300047179,13,10,2,1,1,1,1.0,3.0,0.0,32.0,0.0,0.0,2.0,3.0,1,2,1.0,1.0,3.0,1.0,15.0,125.0,1,0.0,1.0,2,2,0,4,0,0,0,4,0,0,0,0,4,2,0,2,0,1,0,0,0,2,8,45
201700021489,17,8,24,1,2,9,2.0,7.0,1.0,33.0,0.0,14.0,0.0,1.0,1,2,4.0,2.0,2.0,1.0,0.0,80.0,1,0.0,1.0,1,2,0,1,0,0,0,1,0,0,1,0,0,1,0,0,0,0,0,1,0,2,11,40
200700027248,7,5,11,5,2,1,1.0,7.0,0.0,7.0,0.0,15.0,0.0,0.0,1,-1,4.0,2.0,3.0,1.0,0.0,140.0,1,0.0,1.0,1,4,1,0,0,0,0,1,1,0,0,0,0,0,0,1,0,0,0,0,0,4,21,40
201100056854,11,3,26,3,1,1,1.0,2.0,0.0,7.0,0.0,1.0,0.0,1.0,1,1,1.0,3.0,3.0,0.0,0.0,105.0,1,0.0,1.0,2,1,6,2,0,0,4,4,0,0,4,4,0,4,0,4,0,1,1,0,0,2,4,5
201300034023,13,3,6,1,2,2,2.0,3.0,0.0,1.0,0.0,0.0,2.0,1.0,1,2,4.0,2.0,2.0,1.0,0.0,0.0,1,0.0,1.0,2,2,2,2,0,0,0,4,0,0,0,4,0,2,0,2,0,1,0,1,0,2,9,5
201500038060,15,7,17,1,1,1,1.0,6.0,0.0,7.0,0.0,0.0,1.0,4.0,1,1,4.0,0.0,0.0,0.0,0.0,0.0,-1,0.0,0.0,1,1,2,0,0,1,0,1,0,2,0,0,0,0,0,1,1,0,1,0,0,2,11,40
201400024040,14,3,5,2,2,6,1.0,3.0,0.0,7.0,0.0,0.0,0.0,1.0,1,1,4.0,2.0,2.0,1.0,0.0,0.0,1,0.0,1.0,2,1,2,2,0,0,0,4,0,0,0,0,4,2,0,0,2,1,0,0,0,2,18,20
200800033079,8,6,16,1,2,1,1.0,6.0,0.0,10.0,0.0,0.0,1.0,1.0,1,1,4.0,2.0,3.0,1.0,0.0,0.0,1,3.0,1.0,1,1,2,0,0,1,0,1,0,0,0,1,1,2,0,0,0,0,0,1,0,2,11,40
200700061804,7,10,21,1,2,8,1.0,6.0,0.0,7.0,0.0,0.0,1.0,23.0,1,-1,4.0,2.0,2.0,1.0,0.0,64.0,1,0.0,1.0,1,1,1,1,0,1,0,1,0,2,0,0,0,1,0,0,1,1,0,0,0,3,11,33
201100039296,11,8,8,1,1,2,1.0,3.0,0.0,7.0,0.0,8.0,2.0,1.0,1,1,3.0,2.0,2.0,1.0,0.0,56.0,1,0.0,1.0,2,3,2,2,0,0,0,4,0,0,0,0,4,4,0,0,0,1,0,0,0,3,8,37
201300000165,13,12,21,3,1,1,1.0,7.0,0.0,7.0,0.0,16.0,0.0,14.0,1,1,3.0,2.0,2.0,1.0,0.0,52.0,1,0.0,0.0,1,1,5,0,2,1,1,1,0,4,1,0,0,3,0,0,2,0,0,1,0,3,22,15
200500049881,5,8,30,1,1,1,1.0,3.0,0.0,5.0,0.0,0.0,2.0,13.0,1,2,4.0,2.0,0.0,1.0,0.0,30.0,-1,0.0,1.0,2,3,4,0,0,0,0,4,0,0,2,0,2,2,0,2,0,1,0,1,0,3,14,15
201000066508,10,10,12,5,2,2,1.0,6.0,0.0,7.0,0.0,0.0,1.0,1.0,1,-1,4.0,1.0,1.0,1.0,0.0,35.0,1,0.0,1.0,1,1,2,0,0,1,0,1,0,0,2,0,0,1,0,1,0,1,0,0,0,2,20,55
201500021722,15,8,20,1,1,1,2.0,7.0,0.0,7.0,0.0,8.0,0.0,1.0,1,1,2.0,1.0,1.0,2.0,40.0,35.0,1,3.0,1.0,1,2,1,0,0,0,0,1,0,0,1,0,0,1,0,0,0,1,0,0,0,2,8,23
201500049086,15,6,8,1,1,1,1.0,2.0,0.0,7.0,0.0,0.0,2.0,2.0,1,1,1.0,3.0,4.0,1.0,40.0,140.0,1,0.0,1.0,2,2,0,6,0,0,2,4,0,0,4,0,2,2,0,4,0,1,1,0,0,2,16,45
201200036565,12,12,1,4,2,6,1.0,3.0,0.0,30.0,0.0,12.0,2.0,1.0,1,2,4.0,4.0,2.0,2.0,0.0,70.0,1,0.0,1.0,2,3,2,0,0,0,0,2,0,2,0,0,0,2,0,0,0,1,0,0,0,3,17,0
201600051022,16,11,30,3,1,1,1.0,6.0,1.0,7.0,0.0,0.0,2.0,0.0,1,1,1.0,1.0,3.0,2.0,20.0,90.0,1,0.0,1.0,2,2,2,2,0,0,0,4,0,2,0,0,2,0,0,4,0,1,1,0,0,2,22,50
200800066926,8,11,28,5,2,1,2.0,2.0,0.0,7.0,0.0,14.0,0.0,2.0,1,-1,4.0,2.0,2.0,1.0,0.0,70.0,1,0.0,1.0,2,1,8,0,4,0,0,4,0,4,2,2,0,6,0,2,0,1,1,0,0,2,5,45
200700030534,7,5,15,5,2,1,3.0,7.0,0.0,7.0,0.0,16.0,0.0,2.0,1,1,4.0,2.0,2.0,1.0,0.0,0.0,1,0.0,1.0,1,3,2,0,0,0,1,1,1,1,0,0,0,2,0,0,0,0,0,0,1,3,21,50
200800000625,8,1,30,2,1,1,1.0,2.0,0.0,2.0,0.0,0.0,2.0,1.0,1,2,3.0,2.0,2.0,0.0,62.0,0.0,1,0.0,1.0,2,3,2,2,0,0,0,4,0,2,2,0,0,2,2,0,0,1,0,0,0,3,17,0
201200022901,12,11,17,1,2,2,1.0,3.0,0.0,7.0,0.0,0.0,2.0,1.0,1,1,3.0,2.0,1.0,1.0,0.0,0.0,1,0.0,1.0,2,1,2,6,0,2,2,4,2,0,6,0,0,2,0,4,2,1,0,1,0,2,11,30
201000034017,10,10,26,1,2,3,1.0,3.0,0.0,1.0,0.0,0.0,2.0,1.0,1,-1,4.0,2.0,2.0,1.0,0.0,58.0,1,0.0,1.0,2,2,4,0,0,0,0,4,4,0,0,0,0,2,0,0,2,1,0,0,0,2,9,13
200600011988,6,3,12,3,1,1,1.0,6.0,0.0,7.0,0.0,16.0,0.0,0.0,1,1,4.0,2.0,2.0,1.0,0.0,60.0,-1,0.0,1.0,1,4,1,0,0,0,0,1,0,0,1,0,0,0,0,1,0,0,0,0,0,4,3,30
200700000887,7,1,22,2,2,1,1.0,1.0,0.0,7.0,0.0,0.0,2.0,17.0,1,1,3.0,2.0,0.0,2.0,0.0,80.0,1,0.0,1.0,2,3,4,0,0,0,0,4,0,0,0,2,2,2,0,2,0,1,0,0,0,3,7,30
201700041598,17,6,19,1,2,1,1.0,6.0,1.0,7.0,0.0,0.0,1.0,15.0,1,1,3.0,3.0,4.0,1.0,0.0,0.0,1,0.0,1.0,1,1,2,1,0,1,1,1,0,0,0,3,0,1,0,2,0,0,1,0,0,3,8,35
200900029788,9,4,18,1,2,5,1.0,3.0,0.0,7.0,0.0,0.0,2.0,15.0,1,1,2.0,3.0,2.0,1.0,15.0,60.0,1,0.0,1.0,2,2,2,2,0,0,0,4,0,0,4,0,0,2,0,2,0,1,0,1,0,2,20,10
200800038758,8,7,11,1,2,1,1.0,6.0,0.0,31.0,0.0,1.0,0.0,1.0,1,2,4.0,2.0,2.0,1.0,0.0,60.0,1,0.0,4.0,1,3,0,1,0,0,0,1,0,1,0,0,0,1,0,0,0,1,0,0,0,3,15,5
200800025004,8,5,23,5,2,1,1.0,6.0,0.0,7.0,0.0,9.0,2.0,1.0,1,1,4.0,2.0,2.0,1.0,0.0,100.0,1,0.0,4.0,2,2,0,2,0,0,0,2,0,0,0,2,0,2,0,0,0,1,0,0,1,2,22,5
200600067608,6,11,18,1,2,6,1.0,3.0,0.0,33.0,0.0,0.0,2.0,9.0,1,2,4.0,3.0,3.0,1.0,100.0,180.0,1,5.0,1.0,2,3,2,2,0,0,0,4,2,0,2,0,0,4,0,0,0,1,0,1,0,3,10,5
201000053333,10,10,28,1,2,1,1.0,5.0,0.0,7.0,0.0,0.0,2.0,21.0,1,1,4.0,2.0,2.0,1.0,0.0,0.0,1,0.0,1.0,3,1,9,12,6,0,6,9,0,0,21,0,0,9,6,6,0,1,1,0,0,2,15,40
200700012764,7,3,10,3,1,1,1.0,3.0,0.0,7.0,0.0,0.0,2.0,15.0,1,1,3.0,2.0,3.0,1.0,0.0,114.0,1,3.0,1.0,2,2,2,2,0,0,0,4,0,0,4,0,0,0,0,4,0,1,0,1,0,3,19,0
201600012251,16,10,17,1,1,1,1.0,2.0,1.0,14.0,0.0,0.0,2.0,1.0,1,1,3.0,1.0,4.0,1.0,0.0,70.0,1,0.0,1.0,2,1,2,2,0,0,0,4,0,0,0,2,2,2,0,2,0,1,1,0,0,2,8,15
200700043835,7,7,2,2,2,2,1.0,3.0,0.0,7.0,0.0,0.0,0.0,1.0,1,1,4.0,2.0,2.0,1.0,0.0,90.0,1,0.0,1.0,2,2,4,0,0,0,0,4,4,0,0,0,0,2,0,0,2,1,0,1,0,2,6,5
201000055010,10,1,14,1,1,1,1.0,6.0,0.0,15.0,0.0,3.0,0.0,2.0,1,1,2.0,3.0,2.0,1.0,15.0,70.0,1,0.0,1.0,1,2,1,0,0,0,0,1,0,0,0,1,0,1,0,0,0,1,0,0,0,2,11,45
200500066954,5,10,30,5,2,1,1.0,6.0,0.0,7.0,0.0,7.0,0.0,15.0,1,1,4.0,2.0,2.0,1.0,0.0,80.0,1,0.0,4.0,1,2,1,0,0,0,0,1,0,0,1,0,0,0,0,1,0,1,0,0,0,2,2,10
201400052710,14,11,16,1,2,1,2.0,6.0,0.0,34.0,0.0,8.0,0.0,14.0,1,2,4.0,1.0,2.0,1.0,0.0,80.0,1,0.0,1.0,1,2,1,0,0,0,0,1,0,1,0,0,0,0,0,1,0,0,0,1,0,2,9,40
201000000030,10,11,5,5,1,1,2.0,4.0,0.0,7.0,0.0,0.0,2.0,2.0,1,1,3.0,2.0,2.0,1.0,0.0,60.0,1,0.0,1.0,3,1,6,9,3,0,3,9,0,6,9,0,0,9,3,3,0,1,1,1,0,3,19,0
200900019257,9,4,27,5,1,1,2.0,7.0,0.0,7.0,0.0,5.0,0.0,0.0,1,1,1.0,3.0,3.0,1.0,0.0,0.0,1,0.0,1.0,1,2,0,1,0,0,0,1,1,0,0,0,0,0,0,1,0,0,0,0,0,2,23,30
201500053705,15,3,26,1,2,3,2.0,2.0,0.0,7.0,0.0,0.0,2.0,23.0,1,1,4.0,2.0,2.0,1.0,0.0,96.0,0,0.0,1.0,2,1,2,2,0,0,0,4,2,2,0,0,0,0,0,2,2,1,1,0,0,2,15,50
200500048952,5,8,29,1,1,2,1.0,1.0,0.0,7.0,0.0,0.0,2.0,19.0,1,1,3.0,2.0,2.0,0.0,0.0,49.0,1,5.0,1.0,2,3,6,2,0,0,4,4,0,4,4,0,0,4,2,2,0,1,0,1,0,4,14,45
201600007901,16,3,23,1,1,1,1.0,6.0,1.0,7.0,0.0,2.0,0.0,21.0,1,1,3.0,2.0,2.0,1.0,0.0,70.0,1,0.0,3.0,1,3,1,3,1,0,2,1,0,3,1,0,0,1,1,2,0,1,0,0,0,4,8,0
200600077593,6,12,11,1,2,1,1.0,6.0,0.0,7.0,0.0,0.0,2.0,21.0,1,1,4.0,2.0,3.0,1.0,0.0,86.0,1,0.0,1.0,2,1,4,0,0,0,0,4,0,0,4,0,0,4,0,0,0,1,1,0,0,3,12,10
201400017252,14,5,25,3,1,1,1.0,2.0,0.0,2.0,0.0,0.0,0.0,2.0,1,-1,3.0,2.0,2.0,1.0,0.0,50.0,1,0.0,1.0,2,4,4,0,0,0,0,4,0,0,4,0,0,2,0,2,0,1,1,0,0,4,1,15
201400035880,14,6,11,1,1,3,1.0,2.0,0.0,7.0,0.0,0.0,0.0,0.0,1,1,3.0,0.0,2.0,1.0,10.0,60.0,1,0.0,0.0,2,3,2,2,0,0,0,4,4,0,0,0,0,2,0,2,0,1,1,0,0,3,11,20
200600079770,6,12,4,3,1,1,2.0,6.0,0.0,7.0,0.0,3.0,0.0,2.0,1,1,1.0,1.0,4.0,2.0,0.0,0.0,1,0.0,1.0,1,2,1,0,0,0,0,1,0,0,1,0,0,1,0,0,0,1,0,0,0,2,21,20
200700021156,7,4,20,1,2,1,1.0,6.0,0.0,2.0,0.0,0.0,0.0,1.0,1,2,4.0,2.0,2.0,1.0,0.0,58.0,1,0.0,1.0,1,2,1,0,0,0,0,1,0,1,0,0,0,0,0,1,0,0,0,0,0,2,20,10
201600017648,16,10,26,1,2,1,1.0,3.0,2.0,7.0,0.0,0.0,2.0,9.0,1,1,3.0,2.0,2.0,1.0,0.0,74.0,1,0.0,1.0,2,1,4,0,0,0,0,4,0,0,0,2,2,2,2,0,0,1,0,0,0,3,13,45
201700015099,17,12,20,3,1,1,5.0,6.0,1.0,7.0,0.0,13.0,0.0,1.0,1,1,3.0,2.0,2.0,2.0,0.0,0.0,1,0.0,1.0,1,2,0,2,0,0,1,1,0,0,2,0,0,0,0,2,0,0,0,1,0,2,1,20
200600003517,6,1,27,1,2,2,1.0,3.0,0.0,7.0,0.0,0.0,2.0,1.0,1,1,3.0,2.0,2.0,2.0,0.0,86.0,1,0.0,1.0,2,1,4,0,0,0,0,4,0,0,2,2,0,0,0,4,0,1,0,1,0,3,14,40
200900005113,9,3,14,5,2,1,1.0,7.0,0.0,2.0,0.0,0.0,0.0,0.0,1,-1,4.0,1.0,1.0,1.0,0.0,138.0,1,0.0,1.0,2,2,2,0,0,0,0,2,0,2,0,0,0,2,0,0,0,0,0,0,0,2,21,10
201600031826,16,5,20,1,2,1,1.0,2.0,2.0,7.0,0.0,0.0,2.0,1.0,1,1,3.0,2.0,2.0,1.0,0.0,0.0,1,0.0,1.0,2,1,2,2,0,0,0,4,2,2,0,0,0,2,2,0,0,1,1,0,0,2,16,10
200500031004,5,5,13,1,2,2,2.0,3.0,0.0,7.0,0.0,0.0,2.0,15.0,1,1,4.0,1.0,1.0,1.0,0.0,71.0,1,0.0,1.0,2,1,0,6,0,0,2,4,0,2,2,2,0,4,0,2,0,1,1,0,0,2,9,30
201700008696,17,8,14,1,2,3,1.0,6.0,1.0,7.0,0.0,0.0,1.0,15.0,1,1,4.0,2.0,2.0,1.0,0.0,60.0,1,0.0,1.0,1,1,1,1,0,1,0,1,1,1,0,0,0,1,0,1,0,1,0,0,0,2,14,45
201300046925,13,5,13,1,1,1,1.0,3.0,0.0,7.0,0.0,0.0,2.0,12.0,1,1,1.0,1.0,2.0,1.0,10.0,30.0,1,0.0,1.0,2,1,4,0,0,0,0,4,0,2,2,0,0,2,0,2,0,1,0,1,0,3,18,30
201000030148,10,1,29,1,2,3,1.0,1.0,0.0,7.0,0.0,0.0,2.0,1.0,1,1,4.0,2.0,2.0,2.0,0.0,60.0,1,0.0,0.0,2,2,2,4,0,0,2,4,0,2,2,0,2,2,2,2,0,1,0,0,0,2,9,6
200600025812,6,5,30,1,2,1,6.0,3.0,0.0,2.0,0.0,0.0,2.0,2.0,1,2,4.0,0.0,0.0,1.0,0.0,88.0,1,0.0,1.0,2,3,2,2,0,0,0,4,0,4,0,0,0,0,2,0,2,1,0,1,0,3,17,45
200500074639,5,11,11,5,2,1,1.0,6.0,0.0,7.0,0.0,2.0,0.0,14.0,1,1,3.0,2.0,3.0,1.0,0.0,105.0,1,0.0,4.0,1,2,0,1,0,0,0,1,0,0,0,0,1,1,0,0,0,1,0,0,0,2,2,15
201600055329,16,1,18,5,2,1,1.0,6.0,2.0,33.0,0.0,0.0,2.0,1.0,1,2,4.0,2.0,2.0,1.0,0.0,0.0,1,0.0,1.0,3,3,6,0,0,0,0,6,0,0,6,0,0,0,0,6,0,0,1,0,0,3,18,0
201500005850,15,3,28,1,2,3,1.0,3.0,0.0,7.0,0.0,0.0,2.0,1.0,1,1,4.0,2.0,2.0,1.0,0.0,120.0,1,0.0,1.0,2,1,4,2,0,0,2,4,0,0,6,0,0,4,0,0,2,1,0,0,0,3,12,15
200500008627,5,2,26,5,2,3,1.0,3.0,0.0,7.0,0.0,0.0,2.0,15.0,1,1,4.0,2.0,2.0,1.0,0.0,68.0,1,0.0,1.0,2,1,4,0,0,0,0,4,0,0,4,0,0,2,0,2,0,1,0,0,0,3,20,30
200700048928,7,8,11,1,2,1,1.0,2.0,0.0,32.0,0.0,0.0,2.0,2.0,1,-1,2.0,1.0,0.0,1.0,0.0,0.0,1,0.0,1.0,2,3,2,4,0,0,2,4,0,6,0,0,0,2,0,4,0,1,1,0,0,3,14,50
201600025040,16,3,11,5,2,1,1.0,7.0,1.0,30.0,0.0,16.0,0.0,1.0,1,2,6.0,3.0,4.0,1.0,0.0,0.0,1,0.0,1.0,1,2,1,0,0,0,0,1,0,0,1,0,0,0,0,1,0,1,0,0,0,2,20,50
201700015991,17,3,10,2,2,1,1.0,7.0,1.0,33.0,0.0,0.0,0.0,1.0,1,2,3.0,2.0,2.0,1.0,6.0,195.0,1,0.0,-1.0,1,2,1,0,0,0,0,1,0,1,0,0,0,1,0,0,0,0,0,1,0,2,18,50
201600035749,16,4,11,1,2,3,1.0,1.0,1.0,7.0,0.0,0.0,2.0,1.0,1,1,3.0,2.0,2.0,1.0,0.0,70.0,1,0.0,1.0,2,2,4,2,0,0,2,4,6,0,0,0,0,4,2,0,0,1,1,0,0,2,17,55
201100018964,11,12,9,1,2,1,1.0,6.0,0.0,7.0,0.0,0.0,1.0,9.0,1,1,4.0,0.0,1.0,1.0,0.0,30.0,1,0.0,1.0,1,1,1,1,0,1,0,1,2,0,0,0,0,1,0,1,0,1,0,0,0,2,8,35
201200048230,12,11,13,1,2,1,1.0,4.0,0.0,7.0,0.0,0.0,2.0,9.0,1,1,4.0,2.0,2.0,1.0,0.0,-1.0,1,0.0,1.0,3,1,6,3,0,0,0,9,0,0,0,0,9,6,0,3,0,1,0,0,0,3,9,0
201300020958,13,7,12,1,2,1,1.0,6.0,0.0,14.0,0.0,0.0,0.0,0.0,1,0,4.0,2.0,2.0,1.0,0.0,60.0,1,0.0,3.0,1,3,1,0,0,0,0,1,0,0,1,0,0,1,0,0,0,0,0,0,0,3,21,30
200600058867,6,10,14,2,2,1,1.0,3.0,0.0,7.0,0.0,0.0,2.0,19.0,1,1,3.0,2.0,2.0,1.0,0.0,81.0,1,5.0,1.0,2,3,10,0,4,0,2,4,0,6,4,0,0,2,0,6,2,1,0,1,0,3,18,30
201200010643,12,5,31,1,2,1,1.0,7.0,0.0,2.0,0.0,0.0,1.0,1.0,1,2,4.0,2.0,2.0,1.0,0.0,60.0,1,0.0,1.0,1,2,2,0,0,1,0,1,0,2,0,0,0,0,0,1,1,1,0,0,0,3,17,55
201200022023,12,10,18,2,2,6,3.0,3.0,0.0,30.0,0.0,0.0,2.0,1.0,1,2,4.0,1.0,1.0,1.0,0.0,0.0,1,0.0,1.0,2,2,4,0,0,0,0,4,2,0,2,0,0,0,2,0,2,1,0,1,0,2,17,55
201000028110,10,4,16,1,2,1,1.0,5.0,0.0,7.0,0.0,0.0,2.0,23.0,1,1,4.0,2.0,4.0,1.0,0.0,77.0,1,0.0,1.0,5,1,30,20,15,0,10,25,0,10,25,10,5,25,15,5,5,1,1,1,0,2,14,20
201100015853,11,5,6,1,2,1,1.0,3.0,0.0,7.0,0.0,0.0,2.0,16.0,1,1,4.0,2.0,4.0,1.0,0.0,0.0,1,0.0,1.0,2,1,2,2,0,0,0,4,0,0,4,0,0,0,2,0,2,1,0,0,0,2,16,30
200800000543,8,1,16,1,1,1,1.0,3.0,0.0,14.0,0.0,0.0,2.0,1.0,1,1,3.0,3.0,1.0,0.0,0.0,73.0,1,5.0,1.0,2,1,4,0,0,0,0,4,0,0,2,2,0,2,0,0,2,1,1,0,0,3,9,0