Num_Acc,an,mois,jour,lum,agg,int,atm,col,senc,catv,occutc,obs,obsm,manv,catu,secu,catr,circ,nbv,prof,lartpc,larrout,surf,infra,situ,nb_veh,grav_simpl,Homme,Femme,Arrière,Autre_x,Avant,Conducteur,Autre_y,Inconnu,Loisirs,Professionnel,Travail,Adulte,Enfant,Jeune,Senior,choc_avant,choc_arriere,choc_lateral,choc_multiple,grav_order_max,heure,minute
200900001407,9,3,29,1,2,1,1.0,3.0,0.0,1.0,0.0,0.0,2.0,9.0,1,-1,4.0,1.0,1.0,2.0,0.0,60.0,1,6.0,4.0,2,2,2,2,0,0,0,4,0,0,4,0,0,2,0,2,0,1,0,0,0,2,19,55
200900011108,9,5,3,3,1,1,1.0,1.0,0.0,7.0,0.0,1.0,0.0,14.0,1,1,3.0,2.0,2.0,1.0,0.0,0.0,1,0.0,1.0,2,3,4,4,0,0,4,4,0,0,4,4,0,0,0,8,0,1,0,0,0,3,5,15
200900043988,9,10,24,1,1,1,8.0,6.0,0.0,7.0,0.0,2.0,0.0,1.0,1,1,3.0,0.0,1.0,1.0,0.0,65.0,1,0.0,3.0,1,4,1,0,0,0,0,1,0,0,1,0,0,1,0,0,0,1,0,0,0,4,16,45
200600004769,6,1,7,3,2,1,1.0,6.0,0.0,7.0,0.0,13.0,0.0,1.0,1,-1,4.0,2.0,2.0,1.0,0.0,40.0,1,0.0,3.0,1,3,4,0,0,0,1,3,0,3,1,0,0,1,0,3,0,1,0,0,0,3,22,0
201200050957,12,11,2,1,1,1,1.0,7.0,0.0,7.0,0.0,0.0,0.0,1.0,1,1,2.0,3.0,4.0,1.0,100.0,140.0,1,0.0,1.0,1,2,4,0,2,0,1,1,0,4,0,0,0,0,0,4,0,1,0,0,0,2,14,37
201600001068,16,12,3,1,2,1,1.0,1.0,1.0,7.0,0.0,0.0,2.0,1.0,1,1,3.0,2.0,2.0,1.0,0.0,72.0,1,0.0,1.0,2,3,0,6,0,0,2,4,0,2,4,0,0,4,2,0,0,1,0,0,0,3,14,15
200600051295,6,9,13,1,1,1,1.0,2.0,0.0,14.0,0.0,2.0,0.0,1.0,1,-1,4.0,2.0,2.0,1.0,0.0,36.0,1,0.0,1.0,2,3,4,0,0,0,0,4,0,0,0,0,4,0,0,4,0,0,1,1,0,3,14,30
200500082043,5,12,20,1,2,3,1.0,3.0,0.0,5.0,0.0,0.0,2.0,1.0,1,2,4.0,2.0,2.0,1.0,0.0,110.0,1,0.0,1.0,2,2,2,2,0,0,0,4,4,0,0,0,0,0,0,4,0,1,1,0,0,2,14,30
200700079127,7,12,8,1,2,1,2.0,7.0,0.0,7.0,0.0,9.0,0.0,1.0,1,1,4.0,2.0,2.0,1.0,0.0,60.0,1,0.0,3.0,1,2,1,0,0,0,0,1,0,0,0,0,1,0,0,1,0,0,0,0,1,2,14,0
201600037454,16,4,26,1,2,1,1.0,3.0,0.0,30.0,0.0,0.0,2.0,15.0,1,2,2.0,2.0,0.0,1.0,0.0,0.0,1,0.0,1.0,2,2,4,0,0,0,0,4,2,0,2,0,0,4,0,0,0,1,1,0,0,2,8,40
200500053500,5,8,18,1,2,1,1.0,6.0,0.0,7.0,0.0,0.0,1.0,16.0,1,1,3.0,1.0,3.0,1.0,0.0,75.0,1,0.0,1.0,1,1,1,1,0,1,0,1,0,1,1,0,0,1,0,1,0,1,0,0,0,2,11,10
200500038989,5,6,3,1,1,1,1.0,3.0,0.0,7.0,0.0,0.0,2.0,17.0,1,1,3.0,2.0,0.0,2.0,0.0,60.0,1,0.0,1.0,2,2,6,0,0,0,2,4,0,2,2,2,0,2,0,4,0,1,0,1,0,2,16,15
200700079092,7,12,18,1,2,1,9.0,6.0,0.0,7.0,0.0,0.0,1.0,1.0,3,-1,3.0,2.0,1.0,1.0,0.0,90.0,1,0.0,1.0,1,4,2,0,0,1,0,1,1,0,0,0,1,1,0,1,0,1,0,0,0,4,8,20
201100060787,11,1,19,5,2,5,1.0,2.0,0.0,31.0,0.0,0.0,2.0,2.0,1,-1,4.0,1.0,0.0,1.0,0.0,160.0,1,0.0,1.0,2,2,4,0,0,0,0,4,0,4,0,0,0,2,0,2,0,1,1,0,0,2,17,45
200700006852,7,2,28,3,1,1,1.0,6.0,0.0,2.0,0.0,2.0,0.0,14.0,1,2,4.0,0.0,0.0,2.0,0.0,0.0,-1,0.0,3.0,1,3,1,0,0,0,0,1,0,0,1,0,0,0,0,1,0,1,0,0,0,3,22,30
201600008657,16,12,20,2,2,1,3.0,6.0,1.0,7.0,0.0,0.0,1.0,1.0,1,1,4.0,1.0,1.0,1.0,0.0,0.0,1,0.0,1.0,1,1,1,1,0,1,0,1,0,0,1,0,1,1,0,0,1,1,0,0,0,4,8,0
201200016736,12,2,16,5,2,2,1.0,3.0,0.0,7.0,0.0,0.0,2.0,1.0,1,-1,4.0,2.0,2.0,1.0,0.0,70.0,1,0.0,1.0,2,2,4,0,0,0,0,4,0,0,0,4,0,2,0,2,0,1,0,1,0,2,5,20
201100005667,11,5,20,1,2,3,1.0,3.0,0.0,33.0,0.0,0.0,2.0,1.0,1,2,4.0,2.0,0.0,1.0,0.0,73.0,1,0.0,1.0,2,3,4,4,2,0,2,4,0,4,2,0,2,2,0,6,0,1,0,1,0,3,13,30
200700015883,7,3,10,2,2,3,1.0,3.0,0.0,7.0,0.0,0.0,2.0,1.0,1,1,4.0,2.0,2.0,1.0,0.0,0.0,1,0.0,1.0,2,2,4,0,0,0,0,4,4,0,0,0,0,0,0,4,0,1,0,0,0,2,20,30
200900048158,9,5,11,2,2,1,1.0,3.0,0.0,7.0,0.0,0.0,2.0,0.0,1,-1,4.0,2.0,0.0,1.0,0.0,0.0,1,0.0,1.0,2,1,6,0,0,0,2,4,0,2,4,0,0,0,0,6,0,1,1,0,0,2,21,20
201700029357,17,7,16,1,2,2,1.0,3.0,1.0,7.0,0.0,0.0,2.0,1.0,1,1,4.0,0.0,2.0,1.0,0.0,0.0,1,0.0,1.0,2,1,2,2,0,0,0,4,2,2,0,0,0,2,0,2,0,1,0,0,0,2,6,20
200600072417,6,11,4,3,1,1,1.0,1.0,0.0,7.0,0.0,0.0,2.0,17.0,1,1,3.0,2.0,0.0,2.0,0.0,56.0,1,0.0,1.0,2,1,4,2,0,0,2,4,0,2,2,0,2,2,0,4,0,1,1,0,0,3,22,30
201300009567,13,8,4,1,1,1,1.0,1.0,0.0,7.0,0.0,0.0,2.0,15.0,1,1,3.0,2.0,1.0,1.0,0.0,82.0,1,0.0,1.0,2,3,2,2,0,0,0,4,0,0,4,0,0,4,0,0,0,1,0,0,0,3,12,45
201100052697,11,5,13,1,2,1,1.0,6.0,0.0,2.0,0.0,0.0,2.0,17.0,1,-1,4.0,2.0,2.0,1.0,0.0,76.0,1,0.0,1.0,1,2,0,1,0,0,0,1,1,0,0,0,0,0,1,0,0,0,0,1,0,2,16,20
201200032757,12,1,24,5,2,1,2.0,6.0,0.0,7.0,0.0,0.0,1.0,2.0,1,1,4.0,2.0,2.0,0.0,0.0,0.0,1,0.0,1.0,1,1,1,1,0,1,0,1,0,2,0,0,0,1,1,0,0,1,0,0,0,2,18,25
200700037688,7,6,25,1,2,1,1.0,2.0,0.0,7.0,0.0,0.0,2.0,2.0,1,1,3.0,0.0,2.0,1.0,0.0,0.0,1,0.0,1.0,2,1,2,4,0,0,2,4,0,6,0,0,0,4,0,0,2,1,1,0,0,2,7,35
200600073777,6,12,23,1,2,1,1.0,6.0,0.0,7.0,0.0,0.0,1.0,1.0,1,1,3.0,2.0,2.0,1.0,0.0,76.0,1,0.0,1.0,1,2,1,1,0,1,0,1,0,0,2,0,0,1,0,0,1,1,0,0,0,3,16,15
201100045289,11,10,30,1,2,3,1.0,3.0,0.0,1.0,0.0,0.0,2.0,1.0,1,-1,3.0,1.0,2.0,1.0,0.0,0.0,1,5.0,1.0,2,2,2,2,0,0,0,4,0,4,0,0,0,2,0,2,0,0,0,1,0,2,15,15
200500017454,5,3,7,1,2,1,1.0,6.0,0.0,1.0,0.0,0.0,1.0,2.0,1,-1,4.0,2.0,2.0,1.0,0.0,0.0,1,0.0,1.0,1,1,1,1,0,1,0,1,2,0,0,0,0,0,0,0,2,0,0,0,0,2,11,25
200600070691,6,11,7,1,1,1,1.0,2.0,0.0,10.0,0.0,0.0,0.0,0.0,1,1,2.0,3.0,4.0,1.0,10.0,120.0,1,0.0,1.0,2,1,2,2,0,0,0,4,0,2,0,0,2,2,0,2,0,1,1,0,0,2,9,20
200900003117,9,4,23,1,2,1,1.0,6.0,0.0,7.0,0.0,0.0,1.0,7.0,1,1,4.0,2.0,3.0,1.0,0.0,102.0,1,0.0,1.0,1,1,2,0,0,1,0,1,0,0,1,1,0,1,0,1,0,0,0,1,0,2,17,55
201300017052,13,8,23,1,1,1,1.0,5.0,0.0,7.0,0.0,0.0,2.0,15.0,1,1,3.0,3.0,2.0,1.0,0.0,70.0,1,5.0,1.0,3,1,6,3,0,0,0,9,0,3,3,3,0,6,0,3,0,1,0,0,0,3,9,45
200900048203,9,6,19,1,2,1,1.0,6.0,0.0,33.0,0.0,1.0,1.0,1.0,1,2,4.0,2.0,2.0,1.0,0.0,52.0,1,0.0,1.0,1,3,1,1,0,1,0,1,0,1,1,0,0,1,0,1,0,1,0,0,0,3,16,40
201600024805,16,10,24,1,2,1,1.0,6.0,1.0,7.0,0.0,0.0,1.0,0.0,1,1,4.0,2.0,2.0,1.0,0.0,0.0,1,0.0,1.0,1,1,1,1,0,1,0,1,0,2,0,0,0,1,0,1,0,0,0,0,0,2,8,30
201200044717,12,4,11,1,2,3,1.0,6.0,0.0,7.0,0.0,0.0,1.0,1.0,1,1,3.0,2.0,2.0,1.0,0.0,0.0,1,0.0,1.0,1,1,1,1,0,1,0,1,1,0,0,1,0,1,1,0,0,1,0,0,0,2,16,30
201000051992,10,11,4,1,2,3,1.0,3.0,0.0,7.0,0.0,0.0,0.0,9.0,1,1,4.0,2.0,1.0,2.0,0.0,0.0,1,0.0,1.0,2,1,6,6,4,2,2,4,0,12,0,0,0,4,2,4,2,1,0,1,0,4,16,23
200600013671,6,3,17,1,2,1,1.0,3.0,0.0,7.0,0.0,0.0,2.0,11.0,1,1,4.0,2.0,4.0,1.0,0.0,120.0,1,0.0,1.0,2,1,4,0,0,0,0,4,0,0,4,0,0,2,0,0,2,1,0,1,0,2,16,50
201200006239,12,4,24,1,2,1,2.0,6.0,0.0,7.0,0.0,0.0,1.0,1.0,1,1,3.0,0.0,0.0,0.0,0.0,67.0,1,0.0,1.0,1,1,1,1,0,1,0,1,1,0,1,0,0,0,1,1,0,1,0,0,0,3,16,45
201400004542,14,11,5,3,1,1,2.0,6.0,0.0,7.0,0.0,13.0,0.0,13.0,1,0,3.0,2.0,2.0,2.0,0.0,68.0,1,2.0,0.0,1,4,1,0,0,0,0,1,0,0,1,0,0,1,0,0,0,1,0,0,0,4,22,45
201700050524,17,8,16,1,1,9,1.0,7.0,2.0,16.0,0.0,0.0,0.0,0.0,1,1,3.0,3.0,3.0,1.0,0.0,105.0,1,3.0,1.0,1,3,1,0,0,0,0,1,0,0,0,1,0,1,0,0,0,0,0,0,0,3,17,15
200800030925,8,6,30,2,1,1,1.0,1.0,0.0,7.0,0.0,0.0,2.0,15.0,1,1,3.0,2.0,2.0,1.0,0.0,59.0,1,0.0,1.0,2,3,4,0,0,0,0,4,0,0,4,0,0,0,0,2,2,1,0,0,0,4,21,0
201400035043,14,1,17,5,2,2,1.0,2.0,0.0,7.0,0.0,0.0,2.0,2.0,1,-1,4.0,1.0,2.0,1.0,0.0,-1.0,-1,5.0,1.0,2,1,4,2,0,0,2,4,0,4,0,0,2,2,0,4,0,1,1,0,0,3,5,30
201000022456,10,11,19,1,2,6,1.0,3.0,0.0,33.0,0.0,0.0,2.0,9.0,1,2,4.0,1.0,1.0,1.0,0.0,40.0,1,5.0,1.0,2,2,2,2,0,0,0,4,0,0,4,0,0,4,0,0,0,1,0,1,0,2,9,35
201200036024,12,12,17,1,2,2,8.0,3.0,0.0,2.0,0.0,0.0,2.0,16.0,1,2,4.0,3.0,2.0,1.0,0.0,0.0,1,0.0,1.0,2,2,4,0,0,0,0,4,0,2,0,0,2,2,0,2,0,1,0,0,0,2,13,25
200600041101,6,7,7,1,2,1,1.0,3.0,0.0,7.0,0.0,0.0,2.0,2.0,1,1,4.0,2.0,3.0,1.0,0.0,0.0,1,0.0,1.0,2,1,4,0,0,0,0,4,4,0,0,0,0,2,0,2,0,1,0,0,0,3,17,15
200800072469,8,12,13,5,2,1,2.0,2.0,0.0,7.0,0.0,0.0,2.0,2.0,1,1,4.0,2.0,2.0,4.0,0.0,60.0,1,0.0,1.0,2,1,4,0,0,0,0,4,0,2,2,0,0,4,0,0,0,0,1,0,1,2,19,0
201700056459,17,1,17,5,2,2,1.0,3.0,0.0,7.0,0.0,0.0,2.0,1.0,1,1,4.0,2.0,0.0,2.0,0.0,0.0,1,0.0,1.0,2,1,2,2,0,0,0,4,0,0,2,2,0,2,0,2,0,1,0,0,0,2,23,40
200700056921,7,9,21,1,2,1,1.0,6.0,0.0,7.0,0.0,0.0,1.0,5.0,1,1,4.0,2.0,1.0,1.0,0.0,60.0,1,6.0,1.0,1,1,2,1,0,2,0,1,2,1,0,0,0,1,1,1,0,1,0,0,0,3,17,35
200500079936,5,12,27,1,2,1,1.0,3.0,0.0,7.0,0.0,0.0,9.0,16.0,1,1,4.0,3.0,3.0,1.0,30.0,30.0,1,0.0,1.0,2,1,2,2,0,0,0,4,0,2,0,0,2,4,0,0,0,1,0,1,0,2,14,45
200600009309,6,2,4,1,2,3,1.0,7.0,0.0,4.0,0.0,0.0,0.0,21.0,1,2,4.0,2.0,2.0,1.0,0.0,60.0,1,0.0,1.0,1,3,1,0,0,0,0,1,0,0,1,0,0,1,0,0,0,0,0,0,0,3,13,0
201600002413,16,7,22,1,1,1,7.0,1.0,1.0,7.0,0.0,0.0,2.0,13.0,1,1,3.0,2.0,0.0,1.0,0.0,107.0,1,0.0,1.0,2,4,0,4,0,0,0,4,0,0,4,0,0,0,0,0,4,1,0,0,0,4,15,45
201500050858,15,12,27,1,2,7,1.0,6.0,0.0,34.0,0.0,0.0,1.0,1.0,1,2,4.0,3.0,4.0,1.0,0.0,137.0,1,0.0,1.0,1,1,2,0,0,1,0,1,0,0,2,0,0,1,0,0,1,1,0,0,0,2,10,5
201600027162,16,8,13,1,2,1,1.0,2.0,1.0,7.0,0.0,3.0,2.0,1.0,1,1,3.0,3.0,4.0,1.0,22.0,90.0,1,0.0,1.0,2,3,0,8,0,0,4,4,0,0,8,0,0,4,0,0,4,1,1,0,0,4,16,50
201100064615,11,5,24,1,2,1,1.0,2.0,0.0,32.0,0.0,0.0,2.0,2.0,1,2,4.0,1.0,4.0,1.0,15.0,140.0,1,0.0,1.0,2,2,2,2,0,0,0,4,0,2,0,0,2,2,0,2,0,1,1,0,0,2,13,10
201600003336,16,1,10,3,1,1,3.0,6.0,2.0,7.0,0.0,0.0,1.0,1.0,1,1,3.0,2.0,2.0,4.0,0.0,66.0,1,0.0,1.0,1,1,2,0,0,1,0,1,0,0,1,0,1,1,0,1,0,1,0,0,0,3,18,15
201300006026,13,5,5,1,1,1,1.0,3.0,0.0,7.0,0.0,0.0,2.0,13.0,1,1,3.0,2.0,2.0,3.0,0.0,59.0,1,2.0,1.0,2,3,4,4,0,0,4,4,0,4,4,0,0,2,0,6,0,1,0,1,0,3,18,15
201400034404,14,11,18,5,2,1,2.0,6.0,0.0,7.0,0.0,0.0,1.0,1.0,1,1,4.0,2.0,2.0,1.0,0.0,58.0,1,0.0,1.0,1,1,1,1,0,1,0,1,0,0,2,0,0,0,0,0,2,1,0,0,0,3,7,0
200500057639,5,9,15,5,2,1,1.0,3.0,0.0,7.0,0.0,0.0,2.0,15.0,1,1,4.0,2.0,2.0,1.0,0.0,79.0,1,0.0,1.0,2,1,2,2,0,0,0,4,0,0,4,0,0,0,0,4,0,1,0,1,0,2,22,10
200500028156,5,5,6,1,2,3,1.0,3.0,0.0,13.0,0.0,0.0,2.0,2.0,1,-1,2.0,2.0,4.0,1.0,30.0,67.0,1,0.0,1.0,2,1,2,2,0,0,0,4,4,0,0,0,0,4,0,0,0,1,0,0,0,2,10,40
201600052551,16,12,10,1,2,7,1.0,3.0,0.0,7.0,0.0,0.0,2.0,13.0,1,1,4.0,2.0,2.0,1.0,0.0,100.0,1,0.0,1.0,2,1,4,0,0,0,0,4,0,0,0,2,2,0,0,4,0,1,0,1,0,2,10,45
201400056668,14,1,29,5,2,1,2.0,6.0,0.0,10.0,0.0,0.0,1.0,1.0,1,-1,4.0,2.0,2.0,2.0,0.0,80.0,1,0.0,1.0,1,1,2,0,0,1,0,1,1,0,0,0,1,2,0,0,0,1,0,0,0,2,19,40
201700057490,17,1,11,1,2,2,2.0,6.0,1.0,7.0,0.0,0.0,1.0,15.0,1,1,4.0,2.0,2.0,1.0,0.0,0.0,1,0.0,1.0,1,1,1,1,0,1,0,1,0,0,2,0,0,1,0,0,1,1,0,0,0,2,13,50
201600022457,16,6,22,1,2,9,1.0,6.0,0.0,7.0,0.0,0.0,1.0,4.0,1,1,4.0,1.0,1.0,1.0,0.0,0.0,1,0.0,1.0,1,1,1,1,0,1,0,1,0,2,0,0,0,2,0,0,0,0,0,0,0,2,9,59
200800014936,8,3,18,5,2,1,1.0,6.0,1.0,7.0,0.0,0.0,0.0,9.0,3,-1,4.0,1.0,1.0,2.0,0.0,80.0,1,0.0,1.0,1,2,1,0,0,1,0,0,0,1,0,0,0,1,0,0,0,1,0,0,0,2,22,0
201100044140,11,9,3,5,1,1,1.0,6.0,0.0,10.0,0.0,6.0,0.0,1.0,1,-1,2.0,2.0,2.0,0.0,0.0,60.0,1,0.0,1.0,1,1,4,0,2,0,1,1,0,0,4,0,0,2,0,2,0,1,0,0,0,2,0,39
200800029244,8,5,23,3,1,1,1.0,6.0,0.0,37.0,0.0,10.0,9.0,1.0,2,0,1.0,3.0,3.0,1.0,13.0,105.0,1,2.0,2.0,1,2,26,6,28,0,3,1,0,31,0,1,0,10,0,0,22,1,0,0,0,4,2,30
201200036906,12,12,28,1,2,1,2.0,6.0,0.0,7.0,0.0,0.0,1.0,1.0,1,1,4.0,1.0,3.0,1.0,0.0,0.0,1,0.0,1.0,1,1,1,1,0,1,0,1,0,2,0,0,0,1,0,0,1,1,0,0,0,3,11,40
200800038843,8,7,30,1,1,1,1.0,2.0,0.0,7.0,0.0,0.0,2.0,2.0,1,1,2.0,2.0,2.0,1.0,0.0,0.0,1,0.0,1.0,2,1,2,4,0,0,2,4,0,6,0,0,0,2,0,0,4,1,1,0,0,2,11,5
200500014638,5,3,10,1,2,2,1.0,1.0,0.0,7.0,0.0,0.0,2.0,23.0,1,1,4.0,2.0,2.0,1.0,0.0,72.0,1,5.0,1.0,2,1,8,0,0,0,4,4,0,6,0,2,0,2,0,6,0,1,0,0,0,2,14,45
201600054185,16,4,17,1,2,2,1.0,6.0,1.0,7.0,0.0,6.0,2.0,15.0,1,1,4.0,3.0,4.0,1.0,100.0,120.0,1,0.0,1.0,2,1,2,4,0,0,2,4,0,0,6,0,0,4,0,0,2,1,0,1,0,2,14,5
201000050429,10,8,31,1,2,1,1.0,3.0,0.0,1.0,0.0,1.0,2.0,9.0,4,-1,4.0,2.0,1.0,1.0,0.0,30.0,1,0.0,1.0,2,3,2,2,0,2,0,2,0,2,2,0,0,2,0,2,0,1,0,1,0,3,17,15
201600045804,16,6,5,1,1,1,2.0,1.0,2.0,7.0,0.0,3.0,0.0,0.0,1,1,1.0,3.0,3.0,2.0,15.0,105.0,1,0.0,1.0,2,1,4,0,0,0,0,4,0,2,2,0,0,2,0,0,2,1,0,0,0,2,6,55
200900024647,9,7,12,5,2,1,1.0,6.0,0.0,7.0,0.0,1.0,0.0,1.0,1,1,4.0,2.0,2.0,1.0,0.0,0.0,1,0.0,1.0,1,2,2,1,0,0,2,1,2,1,0,0,0,0,0,3,0,1,0,0,0,2,3,50
200700049369,7,8,20,1,2,1,1.0,7.0,0.0,7.0,0.0,0.0,1.0,2.0,1,1,4.0,2.0,2.0,1.0,0.0,59.0,1,0.0,0.0,1,1,1,1,0,1,0,1,0,0,1,1,0,1,1,0,0,0,0,1,0,3,17,30
200700026714,7,5,20,1,1,1,3.0,7.0,0.0,7.0,0.0,13.0,0.0,1.0,1,1,3.0,2.0,2.0,1.0,0.0,59.0,1,0.0,1.0,1,3,1,0,0,0,0,1,0,0,1,0,0,1,0,0,0,0,0,0,1,3,17,45
200700038554,7,6,16,1,2,1,2.0,6.0,0.0,7.0,0.0,0.0,1.0,4.0,1,1,9.0,2.0,2.0,1.0,0.0,60.0,1,0.0,1.0,1,1,1,1,0,1,0,1,0,0,1,0,1,2,0,0,0,0,1,0,0,2,11,0
201500054266,15,9,24,5,2,7,1.0,3.0,0.0,30.0,0.0,0.0,2.0,1.0,1,2,4.0,1.0,1.0,1.0,0.0,0.0,1,0.0,1.0,2,1,6,0,0,0,2,4,0,0,0,2,4,2,0,4,0,1,0,0,0,2,1,10
200600043128,6,7,21,1,1,1,1.0,6.0,0.0,7.0,0.0,13.0,0.0,17.0,1,1,3.0,2.0,2.0,1.0,0.0,73.0,1,0.0,1.0,1,3,1,0,0,0,0,1,0,1,0,0,0,1,0,0,0,1,0,0,0,3,12,45
200900063722,9,11,10,1,2,1,1.0,3.0,0.0,7.0,0.0,0.0,2.0,10.0,1,1,4.0,2.0,1.0,1.0,0.0,118.0,1,0.0,1.0,2,1,2,2,0,0,0,4,2,0,2,0,0,4,0,0,0,1,0,0,0,3,15,5
201600014059,16,2,1,5,2,1,1.0,3.0,1.0,7.0,0.0,0.0,2.0,15.0,1,1,4.0,1.0,1.0,1.0,30.0,25.0,1,0.0,1.0,2,1,0,4,0,0,0,4,0,0,4,0,0,2,0,2,0,1,0,0,0,2,18,45
201100018129,11,1,7,1,2,1,1.0,4.0,0.0,7.0,0.0,0.0,0.0,2.0,1,1,4.0,2.0,2.0,1.0,80.0,50.0,1,0.0,1.0,3,1,6,3,0,0,0,9,6,3,0,0,0,0,3,0,6,1,1,0,0,2,17,14
201000066779,10,4,26,1,2,1,1.0,2.0,0.0,10.0,0.0,0.0,2.0,2.0,1,1,4.0,1.0,3.0,1.0,15.0,105.0,1,0.0,1.0,2,1,4,0,0,0,0,4,0,0,0,2,2,4,0,0,0,1,1,0,0,2,9,0
200700017706,7,3,18,1,2,3,8.0,3.0,0.0,10.0,0.0,0.0,2.0,0.0,1,-1,3.0,1.0,1.0,0.0,0.0,0.0,1,0.0,1.0,2,1,2,2,0,0,0,4,2,0,0,2,0,4,0,0,0,1,0,1,0,2,15,20
201600016184,16,12,26,5,2,1,1.0,4.0,1.0,7.0,0.0,0.0,2.0,2.0,1,1,4.0,2.0,2.0,1.0,0.0,60.0,-1,0.0,1.0,4,1,16,4,0,0,4,16,0,8,4,0,8,8,4,8,0,1,1,0,0,2,17,30
201400057756,14,3,6,1,2,1,1.0,3.0,0.0,33.0,0.0,0.0,2.0,1.0,1,2,4.0,1.0,3.0,1.0,15.0,105.0,1,3.0,1.0,2,2,4,0,0,0,0,4,0,0,4,0,0,4,0,0,0,1,1,0,0,2,12,0
200700068329,7,11,17,5,2,1,1.0,3.0,0.0,7.0,0.0,0.0,2.0,15.0,1,1,4.0,2.0,0.0,1.0,0.0,0.0,1,0.0,1.0,2,1,2,2,0,0,0,4,4,0,0,0,0,4,0,0,0,1,0,1,0,2,18,10
201600034969,16,9,4,1,2,2,1.0,3.0,0.0,7.0,0.0,0.0,2.0,15.0,1,1,4.0,3.0,2.0,0.0,0.0,0.0,-1,0.0,1.0,2,1,4,4,2,2,0,4,0,0,8,0,0,2,4,2,0,1,0,1,0,2,15,43
201200031781,12,6,12,5,2,1,1.0,1.0,0.0,7.0,0.0,0.0,2.0,1.0,1,1,9.0,2.0,2.0,1.0,0.0,0.0,1,0.0,1.0,2,1,6,2,0,0,4,4,4,0,4,0,0,0,4,4,0,1,0,0,0,3,23,17
201200050846,12,9,14,1,1,1,1.0,3.0,0.0,33.0,0.0,0.0,2.0,3.0,1,2,1.0,3.0,6.0,1.0,15.0,210.0,1,0.0,1.0,2,2,4,0,0,0,0,4,0,4,0,0,0,2,0,2,0,0,0,1,0,2,8,0
200900018779,9,3,4,1,1,1,1.0,6.0,0.0,17.0,0.0,13.0,0.0,1.0,1,1,1.0,3.0,4.0,1.0,35.0,140.0,1,0.0,3.0,1,3,1,0,0,0,0,1,0,0,0,1,0,1,0,0,0,1,0,0,0,3,11,0
200600007745,6,2,20,1,2,1,1.0,6.0,0.0,7.0,0.0,0.0,1.0,1.0,1,1,4.0,1.0,3.0,1.0,0.0,50.0,1,0.0,1.0,1,1,1,1,0,1,0,1,0,2,0,0,0,1,0,0,1,0,1,0,0,2,13,45
200600073119,6,12,31,1,2,1,1.0,5.0,0.0,36.0,0.0,0.0,2.0,13.0,1,2,3.0,2.0,2.0,1.0,0.0,69.0,1,0.0,1.0,3,4,6,3,0,0,0,9,3,0,6,0,0,9,0,0,0,1,1,0,0,4,16,30
200600070293,6,11,17,5,2,1,1.0,3.0,0.0,7.0,0.0,0.0,2.0,15.0,1,1,3.0,3.0,5.0,1.0,0.0,0.0,1,0.0,1.0,2,1,2,8,4,2,0,4,0,6,2,2,0,8,0,2,0,1,0,1,0,3,20,55
200600000126,6,1,31,1,2,1,7.0,2.0,0.0,7.0,0.0,0.0,0.0,9.0,1,1,4.0,2.0,2.0,1.0,0.0,60.0,1,0.0,1.0,2,1,2,2,0,0,0,4,2,0,2,0,0,0,0,2,2,1,1,0,0,2,10,40
200500033496,5,6,14,1,2,1,1.0,6.0,0.0,14.0,0.0,0.0,2.0,23.0,3,-1,4.0,3.0,4.0,4.0,0.0,146.0,1,0.0,1.0,2,3,4,0,0,2,0,2,0,0,0,4,0,4,0,0,0,1,1,0,0,3,9,50
201200003849,12,12,24,3,1,1,1.0,3.0,0.0,7.0,0.0,0.0,2.0,1.0,1,1,3.0,2.0,2.0,2.0,0.0,77.0,1,5.0,1.0,2,2,4,4,0,0,4,4,0,4,4,0,0,0,0,0,8,1,0,1,0,2,20,30
200700007535,7,2,19,3,1,1,1.0,6.0,0.0,7.0,0.0,16.0,0.0,1.0,1,1,4.0,2.0,2.0,1.0,0.0,0.0,1,0.0,1.0,1,3,1,0,0,0,0,1,0,0,0,0,1,1,0,0,0,0,0,0,1,3,19,15
200700079570,7,12,13,5,2,2,1.0,3.0,0.0,7.0,0.0,0.0,2.0,1.0,1,1,2.0,1.0,3.0,2.0,0.0,90.0,1,0.0,0.0,2,1,8,6,6,0,4,4,0,14,0,0,0,8,6,0,0,1,0,1,0,2,21,15
201400029098,14,9,3,5,2,1,1.0,5.0,0.0,7.0,0.0,0.0,2.0,1.0,1,1,4.0,2.0,2.0,1.0,0.0,60.0,1,0.0,1.0,3,2,9,0,0,0,0,9,0,3,3,3,0,3,0,6,0,1,0,0,0,2,23,15
200700057601,7,9,8,5,2,1,1.0,7.0,0.0,7.0,0.0,8.0,0.0,2.0,1,-1,3.0,2.0,2.0,1.0,0.0,76.0,1,0.0,3.0,1,2,1,0,0,0,0,1,0,0,1,0,0,0,0,1,0,1,0,0,0,2,5,45
200600008221,6,2,23,1,1,1,1.0,6.0,0.0,7.0,0.0,14.0,2.0,2.0,1,1,1.0,1.0,2.0,1.0,0.0,100.0,1,0.0,1.0,2,2,0,4,0,0,0,4,0,4,0,0,0,0,0,2,2,1,0,0,1,2,9,10