Num_Acc,an,mois,jour,lum,agg,int,atm,col,senc,catv,occutc,obs,obsm,manv,catu,secu,catr,circ,nbv,prof,lartpc,larrout,surf,infra,situ,nb_veh,grav_simpl,Homme,Femme,Arrière,Autre_x,Avant,Conducteur,Autre_y,Inconnu,Loisirs,Professionnel,Travail,Adulte,Enfant,Jeune,Senior,choc_avant,choc_arriere,choc_lateral,choc_multiple,grav_order_max,heure,minute
200500000159,5,1,11,3,1,1,1.0,2.0,0.0,7.0,0.0,0.0,2.0,1.0,1,1,3.0,2.0,2.0,3.0,0.0,63.0,1,0.0,1.0,2,1,4,0,0,0,0,4,4,0,0,0,0,0,0,2,2,1,1,0,0,3,7,45
201200050361,12,10,15,1,1,1,1.0,5.0,0.0,33.0,0.0,0.0,0.0,3.0,1,2,2.0,3.0,2.0,1.0,15.0,70.0,1,0.0,1.0,3,3,9,0,0,0,0,9,3,3,0,3,0,6,0,0,3,1,1,0,0,3,17,10
201500054682,15,9,25,5,2,6,8.0,6.0,0.0,7.0,0.0,11.0,0.0,1.0,1,1,4.0,2.0,4.0,1.0,0.0,0.0,1,5.0,1.0,1,3,1,0,0,0,0,1,0,1,0,0,0,0,0,1,0,1,0,0,0,3,2,5
200600075542,6,12,9,5,2,1,1.0,7.0,0.0,32.0,0.0,0.0,2.0,2.0,1,2,4.0,3.0,2.0,2.0,0.0,76.0,1,0.0,1.0,2,3,2,2,0,0,0,4,0,2,0,0,2,4,0,0,0,0,0,1,0,3,19,0
201100005940,11,9,11,1,1,1,1.0,6.0,0.0,33.0,0.0,2.0,0.0,1.0,1,2,3.0,2.0,2.0,0.0,0.0,71.0,1,0.0,3.0,1,2,1,0,0,0,0,1,0,0,1,0,0,1,0,0,0,1,0,0,0,2,18,15
201300037228,13,6,28,1,2,1,1.0,6.0,0.0,2.0,0.0,1.0,0.0,1.0,1,2,4.0,2.0,2.0,1.0,0.0,60.0,1,0.0,1.0,1,2,1,0,0,0,0,1,0,0,1,0,0,1,0,0,0,1,0,0,0,2,18,12
200700050012,7,8,14,1,2,3,1.0,3.0,0.0,33.0,0.0,0.0,2.0,1.0,1,2,4.0,3.0,2.0,1.0,0.0,60.0,1,4.0,1.0,2,2,4,0,0,0,0,4,0,0,2,2,0,2,0,2,0,1,0,0,0,2,15,0
201300033716,13,1,23,1,2,2,1.0,3.0,0.0,7.0,0.0,0.0,2.0,15.0,1,1,3.0,2.0,4.0,1.0,0.0,0.0,1,0.0,1.0,2,1,4,4,0,0,4,4,0,0,8,0,0,4,0,4,0,1,0,1,0,2,11,40
201000060140,10,2,18,1,2,2,1.0,2.0,0.0,7.0,0.0,0.0,2.0,11.0,1,-1,4.0,1.0,5.0,1.0,0.0,96.0,1,0.0,1.0,2,1,4,2,0,0,2,4,0,0,6,0,0,2,0,4,0,1,1,0,0,2,15,5
201200032994,12,3,1,1,2,2,1.0,3.0,0.0,2.0,0.0,0.0,2.0,1.0,1,2,4.0,2.0,2.0,1.0,0.0,0.0,1,5.0,1.0,2,2,4,0,0,0,0,4,2,0,2,0,0,0,2,2,0,1,0,0,0,2,16,40
201600034804,16,4,8,5,2,1,1.0,6.0,0.0,7.0,0.0,0.0,1.0,1.0,1,1,3.0,2.0,2.0,2.0,0.0,90.0,1,2.0,1.0,1,1,1,1,0,1,0,1,0,0,2,0,0,0,1,0,1,1,0,0,0,2,23,35
200800068799,8,12,13,5,2,9,2.0,6.0,0.0,30.0,0.0,11.0,0.0,1.0,1,2,3.0,2.0,2.0,1.0,14.0,64.0,1,0.0,1.0,1,3,1,0,0,0,0,1,0,0,1,0,0,0,0,1,0,1,0,0,0,3,6,0
200800042493,8,7,5,1,2,1,1.0,1.0,0.0,7.0,0.0,0.0,2.0,13.0,1,-1,4.0,2.0,2.0,1.0,0.0,60.0,1,0.0,1.0,2,1,2,2,0,0,0,4,2,0,0,0,2,2,0,2,0,1,0,1,0,2,9,0
201100062188,11,9,10,2,2,1,1.0,2.0,0.0,7.0,0.0,0.0,2.0,9.0,1,1,4.0,2.0,0.0,1.0,0.0,0.0,1,0.0,1.0,2,1,2,6,2,0,2,4,0,0,8,0,0,6,0,2,0,1,0,0,0,2,19,45
201700034712,17,4,24,1,2,8,1.0,3.0,1.0,7.0,0.0,0.0,2.0,0.0,1,1,4.0,1.0,1.0,1.0,0.0,20.0,1,5.0,1.0,2,1,2,2,0,0,0,4,0,4,0,0,0,4,0,0,0,0,0,0,0,2,18,27
201300022250,13,12,28,3,1,1,1.0,7.0,0.0,7.0,0.0,13.0,0.0,14.0,1,1,3.0,2.0,2.0,1.0,0.0,0.0,1,0.0,1.0,1,2,4,1,3,0,1,1,0,5,0,0,0,3,2,0,0,0,0,0,1,2,22,50
200700029437,7,5,15,1,2,1,1.0,6.0,0.0,7.0,0.0,7.0,2.0,1.0,1,1,4.0,2.0,3.0,1.0,0.0,60.0,1,0.0,1.0,1,2,0,1,0,0,0,1,0,0,0,1,0,1,0,0,0,1,0,0,0,2,14,25
201000010669,10,11,5,1,1,1,1.0,6.0,0.0,7.0,0.0,4.0,6.0,17.0,1,1,1.0,3.0,2.0,1.0,20.0,100.0,1,0.0,1.0,1,1,1,2,1,0,1,1,0,2,1,0,0,2,0,0,1,1,0,0,0,3,15,0
200900057303,9,9,24,1,2,1,1.0,3.0,0.0,30.0,0.0,0.0,2.0,17.0,1,2,9.0,2.0,2.0,1.0,0.0,70.0,1,0.0,1.0,2,2,2,2,0,0,0,4,0,0,2,0,2,0,2,0,2,1,0,0,0,2,8,10
200900020789,9,9,24,5,2,6,1.0,6.0,0.0,30.0,0.0,12.0,0.0,16.0,1,2,4.0,2.0,1.0,1.0,0.0,140.0,1,0.0,4.0,1,2,1,0,0,0,0,1,0,0,0,0,1,1,0,0,0,1,0,0,0,2,22,40
200800012436,8,3,28,1,2,1,6.0,6.0,0.0,1.0,0.0,1.0,0.0,1.0,1,-1,4.0,0.0,0.0,0.0,0.0,0.0,-1,0.0,1.0,1,2,0,1,0,0,0,1,0,1,0,0,0,0,0,1,0,1,0,0,0,2,19,20
200500043682,5,7,7,1,2,1,1.0,2.0,0.0,2.0,0.0,0.0,2.0,18.0,1,2,2.0,2.0,0.0,1.0,0.0,0.0,1,0.0,1.0,2,3,2,2,0,0,0,4,0,0,4,0,0,2,0,2,0,1,1,0,0,3,15,15
201000058955,10,7,7,1,2,1,1.0,6.0,0.0,7.0,0.0,0.0,1.0,1.0,1,1,4.0,1.0,1.0,1.0,0.0,81.0,1,0.0,1.0,1,1,0,2,0,1,0,1,0,1,0,0,1,1,0,1,0,1,0,0,0,2,8,10
201700030872,17,7,4,1,2,1,1.0,6.0,0.0,99.0,0.0,0.0,1.0,4.0,1,-1,5.0,0.0,0.0,1.0,0.0,0.0,1,0.0,0.0,1,1,2,0,0,1,0,1,0,0,0,2,0,2,0,0,0,0,1,0,0,2,15,10
201000007588,10,5,3,1,1,1,2.0,6.0,0.0,7.0,0.0,10.0,0.0,14.0,1,1,3.0,2.0,2.0,1.0,0.0,74.0,1,0.0,3.0,1,3,1,0,0,0,0,1,0,0,1,0,0,0,0,0,1,1,0,0,0,3,16,15
201100055087,11,7,7,1,1,1,1.0,2.0,0.0,34.0,0.0,0.0,2.0,2.0,1,2,1.0,3.0,3.0,1.0,15.0,150.0,1,0.0,1.0,2,3,2,2,0,0,0,4,4,0,0,0,0,2,0,2,0,1,1,0,0,3,12,15
200600038733,6,7,24,1,2,1,1.0,4.0,0.0,7.0,0.0,0.0,2.0,2.0,1,1,4.0,2.0,4.0,1.0,0.0,140.0,1,0.0,1.0,4,2,4,12,0,0,0,16,8,0,0,8,0,12,0,4,0,1,1,0,0,2,8,48
200600029774,6,5,16,1,2,1,1.0,6.0,0.0,7.0,0.0,0.0,1.0,1.0,1,1,4.0,2.0,2.0,1.0,0.0,0.0,1,0.0,1.0,1,1,2,0,0,1,0,1,0,1,1,0,0,0,1,1,0,1,0,0,0,2,15,45
201300024554,13,1,25,1,2,3,1.0,3.0,1.0,7.0,0.0,0.0,2.0,15.0,1,2,4.0,2.0,2.0,1.0,0.0,60.0,1,5.0,1.0,2,3,2,0,0,0,0,2,0,0,2,0,0,2,0,0,0,1,0,0,0,3,17,0
201100033218,11,5,8,1,2,1,1.0,7.0,0.0,7.0,0.0,0.0,1.0,0.0,1,1,4.0,2.0,2.0,2.0,0.0,80.0,1,0.0,1.0,1,1,1,2,0,1,1,1,0,0,3,0,0,1,0,0,2,1,0,0,0,2,19,20
201600056644,16,10,11,5,2,2,1.0,6.0,2.0,7.0,0.0,0.0,1.0,1.0,1,1,4.0,1.0,0.0,1.0,0.0,0.0,1,0.0,0.0,1,1,0,2,0,1,0,1,0,1,0,0,1,2,0,0,0,1,0,0,0,2,21,20
201700048522,17,5,19,1,1,1,1.0,2.0,2.0,34.0,0.0,0.0,2.0,1.0,1,2,1.0,1.0,3.0,1.0,10.0,90.0,1,0.0,1.0,2,2,4,0,0,0,0,4,0,0,0,0,4,2,0,2,0,1,1,0,0,2,17,11
200700018115,7,3,20,1,1,1,2.0,6.0,0.0,7.0,0.0,0.0,0.0,0.0,1,1,1.0,3.0,2.0,1.0,25.0,90.0,1,0.0,1.0,1,1,1,1,0,0,1,1,0,2,0,0,0,2,0,0,0,0,0,0,0,2,12,25
201700048505,17,5,11,1,1,1,1.0,3.0,0.0,7.0,0.0,0.0,2.0,2.0,1,1,2.0,1.0,4.0,1.0,15.0,140.0,1,0.0,1.0,2,1,4,0,0,0,0,4,0,4,0,0,0,4,0,0,0,0,0,1,0,2,7,10
200800023191,8,5,6,1,2,2,1.0,3.0,0.0,1.0,0.0,0.0,2.0,1.0,1,9,4.0,1.0,1.0,1.0,0.0,70.0,-1,0.0,1.0,2,2,0,4,0,0,0,4,0,4,0,0,0,0,0,4,0,1,0,0,0,2,18,5
200600051520,6,9,18,1,2,2,1.0,3.0,0.0,2.0,0.0,0.0,2.0,3.0,1,2,3.0,1.0,0.0,1.0,5.0,75.0,1,5.0,1.0,2,2,4,0,0,0,0,4,0,2,0,0,2,0,0,4,0,1,0,0,0,2,17,30
200500054861,5,9,25,1,1,1,2.0,1.0,0.0,5.0,0.0,0.0,2.0,13.0,1,2,3.0,2.0,2.0,1.0,0.0,70.0,1,0.0,1.0,2,3,6,12,10,0,4,4,0,14,4,0,0,4,10,4,0,1,0,0,0,3,17,45
201100064376,11,1,25,1,2,1,1.0,2.0,0.0,33.0,0.0,0.0,2.0,2.0,1,2,4.0,1.0,4.0,1.0,15.0,140.0,1,0.0,1.0,2,2,4,0,0,0,0,4,0,0,0,0,4,2,0,2,0,1,1,0,0,2,8,0
200700067932,7,11,26,1,2,3,1.0,3.0,0.0,7.0,0.0,0.0,2.0,1.0,1,-1,4.0,2.0,2.0,1.0,0.0,0.0,1,0.0,1.0,2,1,4,0,0,0,0,4,0,4,0,0,0,2,0,0,2,1,0,1,0,2,9,10
201600037047,16,10,30,5,2,1,1.0,2.0,1.0,7.0,0.0,0.0,2.0,1.0,1,1,4.0,2.0,2.0,1.0,0.0,60.0,1,0.0,1.0,2,1,4,0,0,0,0,4,0,2,2,0,0,2,0,0,2,1,1,0,0,2,17,58
201200000161,12,1,23,3,1,6,1.0,7.0,0.0,7.0,0.0,13.0,0.0,1.0,1,1,3.0,2.0,2.0,4.0,0.0,0.0,1,5.0,0.0,1,3,0,1,0,0,0,1,0,0,1,0,0,0,0,1,0,0,0,0,1,3,22,30
200800046933,8,8,22,3,2,1,3.0,5.0,0.0,10.0,0.0,0.0,2.0,17.0,1,1,3.0,2.0,2.0,1.0,0.0,63.0,1,0.0,3.0,3,1,9,0,0,0,0,9,0,0,0,3,6,0,0,9,0,1,0,0,0,4,6,45
200700079586,7,12,20,5,2,1,1.0,5.0,2.0,7.0,0.0,0.0,2.0,1.0,2,-1,2.0,3.0,0.0,1.0,0.0,0.0,1,0.0,1.0,4,2,12,4,4,0,0,12,0,16,0,0,0,8,0,8,0,1,1,0,0,2,4,45
200600055855,6,9,10,5,2,4,1.0,3.0,0.0,4.0,0.0,0.0,2.0,18.0,1,0,4.0,2.0,4.0,1.0,0.0,120.0,1,0.0,1.0,2,2,4,0,0,0,0,4,0,0,4,0,0,4,0,0,0,1,0,0,0,2,2,25
201400022751,14,9,12,2,1,1,1.0,3.0,0.0,7.0,0.0,0.0,2.0,15.0,1,-1,3.0,2.0,2.0,0.0,0.0,60.0,1,0.0,1.0,2,2,4,0,0,0,0,4,0,2,0,0,2,0,0,4,0,1,1,0,0,2,6,30
200700037977,7,6,27,1,2,1,1.0,3.0,0.0,7.0,0.0,0.0,2.0,15.0,1,1,4.0,2.0,2.0,1.0,0.0,76.0,1,0.0,1.0,2,1,4,0,0,0,0,4,4,0,0,0,0,2,0,0,2,0,0,1,0,2,8,0
200900071300,9,12,7,5,2,3,8.0,6.0,0.0,7.0,0.0,0.0,1.0,1.0,3,-1,3.0,2.0,2.0,1.0,0.0,0.0,1,0.0,1.0,1,2,1,1,0,1,0,1,2,0,0,0,0,0,1,0,1,0,0,1,0,2,17,0
201400025392,14,11,7,1,2,3,1.0,2.0,0.0,33.0,0.0,0.0,2.0,17.0,1,2,4.0,2.0,2.0,2.0,0.0,0.0,1,0.0,1.0,2,4,2,2,0,0,0,4,0,2,2,0,0,2,0,2,0,1,0,0,0,4,12,50
201200028532,12,8,3,1,2,1,1.0,6.0,0.0,7.0,0.0,0.0,1.0,4.0,1,-1,4.0,2.0,2.0,2.0,0.0,60.0,1,0.0,1.0,1,1,1,1,0,1,0,1,1,1,0,0,0,1,0,0,1,0,1,0,0,2,9,0
201000051453,10,8,5,1,2,1,1.0,2.0,0.0,32.0,0.0,0.0,2.0,1.0,1,2,4.0,2.0,6.0,1.0,0.0,0.0,1,0.0,1.0,2,3,4,0,0,0,0,4,0,2,0,2,0,2,0,2,0,1,1,0,0,3,16,0
201600025657,16,2,1,1,2,1,1.0,4.0,0.0,7.0,0.0,0.0,0.0,0.0,1,1,4.0,2.0,0.0,0.0,0.0,0.0,-1,0.0,1.0,3,1,3,6,0,0,0,9,0,6,0,0,3,6,0,0,3,0,0,0,0,3,15,18
201200032153,12,3,29,1,2,2,1.0,6.0,0.0,7.0,0.0,0.0,2.0,1.0,1,1,4.0,2.0,2.0,1.0,0.0,0.0,1,0.0,1.0,2,1,2,2,0,0,0,4,0,4,0,0,0,0,0,2,2,1,0,0,0,2,17,40
201300011863,13,8,4,1,1,1,1.0,7.0,0.0,33.0,0.0,0.0,0.0,1.0,1,2,1.0,1.0,3.0,1.0,50.0,105.0,1,3.0,1.0,1,3,1,0,0,0,0,1,0,0,1,0,0,1,0,0,0,0,0,1,0,3,13,0
201100037983,11,3,2,1,2,1,8.0,3.0,0.0,7.0,0.0,0.0,2.0,17.0,1,1,3.0,2.0,2.0,1.0,10.0,95.0,1,0.0,1.0,2,2,2,4,0,0,2,4,0,2,4,0,0,2,2,2,0,0,0,1,0,2,10,20
201100030643,11,2,27,1,2,1,1.0,7.0,0.0,33.0,0.0,0.0,0.0,1.0,1,2,4.0,1.0,2.0,1.0,0.0,0.0,1,5.0,1.0,1,2,1,0,0,0,0,1,1,0,0,0,0,0,0,1,0,0,0,0,0,2,16,8
200500043791,5,7,15,2,2,1,1.0,3.0,1.0,10.0,0.0,0.0,2.0,19.0,1,2,4.0,2.0,2.0,1.0,0.0,0.0,1,0.0,1.0,2,3,2,0,0,0,0,2,0,2,0,0,0,0,0,2,0,1,1,0,0,3,19,30
201100005684,11,7,27,1,2,1,1.0,6.0,0.0,14.0,0.0,0.0,1.0,16.0,1,1,3.0,1.0,1.0,2.0,0.0,49.0,1,0.0,1.0,1,1,1,2,0,2,0,1,0,0,2,1,0,3,0,0,0,1,0,0,0,3,12,0
201000015793,10,11,16,1,2,1,1.0,3.0,0.0,30.0,0.0,0.0,2.0,1.0,1,2,4.0,0.0,4.0,1.0,0.0,100.0,1,0.0,1.0,2,3,4,0,0,0,0,4,0,4,0,0,0,2,0,2,0,1,0,0,0,3,21,5
201300052604,13,1,14,5,2,1,2.0,6.0,0.0,34.0,0.0,14.0,0.0,18.0,1,2,4.0,2.0,2.0,1.0,0.0,120.0,1,0.0,1.0,1,2,1,0,0,0,0,1,0,1,0,0,0,1,0,0,0,1,0,0,0,2,22,50
201100038693,11,10,19,1,2,1,1.0,3.0,0.0,2.0,0.0,0.0,2.0,1.0,1,2,4.0,2.0,2.0,1.0,0.0,0.0,1,0.0,1.0,2,2,2,0,0,0,0,2,2,0,0,0,0,0,2,0,0,1,0,1,0,2,17,27
201100051491,11,10,20,5,2,2,1.0,3.0,0.0,7.0,0.0,0.0,2.0,15.0,1,1,3.0,2.0,2.0,0.0,0.0,60.0,-1,0.0,1.0,2,1,2,2,0,0,0,4,0,0,4,0,0,2,0,2,0,1,0,1,0,2,21,30
201200024818,12,2,4,5,2,3,1.0,2.0,0.0,7.0,0.0,0.0,2.0,2.0,1,-1,4.0,0.0,0.0,0.0,0.0,0.0,-1,0.0,1.0,2,1,4,2,2,0,0,4,0,6,0,0,0,6,0,0,0,1,1,0,0,2,18,45
200800073984,8,12,24,5,2,3,1.0,7.0,0.0,32.0,0.0,0.0,0.0,15.0,1,2,4.0,1.0,1.0,1.0,0.0,50.0,1,0.0,1.0,1,2,0,1,0,0,0,1,0,0,1,0,0,0,0,1,0,0,0,0,0,2,19,10
200800067242,8,11,28,2,1,1,2.0,5.0,0.0,33.0,0.0,0.0,2.0,3.0,1,2,1.0,1.0,3.0,1.0,5.0,35.0,1,0.0,1.0,4,3,12,4,0,0,0,16,0,0,0,0,16,12,0,4,0,1,1,1,0,3,7,50
200800013640,8,3,2,1,2,3,1.0,4.0,0.0,7.0,0.0,0.0,2.0,23.0,1,1,4.0,2.0,2.0,1.0,0.0,114.0,1,0.0,1.0,3,1,9,6,0,0,6,9,0,6,9,0,0,3,0,9,3,1,1,0,0,2,17,13
201700049406,17,8,17,1,1,1,3.0,6.0,2.0,7.0,0.0,4.0,0.0,1.0,1,1,1.0,1.0,2.0,4.0,15.0,70.0,1,0.0,1.0,1,1,2,1,1,0,1,1,0,0,3,0,0,2,1,0,0,1,0,0,0,2,19,10
200500072911,5,11,17,1,2,3,7.0,6.0,0.0,7.0,0.0,0.0,1.0,9.0,1,1,4.0,2.0,2.0,1.0,0.0,50.0,1,5.0,1.0,1,1,2,0,0,1,0,1,1,0,1,0,0,2,0,0,0,1,0,0,0,3,11,25
200700038153,7,6,8,1,1,1,2.0,3.0,0.0,7.0,0.0,0.0,2.0,12.0,1,1,1.0,2.0,4.0,1.0,15.0,140.0,1,0.0,1.0,2,1,2,2,0,0,0,4,0,0,0,0,4,2,0,2,0,0,0,1,0,3,8,0
201500031958,15,6,15,1,2,1,1.0,3.0,0.0,7.0,0.0,0.0,2.0,15.0,1,1,4.0,2.0,2.0,1.0,0.0,76.0,1,0.0,1.0,2,1,4,0,0,0,0,4,0,0,0,0,4,4,0,0,0,1,0,1,0,2,14,15
200700024541,7,4,3,1,2,1,1.0,5.0,0.0,7.0,0.0,0.0,2.0,0.0,1,1,2.0,3.0,0.0,1.0,0.0,0.0,1,0.0,1.0,3,1,9,0,0,0,0,9,0,0,9,0,0,9,0,0,0,1,0,0,1,2,8,20
201700028385,17,5,23,1,2,1,2.0,7.0,0.0,34.0,0.0,14.0,0.0,1.0,1,9,4.0,2.0,0.0,1.0,0.0,0.0,1,0.0,1.0,1,2,2,0,0,0,1,1,0,2,0,0,0,1,0,1,0,0,0,0,0,2,21,0
200700012094,7,3,23,1,1,1,2.0,7.0,0.0,7.0,0.0,8.0,0.0,1.0,2,1,3.0,2.0,2.0,4.0,0.0,70.0,1,0.0,1.0,1,3,3,0,1,0,1,1,0,2,1,0,0,0,0,1,2,0,1,0,0,3,18,15
201200042656,12,2,9,5,2,1,1.0,7.0,0.0,2.0,0.0,0.0,0.0,1.0,1,2,4.0,1.0,2.0,1.0,0.0,82.0,0,0.0,1.0,1,2,1,0,0,0,0,1,0,0,0,0,1,0,0,1,0,1,0,0,0,2,6,45
200800024092,8,5,23,1,2,1,2.0,6.0,0.0,33.0,0.0,0.0,0.0,1.0,1,2,4.0,2.0,2.0,3.0,0.0,0.0,1,0.0,1.0,1,2,1,1,0,0,1,1,0,1,1,0,0,1,0,1,0,1,0,0,0,2,20,0
200800072346,8,12,17,1,2,3,2.0,6.0,0.0,7.0,0.0,0.0,1.0,1.0,3,-1,4.0,2.0,0.0,1.0,0.0,0.0,1,0.0,0.0,1,3,1,0,0,1,0,0,0,0,1,0,0,0,0,0,1,1,0,0,0,3,9,40
201200053306,12,11,8,2,1,1,1.0,2.0,0.0,7.0,0.0,0.0,2.0,1.0,1,1,1.0,1.0,2.0,1.0,50.0,70.0,1,0.0,1.0,2,1,4,2,2,0,0,4,0,0,6,0,0,0,2,2,2,1,1,0,0,2,17,10
201700020925,17,4,10,1,1,1,1.0,1.0,1.0,7.0,0.0,0.0,2.0,15.0,1,1,3.0,2.0,2.0,1.0,0.0,60.0,1,0.0,1.0,2,1,4,0,0,0,0,4,0,0,0,2,2,2,0,2,0,1,0,0,0,3,16,0
200600071724,6,11,14,2,1,1,7.0,1.0,0.0,15.0,0.0,0.0,2.0,1.0,1,1,2.0,2.0,2.0,1.0,0.0,63.0,1,0.0,1.0,2,1,4,0,0,0,0,4,0,0,0,2,2,2,2,0,0,1,0,0,0,3,8,30
200900009616,9,4,2,1,1,1,1.0,2.0,0.0,14.0,0.0,0.0,0.0,23.0,1,1,3.0,2.0,0.0,0.0,61.0,0.0,1,0.0,1.0,2,1,4,0,0,0,0,4,0,0,2,2,0,2,0,2,0,1,1,0,0,4,16,45
200700013341,7,3,2,3,1,1,1.0,3.0,0.0,7.0,0.0,0.0,2.0,6.0,1,1,3.0,2.0,0.0,1.0,0.0,100.0,1,5.0,1.0,2,1,4,0,0,0,0,4,2,0,2,0,0,4,0,0,0,1,0,0,0,3,21,45
201500035405,15,12,2,1,2,1,1.0,3.0,0.0,7.0,0.0,0.0,2.0,15.0,1,1,9.0,2.0,2.0,1.0,0.0,0.0,1,0.0,1.0,2,1,4,0,0,0,0,4,0,4,0,0,0,0,0,2,2,1,0,1,0,3,10,20
200800063075,8,11,22,1,2,6,2.0,3.0,0.0,7.0,0.0,0.0,2.0,2.0,1,1,3.0,1.0,0.0,0.0,0.0,0.0,1,0.0,1.0,2,1,2,2,0,0,0,4,2,0,2,0,0,4,0,0,0,1,0,0,0,3,15,0
200700063251,7,10,28,5,2,1,1.0,2.0,0.0,7.0,0.0,0.0,2.0,2.0,1,1,4.0,3.0,4.0,1.0,0.0,59.0,1,0.0,1.0,2,1,2,2,0,0,0,4,0,0,4,0,0,4,0,0,0,1,1,0,0,2,18,45
200700072735,7,11,7,5,2,2,1.0,3.0,0.0,7.0,0.0,0.0,2.0,1.0,1,1,4.0,0.0,3.0,1.0,0.0,125.0,1,5.0,1.0,2,1,4,0,0,0,0,4,0,2,2,0,0,2,0,2,0,1,1,0,0,2,22,31
201500021778,15,2,21,1,1,1,1.0,7.0,0.0,7.0,0.0,13.0,0.0,0.0,1,1,2.0,3.0,2.0,4.0,0.0,0.0,1,0.0,3.0,1,2,1,0,0,0,0,1,0,1,0,0,0,0,0,1,0,0,0,0,0,2,10,5
201300048120,13,2,26,1,2,1,1.0,2.0,0.0,10.0,0.0,0.0,2.0,23.0,1,-1,4.0,1.0,4.0,1.0,0.0,140.0,1,0.0,1.0,2,2,2,2,0,0,0,4,0,4,0,0,0,2,0,0,2,1,1,0,0,2,14,10
200900071261,9,12,10,3,2,1,2.0,1.0,0.0,7.0,0.0,0.0,2.0,1.0,1,1,4.0,2.0,2.0,1.0,0.0,0.0,1,0.0,1.0,2,2,4,0,0,0,0,4,0,0,0,0,4,4,0,0,0,1,0,0,0,2,6,20
201100038288,11,7,3,1,2,1,1.0,3.0,0.0,33.0,0.0,0.0,2.0,2.0,1,2,3.0,2.0,2.0,2.0,0.0,60.0,1,0.0,1.0,2,2,2,2,0,0,0,4,0,0,4,0,0,2,0,2,0,1,1,0,0,2,18,10
200900054858,9,11,30,1,2,1,1.0,4.0,0.0,10.0,0.0,0.0,2.0,1.0,1,1,3.0,2.0,2.0,1.0,0.0,0.0,-1,0.0,1.0,3,1,6,3,0,0,0,9,0,3,3,0,3,3,0,3,3,1,1,0,0,2,18,30
201700050760,17,4,19,1,2,2,1.0,1.0,1.0,7.0,0.0,0.0,2.0,1.0,1,-1,4.0,0.0,0.0,1.0,0.0,0.0,1,0.0,0.0,2,1,12,2,6,0,4,4,10,2,2,0,0,4,8,0,2,1,1,0,0,3,8,45
201100044813,11,7,7,1,2,1,1.0,5.0,0.0,7.0,0.0,0.0,2.0,1.0,1,1,3.0,3.0,2.0,1.0,0.0,0.0,1,0.0,1.0,3,1,9,0,0,0,0,9,0,0,3,0,6,9,0,0,0,1,0,1,0,3,10,55
201400051364,14,6,12,1,1,1,1.0,4.0,0.0,7.0,0.0,0.0,2.0,2.0,1,1,1.0,1.0,3.0,1.0,15.0,105.0,1,0.0,1.0,10,2,90,10,0,0,0,100,30,40,0,0,30,80,0,20,0,1,1,0,0,3,17,40
200900025711,9,7,12,5,2,3,1.0,3.0,0.0,30.0,0.0,0.0,2.0,1.0,1,2,4.0,2.0,2.0,1.0,0.0,60.0,1,0.0,1.0,2,2,2,2,0,0,0,4,0,0,2,0,2,2,0,2,0,1,1,0,0,2,23,30
201000028243,10,7,6,1,2,1,1.0,3.0,0.0,7.0,0.0,0.0,2.0,9.0,1,1,4.0,2.0,0.0,2.0,0.0,0.0,1,0.0,1.0,2,1,6,0,0,0,2,4,0,2,4,0,0,2,0,4,0,1,0,1,0,2,21,0
200700047073,7,8,10,1,1,1,1.0,6.0,0.0,5.0,0.0,0.0,6.0,1.0,1,2,3.0,2.0,2.0,0.0,0.0,62.0,1,0.0,1.0,1,3,1,0,0,0,0,1,0,0,0,0,1,1,0,0,0,1,0,0,0,3,13,0
200600041698,6,7,4,5,1,1,1.0,7.0,0.0,33.0,0.0,16.0,0.0,0.0,1,2,2.0,1.0,2.0,1.0,0.0,120.0,1,0.0,1.0,1,3,1,0,0,0,0,1,0,1,0,0,0,0,0,1,0,0,0,0,1,3,21,25
200800052443,8,9,5,1,2,1,1.0,1.0,0.0,7.0,0.0,0.0,2.0,1.0,1,1,4.0,2.0,1.0,2.0,0.0,40.0,1,0.0,1.0,2,1,2,2,0,0,0,4,0,0,4,0,0,0,2,0,2,1,0,0,0,2,12,20
200600059352,6,10,5,1,1,1,7.0,2.0,0.0,17.0,0.0,0.0,2.0,2.0,1,-1,3.0,1.0,2.0,1.0,0.0,70.0,1,3.0,1.0,2,1,4,0,0,0,0,4,0,0,0,4,0,2,0,2,0,1,1,0,0,4,16,45
200600005749,6,1,14,1,1,2,1.0,3.0,0.0,7.0,0.0,0.0,2.0,19.0,1,1,3.0,2.0,2.0,1.0,0.0,63.0,1,0.0,0.0,2,1,6,8,6,0,4,4,2,10,2,0,0,8,6,0,0,1,0,0,0,3,10,45
201200027641,12,9,2,1,2,1,1.0,2.0,1.0,7.0,0.0,0.0,2.0,1.0,1,1,4.0,0.0,0.0,0.0,0.0,0.0,-1,0.0,1.0,2,2,0,2,0,0,0,2,2,0,0,0,0,2,0,0,0,0,1,0,0,2,9,10
200500052492,5,8,19,1,2,3,1.0,3.0,0.0,7.0,0.0,0.0,2.0,21.0,1,1,4.0,1.0,2.0,1.0,0.0,60.0,1,0.0,1.0,2,1,6,0,0,0,2,4,0,2,2,2,0,2,0,4,0,1,0,0,0,2,19,25
200800026623,8,5,3,1,1,1,1.0,6.0,1.0,7.0,0.0,0.0,0.0,0.0,1,2,1.0,3.0,3.0,1.0,0.0,105.0,1,0.0,1.0,3,2,6,0,0,0,0,6,0,0,6,0,0,3,0,3,0,1,1,0,0,2,18,45