Num_Acc,an,mois,jour,lum,agg,int,atm,col,senc,catv,occutc,obs,obsm,manv,catu,secu,catr,circ,nbv,prof,lartpc,larrout,surf,infra,situ,nb_veh,grav_simpl,Homme,Femme,Arrière,Autre_x,Avant,Conducteur,Autre_y,Inconnu,Loisirs,Professionnel,Travail,Adulte,Enfant,Jeune,Senior,choc_avant,choc_arriere,choc_lateral,choc_multiple,grav_order_max,heure,minute
200900028610,9,8,29,3,1,1,1.0,6.0,0.0,7.0,0.0,2.0,0.0,1.0,2,1,3.0,2.0,2.0,2.0,0.0,51.0,1,0.0,3.0,1,3,3,0,1,0,1,1,0,2,1,0,0,0,1,2,0,0,1,0,0,3,4,0
200600011222,6,3,23,1,2,1,1.0,7.0,0.0,7.0,0.0,0.0,1.0,0.0,1,1,4.0,3.0,2.0,2.0,0.0,130.0,1,0.0,1.0,1,1,1,1,0,1,0,1,1,1,0,0,0,1,0,1,0,1,0,0,0,2,17,15
200900040437,9,10,13,5,2,1,1.0,3.0,0.0,7.0,0.0,0.0,2.0,15.0,1,1,3.0,2.0,2.0,1.0,0.0,0.0,1,0.0,1.0,2,1,4,0,0,0,0,4,2,0,0,0,2,2,0,2,0,1,0,0,0,3,20,15
201600002276,16,6,13,1,1,1,1.0,1.0,1.0,7.0,0.0,0.0,2.0,1.0,1,1,4.0,2.0,2.0,1.0,0.0,0.0,1,0.0,1.0,2,3,2,2,0,0,0,4,0,0,0,0,4,2,0,2,0,1,0,0,0,3,14,0
201700010131,17,8,2,1,2,1,1.0,2.0,2.0,7.0,0.0,0.0,2.0,2.0,1,-1,4.0,2.0,4.0,1.0,10.0,120.0,1,0.0,1.0,2,2,4,0,0,0,0,4,0,0,2,0,2,2,0,2,0,1,1,0,0,2,13,20
201700029887,17,4,9,1,2,1,1.0,6.0,1.0,7.0,0.0,8.0,0.0,14.0,1,-1,3.0,0.0,2.0,1.0,0.0,105.0,1,0.0,4.0,1,3,1,0,0,0,0,1,0,1,0,0,0,0,0,1,0,1,0,0,0,3,7,35
200700047124,7,8,20,1,1,1,2.0,5.0,0.0,10.0,0.0,0.0,2.0,1.0,1,1,3.0,2.0,0.0,0.0,0.0,66.0,1,0.0,1.0,3,1,9,0,0,0,0,9,6,0,0,3,0,3,0,3,3,1,1,0,0,3,12,30
200600013104,6,3,1,1,2,1,1.0,1.0,0.0,7.0,0.0,8.0,2.0,13.0,1,1,3.0,2.0,2.0,1.0,0.0,64.0,1,0.0,1.0,2,1,4,6,4,0,2,4,2,8,0,0,0,4,2,2,2,1,0,0,0,3,15,10
201700024438,17,2,25,1,2,1,1.0,2.0,1.0,7.0,0.0,0.0,2.0,2.0,1,1,3.0,2.0,2.0,1.0,0.0,0.0,1,0.0,1.0,2,1,4,0,0,0,0,4,0,4,0,0,0,0,2,2,0,1,1,0,0,3,15,5
200800040665,8,7,14,1,2,2,1.0,3.0,0.0,7.0,0.0,0.0,2.0,1.0,1,1,4.0,2.0,2.0,1.0,0.0,75.0,1,0.0,1.0,2,2,6,6,4,0,4,4,2,8,2,0,0,2,0,0,10,1,0,1,0,2,15,0
201600031583,16,4,12,1,2,1,1.0,6.0,0.0,10.0,0.0,0.0,1.0,1.0,1,1,4.0,2.0,2.0,1.0,10.0,137.0,1,0.0,1.0,1,1,1,1,0,1,0,1,1,0,1,0,0,0,0,0,2,1,0,0,0,3,17,40
200800020261,8,4,27,1,2,2,1.0,3.0,0.0,7.0,0.0,0.0,2.0,1.0,1,-1,4.0,1.0,2.0,1.0,0.0,156.0,1,5.0,1.0,2,1,6,8,6,0,4,4,4,10,0,0,0,2,6,6,0,1,0,0,0,2,16,10
200700069029,7,11,21,1,2,1,8.0,3.0,0.0,7.0,0.0,0.0,2.0,9.0,1,1,4.0,2.0,0.0,0.0,0.0,0.0,-1,0.0,1.0,2,1,2,2,0,0,0,4,0,0,0,2,2,4,0,0,0,1,0,0,0,2,14,40
200900035757,9,9,9,1,2,6,1.0,3.0,0.0,2.0,0.0,0.0,2.0,1.0,2,2,4.0,2.0,2.0,0.0,0.0,50.0,1,0.0,1.0,2,3,4,4,2,0,2,4,0,8,0,0,0,2,6,0,0,1,1,0,0,3,15,0
200500023307,5,4,21,1,1,1,2.0,1.0,0.0,7.0,0.0,0.0,0.0,17.0,1,1,2.0,2.0,1.0,1.0,0.0,74.0,1,0.0,1.0,2,4,2,6,0,4,0,4,0,4,0,2,2,0,0,2,6,1,0,1,0,4,18,30
201000064178,10,2,8,1,2,3,2.0,6.0,0.0,7.0,0.0,0.0,1.0,1.0,1,1,4.0,2.0,1.0,1.0,0.0,0.0,1,6.0,1.0,1,1,0,2,0,1,0,1,1,0,0,1,0,1,0,1,0,1,0,0,0,2,10,30
200600033217,6,6,2,1,2,1,1.0,6.0,0.0,7.0,0.0,0.0,1.0,1.0,1,1,4.0,2.0,2.0,2.0,0.0,0.0,1,0.0,1.0,1,1,1,2,0,2,0,1,0,0,3,0,0,1,1,0,1,0,0,1,0,2,11,0
200900010876,9,3,7,1,1,1,9.0,1.0,0.0,10.0,0.0,0.0,2.0,1.0,2,1,3.0,2.0,0.0,3.0,0.0,105.0,0,0.0,1.0,2,1,6,4,2,0,4,4,0,4,6,0,0,4,0,6,0,1,1,0,0,3,7,0
201400012333,14,12,28,3,1,1,1.0,5.0,0.0,7.0,0.0,0.0,2.0,1.0,1,1,1.0,3.0,4.0,2.0,10.0,105.0,1,0.0,1.0,4,1,16,16,4,0,12,16,0,16,16,0,0,24,0,4,4,1,1,1,0,2,18,45
201400018779,14,6,26,1,2,1,1.0,3.0,0.0,7.0,0.0,0.0,2.0,15.0,1,1,3.0,2.0,2.0,1.0,0.0,70.0,1,0.0,1.0,2,1,4,0,0,0,0,4,0,0,2,0,2,0,0,4,0,1,0,0,0,2,18,15
201600035045,16,11,27,1,2,1,1.0,6.0,2.0,7.0,0.0,2.0,0.0,1.0,1,1,4.0,2.0,2.0,1.0,0.0,60.0,1,0.0,1.0,1,3,0,1,0,0,0,1,0,0,1,0,0,0,0,0,1,1,0,0,0,3,8,0
201300041714,13,12,22,5,2,5,2.0,3.0,0.0,17.0,0.0,0.0,2.0,15.0,1,-1,4.0,2.0,2.0,1.0,150.0,60.0,1,0.0,1.0,2,1,6,0,0,0,2,4,0,2,0,0,4,6,0,0,0,0,1,1,0,4,5,45
200700048096,7,8,12,1,1,1,1.0,6.0,0.0,7.0,0.0,0.0,0.0,0.0,1,-1,3.0,2.0,2.0,1.0,0.0,61.0,1,0.0,1.0,1,1,3,1,2,0,1,1,0,3,1,0,0,0,1,3,0,0,0,0,0,3,15,15
201600031054,16,12,14,2,2,1,1.0,2.0,1.0,31.0,0.0,0.0,2.0,2.0,1,2,4.0,2.0,2.0,1.0,0.0,0.0,1,0.0,1.0,2,3,4,0,0,0,0,4,0,4,0,0,0,4,0,0,0,1,1,0,0,3,21,10
200800071971,8,12,19,5,2,3,1.0,7.0,0.0,30.0,0.0,0.0,5.0,21.0,1,2,4.0,2.0,2.0,1.0,0.0,75.0,1,2.0,1.0,1,2,1,1,1,0,0,1,0,1,1,0,0,1,0,1,0,0,0,1,0,2,20,0
201200044376,12,1,23,1,2,2,1.0,3.0,1.0,10.0,0.0,0.0,2.0,1.0,1,-1,2.0,2.0,2.0,1.0,0.0,0.0,1,0.0,1.0,2,1,4,0,0,0,0,4,2,0,0,0,2,2,0,2,0,1,0,0,0,2,6,30
200700024282,7,4,14,1,2,1,1.0,6.0,0.0,7.0,0.0,15.0,0.0,2.0,1,1,4.0,2.0,2.0,1.0,60.0,60.0,1,0.0,4.0,1,3,0,1,0,0,0,1,0,0,1,0,0,0,0,1,0,1,0,0,0,3,17,20
201300043100,13,5,28,1,2,1,2.0,1.0,0.0,32.0,0.0,0.0,2.0,17.0,1,-1,4.0,2.0,2.0,1.0,0.0,80.0,1,0.0,1.0,2,2,2,2,0,0,0,4,0,0,0,0,4,2,0,0,2,1,0,0,0,2,8,35
201100059992,11,4,12,5,2,1,1.0,7.0,0.0,1.0,0.0,0.0,0.0,1.0,1,-1,4.0,2.0,1.0,2.0,0.0,0.0,1,0.0,1.0,1,2,0,1,0,0,0,1,0,1,0,0,0,1,0,0,0,0,0,0,0,2,2,30
201000025834,10,9,8,1,1,1,2.0,1.0,0.0,14.0,0.0,0.0,2.0,1.0,1,1,2.0,2.0,2.0,1.0,0.0,50.0,1,0.0,1.0,2,1,2,2,0,0,0,4,2,0,0,2,0,2,0,2,0,1,1,0,0,2,9,0
201700018501,17,9,26,1,1,1,2.0,6.0,1.0,7.0,0.0,15.0,0.0,19.0,1,-1,3.0,2.0,2.0,1.0,0.0,0.0,1,0.0,3.0,1,3,1,0,0,0,0,1,0,0,0,0,1,1,0,0,0,1,0,0,0,3,8,0
200900020068,9,2,10,5,2,1,1.0,3.0,0.0,33.0,0.0,0.0,2.0,19.0,1,2,4.0,3.0,2.0,0.0,0.0,0.0,1,0.0,1.0,2,1,4,0,0,0,0,4,0,2,0,0,2,2,0,0,2,1,0,0,0,2,19,45
200500038586,5,6,9,1,1,1,7.0,6.0,0.0,7.0,0.0,2.0,0.0,1.0,1,1,3.0,2.0,2.0,1.0,0.0,62.0,1,0.0,1.0,1,3,1,1,0,0,1,1,0,1,1,0,0,2,0,0,0,0,0,1,0,3,18,45
200500020305,5,4,7,5,2,2,1.0,2.0,0.0,2.0,0.0,0.0,2.0,17.0,1,2,4.0,2.0,2.0,1.0,0.0,75.0,1,0.0,1.0,2,2,6,0,2,0,0,4,0,2,4,0,0,0,0,6,0,0,1,0,0,2,21,40
201000000836,10,10,21,2,1,1,9.0,3.0,0.0,17.0,0.0,0.0,2.0,1.0,1,1,3.0,2.0,2.0,2.0,0.0,0.0,0,2.0,1.0,2,1,4,0,0,0,0,4,0,0,0,2,2,4,0,0,0,1,0,0,0,4,7,50
201200049103,12,1,19,3,1,1,1.0,2.0,0.0,31.0,0.0,0.0,2.0,3.0,1,2,1.0,1.0,4.0,1.0,15.0,140.0,1,0.0,1.0,2,2,4,0,0,0,0,4,0,0,0,0,4,2,0,2,0,0,1,1,0,2,7,30
201200002802,12,12,20,2,2,6,3.0,6.0,0.0,7.0,0.0,0.0,1.0,0.0,1,1,3.0,3.0,0.0,0.0,0.0,0.0,1,5.0,1.0,1,2,1,1,0,1,0,1,0,1,0,0,1,1,0,0,1,1,0,0,0,3,8,15
201000053265,10,6,2,2,2,1,1.0,7.0,0.0,7.0,0.0,4.0,0.0,1.0,1,1,2.0,3.0,2.0,3.0,0.0,0.0,1,0.0,1.0,1,2,1,0,0,0,0,1,0,0,0,0,1,0,0,1,0,1,0,0,0,2,21,10
200800000333,8,1,18,3,1,1,1.0,6.0,0.0,10.0,0.0,2.0,0.0,1.0,1,1,4.0,2.0,2.0,1.0,0.0,50.0,1,0.0,3.0,1,1,1,4,3,0,1,1,0,4,1,0,0,2,3,0,0,1,0,0,0,3,19,45
200600005324,6,1,13,1,2,1,9.0,1.0,0.0,7.0,0.0,15.0,2.0,14.0,1,1,4.0,2.0,2.0,1.0,0.0,0.0,0,0.0,1.0,2,1,0,6,2,0,0,4,4,2,0,0,0,4,2,0,0,1,0,0,0,2,13,30
201000037051,10,2,11,1,2,2,1.0,6.0,0.0,7.0,0.0,0.0,2.0,1.0,1,1,4.0,2.0,2.0,1.0,0.0,75.0,0,0.0,1.0,2,1,4,0,0,0,0,4,0,0,2,0,2,2,0,0,2,1,0,1,0,2,12,15
200700076936,7,12,21,2,2,1,1.0,6.0,1.0,7.0,0.0,0.0,1.0,0.0,3,-1,3.0,2.0,2.0,1.0,0.0,0.0,1,0.0,1.0,1,3,1,0,0,1,0,0,0,0,1,0,0,0,0,0,1,1,0,0,0,3,6,45
200800047079,8,8,9,3,1,1,1.0,6.0,0.0,7.0,0.0,2.0,0.0,13.0,1,1,3.0,2.0,2.0,1.0,0.0,52.0,1,0.0,3.0,1,4,1,0,0,0,0,1,0,0,1,0,0,0,0,1,0,0,0,1,0,4,5,30
201300003077,13,6,26,1,1,1,1.0,7.0,0.0,1.0,0.0,13.0,0.0,1.0,1,2,4.0,2.0,2.0,2.0,0.0,31.0,1,0.0,1.0,1,3,1,0,0,0,0,1,0,0,1,0,0,1,0,0,0,1,0,0,0,3,9,0
201000006001,10,9,25,1,2,1,1.0,2.0,0.0,7.0,0.0,0.0,2.0,23.0,2,1,3.0,2.0,2.0,1.0,0.0,53.0,1,0.0,1.0,2,1,6,0,0,0,0,6,2,2,2,0,0,0,4,2,0,1,1,0,0,3,14,45
201100039750,11,9,9,1,2,1,1.0,6.0,0.0,10.0,0.0,0.0,1.0,1.0,1,-1,3.0,2.0,2.0,1.0,0.0,75.0,1,0.0,1.0,1,1,1,1,0,1,0,1,0,0,1,1,0,1,0,0,1,0,0,1,0,2,13,25
200600004655,6,1,6,5,2,1,1.0,3.0,0.0,7.0,0.0,0.0,2.0,19.0,1,1,9.0,2.0,2.0,1.0,0.0,45.0,1,0.0,1.0,2,1,4,0,0,0,0,4,0,0,4,0,0,0,0,4,0,1,0,1,0,3,21,0
200600051757,6,9,10,1,2,1,1.0,1.0,0.0,33.0,0.0,0.0,2.0,1.0,1,2,3.0,2.0,2.0,4.0,0.0,62.0,1,0.0,3.0,2,3,10,0,4,0,2,4,0,6,4,0,0,6,4,0,0,1,0,0,0,3,13,0
200600065356,6,10,24,1,1,1,1.0,3.0,0.0,7.0,0.0,0.0,0.0,0.0,1,1,1.0,1.0,4.0,0.0,15.0,140.0,1,0.0,1.0,2,1,4,0,0,0,0,4,0,0,2,0,2,2,0,2,0,1,0,0,0,3,19,0
201000043284,10,1,18,5,2,1,8.0,6.0,0.0,7.0,0.0,0.0,1.0,1.0,1,1,3.0,2.0,4.0,1.0,0.0,120.0,1,0.0,1.0,1,1,1,1,0,1,0,1,0,2,0,0,0,0,1,0,1,1,0,0,0,2,18,4
201600009269,16,9,20,1,1,1,1.0,1.0,2.0,33.0,0.0,0.0,2.0,13.0,1,2,3.0,2.0,2.0,0.0,0.0,0.0,1,0.0,1.0,2,4,4,0,0,0,0,4,0,0,2,2,0,2,0,2,0,1,0,0,0,4,16,15
200600017330,6,4,24,2,1,1,1.0,1.0,0.0,7.0,0.0,0.0,2.0,13.0,1,1,3.0,2.0,0.0,0.0,0.0,0.0,-1,0.0,3.0,2,3,2,2,0,0,0,4,0,2,0,0,2,4,0,0,0,1,0,0,0,3,7,15
200700044837,7,7,8,1,2,1,2.0,2.0,0.0,7.0,0.0,0.0,2.0,2.0,1,1,2.0,2.0,2.0,1.0,0.0,0.0,1,0.0,1.0,2,1,6,0,2,0,0,4,0,2,4,0,0,4,2,0,0,1,1,0,0,3,19,50
200600000554,6,1,17,1,2,1,3.0,7.0,0.0,7.0,0.0,0.0,0.0,0.0,1,-1,4.0,2.0,3.0,1.0,0.0,0.0,1,0.0,3.0,2,2,4,0,0,0,0,4,0,4,0,0,0,4,0,0,0,0,0,0,0,2,7,30
201700007739,17,4,22,3,1,1,1.0,7.0,0.0,31.0,0.0,0.0,0.0,1.0,1,0,3.0,2.0,2.0,1.0,0.0,60.0,1,0.0,1.0,1,2,1,0,0,0,0,1,0,0,1,0,0,0,0,1,0,0,0,0,0,2,23,0
200900037377,9,5,24,1,2,1,1.0,7.0,0.0,7.0,0.0,12.0,0.0,1.0,1,1,4.0,2.0,2.0,1.0,0.0,81.0,1,0.0,1.0,1,2,0,1,0,0,0,1,0,0,1,0,0,0,0,0,1,0,0,0,0,2,16,30
200500024877,5,5,29,1,2,1,2.0,1.0,0.0,7.0,0.0,0.0,2.0,5.0,1,1,2.0,2.0,2.0,1.0,70.0,0.0,1,0.0,1.0,2,2,2,2,0,0,0,4,2,0,2,0,0,2,0,2,0,1,0,0,0,2,14,0
200900003817,9,2,5,2,1,1,9.0,1.0,0.0,7.0,0.0,0.0,2.0,1.0,1,1,3.0,2.0,2.0,1.0,0.0,610.0,0,0.0,1.0,2,3,4,4,2,0,2,4,4,4,0,0,0,2,4,2,0,1,0,0,0,3,7,30
201700052310,17,6,10,3,1,1,1.0,7.0,2.0,7.0,0.0,0.0,0.0,0.0,1,-1,1.0,1.0,2.0,1.0,0.0,60.0,1,3.0,2.0,1,2,1,0,0,0,0,1,0,1,0,0,0,0,0,1,0,0,0,0,0,2,3,40
201200008577,12,1,13,3,1,1,1.0,7.0,0.0,10.0,0.0,16.0,0.0,15.0,1,1,3.0,2.0,2.0,0.0,0.0,75.0,0,0.0,1.0,1,2,1,1,0,0,1,1,0,1,0,1,0,2,0,0,0,1,0,0,0,2,22,0
200800056456,8,10,27,3,1,2,1.0,3.0,0.0,7.0,0.0,0.0,2.0,19.0,1,1,3.0,2.0,2.0,1.0,0.0,61.0,1,0.0,1.0,2,1,4,2,0,0,2,4,0,2,2,0,2,0,0,2,4,1,0,0,0,3,18,45
201400035756,14,7,21,1,2,2,1.0,5.0,0.0,10.0,0.0,0.0,0.0,19.0,1,-1,4.0,2.0,2.0,1.0,0.0,0.0,1,5.0,1.0,3,2,9,0,0,0,0,9,0,3,0,6,0,6,0,3,0,1,0,1,0,2,16,5
200500035619,5,6,28,1,2,1,2.0,1.0,0.0,4.0,0.0,0.0,2.0,21.0,1,2,4.0,2.0,2.0,1.0,0.0,60.0,1,0.0,1.0,2,2,2,2,0,0,0,4,0,0,2,0,2,4,0,0,0,1,0,0,0,2,19,10
200600057298,6,9,22,5,2,3,1.0,6.0,0.0,7.0,0.0,15.0,0.0,0.0,1,-1,4.0,3.0,2.0,1.0,0.0,70.0,1,0.0,4.0,1,2,4,0,2,0,1,1,0,3,1,0,0,0,0,4,0,1,0,0,0,2,23,50
200800012440,8,3,3,1,2,3,2.0,3.0,0.0,7.0,0.0,0.0,2.0,15.0,1,1,4.0,2.0,2.0,1.0,0.0,0.0,1,0.0,1.0,2,1,2,2,0,0,0,4,2,0,2,0,0,0,2,0,2,1,0,1,0,3,18,45
200700063601,7,10,13,1,2,1,1.0,6.0,0.0,7.0,0.0,0.0,1.0,20.0,1,1,2.0,3.0,2.0,1.0,0.0,71.0,1,0.0,1.0,1,1,1,1,0,1,0,1,1,0,1,0,0,1,0,0,1,0,1,0,0,3,11,35
201000050627,10,7,12,1,2,1,1.0,3.0,0.0,1.0,0.0,0.0,0.0,0.0,1,-1,4.0,0.0,3.0,1.0,0.0,0.0,1,0.0,0.0,2,3,6,0,2,0,0,4,2,0,4,0,0,0,4,2,0,1,0,0,0,3,16,30
200600041459,6,7,4,1,2,1,1.0,6.0,0.0,34.0,0.0,0.0,0.0,0.0,1,2,9.0,1.0,1.0,2.0,0.0,50.0,-1,0.0,1.0,1,2,2,0,1,0,0,1,0,2,0,0,0,0,0,2,0,0,0,1,0,3,21,35
201600014740,16,5,22,1,2,1,1.0,2.0,2.0,7.0,0.0,0.0,2.0,2.0,1,1,4.0,2.0,2.0,1.0,0.0,60.0,1,0.0,1.0,2,2,4,0,0,0,0,4,0,2,2,0,0,2,0,2,0,1,1,0,0,2,4,0
201400018886,14,11,14,2,1,1,3.0,2.0,0.0,7.0,0.0,0.0,9.0,1.0,1,1,3.0,2.0,2.0,1.0,0.0,55.0,1,0.0,1.0,2,1,4,0,0,0,0,4,0,0,4,0,0,2,0,0,2,1,0,1,0,3,17,15
201000011522,10,12,11,1,2,9,7.0,6.0,0.0,7.0,0.0,0.0,1.0,1.0,1,1,2.0,3.0,2.0,1.0,0.0,60.0,1,0.0,1.0,1,2,1,1,0,1,0,1,2,0,0,0,0,1,0,0,1,1,0,0,0,4,9,15
200500048261,5,8,14,3,1,1,1.0,6.0,0.0,7.0,0.0,0.0,0.0,1.0,1,1,3.0,0.0,2.0,0.0,0.0,65.0,-1,0.0,0.0,1,3,2,0,0,0,1,1,0,2,0,0,0,0,0,2,0,1,0,0,0,3,4,45
201400031417,14,5,18,1,1,1,1.0,7.0,0.0,30.0,0.0,0.0,0.0,1.0,1,0,4.0,2.0,2.0,2.0,0.0,50.0,1,0.0,1.0,1,3,1,0,0,0,0,1,0,0,1,0,0,1,0,0,0,0,0,0,0,3,19,45
200800028491,8,5,29,1,1,1,8.0,3.0,0.0,7.0,0.0,0.0,2.0,1.0,1,1,3.0,2.0,0.0,1.0,0.0,63.0,1,0.0,1.0,2,1,4,0,0,0,0,4,0,0,2,0,2,2,2,0,0,1,0,1,0,3,16,15
201000028549,10,6,6,5,2,6,1.0,7.0,0.0,31.0,0.0,12.0,0.0,1.0,1,2,3.0,2.0,1.0,1.0,0.0,0.0,1,0.0,1.0,1,3,1,0,0,0,0,1,0,0,1,0,0,1,0,0,0,1,0,0,0,3,0,20
201000052498,10,7,16,1,2,1,1.0,6.0,0.0,2.0,0.0,0.0,1.0,5.0,1,2,4.0,1.0,1.0,2.0,0.0,30.0,1,6.0,1.0,1,1,1,1,0,1,0,1,0,0,2,0,0,0,1,1,0,1,0,0,0,3,15,15
200700011589,7,2,2,1,2,1,1.0,3.0,0.0,37.0,0.0,0.0,2.0,1.0,1,-1,4.0,0.0,0.0,1.0,0.0,0.0,1,0.0,0.0,2,1,2,4,0,0,2,4,0,4,0,2,0,4,0,2,0,1,0,0,0,2,15,45
201700020010,17,5,21,1,1,1,7.0,3.0,0.0,33.0,0.0,0.0,2.0,13.0,1,2,3.0,2.0,2.0,2.0,0.0,69.0,1,0.0,1.0,2,3,4,0,0,0,0,4,0,0,4,0,0,2,0,2,0,1,0,0,0,3,15,15
200500072691,5,11,13,5,2,1,2.0,3.0,0.0,7.0,0.0,0.0,0.0,0.0,1,-1,4.0,0.0,2.0,1.0,0.0,60.0,1,0.0,1.0,2,1,6,0,0,0,2,4,0,6,0,0,0,0,0,4,2,0,0,0,0,4,19,0
201000035359,10,1,5,1,2,4,1.0,3.0,0.0,7.0,0.0,0.0,2.0,9.0,1,1,4.0,2.0,0.0,1.0,0.0,0.0,1,0.0,1.0,2,2,2,2,0,0,0,4,0,0,0,2,2,2,0,0,2,1,0,1,0,2,12,50
200700006732,7,2,1,1,2,1,1.0,6.0,0.0,7.0,0.0,0.0,1.0,1.0,1,1,9.0,2.0,1.0,1.0,0.0,74.0,1,0.0,0.0,1,1,1,2,0,1,1,1,2,1,0,0,0,2,1,0,0,0,1,0,0,3,8,15
201100023471,11,12,27,5,2,1,8.0,6.0,0.0,10.0,0.0,6.0,0.0,13.0,1,1,4.0,2.0,2.0,1.0,0.0,70.0,1,0.0,4.0,1,1,2,2,1,0,2,1,4,0,0,0,0,2,2,0,0,1,0,0,0,2,16,55
200500049339,5,8,21,3,1,1,1.0,1.0,0.0,7.0,0.0,0.0,2.0,13.0,1,1,2.0,2.0,2.0,1.0,0.0,76.0,1,0.0,1.0,2,3,10,2,6,0,2,4,0,8,4,0,0,6,4,2,0,1,0,0,0,3,2,10
200900054048,9,10,21,2,1,4,1.0,3.0,0.0,7.0,0.0,0.0,2.0,1.0,1,1,3.0,2.0,2.0,3.0,0.0,70.0,1,0.0,1.0,2,1,0,4,0,0,0,4,4,0,0,0,0,2,0,0,2,1,0,1,0,3,15,30
201400007782,14,8,14,5,2,1,1.0,1.0,0.0,2.0,0.0,0.0,2.0,13.0,1,2,3.0,2.0,2.0,1.0,0.0,77.0,1,0.0,1.0,2,3,4,0,0,0,0,4,0,0,0,0,4,2,0,2,0,1,0,0,0,3,3,30
200800032675,8,6,6,1,2,1,1.0,3.0,0.0,7.0,0.0,0.0,2.0,9.0,1,1,5.0,2.0,2.0,1.0,0.0,80.0,1,0.0,1.0,2,1,8,2,2,0,4,4,2,6,2,0,0,0,0,6,4,1,0,0,0,2,14,30
200900010717,9,3,21,3,1,1,5.0,4.0,0.0,17.0,0.0,0.0,2.0,2.0,1,1,1.0,3.0,4.0,0.0,20.0,70.0,-1,0.0,1.0,3,1,9,0,0,0,0,9,0,6,0,3,0,9,0,0,0,1,1,0,0,2,5,10
200500020028,5,4,25,1,2,1,1.0,1.0,0.0,7.0,0.0,0.0,2.0,13.0,1,-1,4.0,2.0,2.0,1.0,0.0,80.0,1,0.0,1.0,2,2,4,0,0,0,0,4,0,0,2,2,0,4,0,0,0,1,0,0,0,2,8,20
201100007760,11,11,9,3,1,1,1.0,4.0,0.0,7.0,0.0,0.0,2.0,1.0,1,1,3.0,2.0,2.0,1.0,0.0,70.0,1,0.0,1.0,3,2,6,3,0,0,0,9,0,0,3,0,6,3,0,6,0,1,0,0,0,3,20,0
200600011599,6,3,30,1,2,3,1.0,3.0,0.0,5.0,0.0,0.0,2.0,17.0,1,2,4.0,2.0,2.0,1.0,0.0,80.0,1,0.0,1.0,2,3,4,0,0,0,0,4,0,0,2,0,2,2,0,0,2,0,0,1,0,3,9,0
200600012305,6,3,18,5,2,1,1.0,6.0,0.0,7.0,0.0,0.0,2.0,1.0,1,1,4.0,2.0,3.0,1.0,0.0,105.0,1,0.0,3.0,2,1,4,2,0,0,0,6,0,4,2,0,0,2,0,4,0,1,0,0,0,2,20,50
200900028780,9,7,28,1,2,2,1.0,1.0,0.0,7.0,0.0,0.0,2.0,1.0,1,1,4.0,2.0,2.0,1.0,0.0,0.0,1,0.0,1.0,2,1,2,2,0,0,0,4,0,2,0,2,0,2,0,2,0,1,0,0,0,2,20,20
200800012002,8,3,6,5,2,2,1.0,6.0,0.0,2.0,0.0,0.0,2.0,1.0,1,2,3.0,2.0,2.0,1.0,0.0,38.0,1,0.0,1.0,2,2,4,0,0,0,0,4,2,0,2,0,0,0,2,0,2,1,0,0,0,2,21,35
200500037959,5,6,8,1,1,1,1.0,3.0,0.0,7.0,0.0,0.0,2.0,0.0,1,1,3.0,2.0,0.0,0.0,0.0,66.0,1,0.0,1.0,2,3,2,6,4,0,0,4,0,4,4,0,0,2,4,2,0,1,1,0,0,4,12,15
201200033369,12,7,8,2,2,1,1.0,6.0,0.0,7.0,0.0,2.0,0.0,0.0,1,1,4.0,3.0,2.0,1.0,0.0,0.0,1,0.0,3.0,1,3,4,0,2,0,1,1,0,3,1,0,0,2,0,2,0,1,0,0,0,3,6,0
201200015118,12,2,29,1,2,1,1.0,2.0,0.0,10.0,0.0,0.0,2.0,1.0,1,1,4.0,0.0,4.0,2.0,0.0,140.0,1,0.0,1.0,2,1,8,0,2,0,2,4,0,6,0,2,0,8,0,0,0,1,1,0,0,2,16,55
200900035669,9,9,17,3,1,1,9.0,7.0,0.0,31.0,0.0,13.0,0.0,1.0,1,2,3.0,2.0,0.0,0.0,0.0,61.0,1,0.0,0.0,1,3,1,0,0,0,0,1,0,0,0,0,1,1,0,0,0,0,0,0,0,3,6,15
200700012873,7,3,4,5,2,1,1.0,3.0,0.0,7.0,0.0,0.0,2.0,19.0,1,1,3.0,2.0,2.0,0.0,0.0,60.0,1,0.0,1.0,2,1,2,4,0,0,2,4,0,2,4,0,0,2,4,0,0,1,0,1,0,3,18,40
201000002060,10,7,22,1,1,1,1.0,3.0,0.0,7.0,0.0,0.0,2.0,15.0,1,1,3.0,2.0,2.0,4.0,0.0,0.0,-1,0.0,1.0,2,1,4,0,0,0,0,4,0,0,4,0,0,4,0,0,0,1,0,0,0,3,18,30
200600013885,6,3,24,5,2,1,2.0,4.0,0.0,4.0,0.0,0.0,2.0,17.0,1,2,4.0,2.0,4.0,1.0,0.0,120.0,1,0.0,1.0,3,3,9,0,0,0,0,9,3,0,3,3,0,9,0,0,0,1,1,0,0,3,19,10
201700033649,17,8,9,1,2,1,1.0,3.0,0.0,7.0,0.0,0.0,2.0,17.0,1,1,4.0,2.0,2.0,1.0,0.0,100.0,1,0.0,1.0,2,2,2,2,0,0,0,4,0,0,4,0,0,0,0,4,0,1,0,0,1,2,14,40
200700010138,7,2,23,1,2,2,1.0,6.0,0.0,7.0,0.0,0.0,1.0,15.0,1,1,4.0,2.0,2.0,1.0,0.0,60.0,1,0.0,1.0,1,1,0,2,0,1,0,1,0,0,2,0,0,1,0,0,1,1,0,0,0,2,11,15