Num_Acc,an,mois,jour,lum,agg,int,atm,col,senc,catv,occutc,obs,obsm,manv,catu,secu,catr,circ,nbv,prof,lartpc,larrout,surf,infra,situ,nb_veh,grav_simpl,Homme,Femme,Arrière,Autre_x,Avant,Conducteur,Autre_y,Inconnu,Loisirs,Professionnel,Travail,Adulte,Enfant,Jeune,Senior,choc_avant,choc_arriere,choc_lateral,choc_multiple,grav_order_max,heure,minute
201200028325,12,8,12,2,1,1,1.0,7.0,0.0,7.0,0.0,0.0,0.0,1.0,1,1,3.0,2.0,2.0,1.0,0.0,80.0,1,0.0,1.0,1,2,0,1,0,0,0,1,0,1,0,0,0,0,0,1,0,0,0,1,0,2,20,8
200900027211,9,10,20,5,2,5,1.0,2.0,0.0,7.0,0.0,0.0,2.0,2.0,1,1,4.0,1.0,1.0,1.0,0.0,0.0,1,0.0,1.0,2,1,2,2,0,0,0,4,0,2,0,0,2,2,0,2,0,1,1,0,0,2,19,40
201200013304,12,4,18,1,2,1,1.0,3.0,0.0,7.0,0.0,0.0,2.0,9.0,1,1,4.0,2.0,2.0,2.0,0.0,78.0,1,0.0,1.0,2,1,2,2,0,0,0,4,0,0,2,0,2,2,0,2,0,1,0,0,0,3,17,45
201500048879,15,11,2,1,2,2,1.0,3.0,0.0,1.0,0.0,0.0,2.0,1.0,1,-1,4.0,0.0,4.0,1.0,0.0,50.0,1,0.0,1.0,2,2,4,0,0,0,0,4,2,0,2,0,0,4,0,0,0,1,1,0,0,2,14,25
200600002176,6,1,9,1,2,3,1.0,6.0,0.0,7.0,0.0,0.0,2.0,16.0,1,1,9.0,2.0,1.0,2.0,0.0,57.0,1,0.0,1.0,2,1,2,6,2,0,2,4,4,4,0,0,0,4,2,2,0,1,0,0,0,2,13,48
201400021836,14,5,7,5,2,1,1.0,6.0,0.0,7.0,0.0,7.0,0.0,1.0,1,-1,4.0,1.0,1.0,1.0,10.0,76.0,1,0.0,1.0,1,2,1,0,0,0,0,1,0,1,0,0,0,0,0,1,0,1,0,0,0,2,1,49
200700012409,7,3,9,1,2,1,1.0,3.0,0.0,7.0,0.0,0.0,2.0,15.0,1,1,3.0,2.0,3.0,1.0,0.0,95.0,1,0.0,5.0,2,1,4,0,0,0,0,4,0,0,0,2,2,2,0,2,0,1,0,0,0,3,17,0
201500001981,15,7,21,1,1,1,1.0,1.0,0.0,7.0,0.0,0.0,2.0,13.0,1,1,3.0,2.0,2.0,0.0,0.0,44.0,1,0.0,1.0,2,2,2,2,0,0,0,4,0,0,0,0,4,4,0,0,0,1,0,0,0,3,12,45
200800011662,8,3,14,5,2,1,1.0,6.0,0.0,30.0,0.0,0.0,2.0,17.0,1,0,4.0,2.0,2.0,2.0,0.0,60.0,1,0.0,1.0,2,3,6,0,2,0,0,4,2,4,0,0,0,6,0,0,0,0,1,0,0,3,22,0
200800060151,8,10,29,1,2,6,5.0,6.0,0.0,7.0,0.0,0.0,1.0,0.0,1,1,3.0,0.0,2.0,1.0,0.0,0.0,-1,0.0,0.0,1,1,1,1,0,1,0,1,0,0,0,0,2,2,0,0,0,1,0,0,0,2,8,45
200500071118,5,11,10,1,2,1,1.0,3.0,0.0,7.0,0.0,0.0,2.0,19.0,1,1,3.0,2.0,2.0,1.0,0.0,120.0,1,0.0,1.0,2,1,2,2,0,0,0,4,2,0,0,0,2,2,0,2,0,1,0,0,0,2,16,15
201200021387,12,10,12,2,1,2,5.0,3.0,0.0,7.0,0.0,0.0,2.0,6.0,1,1,3.0,2.0,2.0,0.0,0.0,40.0,1,5.0,1.0,2,3,2,2,0,0,0,4,0,0,0,0,4,4,0,0,0,1,0,1,0,3,6,45
201700032804,17,9,25,3,2,1,1.0,3.0,2.0,7.0,0.0,0.0,2.0,19.0,1,1,2.0,2.0,2.0,1.0,0.0,72.0,1,0.0,1.0,2,3,2,2,0,0,0,4,2,0,2,0,0,2,0,2,0,1,0,1,0,3,6,0
200700053586,7,9,7,1,2,1,1.0,3.0,0.0,7.0,0.0,0.0,2.0,19.0,1,1,4.0,2.0,0.0,1.0,0.0,82.0,1,0.0,1.0,2,1,0,4,0,0,0,4,0,0,4,0,0,0,0,2,2,1,0,0,0,3,16,15
200800056939,8,10,14,1,2,1,1.0,3.0,0.0,7.0,0.0,0.0,2.0,0.0,1,1,4.0,1.0,1.0,1.0,0.0,0.0,1,0.0,1.0,2,1,2,2,0,0,0,4,0,2,0,0,2,2,0,2,0,1,0,1,0,2,8,30
201100004475,11,12,27,1,1,9,1.0,5.0,0.0,7.0,0.0,0.0,0.0,1.0,1,1,3.0,2.0,0.0,1.0,0.0,0.0,1,0.0,1.0,3,1,6,3,0,0,0,9,0,0,6,3,0,3,0,3,3,1,1,0,1,2,15,30
201600018373,16,1,5,1,1,1,3.0,6.0,1.0,7.0,0.0,0.0,1.0,17.0,1,1,3.0,2.0,2.0,1.0,0.0,70.0,1,0.0,1.0,1,1,1,1,0,1,0,1,0,0,2,0,0,1,0,0,1,1,0,0,0,3,14,0
201500004856,15,2,12,5,2,1,1.0,3.0,0.0,7.0,0.0,0.0,2.0,19.0,1,1,2.0,2.0,2.0,1.0,0.0,63.0,1,0.0,1.0,2,1,2,2,0,0,0,4,0,0,0,0,4,4,0,0,0,1,0,0,0,2,19,15
201100025225,11,12,17,1,1,6,1.0,2.0,0.0,7.0,0.0,0.0,2.0,1.0,1,1,4.0,2.0,2.0,1.0,0.0,0.0,1,0.0,1.0,2,2,2,2,0,0,0,4,0,4,0,0,0,4,0,0,0,1,1,0,0,2,12,30
200600058699,6,10,7,1,1,1,1.0,7.0,0.0,7.0,0.0,13.0,0.0,0.0,1,1,3.0,0.0,1.0,1.0,0.0,48.0,1,0.0,3.0,1,3,0,1,0,0,0,1,0,0,0,0,1,0,0,1,0,1,0,0,0,3,12,45
200600056219,6,9,27,1,2,2,1.0,3.0,0.0,4.0,0.0,0.0,2.0,12.0,1,2,4.0,1.0,2.0,1.0,0.0,60.0,1,0.0,1.0,2,1,4,0,0,0,0,4,0,0,0,4,0,4,0,0,0,1,1,0,0,2,11,0
201100032335,11,2,8,1,2,9,1.0,2.0,0.0,2.0,0.0,0.0,2.0,1.0,1,2,6.0,0.0,0.0,1.0,0.0,58.0,1,0.0,1.0,2,1,4,0,0,0,0,4,2,0,2,0,0,0,0,4,0,1,0,1,0,2,10,47
200600052069,6,9,14,3,1,1,3.0,5.0,0.0,17.0,0.0,0.0,0.0,10.0,1,-1,2.0,2.0,0.0,0.0,0.0,110.0,1,0.0,1.0,3,1,9,0,0,0,0,9,0,0,6,3,0,9,0,0,0,1,0,1,0,4,21,0
201700002979,17,3,30,1,2,2,1.0,3.0,0.0,7.0,0.0,0.0,2.0,1.0,1,1,4.0,2.0,2.0,1.0,0.0,140.0,1,0.0,1.0,2,2,0,4,0,0,0,4,0,0,4,0,0,4,0,0,0,1,0,0,0,2,18,0
201500005979,15,12,5,3,1,1,1.0,7.0,0.0,7.0,0.0,0.0,0.0,1.0,1,-1,3.0,2.0,0.0,1.0,0.0,70.0,1,0.0,1.0,1,1,0,2,0,0,1,1,0,1,1,0,0,1,0,1,0,0,0,0,1,3,21,30
201500019284,15,12,29,5,2,1,1.0,3.0,0.0,7.0,0.0,0.0,0.0,15.0,1,1,4.0,2.0,4.0,1.0,0.0,280.0,1,0.0,1.0,2,2,0,6,0,0,2,4,0,0,6,0,0,2,0,4,0,1,0,0,0,2,21,50
201000020570,10,2,24,5,2,3,1.0,7.0,0.0,7.0,0.0,1.0,0.0,0.0,1,1,4.0,2.0,2.0,2.0,0.0,60.0,1,0.0,1.0,2,1,4,0,0,0,0,4,0,0,4,0,0,0,0,4,0,0,0,1,0,2,20,40
200800067419,8,11,1,1,1,1,2.0,6.0,0.0,7.0,0.0,13.0,0.0,0.0,1,1,2.0,3.0,4.0,1.0,25.0,140.0,1,0.0,3.0,1,2,1,0,0,0,0,1,0,1,0,0,0,1,0,0,0,0,0,1,0,2,15,40
201200057176,12,6,13,1,2,4,1.0,6.0,0.0,7.0,0.0,0.0,1.0,1.0,1,1,4.0,2.0,2.0,2.0,0.0,54.0,1,0.0,1.0,1,1,2,0,0,1,0,1,0,0,1,0,1,0,1,1,0,1,0,0,0,2,15,15
200900012930,9,7,31,1,2,1,1.0,3.0,0.0,7.0,0.0,0.0,2.0,11.0,1,1,4.0,1.0,1.0,2.0,15.0,35.0,1,3.0,1.0,2,1,4,0,0,0,0,4,0,0,0,0,4,2,0,2,0,1,1,0,0,2,17,20
201100006343,11,7,28,1,1,1,1.0,2.0,0.0,1.0,0.0,0.0,2.0,2.0,1,2,3.0,3.0,3.0,2.0,0.0,120.0,1,0.0,1.0,2,3,4,0,0,0,0,4,2,0,2,0,0,2,0,0,2,1,1,0,0,3,18,45
201100025370,11,7,8,1,1,1,1.0,1.0,0.0,7.0,0.0,0.0,0.0,15.0,1,1,3.0,2.0,2.0,2.0,0.0,0.0,1,5.0,1.0,2,1,2,2,0,0,0,4,2,0,0,0,2,4,0,0,0,1,0,1,0,3,8,30
201600045730,16,5,22,3,1,1,2.0,6.0,2.0,7.0,0.0,4.0,0.0,2.0,1,1,1.0,1.0,2.0,4.0,15.0,70.0,1,0.0,1.0,1,2,1,0,0,0,0,1,0,0,1,0,0,0,0,1,0,0,0,0,1,2,21,30
201300051036,13,10,25,1,2,2,8.0,2.0,0.0,31.0,0.0,0.0,2.0,2.0,1,2,4.0,1.0,4.0,1.0,10.0,75.0,1,0.0,5.0,2,2,4,0,0,0,0,4,0,0,0,0,4,2,0,2,0,1,0,1,0,2,8,49
201200029902,12,10,9,1,2,2,2.0,3.0,0.0,30.0,0.0,0.0,2.0,1.0,1,2,4.0,2.0,2.0,2.0,0.0,0.0,1,0.0,1.0,2,2,2,2,0,0,0,4,4,0,0,0,0,2,2,0,0,1,0,0,0,2,8,40
200800021366,8,4,14,1,2,1,1.0,3.0,0.0,33.0,0.0,0.0,2.0,17.0,1,2,4.0,2.0,2.0,1.0,0.0,66.0,-1,0.0,1.0,2,3,2,2,0,0,0,4,0,2,0,0,2,2,0,2,0,1,0,0,0,3,7,20
200500060606,5,9,28,1,2,1,1.0,3.0,0.0,7.0,0.0,0.0,2.0,11.0,1,1,3.0,2.0,4.0,1.0,15.0,140.0,1,0.0,1.0,2,1,2,2,0,0,0,4,0,0,2,0,2,0,2,2,0,1,0,1,0,3,9,20
200700032210,7,6,7,1,1,9,1.0,3.0,0.0,33.0,0.0,0.0,2.0,17.0,1,2,3.0,2.0,2.0,2.0,0.0,66.0,1,0.0,1.0,2,3,2,2,0,0,0,4,0,2,0,2,0,2,0,2,0,1,0,0,0,3,16,0
200600000075,6,1,14,5,2,1,1.0,6.0,1.0,7.0,0.0,0.0,1.0,0.0,3,-1,4.0,2.0,2.0,1.0,0.0,68.0,-1,0.0,1.0,1,2,1,0,0,1,0,0,0,0,1,0,0,0,0,1,0,0,0,0,0,2,18,45
200800006938,8,2,20,1,1,1,1.0,3.0,0.0,7.0,0.0,0.0,2.0,13.0,1,1,3.0,2.0,2.0,2.0,0.0,0.0,1,0.0,1.0,2,4,2,2,0,0,0,4,0,0,2,0,2,2,0,0,2,1,0,1,0,4,9,45
201000043488,10,5,15,5,1,1,1.0,7.0,0.0,7.0,0.0,2.0,0.0,1.0,1,0,4.0,2.0,2.0,1.0,0.0,0.0,1,0.0,3.0,1,3,4,1,3,0,1,1,0,0,5,0,0,0,0,5,0,0,0,1,0,4,3,10
200800050487,8,9,29,1,2,1,7.0,4.0,0.0,10.0,0.0,0.0,2.0,2.0,1,-1,3.0,3.0,2.0,1.0,0.0,60.0,1,0.0,1.0,3,1,3,12,0,0,6,9,0,6,6,3,0,3,3,9,0,1,1,0,0,2,17,35
200500059613,5,9,20,1,2,1,1.0,6.0,0.0,7.0,0.0,0.0,2.0,4.0,1,1,4.0,2.0,2.0,1.0,0.0,40.0,1,0.0,1.0,2,1,2,4,0,0,2,4,4,2,0,0,0,4,0,2,0,1,1,0,0,2,19,35
201100009977,11,12,20,3,1,1,2.0,1.0,0.0,7.0,0.0,0.0,2.0,1.0,1,1,3.0,2.0,2.0,2.0,0.0,66.0,1,0.0,1.0,2,2,8,4,4,0,4,4,0,0,12,0,0,8,4,0,0,1,0,0,0,3,19,15
200700001196,7,1,26,3,1,4,1.0,3.0,0.0,7.0,0.0,0.0,2.0,11.0,1,-1,3.0,2.0,0.0,1.0,0.0,0.0,1,5.0,1.0,2,3,4,0,0,0,0,4,0,0,2,2,0,2,0,0,2,1,0,1,0,3,18,0
201100036649,11,11,22,2,2,1,2.0,6.0,0.0,30.0,0.0,1.0,0.0,1.0,1,2,4.0,2.0,2.0,1.0,0.0,74.0,1,0.0,1.0,2,3,4,0,0,0,0,4,0,2,0,0,2,0,0,2,2,1,0,1,0,3,17,50
200600078273,6,12,3,1,2,1,2.0,7.0,0.0,4.0,0.0,0.0,0.0,21.0,1,2,4.0,1.0,4.0,1.0,0.0,120.0,1,0.0,1.0,1,2,1,0,0,0,0,1,0,0,1,0,0,1,0,0,0,0,0,0,0,2,12,20
201100007189,11,10,11,1,2,1,1.0,3.0,0.0,30.0,0.0,0.0,2.0,1.0,1,2,3.0,3.0,2.0,1.0,73.0,11.0,1,0.0,1.0,2,2,2,2,0,0,0,4,4,0,0,0,0,0,0,0,4,0,0,1,0,2,9,15
200500060163,5,9,25,1,2,2,1.0,3.0,0.0,7.0,0.0,0.0,2.0,16.0,1,1,4.0,1.0,1.0,1.0,0.0,30.0,1,0.0,1.0,2,1,4,2,2,0,0,4,0,2,2,2,0,4,2,0,0,1,0,0,0,2,18,30
201000012038,10,8,30,1,1,3,2.0,3.0,0.0,7.0,0.0,0.0,2.0,15.0,1,1,3.0,2.0,2.0,1.0,0.0,65.0,1,0.0,1.0,2,1,2,2,0,0,0,4,0,0,4,0,0,2,0,2,0,1,0,0,0,2,9,15
200900026264,9,7,1,4,2,1,1.0,7.0,0.0,7.0,0.0,13.0,0.0,16.0,1,1,3.0,2.0,2.0,1.0,0.0,64.0,1,0.0,3.0,1,3,1,0,0,0,0,1,0,0,1,0,0,0,0,1,0,1,0,0,0,3,23,20
201200051756,12,3,2,1,1,1,1.0,2.0,0.0,7.0,0.0,0.0,0.0,2.0,1,1,1.0,3.0,8.0,1.0,15.0,280.0,1,0.0,1.0,2,1,2,8,4,0,2,4,0,0,10,0,0,4,4,2,0,1,1,0,0,2,17,15
201300039970,13,11,2,1,2,1,2.0,6.0,0.0,7.0,0.0,0.0,1.0,1.0,1,-1,3.0,1.0,2.0,1.0,0.0,70.0,1,0.0,1.0,1,1,2,0,0,1,0,1,1,1,0,0,0,1,0,0,1,1,0,0,0,2,9,20
201700013490,17,10,30,1,2,1,1.0,6.0,2.0,2.0,0.0,0.0,5.0,1.0,1,-1,3.0,2.0,2.0,1.0,0.0,62.0,1,0.0,1.0,1,3,0,1,0,0,0,1,0,0,1,0,0,1,0,0,0,1,0,0,0,3,17,40
200600014413,6,3,9,5,2,1,1.0,6.0,0.0,7.0,0.0,0.0,1.0,1.0,1,1,3.0,3.0,4.0,1.0,15.0,150.0,1,0.0,1.0,1,1,2,0,0,1,0,1,0,0,2,0,0,0,0,2,0,1,0,0,0,2,22,0
200700056831,7,9,22,5,2,1,1.0,6.0,0.0,7.0,0.0,0.0,2.0,1.0,1,1,4.0,2.0,2.0,1.0,0.0,35.0,1,0.0,1.0,1,2,1,0,0,0,0,1,0,0,1,0,0,0,0,0,1,1,0,0,0,2,23,0
200700002542,7,1,8,1,2,2,1.0,3.0,0.0,7.0,0.0,0.0,2.0,1.0,1,1,4.0,2.0,3.0,1.0,0.0,110.0,1,0.0,1.0,2,1,2,4,0,0,2,4,4,2,0,0,0,4,0,2,0,1,0,1,0,2,13,50
201000001496,10,3,2,1,1,1,1.0,3.0,0.0,33.0,0.0,0.0,2.0,17.0,1,2,3.0,2.0,2.0,1.0,0.0,70.0,1,0.0,1.0,2,3,4,0,0,0,0,4,0,0,0,0,4,2,0,2,0,1,0,1,0,3,17,15
201300046650,13,11,24,4,1,1,1.0,2.0,0.0,7.0,0.0,0.0,2.0,2.0,1,-1,1.0,3.0,6.0,1.0,0.0,0.0,1,0.0,1.0,2,2,4,0,0,0,0,4,0,4,0,0,0,4,0,0,0,1,1,0,0,2,3,25
200700048004,7,8,4,1,2,1,1.0,3.0,0.0,2.0,0.0,0.0,2.0,1.0,1,2,3.0,2.0,0.0,0.0,60.0,0.0,1,0.0,1.0,2,3,6,2,0,0,4,4,0,4,4,0,0,0,4,0,4,1,0,1,0,3,15,0
200800067084,8,11,7,1,2,2,2.0,3.0,0.0,7.0,0.0,0.0,2.0,15.0,1,1,4.0,2.0,2.0,1.0,0.0,50.0,1,0.0,1.0,2,1,2,2,0,0,0,4,0,0,4,0,0,4,0,0,0,1,0,1,0,3,8,20
201200012861,12,10,31,5,2,2,1.0,6.0,0.0,1.0,0.0,0.0,2.0,15.0,1,-1,3.0,2.0,2.0,2.0,0.0,-1.0,1,5.0,1.0,2,3,4,0,0,0,0,4,0,4,0,0,0,0,2,0,2,1,0,0,0,3,22,40
200600072090,6,11,14,1,1,1,1.0,6.0,0.0,33.0,0.0,14.0,0.0,0.0,1,2,3.0,0.0,0.0,0.0,0.0,60.0,1,0.0,1.0,1,2,1,0,0,0,0,1,0,0,0,0,1,1,0,0,0,1,0,0,0,2,11,30
200500045859,5,7,18,1,2,2,1.0,3.0,0.0,7.0,0.0,0.0,2.0,15.0,1,1,4.0,2.0,2.0,1.0,0.0,60.0,1,0.0,1.0,2,1,2,2,0,0,0,4,0,0,0,4,0,2,0,2,0,1,0,0,0,2,14,30
200500023690,5,4,20,5,2,1,1.0,3.0,0.0,7.0,0.0,0.0,2.0,15.0,1,1,3.0,2.0,2.0,1.0,0.0,93.0,1,0.0,1.0,2,1,4,2,0,0,2,4,0,2,4,0,0,2,0,4,0,1,0,1,0,3,23,30
200500032485,5,6,23,1,2,1,1.0,6.0,0.0,7.0,0.0,0.0,1.0,21.0,1,1,4.0,3.0,4.0,1.0,45.0,100.0,1,0.0,1.0,1,1,2,1,0,2,0,1,0,0,2,1,0,1,0,2,0,1,0,0,0,2,14,0
201500042574,15,10,30,1,2,1,1.0,6.0,0.0,7.0,0.0,0.0,1.0,4.0,1,-1,6.0,1.0,1.0,1.0,0.0,0.0,1,0.0,1.0,1,1,1,1,0,1,0,1,0,1,1,0,0,2,0,0,0,0,1,0,0,2,13,30
200700043646,7,7,1,1,2,6,1.0,6.0,0.0,7.0,0.0,0.0,1.0,16.0,1,1,4.0,2.0,2.0,1.0,0.0,50.0,1,0.0,0.0,1,1,2,0,0,1,0,1,0,0,2,0,0,1,0,0,1,1,0,0,0,2,11,35
200600076501,6,12,20,3,2,1,1.0,2.0,0.0,7.0,0.0,0.0,2.0,2.0,1,1,4.0,2.0,4.0,1.0,0.0,120.0,1,0.0,1.0,2,2,2,2,0,0,0,4,0,0,4,0,0,4,0,0,0,1,1,0,0,2,18,25
200700049430,7,8,14,1,1,1,3.0,4.0,0.0,7.0,0.0,0.0,2.0,2.0,1,1,3.0,3.0,4.0,2.0,0.0,60.0,1,0.0,1.0,4,1,0,12,0,0,0,12,0,4,8,0,0,8,0,0,4,1,1,0,0,2,14,45
200900016838,9,5,3,2,1,1,1.0,7.0,0.0,7.0,0.0,13.0,0.0,1.0,1,1,3.0,2.0,2.0,0.0,0.0,70.0,1,0.0,3.0,1,3,2,0,1,0,0,1,0,1,1,0,0,0,0,2,0,1,0,0,0,3,7,30
201100059576,11,1,20,5,2,5,1.0,7.0,0.0,30.0,0.0,0.0,0.0,1.0,1,2,4.0,1.0,3.0,1.0,0.0,0.0,1,0.0,1.0,1,1,1,1,0,0,1,1,0,1,1,0,0,2,0,0,0,0,0,1,0,2,0,40
201700009932,17,6,30,5,2,3,1.0,3.0,1.0,31.0,0.0,0.0,2.0,1.0,1,2,4.0,2.0,8.0,1.0,200.0,240.0,1,0.0,1.0,2,2,4,0,0,0,0,4,0,0,4,0,0,4,0,0,0,1,0,0,0,2,1,5
201100016872,11,5,31,1,1,1,1.0,6.0,0.0,7.0,0.0,3.0,0.0,14.0,1,1,1.0,3.0,3.0,1.0,0.0,0.0,1,0.0,3.0,1,4,1,1,0,0,1,1,0,1,1,0,0,0,0,0,2,0,0,0,1,4,16,0
200600017245,6,4,30,1,1,1,1.0,2.0,0.0,33.0,0.0,0.0,2.0,1.0,1,2,3.0,2.0,2.0,3.0,0.0,68.0,1,0.0,1.0,2,3,4,0,0,0,0,4,0,0,4,0,0,2,0,2,0,1,1,0,0,3,10,30
201600044240,16,12,14,1,2,1,1.0,3.0,1.0,32.0,0.0,0.0,2.0,1.0,1,2,3.0,1.0,1.0,1.0,0.0,-1.0,1,0.0,1.0,2,2,4,2,0,0,2,4,0,0,6,0,0,2,0,0,4,1,0,0,0,2,11,5
200600066188,6,11,7,1,2,1,1.0,3.0,0.0,7.0,0.0,0.0,2.0,2.0,1,1,4.0,3.0,4.0,1.0,0.0,60.0,1,0.0,1.0,2,1,6,0,2,0,0,4,0,2,0,2,2,4,0,0,2,0,0,1,0,2,11,40
200700016934,7,3,30,1,2,1,1.0,2.0,0.0,14.0,0.0,0.0,2.0,1.0,1,-1,3.0,3.0,4.0,1.0,0.0,0.0,1,0.0,1.0,2,1,2,2,0,0,0,4,0,0,2,2,0,0,0,2,2,1,1,0,0,2,10,50
201200028854,12,5,11,1,2,1,1.0,6.0,1.0,7.0,0.0,1.0,1.0,0.0,3,-1,4.0,0.0,0.0,0.0,0.0,0.0,-1,0.0,1.0,1,2,0,1,0,1,0,0,1,0,0,0,0,1,0,0,0,0,0,0,0,2,16,45
201200002016,12,10,21,1,1,1,8.0,6.0,0.0,7.0,0.0,6.0,0.0,1.0,1,1,3.0,2.0,2.0,1.0,0.0,60.0,-1,0.0,0.0,1,3,0,1,0,0,0,1,0,0,1,0,0,0,0,1,0,1,0,0,0,3,16,0
200500024330,5,4,30,3,1,1,1.0,7.0,0.0,5.0,0.0,0.0,0.0,1.0,1,2,3.0,2.0,1.0,1.0,0.0,60.0,1,0.0,3.0,1,3,1,0,0,0,0,1,0,0,1,0,0,1,0,0,0,1,0,0,0,3,0,1
201600036408,16,9,9,1,2,1,1.0,6.0,0.0,7.0,0.0,0.0,1.0,1.0,1,1,4.0,2.0,2.0,2.0,0.0,50.0,1,0.0,1.0,1,1,2,0,0,1,0,1,1,1,0,0,0,0,1,0,1,1,0,0,0,2,17,6
201400044853,14,5,19,1,2,1,1.0,3.0,0.0,1.0,0.0,0.0,2.0,19.0,1,-1,3.0,2.0,2.0,1.0,0.0,120.0,1,0.0,1.0,2,3,4,0,0,0,0,4,0,0,0,2,2,4,0,0,0,1,0,1,0,3,18,10
201500011127,15,11,2,1,2,2,1.0,3.0,0.0,10.0,0.0,0.0,2.0,1.0,1,1,4.0,2.0,2.0,1.0,0.0,74.0,1,0.0,1.0,2,1,4,0,0,0,0,4,0,2,0,2,0,4,0,0,0,1,0,0,0,3,12,10
200500027622,5,5,18,1,2,1,1.0,2.0,0.0,7.0,0.0,0.0,2.0,1.0,1,1,4.0,2.0,2.0,1.0,0.0,0.0,1,0.0,1.0,2,1,2,2,0,0,0,4,0,4,0,0,0,4,0,0,0,1,1,0,0,2,17,30
200900005128,9,3,5,1,2,1,1.0,6.0,0.0,7.0,0.0,0.0,1.0,1.0,1,1,3.0,2.0,2.0,1.0,0.0,56.0,1,0.0,1.0,1,2,1,1,0,1,0,1,1,0,0,0,1,1,1,0,0,1,0,0,0,2,13,45
201300047566,13,6,9,1,1,1,1.0,3.0,0.0,7.0,0.0,0.0,2.0,1.0,1,1,2.0,3.0,6.0,1.0,20.0,215.0,1,0.0,1.0,2,1,6,0,0,0,2,4,4,2,0,0,0,2,2,2,0,1,0,0,0,2,11,54
201200017672,12,1,10,3,1,1,1.0,3.0,0.0,7.0,0.0,0.0,2.0,13.0,1,1,3.0,2.0,2.0,1.0,0.0,56.0,1,0.0,1.0,2,1,8,0,2,0,2,4,0,4,4,0,0,2,0,6,0,1,0,1,0,3,21,15
201200054108,12,9,21,5,2,5,1.0,7.0,0.0,32.0,0.0,0.0,0.0,1.0,1,2,4.0,1.0,3.0,1.0,0.0,90.0,1,0.0,1.0,1,2,1,0,0,0,0,1,0,1,0,0,0,1,0,0,0,0,0,0,0,2,21,47
200600046476,6,8,20,1,1,1,1.0,7.0,0.0,33.0,0.0,13.0,0.0,1.0,1,2,3.0,2.0,2.0,2.0,0.0,68.0,1,0.0,1.0,1,3,1,0,0,0,0,1,0,0,1,0,0,1,0,0,0,1,0,0,0,3,11,0
201300050905,13,11,24,5,2,1,1.0,3.0,0.0,10.0,0.0,0.0,2.0,1.0,1,1,4.0,2.0,0.0,1.0,0.0,150.0,1,0.0,1.0,2,1,2,4,0,0,2,4,2,0,4,0,0,4,2,0,0,0,0,1,0,2,18,45
201000048098,10,1,18,1,2,1,1.0,6.0,0.0,7.0,0.0,0.0,1.0,4.0,1,1,4.0,2.0,2.0,2.0,0.0,64.0,1,6.0,1.0,1,1,1,1,0,1,0,1,0,0,2,0,0,0,0,1,1,0,1,0,0,2,11,20
200700035733,7,6,13,1,2,1,1.0,6.0,0.0,7.0,0.0,1.0,1.0,4.0,1,1,4.0,2.0,2.0,1.0,0.0,75.0,1,0.0,1.0,1,1,1,1,0,1,0,1,1,0,1,0,0,1,0,1,0,0,1,0,0,3,14,45
201000028332,10,9,14,1,2,1,1.0,3.0,0.0,7.0,0.0,0.0,2.0,15.0,1,-1,4.0,1.0,2.0,1.0,0.0,85.0,1,0.0,1.0,2,1,2,4,0,0,2,4,0,2,4,0,0,2,2,0,2,1,0,1,0,2,19,10
200800048874,8,9,22,1,1,1,1.0,2.0,0.0,7.0,0.0,0.0,2.0,17.0,1,1,3.0,2.0,2.0,1.0,0.0,0.0,1,0.0,1.0,2,1,4,0,0,0,0,4,0,0,2,0,2,2,2,0,0,1,1,0,0,3,8,30
200700024651,7,4,11,1,2,1,1.0,7.0,0.0,7.0,0.0,0.0,1.0,1.0,1,-1,4.0,2.0,2.0,1.0,0.0,70.0,1,0.0,1.0,1,1,0,2,0,1,0,1,0,0,1,0,1,0,1,1,0,1,0,0,0,2,13,10
200700063474,7,10,5,5,2,1,9.0,1.0,0.0,30.0,0.0,0.0,2.0,2.0,1,2,4.0,2.0,2.0,0.0,0.0,0.0,1,0.0,5.0,2,1,4,0,0,0,0,4,2,0,0,0,2,2,2,0,0,1,0,0,0,2,21,35
201300050173,13,2,7,1,2,2,8.0,6.0,0.0,34.0,0.0,11.0,0.0,17.0,1,2,4.0,1.0,4.0,1.0,0.0,100.0,1,5.0,1.0,1,2,1,0,0,0,0,1,0,0,0,1,0,0,0,1,0,1,0,0,0,2,14,5
200700070779,7,11,17,1,2,1,1.0,6.0,0.0,7.0,0.0,0.0,1.0,2.0,1,-1,4.0,0.0,2.0,0.0,0.0,72.0,1,0.0,1.0,1,1,1,1,0,1,0,1,1,0,1,0,0,0,1,0,1,1,0,0,0,2,12,40
200600014814,6,3,29,1,2,1,1.0,3.0,0.0,7.0,0.0,0.0,0.0,9.0,1,1,3.0,2.0,2.0,4.0,19.0,103.0,1,0.0,1.0,2,1,2,4,0,0,2,4,0,6,0,0,0,2,0,4,0,1,0,1,0,2,18,10
201000044052,10,3,24,5,2,1,1.0,6.0,0.0,31.0,0.0,1.0,0.0,1.0,1,2,4.0,1.0,1.0,1.0,0.0,40.0,1,0.0,1.0,1,2,1,0,0,0,0,1,0,0,1,0,0,1,0,0,0,0,1,0,0,2,21,5
201000032128,10,4,26,1,2,4,1.0,4.0,0.0,7.0,0.0,0.0,2.0,2.0,1,1,3.0,2.0,2.0,1.0,0.0,70.0,1,0.0,1.0,3,1,0,12,0,0,3,9,0,9,3,0,0,9,0,3,0,1,1,0,0,2,19,35