Num_Acc,an,mois,jour,lum,agg,int,atm,col,senc,catv,occutc,obs,obsm,manv,catu,secu,catr,circ,nbv,prof,lartpc,larrout,surf,infra,situ,nb_veh,grav_simpl,Homme,Femme,Arrière,Autre_x,Avant,Conducteur,Autre_y,Inconnu,Loisirs,Professionnel,Travail,Adulte,Enfant,Jeune,Senior,choc_avant,choc_arriere,choc_lateral,choc_multiple,grav_order_max,heure,minute
200800031590,8,6,14,1,2,9,1.0,6.0,0.0,7.0,0.0,0.0,2.0,15.0,1,1,4.0,2.0,2.0,1.0,0.0,82.0,1,0.0,1.0,2,1,4,0,0,0,0,4,0,0,4,0,0,2,0,2,0,1,0,1,0,2,14,5
200700043057,7,7,22,5,2,1,1.0,1.0,0.0,2.0,0.0,0.0,2.0,15.0,1,2,4.0,2.0,2.0,1.0,0.0,60.0,1,0.0,1.0,2,1,4,2,0,0,2,4,0,2,4,0,0,0,4,2,0,1,0,0,0,3,0,20
200800072284,8,12,15,5,2,2,1.0,6.0,0.0,7.0,0.0,0.0,1.0,1.0,1,1,4.0,2.0,2.0,1.0,0.0,80.0,1,0.0,0.0,1,1,1,1,0,1,0,1,1,0,0,0,1,0,0,1,1,1,0,0,0,3,7,35
200700007106,7,2,5,1,1,1,1.0,4.0,0.0,3.0,0.0,0.0,2.0,1.0,1,-1,3.0,4.0,0.0,1.0,0.0,0.0,1,5.0,1.0,3,2,6,6,0,0,3,9,0,3,3,6,0,12,0,0,0,1,1,0,0,2,11,40
200800066939,8,11,20,1,2,1,1.0,3.0,0.0,7.0,0.0,0.0,2.0,17.0,1,-1,4.0,2.0,2.0,1.0,0.0,73.0,1,0.0,1.0,2,1,4,2,0,0,2,4,0,4,0,0,2,0,2,4,0,1,1,0,0,2,13,10
200700063835,7,10,27,1,2,1,1.0,6.0,0.0,7.0,0.0,6.0,0.0,13.0,1,1,3.0,1.0,1.0,2.0,0.0,70.0,1,0.0,4.0,1,2,0,1,0,0,0,1,0,0,1,0,0,0,0,1,0,1,0,0,0,2,14,0
200600068598,6,11,6,1,2,1,1.0,6.0,0.0,7.0,0.0,0.0,1.0,1.0,1,1,4.0,2.0,3.0,1.0,0.0,90.0,1,0.0,1.0,1,1,2,0,0,1,0,1,0,0,1,1,0,2,0,0,0,1,0,0,0,2,15,10
201200052082,12,1,19,2,2,1,1.0,6.0,0.0,31.0,0.0,0.0,1.0,18.0,1,2,4.0,1.0,2.0,1.0,0.0,0.0,1,0.0,5.0,1,2,1,2,0,2,0,1,0,0,0,0,3,2,0,1,0,1,0,0,0,2,7,50
200800013965,8,3,15,5,2,9,3.0,2.0,0.0,7.0,0.0,0.0,2.0,1.0,1,1,3.0,2.0,2.0,1.0,0.0,60.0,1,0.0,1.0,2,1,2,2,0,0,0,4,0,0,4,0,0,2,0,2,0,1,1,0,0,2,20,45
201300002411,13,8,14,1,2,1,1.0,3.0,0.0,7.0,0.0,0.0,2.0,15.0,1,1,3.0,2.0,2.0,0.0,0.0,117.0,1,0.0,1.0,2,1,4,0,0,0,0,4,0,4,0,0,0,0,0,4,0,1,0,1,0,2,13,15
201500040885,15,1,5,5,2,3,1.0,3.0,0.0,7.0,0.0,0.0,2.0,15.0,1,1,3.0,2.0,2.0,1.0,0.0,60.0,1,0.0,1.0,2,1,2,2,0,0,0,4,0,0,2,2,0,2,0,2,0,1,0,1,0,2,7,30
201400029027,14,11,28,5,2,1,8.0,6.0,0.0,7.0,0.0,8.0,0.0,6.0,1,1,3.0,2.0,2.0,2.0,10.0,94.0,1,0.0,1.0,1,3,0,1,0,0,0,1,0,0,1,0,0,0,0,0,1,1,0,0,0,3,7,5
201600046016,16,7,29,1,1,1,1.0,2.0,2.0,7.0,0.0,0.0,2.0,1.0,1,1,2.0,3.0,4.0,1.0,0.0,-1.0,1,0.0,1.0,2,1,2,2,0,0,0,4,0,0,0,0,4,4,0,0,0,1,1,0,0,2,8,59
200900036910,9,9,17,1,2,1,1.0,3.0,0.0,30.0,0.0,0.0,2.0,5.0,1,2,4.0,2.0,2.0,1.0,0.0,0.0,1,0.0,1.0,2,2,4,0,0,0,0,4,0,0,4,0,0,0,0,4,0,1,0,0,0,2,14,20
201400038503,14,9,29,1,2,1,2.0,6.0,0.0,7.0,0.0,8.0,0.0,1.0,1,-1,4.0,2.0,2.0,1.0,0.0,0.0,1,0.0,1.0,1,2,0,1,0,0,0,1,0,1,0,0,0,0,0,1,0,0,0,1,0,2,8,30
200600000510,6,1,9,1,2,1,1.0,6.0,0.0,2.0,0.0,0.0,2.0,11.0,1,2,4.0,2.0,3.0,1.0,0.0,90.0,1,0.0,1.0,2,2,4,0,0,0,0,4,0,4,0,0,0,2,0,2,0,1,0,0,0,2,15,30
201500051019,15,1,15,5,2,1,8.0,7.0,0.0,30.0,0.0,0.0,0.0,1.0,1,2,4.0,2.0,5.0,1.0,0.0,120.0,1,0.0,1.0,1,2,1,0,0,0,0,1,0,1,0,0,0,0,0,1,0,0,0,1,0,2,18,55
201000018297,10,4,2,1,1,1,1.0,7.0,0.0,7.0,0.0,0.0,0.0,1.0,1,1,1.0,0.0,2.0,1.0,71.0,7.0,1,0.0,0.0,1,2,1,0,0,0,0,1,0,0,1,0,0,1,0,0,0,0,0,0,0,2,15,30
201100032492,11,6,1,1,2,1,1.0,2.0,0.0,30.0,0.0,0.0,2.0,1.0,1,2,4.0,2.0,2.0,1.0,0.0,70.0,1,0.0,1.0,2,2,4,0,0,0,0,4,2,0,0,2,0,2,2,0,0,1,1,0,0,2,8,35
200700003170,7,1,18,1,2,1,1.0,6.0,0.0,33.0,0.0,0.0,1.0,1.0,1,2,3.0,2.0,2.0,1.0,50.0,70.0,1,0.0,1.0,1,1,2,0,0,1,0,1,1,0,1,0,0,0,0,1,1,1,0,0,0,2,12,34
200500049819,5,8,14,3,1,1,3.0,7.0,0.0,7.0,0.0,2.0,0.0,13.0,1,1,3.0,2.0,0.0,1.0,0.0,0.0,1,0.0,3.0,1,3,1,0,0,0,0,1,1,0,0,0,0,0,0,1,0,1,0,0,0,3,1,30
201000004632,10,9,21,1,1,3,1.0,1.0,0.0,7.0,0.0,0.0,2.0,21.0,1,0,3.0,2.0,2.0,3.0,0.0,57.0,1,0.0,1.0,2,3,4,0,0,0,0,4,0,0,0,2,2,4,0,0,0,1,1,0,0,3,12,10
201100051707,11,6,16,1,2,1,1.0,4.0,0.0,13.0,0.0,0.0,0.0,1.0,1,1,3.0,2.0,2.0,1.0,0.0,50.0,1,0.0,1.0,3,1,9,6,3,0,3,9,0,6,0,3,6,6,3,6,0,1,1,0,0,2,14,50
200600016619,6,3,9,1,1,1,1.0,7.0,0.0,10.0,0.0,0.0,0.0,14.0,1,1,3.0,2.0,2.0,3.0,0.0,36.0,1,0.0,3.0,1,3,1,0,0,0,0,1,0,0,0,0,1,1,0,0,0,1,0,0,0,3,17,15
201400029618,14,12,15,1,2,1,1.0,6.0,0.0,10.0,0.0,0.0,1.0,1.0,1,1,4.0,2.0,2.0,1.0,0.0,0.0,1,0.0,1.0,1,1,2,0,0,1,0,1,0,1,0,1,0,2,0,0,0,0,0,1,0,2,10,30
200500015504,5,3,21,1,2,1,8.0,6.0,0.0,3.0,0.0,1.0,0.0,1.0,1,1,4.0,2.0,2.0,1.0,0.0,75.0,1,0.0,1.0,1,2,1,0,0,0,0,1,0,0,1,0,0,0,0,0,1,1,0,0,0,2,18,38
200600003497,6,1,18,1,2,1,1.0,6.0,0.0,7.0,0.0,0.0,1.0,15.0,1,-1,3.0,2.0,2.0,1.0,15.0,121.0,1,0.0,1.0,1,1,1,1,0,1,0,1,0,0,1,0,1,0,0,1,1,1,0,0,0,2,9,55
201200011938,12,12,30,2,2,1,1.0,3.0,0.0,30.0,0.0,0.0,2.0,1.0,1,2,4.0,3.0,3.0,1.0,0.0,0.0,1,0.0,1.0,2,4,4,0,0,0,0,4,0,2,0,2,0,2,0,2,0,1,0,1,0,4,6,35
201600053467,16,5,31,1,2,3,2.0,6.0,1.0,7.0,0.0,0.0,1.0,15.0,1,1,4.0,1.0,1.0,1.0,0.0,40.0,1,0.0,1.0,1,1,2,0,0,1,0,1,0,0,2,0,0,0,0,0,2,1,0,0,0,2,17,30
201400031562,14,4,27,3,1,1,2.0,6.0,1.0,7.0,0.0,0.0,1.0,1.0,1,-1,3.0,2.0,0.0,1.0,0.0,170.0,1,0.0,1.0,1,1,2,0,0,1,0,1,0,0,2,0,0,1,0,1,0,1,0,0,0,4,2,0
201300017388,13,7,31,1,2,9,1.0,6.0,0.0,7.0,0.0,0.0,1.0,1.0,1,1,2.0,2.0,0.0,1.0,0.0,44.0,1,0.0,1.0,1,1,0,2,0,1,0,1,0,0,1,0,1,1,0,0,1,1,0,0,0,3,18,15
201400009051,14,6,28,1,2,2,1.0,6.0,0.0,7.0,0.0,0.0,1.0,15.0,1,1,2.0,2.0,2.0,1.0,54.0,140.0,1,0.0,1.0,1,1,0,3,0,1,1,1,0,1,2,0,0,1,0,0,2,1,0,0,0,3,8,45
201500041488,15,4,17,1,2,1,1.0,6.0,0.0,7.0,0.0,0.0,1.0,0.0,1,-1,3.0,2.0,1.0,1.0,0.0,35.0,1,0.0,1.0,1,1,1,1,0,1,0,1,0,2,0,0,0,1,1,0,0,0,0,0,0,2,11,25
201200046958,12,2,16,5,2,3,1.0,2.0,0.0,33.0,0.0,0.0,2.0,1.0,1,2,3.0,1.0,2.0,2.0,0.0,0.0,1,0.0,1.0,2,2,4,2,2,0,0,4,0,0,6,0,0,4,0,2,0,0,1,1,0,2,19,25
200500023229,5,4,22,1,1,1,2.0,1.0,0.0,7.0,0.0,0.0,2.0,15.0,1,1,3.0,2.0,2.0,1.0,0.0,60.0,1,0.0,1.0,2,3,4,2,0,0,2,4,0,2,4,0,0,2,2,0,2,1,0,0,0,3,18,45
200600004905,6,1,29,3,1,1,1.0,7.0,0.0,7.0,0.0,13.0,0.0,5.0,1,1,3.0,2.0,0.0,1.0,0.0,31.0,1,0.0,1.0,1,3,1,0,0,0,0,1,0,1,0,0,0,0,0,0,1,1,0,0,0,3,20,15
200500043975,5,7,29,1,2,1,1.0,6.0,0.0,7.0,0.0,0.0,1.0,1.0,1,1,4.0,2.0,6.0,1.0,15.0,90.0,1,0.0,1.0,1,1,1,1,0,1,0,1,0,0,1,0,1,2,0,0,0,1,0,0,0,2,17,40
201400040920,14,2,27,5,2,1,2.0,7.0,0.0,33.0,0.0,15.0,0.0,1.0,1,2,4.0,2.0,2.0,1.0,0.0,0.0,1,0.0,1.0,1,2,1,0,0,0,0,1,0,0,1,0,0,1,0,0,0,1,0,0,0,2,22,35
201600054972,16,5,27,1,2,1,1.0,2.0,0.0,7.0,0.0,0.0,2.0,2.0,1,1,4.0,2.0,2.0,1.0,0.0,0.0,1,0.0,1.0,2,2,2,2,0,0,0,4,0,0,0,0,4,0,0,0,4,1,1,0,0,2,15,0
200500041467,5,7,31,2,1,1,1.0,7.0,0.0,7.0,0.0,10.0,0.0,13.0,1,1,4.0,2.0,2.0,4.0,0.0,30.0,1,2.0,1.0,1,2,2,0,0,0,1,1,0,1,1,0,0,0,0,2,0,0,0,0,1,2,6,0
200500034156,5,6,9,5,2,1,1.0,3.0,0.0,7.0,0.0,0.0,2.0,10.0,1,1,4.0,2.0,0.0,1.0,0.0,170.0,1,0.0,1.0,2,1,4,0,0,0,0,4,4,0,0,0,0,2,0,2,0,1,0,0,0,3,21,46
201100025008,11,12,23,3,1,1,1.0,5.0,0.0,7.0,0.0,0.0,0.0,1.0,1,1,1.0,3.0,6.0,1.0,8.0,210.0,1,0.0,1.0,6,1,66,30,36,0,24,36,0,42,54,0,0,48,24,24,0,1,1,0,0,4,3,0
201500010910,15,7,5,5,1,1,1.0,3.0,0.0,32.0,0.0,0.0,2.0,1.0,1,2,3.0,2.0,2.0,2.0,0.0,0.0,1,0.0,1.0,2,2,6,0,0,0,2,4,0,2,4,0,0,6,0,0,0,1,0,0,0,2,23,2
201100061125,11,12,19,5,2,1,2.0,3.0,0.0,7.0,0.0,0.0,2.0,10.0,1,1,4.0,3.0,4.0,1.0,0.0,0.0,1,5.0,1.0,2,1,4,2,0,0,2,4,0,0,4,0,2,6,0,0,0,1,0,0,0,2,18,15
201600057077,16,2,1,1,2,1,1.0,3.0,2.0,7.0,0.0,0.0,2.0,11.0,1,1,4.0,1.0,3.0,1.0,15.0,105.0,1,1.0,1.0,2,1,2,2,0,0,0,4,0,0,0,2,2,4,0,0,0,1,1,0,0,2,9,45
201400034228,14,8,11,1,2,1,1.0,6.0,0.0,31.0,0.0,0.0,1.0,17.0,1,2,4.0,2.0,2.0,1.0,0.0,0.0,1,0.0,1.0,1,1,2,0,0,1,0,1,0,2,0,0,0,0,0,1,1,1,0,0,0,2,18,45
200900047508,9,6,1,1,2,2,1.0,2.0,0.0,33.0,0.0,0.0,2.0,2.0,1,2,3.0,3.0,2.0,1.0,10.0,120.0,1,5.0,1.0,2,2,4,4,0,0,4,4,0,0,8,0,0,8,0,0,0,1,1,0,0,2,10,40
201700042991,17,2,28,1,2,1,2.0,6.0,0.0,3.0,0.0,0.0,2.0,1.0,1,1,4.0,1.0,3.0,1.0,0.0,80.0,1,2.0,1.0,2,1,2,4,0,0,2,4,6,0,0,0,0,2,0,4,0,1,0,1,0,3,11,15
201600057519,16,12,28,1,2,1,1.0,7.0,1.0,33.0,0.0,0.0,0.0,1.0,1,2,4.0,1.0,4.0,1.0,35.0,140.0,1,0.0,1.0,1,2,1,0,0,0,0,1,0,0,0,0,1,1,0,0,0,0,0,1,0,2,19,30
201000066944,10,6,27,1,2,1,1.0,4.0,0.0,7.0,0.0,0.0,0.0,23.0,1,1,4.0,1.0,5.0,1.0,15.0,175.0,1,3.0,1.0,3,1,6,6,3,0,0,9,3,0,9,0,0,6,3,0,3,1,1,0,0,2,11,45
200600069754,6,11,21,1,2,1,2.0,6.0,0.0,7.0,0.0,0.0,1.0,1.0,1,1,4.0,2.0,2.0,1.0,0.0,60.0,1,0.0,1.0,1,1,1,1,0,1,0,1,0,0,2,0,0,0,0,2,0,1,0,0,0,2,16,0
200700033381,7,6,20,1,1,1,1.0,3.0,0.0,14.0,0.0,9.0,0.0,17.0,1,1,2.0,2.0,2.0,1.0,72.0,72.0,1,0.0,1.0,2,2,4,0,0,0,0,4,0,0,0,4,0,4,0,0,0,1,0,1,0,2,10,0
201100014716,11,1,18,1,2,1,1.0,6.0,0.0,7.0,0.0,0.0,1.0,1.0,1,1,4.0,2.0,2.0,0.0,0.0,0.0,1,0.0,1.0,1,1,1,2,0,2,0,1,2,0,1,0,0,0,2,0,1,1,0,0,0,2,15,40
201000045719,10,6,14,1,2,1,1.0,6.0,0.0,7.0,0.0,14.0,1.0,1.0,1,-1,4.0,1.0,1.0,2.0,0.0,30.0,1,6.0,4.0,1,1,1,1,0,1,0,1,0,0,1,1,0,0,0,0,2,1,0,0,0,3,12,35
200800043036,8,8,18,5,2,2,1.0,3.0,0.0,7.0,0.0,0.0,2.0,1.0,1,1,4.0,2.0,3.0,1.0,0.0,103.0,1,0.0,1.0,2,1,4,0,0,0,0,4,0,0,2,2,0,0,0,4,0,1,0,1,0,2,21,20
201000024349,10,2,10,1,2,1,1.0,6.0,0.0,7.0,0.0,1.0,2.0,1.0,1,1,4.0,2.0,2.0,1.0,0.0,0.0,1,0.0,1.0,1,2,1,0,0,0,0,1,0,0,1,0,0,0,0,0,1,1,0,0,0,2,16,10
200900069486,9,11,18,5,2,1,1.0,5.0,2.0,7.0,0.0,0.0,2.0,2.0,1,1,2.0,1.0,2.0,1.0,0.0,80.0,1,0.0,1.0,3,1,3,3,0,0,0,6,0,6,0,0,0,6,0,0,0,1,1,0,0,2,19,48
200600033109,6,6,11,5,2,1,1.0,6.0,0.0,7.0,0.0,0.0,1.0,1.0,3,-1,4.0,2.0,4.0,1.0,0.0,110.0,1,6.0,1.0,1,4,2,0,0,1,0,1,0,0,2,0,0,0,0,2,0,1,0,0,0,4,2,30
200900001308,9,1,11,3,2,9,1.0,2.0,0.0,7.0,0.0,0.0,2.0,2.0,1,-1,4.0,1.0,1.0,1.0,0.0,80.0,1,0.0,1.0,2,1,4,0,0,0,0,4,0,4,0,0,0,2,0,0,2,1,1,0,0,3,19,0
201400053747,14,6,27,1,2,3,1.0,6.0,0.0,10.0,0.0,0.0,1.0,1.0,1,-1,4.0,1.0,1.0,2.0,0.0,30.0,1,0.0,0.0,1,1,2,0,0,1,0,1,1,0,1,0,0,1,1,0,0,1,0,0,0,2,8,35
201500032397,15,10,7,1,2,1,1.0,6.0,0.0,37.0,0.0,0.0,1.0,1.0,1,1,4.0,2.0,3.0,1.0,0.0,100.0,1,0.0,1.0,1,1,1,1,0,1,0,1,0,0,1,1,0,2,0,0,0,0,1,0,0,2,11,0
201700032019,17,1,2,1,2,1,1.0,6.0,2.0,7.0,0.0,0.0,1.0,12.0,1,1,3.0,3.0,0.0,1.0,0.0,0.0,1,0.0,1.0,1,1,4,0,1,1,1,1,0,4,0,0,0,1,0,3,0,1,0,0,0,3,12,50
200800073903,8,12,21,5,2,2,1.0,3.0,0.0,30.0,0.0,0.0,2.0,17.0,1,2,4.0,1.0,3.0,1.0,0.0,80.0,1,5.0,1.0,2,2,4,0,0,0,0,4,0,0,2,0,2,2,0,2,0,1,0,0,0,2,2,5
200600004477,6,1,5,5,2,3,8.0,3.0,0.0,7.0,0.0,0.0,2.0,1.0,1,1,3.0,2.0,2.0,1.0,0.0,46.0,1,0.0,1.0,2,2,4,2,0,0,2,4,0,2,2,0,2,2,0,4,0,1,0,1,0,2,20,15
200600032268,6,6,8,1,2,1,1.0,7.0,0.0,7.0,0.0,0.0,1.0,15.0,1,1,3.0,2.0,2.0,0.0,0.0,0.0,1,0.0,1.0,1,1,0,2,0,1,0,1,0,0,2,0,0,1,0,0,1,1,0,0,0,3,16,0
201000047192,10,10,8,3,1,1,1.0,6.0,0.0,2.0,0.0,0.0,0.0,0.0,1,2,4.0,2.0,2.0,1.0,0.0,60.0,1,0.0,1.0,1,2,1,0,0,0,0,1,0,1,0,0,0,0,0,1,0,0,0,0,0,2,22,30
201100046789,11,10,10,1,2,1,9.0,3.0,0.0,7.0,0.0,0.0,2.0,16.0,1,1,4.0,2.0,2.0,1.0,0.0,57.0,1,0.0,1.0,2,1,4,0,0,0,0,4,0,0,0,4,0,2,0,2,0,1,0,0,0,2,13,40
200800064409,8,11,19,2,2,2,1.0,3.0,0.0,7.0,0.0,0.0,2.0,9.0,1,-1,4.0,2.0,1.0,4.0,0.0,0.0,1,0.0,0.0,2,2,2,4,0,0,2,4,2,4,0,0,0,6,0,0,0,1,0,0,0,3,8,15
200800000027,8,1,29,1,1,1,8.0,5.0,0.0,7.0,0.0,0.0,2.0,1.0,1,1,3.0,2.0,0.0,2.0,0.0,73.0,1,0.0,1.0,3,1,3,6,0,0,0,9,3,0,3,3,0,6,0,0,3,1,0,0,0,3,16,15
201400032744,14,2,14,1,2,1,8.0,6.0,0.0,7.0,0.0,0.0,1.0,1.0,1,1,6.0,1.0,1.0,1.0,0.0,0.0,1,0.0,1.0,1,1,2,0,0,1,0,1,0,2,0,0,0,0,1,1,0,1,0,0,0,2,18,0
200900061575,9,3,8,1,1,1,7.0,5.0,0.0,33.0,0.0,0.0,2.0,1.0,1,2,3.0,2.0,2.0,2.0,0.0,64.0,1,0.0,1.0,3,4,9,0,0,0,0,9,0,0,9,0,0,0,0,6,3,1,1,0,0,4,16,15
201200026093,12,6,6,1,2,1,1.0,7.0,0.0,32.0,0.0,7.0,0.0,1.0,1,2,4.0,2.0,2.0,1.0,0.0,60.0,1,0.0,4.0,1,2,1,0,0,0,0,1,0,0,1,0,0,1,0,0,0,1,0,0,0,2,11,25
200700022382,7,4,14,1,1,2,1.0,3.0,0.0,33.0,0.0,0.0,2.0,1.0,1,2,3.0,2.0,4.0,0.0,5.0,135.0,1,5.0,1.0,2,3,4,2,2,0,0,4,0,2,4,0,0,4,2,0,0,1,0,0,0,3,18,15
200600065259,6,10,25,1,1,1,1.0,3.0,0.0,10.0,0.0,0.0,2.0,12.0,1,1,1.0,3.0,3.0,1.0,15.0,105.0,1,0.0,1.0,2,1,4,0,0,0,0,4,0,0,2,0,2,0,0,2,2,1,0,1,0,2,18,0
201100051191,11,12,30,5,2,3,2.0,6.0,0.0,7.0,0.0,0.0,1.0,0.0,1,1,4.0,0.0,2.0,1.0,0.0,0.0,1,0.0,1.0,1,1,1,1,0,1,0,1,0,0,2,0,0,1,1,0,0,1,0,0,0,2,19,0
201300010603,13,10,29,1,2,1,2.0,7.0,0.0,30.0,0.0,0.0,0.0,0.0,1,2,3.0,2.0,2.0,2.0,0.0,0.0,1,0.0,1.0,1,2,0,1,0,0,0,1,0,1,0,0,0,0,0,1,0,0,0,0,0,2,10,5
201100052759,11,10,5,1,2,3,1.0,3.0,0.0,7.0,0.0,0.0,2.0,15.0,1,1,4.0,2.0,2.0,2.0,0.0,80.0,1,0.0,1.0,2,1,4,0,0,0,0,4,0,4,0,0,0,4,0,0,0,1,0,1,0,3,8,49
200900001381,9,1,10,3,1,1,9.0,6.0,0.0,7.0,0.0,2.0,0.0,1.0,1,1,3.0,2.0,2.0,2.0,0.0,0.0,0,0.0,3.0,1,3,1,0,0,0,0,1,1,0,0,0,0,0,0,1,0,1,0,0,0,3,1,0
201200034054,12,6,29,1,2,1,1.0,6.0,0.0,37.0,1.0,0.0,2.0,1.0,1,1,3.0,2.0,3.0,1.0,0.0,0.0,1,0.0,1.0,3,1,3,6,0,0,0,9,6,0,0,3,0,9,0,0,0,1,1,0,0,2,19,0
201400012951,14,11,18,5,2,1,2.0,6.0,0.0,7.0,0.0,0.0,1.0,1.0,1,-1,3.0,2.0,2.0,1.0,70.0,0.0,1,0.0,1.0,1,1,1,1,0,1,0,1,0,0,2,0,0,1,0,0,1,1,0,0,0,3,18,15
201400032988,14,1,25,5,2,1,1.0,3.0,0.0,7.0,0.0,1.0,2.0,21.0,1,1,4.0,2.0,1.0,1.0,0.0,70.0,1,0.0,1.0,2,2,0,4,0,0,0,4,0,0,2,0,2,4,0,0,0,1,0,0,0,2,6,0
201000004758,10,3,2,1,2,3,7.0,3.0,0.0,7.0,0.0,0.0,2.0,9.0,1,1,3.0,2.0,2.0,1.0,0.0,90.0,1,5.0,1.0,2,1,2,2,0,0,0,4,0,0,4,0,0,0,0,0,4,1,0,0,0,2,8,20
201200027891,12,10,16,1,2,2,1.0,3.0,0.0,1.0,0.0,0.0,2.0,1.0,1,-1,4.0,2.0,2.0,1.0,0.0,100.0,1,0.0,1.0,2,2,4,0,0,0,0,4,0,0,2,2,0,0,0,2,2,0,0,1,0,2,15,15
201400009763,14,7,16,1,1,1,1.0,6.0,0.0,7.0,0.0,13.0,0.0,1.0,1,0,3.0,2.0,2.0,1.0,0.0,62.0,1,0.0,1.0,1,3,2,0,0,0,1,1,0,1,1,0,0,2,0,0,0,1,0,0,0,4,18,30
201600007123,16,1,17,1,1,1,1.0,3.0,2.0,10.0,0.0,0.0,2.0,1.0,1,1,2.0,2.0,2.0,0.0,0.0,109.0,1,0.0,1.0,2,3,4,0,0,0,0,4,0,2,2,0,0,0,0,2,2,1,0,0,0,3,14,0
200700017968,7,3,9,1,1,1,1.0,5.0,0.0,7.0,0.0,0.0,2.0,2.0,1,1,1.0,3.0,2.0,1.0,15.0,70.0,1,0.0,1.0,3,1,3,6,0,0,0,9,0,3,0,6,0,6,0,3,0,1,1,0,0,2,16,8
201200023018,12,8,27,3,1,1,1.0,1.0,0.0,7.0,0.0,0.0,2.0,1.0,1,1,3.0,2.0,2.0,1.0,0.0,66.0,1,0.0,1.0,2,2,4,0,0,0,0,4,0,0,4,0,0,4,0,0,0,1,0,0,0,3,1,45
201600035585,16,3,26,1,1,1,1.0,3.0,2.0,7.0,0.0,0.0,2.0,2.0,1,1,3.0,3.0,4.0,2.0,0.0,0.0,1,5.0,1.0,2,1,4,0,0,0,0,4,0,0,4,0,0,4,0,0,0,1,0,0,0,2,13,50
200900067574,9,9,8,1,2,1,1.0,2.0,0.0,7.0,0.0,0.0,2.0,2.0,1,1,4.0,2.0,4.0,1.0,0.0,0.0,1,0.0,1.0,2,1,2,2,0,0,0,4,0,0,4,0,0,0,0,2,2,1,1,0,0,3,19,45
200600051043,6,9,7,1,1,1,1.0,7.0,0.0,7.0,0.0,13.0,0.0,1.0,1,1,3.0,2.0,2.0,1.0,0.0,45.0,1,0.0,1.0,1,3,0,1,0,0,0,1,1,0,0,0,0,0,0,1,0,0,0,0,1,3,17,20
201200046620,12,10,31,5,2,1,1.0,3.0,0.0,37.0,1.0,0.0,2.0,2.0,1,-1,4.0,3.0,2.0,1.0,0.0,60.0,-1,0.0,1.0,2,1,4,0,0,0,0,4,0,0,2,2,0,0,0,4,0,1,0,1,0,2,23,0
201000006798,10,4,22,1,1,1,1.0,1.0,0.0,7.0,0.0,0.0,2.0,1.0,1,1,3.0,2.0,0.0,1.0,0.0,64.0,1,0.0,1.0,2,1,4,4,0,0,4,4,0,4,4,0,0,4,0,0,4,1,0,0,0,3,16,30
200700008842,7,2,5,1,2,1,1.0,3.0,0.0,10.0,0.0,0.0,2.0,1.0,1,1,4.0,2.0,2.0,1.0,0.0,60.0,0,0.0,1.0,2,1,2,2,0,0,0,4,0,0,0,2,2,0,0,4,0,1,0,1,0,2,8,18
201100041082,11,3,31,1,2,2,2.0,3.0,0.0,7.0,0.0,0.0,2.0,15.0,1,1,3.0,2.0,3.0,2.0,0.0,30.0,1,0.0,1.0,2,1,4,0,0,0,0,4,0,0,0,0,4,4,0,0,0,1,0,0,0,2,7,50
200500057326,5,9,15,1,2,1,1.0,6.0,0.0,7.0,0.0,0.0,1.0,1.0,1,1,4.0,2.0,2.0,1.0,0.0,0.0,1,0.0,1.0,1,1,1,1,0,1,0,1,0,2,0,0,0,1,0,1,0,0,0,1,0,3,14,40
200800069091,8,12,7,1,1,1,1.0,6.0,0.0,7.0,0.0,2.0,0.0,1.0,1,1,3.0,2.0,2.0,1.0,0.0,50.0,1,0.0,3.0,1,3,1,2,1,0,1,1,0,2,1,0,0,1,2,0,0,1,0,0,0,3,12,15
200600009396,6,2,3,1,2,1,4.0,6.0,0.0,2.0,0.0,14.0,0.0,1.0,1,2,4.0,2.0,4.0,1.0,0.0,120.0,0,0.0,1.0,1,2,0,1,0,0,0,1,0,0,1,0,0,0,0,1,0,1,0,0,0,2,11,54
201300019095,13,8,11,1,1,1,1.0,2.0,0.0,10.0,0.0,0.0,2.0,15.0,1,1,3.0,2.0,2.0,1.0,0.0,50.0,1,0.0,1.0,2,2,2,2,0,0,0,4,0,0,2,0,2,4,0,0,0,1,1,0,0,3,13,30
200800005677,8,1,22,5,1,1,1.0,6.0,0.0,7.0,0.0,0.0,0.0,0.0,1,1,1.0,3.0,4.0,1.0,20.0,140.0,1,0.0,1.0,3,1,6,3,0,0,0,9,0,6,0,0,3,3,0,3,3,0,0,0,0,2,18,20
200900012968,9,5,4,1,1,1,1.0,5.0,0.0,17.0,0.0,0.0,2.0,1.0,1,1,2.0,2.0,2.0,2.0,0.0,70.0,1,0.0,1.0,4,1,8,20,8,0,4,16,0,12,12,4,0,8,8,12,0,1,1,0,0,3,14,45
201400014773,14,5,21,1,2,3,1.0,3.0,0.0,7.0,0.0,0.0,2.0,15.0,1,1,4.0,2.0,0.0,1.0,0.0,0.0,1,0.0,1.0,2,1,4,0,0,0,0,4,2,2,0,0,0,2,0,0,2,1,0,1,0,2,11,30
201400010463,14,10,17,1,2,1,1.0,6.0,0.0,7.0,0.0,0.0,1.0,2.0,1,1,6.0,0.0,2.0,1.0,0.0,80.0,1,0.0,1.0,1,1,2,0,0,1,0,1,0,2,0,0,0,1,0,0,1,0,1,0,0,3,15,59