Num_Acc,an,mois,jour,lum,agg,int,atm,col,senc,catv,occutc,obs,obsm,manv,catu,secu,catr,circ,nbv,prof,lartpc,larrout,surf,infra,situ,nb_veh,grav_simpl,Homme,Femme,Arrière,Autre_x,Avant,Conducteur,Autre_y,Inconnu,Loisirs,Professionnel,Travail,Adulte,Enfant,Jeune,Senior,choc_avant,choc_arriere,choc_lateral,choc_multiple,grav_order_max,heure,minute
200700009647,7,2,4,5,2,3,1.0,3.0,0.0,2.0,0.0,0.0,2.0,11.0,1,2,4.0,2.0,4.0,1.0,0.0,120.0,1,0.0,1.0,2,1,4,2,0,0,2,4,0,2,4,0,0,0,0,4,2,1,1,0,0,2,21,15
201600042562,16,6,16,1,2,1,1.0,6.0,0.0,3.0,0.0,0.0,1.0,2.0,1,1,2.0,3.0,4.0,0.0,0.0,0.0,-1,0.0,1.0,1,1,1,1,0,1,0,1,0,2,0,0,0,1,1,0,0,1,0,0,0,2,19,30
200700018099,7,3,6,1,1,1,2.0,6.0,0.0,10.0,0.0,0.0,0.0,0.0,1,1,1.0,3.0,2.0,1.0,25.0,90.0,1,0.0,1.0,2,2,6,0,0,0,2,4,0,6,0,0,0,6,0,0,0,0,0,0,0,2,14,20
200800052251,8,9,1,1,2,1,1.0,2.0,0.0,30.0,0.0,0.0,2.0,2.0,1,2,4.0,2.0,2.0,1.0,0.0,0.0,1,0.0,1.0,2,2,4,0,0,0,0,4,0,0,2,0,2,0,0,2,2,1,1,0,0,2,13,40
200500017239,5,3,8,1,2,1,1.0,3.0,0.0,7.0,0.0,0.0,2.0,9.0,1,1,4.0,2.0,2.0,1.0,0.0,70.0,1,0.0,1.0,2,1,4,0,0,0,0,4,0,0,4,0,0,2,0,2,0,1,0,0,0,2,17,0
200600048654,6,8,28,1,2,2,1.0,3.0,0.0,31.0,0.0,0.0,2.0,1.0,1,2,4.0,2.0,2.0,1.0,0.0,57.0,1,0.0,1.0,2,3,2,0,0,0,0,2,0,0,2,0,0,2,0,0,0,1,0,0,0,3,13,45
200800057263,8,10,20,1,2,6,1.0,3.0,0.0,7.0,0.0,0.0,2.0,9.0,1,-1,4.0,1.0,2.0,1.0,0.0,70.0,1,0.0,1.0,2,1,4,0,0,0,0,4,0,2,2,0,0,0,0,2,2,1,1,0,0,3,7,45
200800000713,8,1,14,3,1,1,1.0,1.0,0.0,7.0,0.0,0.0,1.0,1.0,1,1,3.0,0.0,3.0,0.0,0.0,111.0,1,0.0,1.0,2,1,4,2,0,2,0,4,0,2,0,0,4,6,0,0,0,1,0,0,0,4,20,30
201100058450,11,6,20,1,2,1,1.0,2.0,0.0,7.0,0.0,0.0,0.0,9.0,1,1,4.0,2.0,3.0,1.0,0.0,75.0,1,0.0,1.0,2,1,4,0,0,0,0,4,0,0,2,2,0,2,0,2,0,1,1,0,0,2,16,35
201000042256,10,9,14,1,2,1,2.0,3.0,0.0,7.0,0.0,0.0,0.0,1.0,1,1,9.0,1.0,1.0,1.0,0.0,0.0,1,5.0,1.0,2,2,4,0,0,0,0,4,0,4,0,0,0,2,0,2,0,0,1,0,1,2,17,25
200900043329,9,7,16,5,2,2,1.0,7.0,0.0,30.0,0.0,0.0,2.0,2.0,1,2,2.0,2.0,2.0,1.0,0.0,0.0,1,0.0,1.0,1,2,1,0,0,0,0,1,0,0,1,0,0,1,0,0,0,0,0,1,0,2,0,55
200900015465,9,4,12,1,1,1,1.0,1.0,0.0,33.0,0.0,0.0,2.0,1.0,2,2,3.0,2.0,0.0,4.0,0.0,71.0,1,0.0,1.0,2,3,4,4,2,0,2,4,0,6,2,0,0,0,0,8,0,1,0,0,0,4,16,30
201400058035,14,9,19,1,2,1,1.0,4.0,0.0,10.0,0.0,0.0,2.0,23.0,1,1,4.0,1.0,4.0,1.0,15.0,145.0,1,0.0,1.0,4,1,12,4,0,0,0,16,4,0,0,12,0,16,0,0,0,1,1,0,1,2,14,25
201700043963,17,7,13,1,2,3,1.0,6.0,1.0,34.0,0.0,0.0,1.0,1.0,3,-1,3.0,1.0,2.0,1.0,0.0,100.0,1,0.0,1.0,1,2,0,1,0,1,0,0,0,0,1,0,0,0,1,0,0,1,0,0,0,2,19,0
200700075968,7,12,7,3,1,1,1.0,6.0,0.0,7.0,0.0,2.0,0.0,13.0,1,0,3.0,2.0,0.0,0.0,0.0,64.0,1,0.0,3.0,1,4,1,0,0,0,0,1,0,0,1,0,0,1,0,0,0,0,0,0,1,4,19,45
201200006876,12,7,23,1,1,1,1.0,6.0,0.0,7.0,0.0,2.0,0.0,21.0,1,1,3.0,2.0,2.0,1.0,0.0,73.0,1,0.0,3.0,1,2,2,0,0,0,1,1,0,1,1,0,0,1,1,0,0,1,0,0,0,3,18,0
200800058597,8,10,7,1,2,1,2.0,4.0,0.0,7.0,0.0,0.0,2.0,1.0,1,1,9.0,2.0,2.0,1.0,0.0,0.0,1,0.0,1.0,3,1,9,0,0,0,0,9,0,0,0,9,0,6,0,3,0,1,1,0,0,2,7,50
201200058527,12,7,29,1,2,2,1.0,3.0,0.0,32.0,0.0,0.0,2.0,1.0,1,2,4.0,1.0,1.0,1.0,0.0,100.0,1,0.0,1.0,2,2,2,2,0,0,0,4,0,2,2,0,0,2,0,2,0,1,1,0,0,2,17,55
200900012572,9,7,12,1,2,3,1.0,3.0,0.0,30.0,0.0,0.0,2.0,1.0,1,2,4.0,1.0,1.0,1.0,0.0,0.0,1,0.0,1.0,2,2,4,0,0,0,0,4,0,0,4,0,0,4,0,0,0,1,0,0,0,2,14,30
201200034676,12,5,21,1,2,3,2.0,3.0,0.0,30.0,0.0,0.0,2.0,1.0,1,2,4.0,2.0,2.0,1.0,0.0,0.0,1,0.0,0.0,2,2,2,2,0,0,0,4,0,4,0,0,0,2,0,2,0,1,0,1,0,2,9,30
201000060965,10,8,17,1,2,5,1.0,3.0,0.0,30.0,0.0,0.0,2.0,1.0,1,2,4.0,1.0,3.0,1.0,0.0,0.0,1,0.0,1.0,2,2,4,0,0,0,0,4,0,4,0,0,0,0,0,4,0,1,0,1,0,2,17,35
201500015949,15,6,1,1,1,1,1.0,7.0,0.0,7.0,0.0,0.0,0.0,0.0,1,1,4.0,2.0,2.0,1.0,0.0,48.0,1,0.0,0.0,1,2,0,1,0,0,0,1,0,0,0,0,1,0,0,1,0,1,0,0,0,2,8,36
200500039525,5,6,27,1,1,1,1.0,3.0,0.0,7.0,0.0,0.0,2.0,19.0,1,1,2.0,2.0,2.0,1.0,0.0,70.0,1,0.0,1.0,2,2,2,4,0,0,2,4,4,2,0,0,0,4,0,0,2,1,0,1,0,3,7,0
201100011810,11,6,1,1,2,1,1.0,1.0,0.0,10.0,0.0,0.0,2.0,21.0,1,1,3.0,2.0,2.0,0.0,0.0,99.0,1,0.0,1.0,2,1,4,0,0,0,0,4,0,2,2,0,0,2,0,2,0,1,0,0,1,4,20,0
200900032140,9,8,22,5,2,1,1.0,7.0,0.0,2.0,0.0,0.0,0.0,1.0,1,-1,3.0,2.0,2.0,1.0,0.0,67.0,1,0.0,1.0,1,2,1,0,0,0,0,1,0,0,1,0,0,0,1,0,0,0,0,0,0,2,4,15
201100062399,11,1,15,5,2,2,1.0,3.0,0.0,7.0,0.0,0.0,2.0,1.0,1,1,4.0,1.0,0.0,1.0,0.0,0.0,1,0.0,1.0,2,1,6,2,4,0,0,4,0,0,8,0,0,0,0,8,0,1,0,0,0,2,4,15
201600036776,16,8,2,1,2,1,1.0,7.0,0.0,7.0,0.0,0.0,0.0,9.0,1,1,4.0,2.0,2.0,1.0,0.0,0.0,1,0.0,1.0,1,3,2,0,0,0,1,1,0,1,1,0,0,0,0,0,2,0,0,0,0,3,18,35
200800024084,8,5,22,1,2,6,1.0,4.0,0.0,7.0,0.0,0.0,2.0,1.0,1,1,3.0,2.0,2.0,1.0,25.0,110.0,1,0.0,1.0,3,2,6,3,0,0,0,9,0,0,6,0,3,6,0,3,0,1,1,0,0,2,11,15
200500070932,5,11,16,1,2,2,1.0,3.0,0.0,2.0,0.0,0.0,2.0,19.0,1,2,3.0,2.0,2.0,4.0,0.0,70.0,-1,0.0,0.0,2,3,4,2,0,0,2,4,0,2,2,0,2,2,4,0,0,1,0,0,0,3,13,45
200500024924,5,5,12,1,1,1,1.0,1.0,0.0,15.0,0.0,0.0,0.0,1.0,1,1,3.0,2.0,2.0,1.0,0.0,70.0,1,0.0,1.0,2,1,2,2,0,0,0,4,0,0,0,2,2,4,0,0,0,1,0,0,0,3,13,15
201300050213,13,5,30,1,2,2,1.0,2.0,0.0,10.0,0.0,0.0,2.0,11.0,1,-1,4.0,1.0,4.0,1.0,0.0,153.0,-1,0.0,1.0,2,1,2,2,0,0,0,4,0,2,2,0,0,2,0,2,0,1,0,1,0,2,17,25
201300001461,13,5,17,1,1,2,1.0,3.0,0.0,7.0,0.0,0.0,2.0,19.0,1,1,3.0,2.0,2.0,1.0,0.0,0.0,1,0.0,1.0,2,3,2,6,2,0,2,4,0,0,8,0,0,2,2,4,0,1,0,1,0,3,20,0
201300038953,13,2,6,5,2,1,2.0,3.0,0.0,7.0,0.0,0.0,2.0,15.0,1,1,4.0,2.0,2.0,2.0,0.0,0.0,1,0.0,1.0,2,1,2,4,0,0,2,4,0,0,4,0,2,4,0,0,2,1,0,0,0,2,18,25
200600060188,6,10,11,1,2,1,1.0,3.0,0.0,7.0,0.0,0.0,2.0,15.0,1,-1,2.0,2.0,2.0,1.0,10.0,71.0,1,6.0,1.0,2,1,4,4,2,0,2,4,0,4,4,0,0,0,2,6,0,1,0,1,0,3,17,40
201300008878,13,5,12,1,1,1,1.0,6.0,0.0,7.0,0.0,0.0,0.0,1.0,1,1,2.0,2.0,2.0,1.0,0.0,90.0,1,0.0,3.0,1,2,5,0,2,1,1,1,0,4,1,0,0,4,0,1,0,1,0,0,0,3,8,45
200700046564,7,8,11,1,1,1,1.0,2.0,0.0,7.0,0.0,0.0,2.0,17.0,1,-1,3.0,2.0,0.0,1.0,0.0,0.0,1,0.0,1.0,2,2,4,0,0,0,0,4,0,0,4,0,0,0,0,4,0,1,1,0,0,4,15,30
200500039653,5,6,7,1,1,1,1.0,3.0,0.0,7.0,0.0,0.0,2.0,1.0,1,1,2.0,2.0,2.0,1.0,0.0,81.0,1,5.0,1.0,2,1,4,0,0,0,0,4,2,0,0,0,2,4,0,0,0,1,0,1,0,3,8,45
201000001365,10,3,23,2,1,2,1.0,3.0,0.0,7.0,0.0,0.0,2.0,1.0,1,1,3.0,2.0,2.0,1.0,0.0,60.0,1,0.0,1.0,2,1,4,0,0,0,0,4,2,0,0,0,2,4,0,0,0,1,0,0,0,3,17,15
200900062678,9,7,15,5,2,2,1.0,3.0,0.0,2.0,0.0,0.0,2.0,17.0,2,2,4.0,2.0,4.0,1.0,0.0,130.0,1,5.0,0.0,2,2,6,0,2,0,0,4,0,0,6,0,0,2,4,0,0,1,0,1,0,2,1,15
200700038456,7,6,22,1,1,1,1.0,7.0,0.0,33.0,0.0,4.0,0.0,1.0,1,2,1.0,1.0,2.0,1.0,10.0,70.0,1,0.0,1.0,1,2,1,0,0,0,0,1,0,0,0,0,1,1,0,0,0,1,0,0,0,2,18,0
201700041748,17,6,16,1,2,1,1.0,2.0,0.0,7.0,0.0,0.0,0.0,23.0,1,-1,3.0,3.0,2.0,1.0,10.0,10.0,1,0.0,1.0,2,2,8,0,2,0,2,4,0,0,8,0,0,4,0,4,0,1,0,0,0,2,18,50
201100033997,11,12,12,1,2,1,9.0,2.0,0.0,7.0,0.0,0.0,2.0,2.0,1,1,4.0,1.0,1.0,0.0,0.0,0.0,-1,0.0,1.0,2,1,2,2,0,0,0,4,0,2,0,2,0,0,0,2,2,1,1,0,0,2,13,39
201300039097,13,5,14,5,2,2,1.0,7.0,0.0,31.0,0.0,0.0,0.0,1.0,1,2,3.0,1.0,3.0,1.0,0.0,0.0,1,0.0,1.0,1,2,0,1,0,0,0,1,0,0,0,0,1,1,0,0,0,0,0,0,0,2,23,20
201700027931,17,11,29,3,2,1,1.0,6.0,2.0,7.0,0.0,0.0,6.0,1.0,1,1,3.0,0.0,1.0,1.0,0.0,0.0,1,0.0,0.0,1,1,3,0,1,0,1,1,0,0,3,0,0,0,1,2,0,0,0,0,1,2,21,46
201200020592,12,12,12,5,1,1,1.0,6.0,0.0,7.0,0.0,0.0,1.0,1.0,1,1,3.0,2.0,2.0,1.0,9.0,75.0,1,2.0,1.0,2,1,4,2,0,2,0,4,4,0,0,2,0,2,2,0,2,1,0,0,0,4,17,45
200900022663,9,5,1,1,2,1,1.0,7.0,0.0,7.0,0.0,11.0,0.0,1.0,3,-1,4.0,0.0,1.0,1.0,0.0,30.0,1,6.0,1.0,1,3,2,0,0,1,0,1,0,0,1,0,1,0,0,1,1,1,0,0,0,3,10,50
201600057246,16,6,1,1,2,1,1.0,2.0,1.0,34.0,0.0,0.0,2.0,2.0,1,2,4.0,1.0,4.0,1.0,15.0,140.0,1,0.0,1.0,2,2,4,0,0,0,0,4,0,0,0,4,0,4,0,0,0,1,1,0,0,2,14,10
201600055531,16,7,9,1,2,3,1.0,3.0,1.0,1.0,0.0,0.0,2.0,1.0,1,2,4.0,2.0,2.0,2.0,0.0,0.0,1,0.0,1.0,2,2,2,2,0,0,0,4,0,2,2,0,0,4,0,0,0,1,0,1,0,2,13,0
201100063993,11,4,19,1,2,2,1.0,1.0,0.0,31.0,0.0,0.0,2.0,1.0,1,2,4.0,2.0,4.0,1.0,0.0,122.0,1,0.0,1.0,2,4,4,0,0,0,0,4,2,0,0,2,0,2,0,2,0,1,1,0,0,4,6,49
201500030714,15,4,10,1,1,2,1.0,3.0,0.0,7.0,0.0,0.0,2.0,1.0,1,1,3.0,2.0,2.0,2.0,0.0,60.0,1,0.0,1.0,2,3,0,4,0,0,0,4,0,2,2,0,0,2,0,0,2,1,0,0,0,3,16,0
201000056830,10,9,6,4,1,1,1.0,1.0,0.0,7.0,0.0,0.0,2.0,1.0,1,1,1.0,3.0,2.0,2.0,20.0,35.0,1,0.0,1.0,2,3,2,4,0,0,2,4,0,2,0,0,4,4,0,0,2,1,0,0,0,3,4,50
201000061584,10,10,5,1,2,2,2.0,2.0,0.0,7.0,0.0,0.0,1.0,15.0,1,1,4.0,1.0,3.0,1.0,0.0,90.0,1,0.0,1.0,2,1,4,0,0,0,0,4,0,0,0,4,0,4,0,0,0,1,1,0,0,2,9,15
200900034793,9,8,23,1,1,1,1.0,3.0,0.0,7.0,0.0,0.0,2.0,15.0,1,1,3.0,2.0,2.0,1.0,0.0,64.0,1,0.0,1.0,2,1,2,2,0,0,0,4,2,0,2,0,0,4,0,0,0,1,0,0,0,2,16,45
200900004010,9,2,21,1,1,1,1.0,3.0,0.0,7.0,0.0,0.0,2.0,15.0,2,1,3.0,2.0,2.0,3.0,0.0,60.0,1,0.0,1.0,2,3,10,2,6,0,2,4,0,8,4,0,0,4,4,4,0,1,0,1,0,4,11,15
200500029931,5,5,3,1,2,1,1.0,2.0,0.0,7.0,0.0,0.0,2.0,4.0,1,1,4.0,2.0,4.0,1.0,0.0,120.0,1,0.0,1.0,2,1,4,0,0,0,0,4,0,0,0,4,0,2,0,2,0,1,1,0,0,2,12,30
201100023661,11,3,4,1,2,2,1.0,3.0,0.0,30.0,0.0,0.0,2.0,1.0,1,2,3.0,2.0,0.0,2.0,0.0,61.0,1,0.0,1.0,2,3,2,2,0,0,0,4,0,0,2,0,2,4,0,0,0,1,0,1,0,3,13,15
200800056006,8,10,26,3,1,6,1.0,7.0,0.0,7.0,0.0,13.0,0.0,13.0,1,1,3.0,2.0,2.0,1.0,0.0,0.0,1,5.0,1.0,1,3,1,0,0,0,0,1,0,0,1,0,0,0,0,1,0,0,0,0,1,3,2,15
200700027844,7,5,25,1,2,6,1.0,3.0,0.0,7.0,0.0,0.0,2.0,9.0,1,1,4.0,2.0,2.0,1.0,0.0,94.0,1,5.0,1.0,2,1,2,2,0,0,0,4,2,0,0,2,0,2,0,2,0,1,0,0,0,2,16,0
201300055074,13,8,9,1,2,1,1.0,3.0,0.0,14.0,0.0,0.0,2.0,9.0,1,1,4.0,2.0,4.0,1.0,0.0,120.0,1,0.0,1.0,2,1,4,0,0,0,0,4,0,0,0,4,0,4,0,0,0,1,1,0,0,2,10,35
200700004993,7,1,20,1,2,1,2.0,6.0,0.0,7.0,0.0,0.0,1.0,1.0,1,1,4.0,3.0,5.0,1.0,0.0,156.0,1,0.0,1.0,1,1,1,1,0,1,0,1,0,0,2,0,0,1,0,0,1,1,0,0,0,3,8,25
200700077800,7,12,1,5,2,1,2.0,6.0,0.0,7.0,0.0,0.0,1.0,1.0,1,-1,4.0,1.0,1.0,1.0,0.0,74.0,1,0.0,1.0,1,1,1,1,0,1,0,1,0,0,2,0,0,1,0,1,0,1,0,0,0,3,1,40
200500049554,5,8,1,1,1,1,1.0,6.0,0.0,5.0,0.0,0.0,2.0,1.0,1,-1,2.0,2.0,0.0,1.0,0.0,85.0,1,0.0,1.0,1,2,0,1,0,0,0,1,0,1,0,0,0,0,0,1,0,1,0,0,0,2,13,30
200900042731,9,9,1,1,2,1,1.0,6.0,0.0,7.0,0.0,0.0,0.0,0.0,1,1,4.0,2.0,0.0,0.0,0.0,0.0,-1,0.0,1.0,2,1,2,2,0,0,0,4,0,4,0,0,0,0,0,2,2,0,1,0,0,2,10,10
201700017648,17,4,6,1,1,1,1.0,2.0,2.0,7.0,0.0,0.0,2.0,17.0,1,1,3.0,2.0,2.0,2.0,0.0,0.0,1,0.0,1.0,2,2,6,0,0,0,2,4,4,0,2,0,0,0,2,4,0,1,1,0,0,2,17,45
200800042682,8,7,20,1,2,1,1.0,4.0,0.0,10.0,0.0,0.0,2.0,2.0,1,1,3.0,1.0,3.0,1.0,15.0,105.0,1,0.0,1.0,3,1,9,0,0,0,0,9,0,0,9,0,0,6,0,3,0,1,1,0,0,2,13,0
201000018298,10,4,7,1,1,1,1.0,2.0,0.0,10.0,0.0,0.0,0.0,2.0,1,1,1.0,0.0,3.0,2.0,0.0,101.0,1,0.0,1.0,2,3,4,0,0,0,0,4,0,0,0,2,2,4,0,0,0,1,1,0,0,3,18,0
201100013434,11,9,16,1,2,1,1.0,6.0,0.0,7.0,0.0,0.0,1.0,1.0,1,1,3.0,1.0,1.0,1.0,0.0,0.0,1,0.0,1.0,1,1,1,1,0,1,0,1,0,0,1,1,0,1,1,0,0,1,0,0,0,3,19,30
201200034353,12,3,26,3,1,1,1.0,1.0,0.0,7.0,0.0,0.0,2.0,13.0,1,1,3.0,2.0,2.0,1.0,0.0,73.0,1,0.0,1.0,2,2,2,2,0,0,0,4,0,0,2,0,2,2,0,2,0,1,0,0,0,3,5,50
201400021419,14,5,9,1,2,2,1.0,3.0,0.0,7.0,0.0,0.0,2.0,19.0,1,1,4.0,2.0,2.0,1.0,0.0,0.0,1,5.0,1.0,2,1,4,0,0,0,0,4,0,4,0,0,0,2,0,2,0,1,1,0,0,3,18,20
200600026861,6,5,30,5,2,2,1.0,6.0,0.0,33.0,0.0,1.0,0.0,1.0,1,2,4.0,2.0,2.0,2.0,0.0,0.0,1,2.0,0.0,1,3,2,0,0,0,1,1,1,1,0,0,0,1,0,1,0,1,0,0,0,3,23,30
200700037821,7,6,15,1,2,1,1.0,2.0,0.0,1.0,0.0,1.0,0.0,1.0,1,-1,4.0,1.0,1.0,1.0,0.0,35.0,1,0.0,1.0,2,2,4,0,0,0,0,4,4,0,0,0,0,2,2,0,0,1,1,0,0,2,19,0
201000032931,10,4,24,1,2,9,1.0,3.0,0.0,7.0,0.0,0.0,0.0,9.0,1,1,3.0,2.0,2.0,1.0,0.0,60.0,1,0.0,1.0,2,1,4,2,0,0,2,4,0,0,6,0,0,4,0,0,2,1,1,0,0,2,18,20
201200027954,12,6,2,3,1,1,1.0,3.0,0.0,33.0,0.0,0.0,2.0,1.0,1,2,3.0,2.0,2.0,2.0,0.0,0.0,1,0.0,1.0,2,3,2,0,0,0,0,2,0,0,2,0,0,2,0,0,0,1,0,1,0,3,21,40
200500007685,5,2,15,2,2,3,1.0,3.0,0.0,7.0,0.0,0.0,9.0,15.0,1,1,4.0,2.0,2.0,1.0,0.0,60.0,1,0.0,1.0,2,1,2,2,0,0,0,4,2,0,0,2,0,2,0,2,0,1,0,1,0,2,8,0
201500042926,15,9,4,1,2,3,1.0,2.0,0.0,7.0,0.0,0.0,0.0,0.0,1,1,4.0,2.0,0.0,1.0,0.0,0.0,1,5.0,1.0,2,1,2,2,0,0,0,4,2,0,0,0,2,4,0,0,0,1,1,0,0,2,15,40
201300003067,13,4,6,1,1,1,1.0,7.0,0.0,31.0,0.0,13.0,0.0,1.0,1,2,3.0,2.0,1.0,0.0,0.0,64.0,1,0.0,3.0,1,3,2,0,0,0,1,1,0,1,1,0,0,1,1,0,0,0,0,1,0,3,17,45
200900042901,9,5,3,1,2,1,1.0,6.0,0.0,31.0,0.0,6.0,0.0,1.0,1,0,4.0,2.0,0.0,2.0,0.0,0.0,1,0.0,1.0,1,3,0,1,0,0,0,1,0,0,1,0,0,0,1,0,0,1,0,0,0,3,11,0
201100039313,11,10,11,2,2,6,1.0,3.0,0.0,7.0,0.0,0.0,2.0,9.0,1,1,4.0,1.0,2.0,1.0,0.0,10.0,1,5.0,1.0,2,1,4,0,0,0,0,4,0,0,2,0,2,2,0,0,2,0,1,0,0,2,7,25
201000020360,10,12,2,5,2,6,1.0,3.0,0.0,1.0,0.0,0.0,0.0,1.0,1,-1,4.0,1.0,0.0,2.0,0.0,60.0,1,0.0,1.0,2,2,4,0,0,0,0,4,0,0,2,0,2,4,0,0,0,1,1,0,0,2,18,30
201100015541,11,1,16,1,2,1,1.0,3.0,0.0,32.0,0.0,0.0,2.0,1.0,1,2,4.0,1.0,1.0,1.0,0.0,98.0,1,0.0,1.0,2,2,2,2,0,0,0,4,0,2,2,0,0,2,0,0,2,1,0,0,0,2,16,0
201400023654,14,12,16,5,2,1,1.0,3.0,0.0,2.0,0.0,0.0,2.0,1.0,1,2,4.0,2.0,2.0,1.0,0.0,90.0,1,0.0,0.0,2,3,4,0,0,0,0,4,0,2,0,2,0,0,0,4,0,1,0,0,0,3,18,0
200700008188,7,2,10,2,2,2,1.0,7.0,0.0,7.0,0.0,0.0,1.0,1.0,1,1,3.0,2.0,2.0,1.0,0.0,52.0,1,5.0,1.0,1,1,2,0,0,1,0,1,1,0,0,0,1,1,0,0,1,1,0,0,0,4,7,55
200500057285,5,9,7,1,2,1,1.0,2.0,0.0,7.0,0.0,0.0,0.0,1.0,1,1,4.0,1.0,1.0,1.0,0.0,60.0,1,0.0,1.0,2,2,2,2,0,0,0,4,0,0,0,0,4,4,0,0,0,1,1,0,0,2,7,10
201000005190,10,5,22,1,1,1,1.0,7.0,0.0,33.0,0.0,7.0,0.0,1.0,1,2,3.0,2.0,2.0,2.0,0.0,57.0,1,0.0,3.0,1,3,1,0,0,0,0,1,0,0,1,0,0,0,0,1,0,0,0,1,0,3,19,45
201600026885,16,3,4,5,2,1,1.0,6.0,0.0,7.0,0.0,0.0,1.0,0.0,1,1,4.0,2.0,2.0,1.0,0.0,0.0,1,0.0,1.0,1,1,1,2,0,2,0,1,0,3,0,0,0,3,0,0,0,0,0,0,0,3,22,51
201200034783,12,9,28,1,2,1,1.0,4.0,0.0,7.0,0.0,0.0,2.0,23.0,1,1,4.0,2.0,3.0,1.0,0.0,0.0,1,0.0,1.0,3,1,6,6,0,0,3,9,0,0,6,3,3,9,3,0,0,1,1,0,0,2,15,40
201100052084,11,5,25,1,2,1,7.0,2.0,0.0,2.0,0.0,0.0,2.0,17.0,1,2,3.0,2.0,2.0,1.0,0.0,78.0,1,0.0,1.0,2,2,2,2,0,0,0,4,2,0,0,0,2,2,0,2,0,1,1,0,0,2,8,5
201600029950,16,6,25,5,2,1,1.0,6.0,2.0,7.0,0.0,15.0,0.0,1.0,1,-1,3.0,2.0,2.0,1.0,50.0,60.0,1,0.0,1.0,1,1,3,2,3,0,1,1,0,1,4,0,0,1,4,0,0,1,0,0,0,2,21,45
200900007726,9,3,19,1,2,4,1.0,3.0,0.0,7.0,0.0,0.0,2.0,1.0,1,1,3.0,2.0,2.0,1.0,0.0,80.0,1,0.0,3.0,2,1,2,2,0,0,0,4,2,0,0,2,0,4,0,0,0,1,0,1,0,2,9,15
201300055210,13,12,14,1,2,3,1.0,3.0,0.0,7.0,0.0,0.0,2.0,10.0,1,-1,4.0,2.0,1.0,1.0,0.0,35.0,1,2.0,1.0,2,1,4,0,0,0,0,4,0,0,4,0,0,4,0,0,0,1,0,1,0,2,10,30
201500033620,15,2,21,1,1,1,1.0,6.0,0.0,14.0,0.0,0.0,9.0,1.0,1,1,2.0,3.0,3.0,2.0,0.0,0.0,1,0.0,1.0,2,1,6,4,4,0,2,4,0,0,8,2,0,2,0,8,0,0,0,1,0,3,4,40
200900017210,9,6,9,1,2,1,1.0,3.0,0.0,7.0,0.0,0.0,2.0,15.0,1,1,4.0,2.0,2.0,1.0,0.0,90.0,1,0.0,1.0,2,1,2,2,0,0,0,4,0,0,4,0,0,4,0,0,0,1,0,0,0,2,16,45
200500049055,5,8,8,1,1,1,1.0,3.0,0.0,2.0,0.0,0.0,2.0,1.0,1,2,3.0,2.0,2.0,2.0,0.0,43.0,1,0.0,1.0,2,3,4,0,0,0,0,4,0,0,2,2,0,2,2,0,0,1,0,0,0,3,19,15
201100046004,11,8,24,1,2,1,1.0,2.0,0.0,10.0,0.0,0.0,2.0,1.0,1,-1,3.0,2.0,4.0,1.0,0.0,0.0,1,0.0,1.0,2,1,2,2,0,0,0,4,2,0,0,2,0,2,0,2,0,1,1,0,0,2,14,35
200500083932,5,12,15,1,2,6,1.0,7.0,0.0,5.0,0.0,16.0,0.0,16.0,1,2,3.0,2.0,2.0,1.0,0.0,60.0,1,5.0,1.0,1,2,1,0,0,0,0,1,0,0,0,0,1,1,0,0,0,0,0,1,0,2,8,45
200900056468,9,10,21,2,2,1,1.0,6.0,0.0,7.0,0.0,0.0,1.0,1.0,3,-1,4.0,2.0,2.0,1.0,0.0,80.0,1,0.0,1.0,1,3,1,1,0,1,0,1,1,0,0,0,1,1,0,1,0,1,0,0,0,3,7,55
201400011975,14,3,6,3,1,1,1.0,6.0,0.0,7.0,0.0,13.0,0.0,1.0,1,0,1.0,3.0,6.0,1.0,15.0,270.0,1,0.0,3.0,1,3,1,0,0,0,0,1,0,0,1,0,0,0,0,1,0,0,0,0,1,3,19,30
201400031058,14,7,7,1,2,1,1.0,6.0,0.0,7.0,0.0,0.0,1.0,1.0,1,1,4.0,1.0,1.0,1.0,0.0,70.0,1,0.0,1.0,1,1,1,1,0,1,0,1,0,0,2,0,0,1,1,0,0,1,0,0,0,3,17,0
201700041052,17,7,31,1,2,1,1.0,3.0,1.0,7.0,0.0,0.0,2.0,19.0,1,0,4.0,2.0,0.0,1.0,0.0,0.0,1,0.0,1.0,2,1,2,2,0,0,0,4,0,2,2,0,0,2,0,0,2,1,0,1,0,2,17,55
201300033001,13,4,12,1,2,1,1.0,3.0,0.0,30.0,0.0,0.0,2.0,1.0,1,-1,4.0,1.0,2.0,1.0,0.0,50.0,1,0.0,1.0,2,2,4,0,0,0,2,2,0,4,0,0,0,0,0,4,0,0,0,0,0,2,14,55
200700027315,7,5,29,1,2,1,1.0,2.0,0.0,7.0,0.0,14.0,0.0,1.0,1,1,3.0,1.0,1.0,1.0,0.0,46.0,1,0.0,1.0,2,1,4,2,0,0,2,4,0,6,0,0,0,2,0,2,2,1,1,0,0,2,9,50
200800014580,8,3,27,5,2,1,1.0,6.0,0.0,7.0,0.0,0.0,1.0,11.0,1,1,4.0,1.0,3.0,1.0,0.0,80.0,1,0.0,1.0,1,1,2,1,0,1,1,1,0,1,2,0,0,2,0,1,0,1,0,0,0,3,21,10