Num_Acc,an,mois,jour,lum,agg,int,atm,col,senc,catv,occutc,obs,obsm,manv,catu,secu,catr,circ,nbv,prof,lartpc,larrout,surf,infra,situ,nb_veh,grav_simpl,Homme,Femme,Arrière,Autre_x,Avant,Conducteur,Autre_y,Inconnu,Loisirs,Professionnel,Travail,Adulte,Enfant,Jeune,Senior,choc_avant,choc_arriere,choc_lateral,choc_multiple,grav_order_max,heure,minute
201600040909,16,2,5,1,2,1,1.0,6.0,1.0,7.0,0.0,0.0,1.0,1.0,1,1,4.0,1.0,1.0,1.0,0.0,0.0,1,0.0,1.0,1,1,0,2,0,1,0,1,1,1,0,0,0,0,1,0,1,1,0,0,0,2,16,0
201100021997,11,2,1,2,2,1,1.0,6.0,0.0,7.0,0.0,0.0,1.0,1.0,1,1,4.0,1.0,1.0,2.0,0.0,0.0,1,0.0,1.0,1,1,2,0,0,1,0,1,1,0,0,1,0,1,1,0,0,0,1,0,0,2,8,25
200600054284,6,9,25,1,2,1,1.0,3.0,0.0,7.0,0.0,0.0,2.0,1.0,1,-1,4.0,2.0,2.0,1.0,0.0,0.0,1,0.0,1.0,2,1,2,2,0,0,0,4,0,2,0,0,2,4,0,0,0,1,0,0,0,2,17,30
200800053232,8,9,15,1,2,1,1.0,6.0,0.0,7.0,0.0,0.0,1.0,7.0,1,1,4.0,2.0,3.0,1.0,0.0,105.0,1,0.0,1.0,1,1,1,1,0,1,0,1,0,0,0,2,0,1,0,1,0,1,0,0,0,2,9,20
200500051066,5,8,31,1,2,1,1.0,6.0,0.0,7.0,0.0,0.0,1.0,1.0,1,1,4.0,1.0,2.0,1.0,0.0,80.0,1,0.0,1.0,1,1,1,1,0,1,0,1,2,0,0,0,0,0,0,0,2,1,0,0,0,3,17,0
201600010568,16,8,19,5,2,1,1.0,3.0,1.0,7.0,0.0,0.0,2.0,15.0,1,1,4.0,3.0,5.0,0.0,0.0,0.0,-1,0.0,1.0,2,1,6,0,2,0,0,4,0,6,0,0,0,2,2,2,0,1,1,0,0,3,22,0
201200042380,12,9,12,1,2,1,1.0,6.0,0.0,1.0,0.0,0.0,1.0,1.0,1,-1,4.0,1.0,1.0,1.0,0.0,0.0,1,0.0,0.0,1,1,1,1,0,1,0,1,1,0,1,0,0,0,0,1,1,1,0,0,0,2,9,0
201600056178,16,4,1,1,2,1,1.0,2.0,1.0,14.0,0.0,0.0,2.0,1.0,1,1,4.0,2.0,2.0,1.0,0.0,120.0,1,0.0,1.0,2,1,4,0,0,0,0,4,0,0,0,4,0,4,0,0,0,1,1,0,0,2,15,0
200700027390,7,5,26,1,2,1,1.0,6.0,0.0,30.0,0.0,0.0,1.0,1.0,1,2,4.0,2.0,2.0,1.0,0.0,60.0,1,0.0,1.0,1,1,3,0,1,1,0,1,0,1,2,0,0,0,2,0,1,1,0,0,0,2,14,55
201100046379,11,7,30,1,2,1,1.0,5.0,0.0,7.0,0.0,0.0,2.0,1.0,1,1,3.0,2.0,2.0,2.0,0.0,0.0,1,0.0,1.0,3,1,9,0,0,0,3,6,6,3,0,0,0,3,0,3,3,1,1,0,0,2,17,45
201000058822,10,7,19,1,2,1,1.0,1.0,0.0,1.0,0.0,0.0,2.0,1.0,1,0,4.0,1.0,1.0,1.0,0.0,103.0,1,0.0,1.0,2,2,2,2,0,0,0,4,0,0,4,0,0,0,0,2,2,1,0,0,0,2,19,30
200700003725,7,1,1,3,1,1,1.0,2.0,0.0,7.0,0.0,0.0,2.0,1.0,1,1,2.0,2.0,2.0,1.0,0.0,75.0,1,0.0,1.0,2,2,2,2,0,0,0,4,0,0,4,0,0,4,0,0,0,1,1,0,0,2,6,40
201600008003,16,10,9,1,1,1,1.0,7.0,1.0,1.0,0.0,0.0,0.0,0.0,1,2,3.0,2.0,3.0,0.0,0.0,0.0,1,0.0,1.0,1,3,1,0,0,0,0,1,0,0,1,0,0,0,0,0,1,0,0,1,0,3,9,0
201500040908,15,5,7,1,2,3,1.0,3.0,0.0,7.0,0.0,0.0,2.0,1.0,1,1,4.0,2.0,1.0,1.0,0.0,0.0,1,0.0,1.0,2,1,0,8,0,0,4,4,4,2,2,0,0,4,2,2,0,1,0,1,0,2,15,45
201000016362,10,2,15,5,2,2,2.0,2.0,0.0,2.0,0.0,0.0,2.0,1.0,1,2,4.0,2.0,1.0,1.0,0.0,72.0,1,0.0,1.0,2,3,2,2,0,0,0,4,0,0,4,0,0,2,0,2,0,1,1,0,0,3,19,0
201100009193,11,3,7,1,1,1,1.0,3.0,0.0,33.0,0.0,0.0,2.0,17.0,1,2,3.0,2.0,2.0,2.0,50.0,76.0,1,0.0,1.0,2,3,4,0,0,0,0,4,0,0,4,0,0,0,0,2,2,1,0,1,0,3,11,0
200800000922,8,1,22,1,1,1,1.0,7.0,0.0,33.0,0.0,11.0,0.0,1.0,1,2,3.0,2.0,2.0,1.0,0.0,0.0,1,0.0,3.0,1,3,1,0,0,0,0,1,0,0,1,0,0,0,0,1,0,1,0,0,0,3,13,0
200600036053,6,6,8,1,1,1,1.0,7.0,0.0,33.0,0.0,16.0,0.0,1.0,1,2,3.0,2.0,3.0,1.0,4.0,82.0,1,5.0,3.0,2,3,4,0,0,0,0,4,0,0,0,2,2,4,0,0,0,0,0,0,1,3,8,15
201100059421,11,5,22,1,2,2,1.0,6.0,0.0,32.0,0.0,0.0,2.0,1.0,1,2,4.0,1.0,1.0,1.0,0.0,60.0,1,5.0,1.0,2,1,2,2,2,0,0,2,0,0,4,0,0,4,0,0,0,0,0,1,0,2,15,5
201400046892,14,1,4,2,1,1,1.0,3.0,0.0,7.0,0.0,0.0,0.0,0.0,1,1,2.0,1.0,2.0,2.0,15.0,35.0,1,2.0,1.0,1,3,1,0,0,0,0,1,0,1,0,0,0,1,0,0,0,0,0,0,0,3,20,15
201600029299,16,9,5,1,2,1,1.0,1.0,0.0,7.0,0.0,0.0,2.0,0.0,1,1,9.0,2.0,2.0,2.0,0.0,0.0,1,0.0,1.0,2,1,4,0,0,0,0,4,0,4,0,0,0,2,0,2,0,1,0,0,0,2,8,0
201000020670,10,3,12,1,2,2,1.0,3.0,0.0,37.0,15.0,0.0,2.0,1.0,1,-1,4.0,1.0,3.0,1.0,0.0,90.0,1,0.0,1.0,2,2,2,2,0,0,0,4,0,2,0,2,0,4,0,0,0,1,0,0,0,2,18,0
200600020513,6,4,11,1,2,1,1.0,2.0,0.0,7.0,0.0,0.0,2.0,1.0,1,1,4.0,2.0,2.0,1.0,0.0,90.0,1,0.0,1.0,2,1,2,2,0,0,0,4,2,0,2,0,0,2,0,2,0,1,1,0,0,2,8,25
201300003678,13,11,3,3,1,1,3.0,7.0,0.0,7.0,0.0,0.0,0.0,1.0,1,1,3.0,2.0,2.0,1.0,0.0,41.0,1,0.0,3.0,1,3,1,0,0,0,0,1,0,0,1,0,0,0,0,0,1,0,0,0,0,3,2,0
200700019948,7,4,4,2,1,1,2.0,2.0,0.0,7.0,0.0,0.0,2.0,2.0,1,1,3.0,2.0,0.0,1.0,33.0,70.0,1,0.0,1.0,2,2,2,2,0,0,0,4,0,0,2,0,2,0,0,2,2,1,1,0,0,2,19,0
200600065407,6,10,3,1,1,1,1.0,5.0,0.0,7.0,0.0,0.0,2.0,2.0,1,1,1.0,3.0,6.0,2.0,15.0,210.0,1,0.0,1.0,3,1,6,3,0,0,0,9,3,0,3,0,3,6,0,3,0,1,1,1,0,3,12,24
200700022302,7,4,8,1,2,1,1.0,3.0,0.0,33.0,0.0,0.0,2.0,2.0,2,-1,4.0,2.0,2.0,1.0,0.0,0.0,1,0.0,1.0,2,3,2,4,2,0,0,4,4,2,0,0,0,0,0,6,0,0,0,1,0,3,11,20
200900068823,9,10,10,5,2,2,1.0,6.0,0.0,37.0,0.0,0.0,1.0,1.0,3,-1,3.0,1.0,2.0,1.0,50.0,50.0,1,0.0,1.0,1,2,2,0,0,1,0,1,0,1,0,1,0,1,0,1,0,1,0,0,0,2,21,0
200500075223,5,11,10,5,2,2,1.0,4.0,0.0,7.0,0.0,0.0,2.0,15.0,1,1,4.0,2.0,2.0,1.0,0.0,60.0,1,1.0,0.0,3,1,6,3,0,0,0,9,0,0,6,3,0,3,0,6,0,1,1,0,0,2,20,10
200600033424,6,6,8,1,2,1,1.0,2.0,0.0,7.0,0.0,0.0,2.0,1.0,1,-1,4.0,2.0,2.0,1.0,0.0,54.0,1,0.0,1.0,2,1,4,0,0,0,0,4,0,2,2,0,0,0,0,4,0,1,1,0,0,2,15,25
200700012125,7,3,1,3,1,1,1.0,6.0,0.0,7.0,0.0,0.0,2.0,5.0,1,1,3.0,2.0,0.0,0.0,0.0,60.0,1,0.0,1.0,2,1,6,0,0,0,4,2,0,2,4,0,0,4,0,0,2,1,0,0,0,4,19,30
200700029193,7,5,29,1,2,1,1.0,6.0,0.0,7.0,0.0,0.0,2.0,15.0,1,1,4.0,2.0,2.0,1.0,0.0,0.0,1,0.0,1.0,2,1,4,0,0,0,0,4,0,0,2,2,0,4,0,0,0,1,1,0,0,3,14,40
201000022254,10,10,30,5,2,6,1.0,6.0,0.0,33.0,0.0,12.0,0.0,2.0,1,2,4.0,2.0,2.0,1.0,0.0,60.0,1,0.0,0.0,1,4,1,0,0,0,0,1,0,0,1,0,0,0,0,1,0,1,0,0,0,4,1,0
201400046248,14,3,27,1,2,3,1.0,3.0,0.0,1.0,0.0,0.0,2.0,1.0,1,-1,4.0,2.0,2.0,1.0,0.0,-1.0,1,0.0,1.0,2,2,2,2,0,0,0,4,2,0,2,0,0,2,0,0,2,1,0,1,0,2,11,30
200500012460,5,3,16,1,1,1,1.0,7.0,0.0,17.0,0.0,13.0,0.0,1.0,1,1,2.0,2.0,2.0,1.0,0.0,70.0,1,0.0,3.0,1,3,1,0,0,0,0,1,0,0,0,1,0,1,0,0,0,1,0,0,0,3,9,0
201300006658,13,9,24,1,1,1,1.0,1.0,0.0,7.0,0.0,0.0,2.0,13.0,1,1,3.0,2.0,2.0,1.0,0.0,55.0,1,0.0,1.0,2,3,6,0,0,0,2,4,2,2,0,2,0,2,0,4,0,1,0,0,0,3,8,15
201400031869,14,12,4,5,2,2,1.0,3.0,0.0,7.0,0.0,0.0,2.0,15.0,1,1,4.0,2.0,2.0,1.0,0.0,110.0,1,5.0,1.0,2,1,2,2,0,0,0,4,0,0,2,0,2,2,0,2,0,1,0,1,0,2,18,15
201600048974,16,1,8,1,2,9,1.0,6.0,1.0,10.0,0.0,0.0,1.0,0.0,1,1,4.0,2.0,2.0,1.0,0.0,52.0,1,0.0,1.0,1,1,2,0,0,1,0,1,0,1,1,0,0,1,1,0,0,0,0,0,0,3,13,15
201700057578,17,5,6,1,2,2,1.0,1.0,1.0,34.0,0.0,0.0,2.0,17.0,1,2,4.0,1.0,1.0,1.0,0.0,0.0,1,0.0,1.0,2,2,2,2,0,0,0,4,2,0,0,0,2,4,0,0,0,1,0,0,0,2,20,0
200700040194,7,7,23,1,1,1,3.0,7.0,0.0,2.0,0.0,0.0,0.0,1.0,1,2,3.0,2.0,0.0,1.0,0.0,70.0,1,0.0,1.0,1,3,1,0,0,0,0,1,0,1,0,0,0,0,0,1,0,1,0,0,0,3,15,30
201700030918,17,9,24,5,2,1,1.0,6.0,1.0,7.0,0.0,12.0,0.0,15.0,1,1,4.0,2.0,3.0,1.0,0.0,0.0,1,5.0,1.0,1,2,1,0,0,0,0,1,0,0,1,0,0,0,0,1,0,1,0,0,0,2,3,20
201700049543,17,10,20,3,1,1,1.0,2.0,1.0,33.0,0.0,1.0,0.0,1.0,1,2,3.0,3.0,5.0,1.0,10.0,105.0,1,0.0,1.0,2,2,4,0,0,0,0,4,2,0,0,0,2,4,0,0,0,1,1,0,0,2,21,35
201200033294,12,5,22,1,2,1,1.0,7.0,0.0,7.0,0.0,0.0,1.0,1.0,1,1,4.0,1.0,1.0,1.0,0.0,51.0,1,0.0,1.0,1,1,1,1,0,1,0,1,1,0,0,1,0,1,1,0,0,1,0,0,0,3,13,50
201300003515,13,10,22,1,2,1,8.0,3.0,0.0,7.0,0.0,0.0,2.0,1.0,1,1,3.0,2.0,2.0,1.0,0.0,42.0,1,0.0,1.0,2,3,0,4,0,0,0,4,2,0,0,0,2,0,0,2,2,1,0,0,0,3,16,30
201400049875,14,2,1,5,1,1,2.0,6.0,0.0,7.0,0.0,3.0,0.0,9.0,1,1,1.0,3.0,7.0,1.0,15.0,245.0,1,3.0,1.0,1,2,1,0,0,0,0,1,0,0,0,1,0,0,0,1,0,1,0,0,0,2,17,50
201400028752,14,1,10,5,2,2,1.0,6.0,0.0,7.0,0.0,0.0,1.0,16.0,1,1,4.0,2.0,2.0,1.0,0.0,0.0,1,0.0,4.0,1,1,3,0,0,2,0,1,0,0,3,0,0,2,0,0,1,0,0,0,0,2,17,50
200500082341,5,12,27,1,2,4,4.0,6.0,0.0,7.0,0.0,1.0,1.0,15.0,1,1,4.0,1.0,2.0,1.0,0.0,60.0,0,0.0,1.0,1,1,1,1,0,1,0,1,0,0,1,1,0,1,0,1,0,1,0,0,0,3,13,55
200500025318,5,5,5,1,1,1,1.0,1.0,0.0,2.0,0.0,0.0,2.0,1.0,1,2,4.0,2.0,0.0,1.0,0.0,34.0,1,0.0,1.0,2,2,4,0,0,0,0,4,0,0,2,2,0,2,0,0,2,1,0,0,0,2,9,15
200800009836,8,2,12,1,2,1,1.0,6.0,0.0,32.0,0.0,0.0,1.0,0.0,3,-1,4.0,2.0,2.0,0.0,0.0,0.0,1,0.0,0.0,1,2,1,1,0,1,0,1,0,0,0,2,0,1,0,1,0,1,0,0,0,2,16,55
200900010969,9,4,8,1,1,1,1.0,7.0,0.0,15.0,0.0,3.0,0.0,1.0,1,1,1.0,1.0,2.0,1.0,10.0,100.0,1,0.0,1.0,1,3,1,0,0,0,0,1,0,0,0,1,0,1,0,0,0,1,0,0,0,3,12,15
201400023354,14,7,17,5,2,2,1.0,3.0,0.0,7.0,0.0,0.0,9.0,1.0,1,1,4.0,1.0,1.0,1.0,0.0,37.0,1,0.0,0.0,2,1,4,0,0,0,0,4,0,2,2,0,0,0,0,4,0,1,1,0,0,2,2,35
201100005168,11,10,24,5,2,1,2.0,6.0,0.0,7.0,0.0,6.0,0.0,1.0,1,1,3.0,2.0,2.0,1.0,0.0,61.0,1,0.0,4.0,1,3,1,0,0,0,0,1,0,0,0,0,1,0,0,1,0,1,0,0,0,3,20,45
200900015332,9,5,22,1,1,2,1.0,3.0,0.0,7.0,0.0,16.0,2.0,1.0,1,1,3.0,2.0,2.0,1.0,0.0,0.0,1,5.0,1.0,2,4,4,0,0,0,0,4,0,0,4,0,0,0,0,4,0,1,0,0,0,4,19,30
200900028943,9,3,3,3,1,1,1.0,7.0,0.0,33.0,0.0,0.0,0.0,1.0,1,2,1.0,3.0,2.0,2.0,20.0,70.0,1,0.0,1.0,1,2,1,0,0,0,0,1,0,0,1,0,0,0,0,1,0,0,0,0,1,2,19,19
201500031936,15,4,26,3,1,1,8.0,6.0,0.0,7.0,0.0,0.0,1.0,1.0,1,1,3.0,3.0,4.0,1.0,30.0,70.0,1,0.0,1.0,1,2,1,1,0,1,0,1,0,0,2,0,0,0,0,2,0,1,0,0,0,4,4,45
200700072348,7,11,20,1,2,1,2.0,3.0,0.0,7.0,0.0,0.0,9.0,15.0,1,1,9.0,2.0,2.0,1.0,0.0,50.0,1,0.0,1.0,2,1,4,0,0,0,0,4,0,0,2,0,2,2,0,2,0,1,0,1,0,2,16,40
201200021809,12,10,4,1,1,9,1.0,1.0,0.0,7.0,0.0,0.0,2.0,1.0,1,1,4.0,3.0,4.0,1.0,0.0,0.0,1,0.0,1.0,2,1,4,2,0,0,2,4,0,0,6,0,0,2,0,4,0,1,0,0,0,3,17,57
201600009793,16,8,13,1,1,2,7.0,3.0,1.0,7.0,0.0,0.0,2.0,1.0,1,1,2.0,2.0,2.0,1.0,130.0,0.0,1,5.0,1.0,2,2,6,2,4,0,0,4,0,6,0,0,2,2,4,0,2,1,0,0,0,2,9,45
200500014696,5,3,22,1,2,1,1.0,1.0,0.0,7.0,0.0,0.0,2.0,13.0,1,-1,2.0,2.0,3.0,2.0,0.0,102.0,1,0.0,1.0,2,3,0,4,0,0,0,4,2,0,2,0,0,4,0,0,0,1,0,0,0,3,17,30
200900066291,9,10,12,1,2,1,1.0,6.0,0.0,7.0,0.0,0.0,1.0,1.0,1,1,3.0,2.0,2.0,1.0,0.0,85.0,1,0.0,1.0,1,1,1,1,0,1,0,1,1,0,0,0,1,0,1,1,0,1,0,0,0,3,17,40
200800068727,8,12,20,1,1,2,1.0,3.0,0.0,7.0,0.0,0.0,2.0,19.0,1,1,3.0,2.0,2.0,1.0,0.0,69.0,1,0.0,1.0,2,3,0,4,0,0,0,4,2,0,2,0,0,2,0,0,2,1,0,0,0,3,11,45
201000009875,10,8,26,1,1,1,1.0,6.0,0.0,7.0,0.0,0.0,1.0,1.0,1,1,3.0,2.0,2.0,0.0,0.0,68.0,-1,2.0,1.0,1,2,1,1,0,1,0,1,1,0,1,0,0,0,1,1,0,1,0,0,0,4,15,30
201200018954,12,1,1,1,1,1,2.0,6.0,0.0,7.0,0.0,2.0,0.0,1.0,1,1,4.0,2.0,2.0,0.0,60.0,0.0,1,0.0,3.0,1,3,1,0,0,0,0,1,0,0,1,0,0,0,0,1,0,1,0,0,0,3,10,45
201600022153,16,7,5,1,1,1,1.0,7.0,1.0,31.0,0.0,0.0,0.0,0.0,1,-1,3.0,1.0,1.0,1.0,0.0,0.0,1,0.0,1.0,1,2,1,0,0,0,0,1,0,0,1,0,0,1,0,0,0,0,0,1,0,2,21,5
201300018101,13,12,10,2,1,1,5.0,1.0,0.0,7.0,0.0,0.0,2.0,5.0,1,1,3.0,2.0,0.0,0.0,0.0,0.0,0,0.0,1.0,2,3,2,2,0,0,0,4,0,0,0,0,4,2,0,2,0,1,0,0,0,3,7,15
200600064488,6,10,23,1,1,2,2.0,6.0,0.0,5.0,0.0,0.0,2.0,2.0,1,2,2.0,2.0,2.0,1.0,0.0,80.0,1,0.0,1.0,2,2,2,2,0,0,0,4,0,0,2,0,2,2,0,2,0,1,1,0,0,2,18,15
200600057505,6,9,10,1,2,1,1.0,4.0,0.0,7.0,0.0,0.0,2.0,1.0,1,1,2.0,2.0,4.0,1.0,0.0,120.0,1,0.0,1.0,3,2,6,3,0,0,0,9,0,3,3,3,0,6,0,3,0,1,1,0,0,2,15,10
201000054444,10,11,7,5,2,1,1.0,6.0,0.0,7.0,0.0,0.0,1.0,1.0,1,-1,4.0,2.0,2.0,1.0,0.0,99.0,1,4.0,1.0,1,1,1,1,0,1,0,1,0,1,1,0,0,1,0,1,0,1,0,0,0,3,22,10
201100010309,11,10,26,1,1,1,1.0,5.0,0.0,7.0,0.0,0.0,2.0,2.0,1,1,2.0,2.0,2.0,2.0,0.0,80.0,1,0.0,1.0,3,1,9,3,0,0,3,9,3,3,0,3,3,9,0,0,3,1,0,0,0,3,13,45
201700006636,17,9,17,1,1,1,1.0,6.0,1.0,7.0,0.0,3.0,0.0,0.0,1,1,1.0,3.0,2.0,2.0,0.0,0.0,1,3.0,1.0,1,2,0,2,0,0,1,1,0,1,1,0,0,1,0,1,0,1,0,0,0,2,12,30
200600074228,6,12,9,3,1,1,1.0,7.0,0.0,7.0,0.0,13.0,0.0,5.0,1,0,3.0,2.0,2.0,1.0,0.0,0.0,1,0.0,1.0,1,3,4,0,1,0,2,1,0,3,1,0,0,0,0,4,0,1,0,0,0,3,21,0
200700036573,7,6,15,1,2,1,2.0,7.0,0.0,14.0,0.0,6.0,0.0,0.0,1,1,4.0,1.0,1.0,4.0,0.0,50.0,1,1.0,0.0,1,2,1,0,0,0,0,1,0,0,0,1,0,1,0,0,0,1,0,0,0,2,15,0
201400014423,14,3,20,1,2,1,1.0,6.0,0.0,30.0,0.0,0.0,2.0,2.0,1,2,4.0,2.0,0.0,0.0,0.0,0.0,1,0.0,1.0,2,2,4,2,0,0,2,4,2,2,0,0,2,0,0,4,2,1,1,0,0,2,17,30
200600009675,6,2,9,1,2,1,1.0,6.0,0.0,10.0,0.0,0.0,2.0,2.0,1,1,4.0,3.0,4.0,1.0,15.0,120.0,1,0.0,1.0,1,2,0,1,0,0,0,1,0,0,0,1,0,0,0,1,0,1,0,0,0,2,14,50
200900026989,9,10,12,1,2,1,1.0,6.0,0.0,37.0,1.0,0.0,1.0,7.0,1,-1,4.0,1.0,4.0,1.0,0.0,150.0,1,0.0,1.0,1,1,1,1,0,1,0,1,0,0,1,1,0,1,0,1,0,1,0,0,0,2,14,40
200900036506,9,10,8,1,2,2,1.0,3.0,0.0,7.0,0.0,0.0,2.0,1.0,1,0,4.0,2.0,2.0,2.0,0.0,60.0,1,0.0,1.0,2,2,4,0,0,0,0,4,0,0,0,2,2,2,0,2,0,0,0,0,0,2,13,30
201700043324,17,10,19,1,2,1,1.0,3.0,1.0,17.0,0.0,0.0,9.0,24.0,1,-1,4.0,2.0,0.0,1.0,0.0,0.0,1,0.0,1.0,2,1,4,0,0,0,0,4,0,0,2,2,0,2,0,2,0,0,0,1,0,2,14,20
201700052175,17,3,24,3,1,1,1.0,2.0,1.0,7.0,0.0,0.0,2.0,2.0,1,1,1.0,1.0,3.0,1.0,0.0,105.0,1,0.0,1.0,2,1,2,4,0,0,2,4,0,0,6,0,0,4,0,2,0,1,1,0,0,2,22,0
200700064263,7,10,1,1,1,1,1.0,6.0,0.0,2.0,0.0,0.0,1.0,1.0,1,2,4.0,2.0,2.0,1.0,0.0,0.0,1,0.0,1.0,1,1,2,0,0,1,0,1,2,0,0,0,0,0,2,0,0,1,0,0,0,3,16,5
201000022627,10,10,22,1,2,1,1.0,6.0,0.0,30.0,0.0,0.0,2.0,17.0,1,2,3.0,2.0,2.0,1.0,20.0,70.0,1,0.0,1.0,2,2,4,0,0,0,0,4,0,0,4,0,0,2,2,0,0,1,0,1,0,2,14,0
201300036811,13,1,14,5,2,6,3.0,6.0,0.0,7.0,0.0,0.0,1.0,1.0,1,1,3.0,1.0,2.0,1.0,0.0,70.0,1,0.0,1.0,1,1,2,0,0,1,0,1,0,0,1,0,1,1,0,1,0,0,0,1,0,3,18,26
201000013128,10,6,13,3,1,1,1.0,6.0,0.0,7.0,0.0,5.0,0.0,14.0,1,1,3.0,2.0,2.0,1.0,0.0,0.0,1,0.0,1.0,1,1,1,1,0,0,1,1,0,0,2,0,0,1,0,1,0,1,0,0,0,3,3,30
201700032648,17,11,18,5,2,1,1.0,3.0,2.0,7.0,0.0,0.0,2.0,9.0,1,1,4.0,2.0,2.0,1.0,0.0,70.0,1,0.0,1.0,2,1,4,0,0,0,0,4,0,0,4,0,0,0,2,2,0,1,0,1,0,3,23,20
200500000114,5,1,18,3,1,1,3.0,3.0,0.0,7.0,0.0,0.0,2.0,1.0,1,1,2.0,3.0,3.0,0.0,0.0,105.0,1,5.0,1.0,2,1,4,2,0,0,2,4,0,4,0,0,2,2,0,0,4,1,0,1,0,2,18,0
201200002701,12,4,2,1,1,2,1.0,3.0,0.0,33.0,0.0,0.0,2.0,1.0,1,2,3.0,2.0,2.0,3.0,0.0,50.0,1,5.0,1.0,2,3,4,0,0,0,0,4,0,0,2,2,0,2,0,2,0,1,0,1,0,3,17,0
200800018246,8,4,11,3,2,1,1.0,6.0,0.0,7.0,0.0,0.0,5.0,1.0,1,1,3.0,2.0,2.0,1.0,0.0,0.0,1,0.0,1.0,1,3,1,0,0,0,0,1,0,0,1,0,0,1,0,0,0,1,0,0,0,3,21,45
200800026848,8,5,21,1,2,1,1.0,7.0,0.0,7.0,0.0,0.0,0.0,15.0,1,1,4.0,1.0,1.0,1.0,0.0,60.0,1,0.0,1.0,2,1,4,0,0,0,0,4,4,0,0,0,0,4,0,0,0,0,0,0,0,2,9,0
200500080296,5,12,21,1,2,2,1.0,3.0,0.0,5.0,0.0,0.0,2.0,0.0,1,2,4.0,1.0,2.0,1.0,0.0,25.0,1,5.0,1.0,2,2,4,4,2,0,2,4,0,6,2,0,0,2,2,4,0,1,0,0,0,2,17,30
200500065384,5,10,17,1,2,1,1.0,3.0,0.0,7.0,0.0,0.0,0.0,22.0,1,0,4.0,1.0,3.0,2.0,0.0,80.0,1,0.0,1.0,2,1,4,0,0,0,0,4,2,2,0,0,0,2,0,2,0,1,0,1,0,2,12,15
200600013521,6,3,11,5,2,1,1.0,6.0,0.0,4.0,0.0,0.0,1.0,1.0,1,2,4.0,2.0,4.0,1.0,0.0,120.0,1,0.0,1.0,1,2,2,0,0,1,0,1,1,0,0,1,0,1,0,1,0,1,0,0,0,3,19,33
201300009540,13,8,6,1,1,1,1.0,6.0,0.0,7.0,0.0,2.0,0.0,1.0,1,1,3.0,2.0,2.0,0.0,0.0,52.0,1,0.0,3.0,1,2,0,1,0,0,0,1,0,0,0,0,1,1,0,0,0,0,0,1,0,2,7,45
201000056554,10,3,10,1,1,1,1.0,2.0,0.0,7.0,0.0,0.0,2.0,2.0,1,1,1.0,3.0,3.0,1.0,20.0,105.0,1,0.0,1.0,2,2,2,4,0,0,2,4,0,0,4,2,0,4,0,2,0,1,1,0,0,2,18,20
201700032546,17,3,12,1,2,3,1.0,3.0,1.0,7.0,0.0,0.0,2.0,15.0,1,1,3.0,2.0,2.0,1.0,0.0,90.0,1,0.0,1.0,2,2,6,0,0,0,2,4,0,2,4,0,0,2,0,4,0,1,0,0,0,3,14,0
200700053871,7,9,6,1,1,1,1.0,7.0,0.0,7.0,0.0,2.0,0.0,1.0,1,1,2.0,2.0,2.0,2.0,0.0,75.0,1,0.0,0.0,1,3,0,1,0,0,0,1,0,0,1,0,0,0,0,0,1,1,0,0,0,3,10,30
201300000936,13,11,20,2,1,1,9.0,1.0,0.0,7.0,0.0,0.0,2.0,0.0,1,1,3.0,3.0,2.0,1.0,0.0,0.0,0,0.0,1.0,2,3,4,2,0,0,2,4,2,2,0,2,0,4,2,0,0,1,0,0,0,3,7,30
200500030318,5,5,19,5,2,1,1.0,6.0,0.0,7.0,0.0,0.0,1.0,1.0,1,1,4.0,2.0,4.0,1.0,0.0,120.0,1,0.0,1.0,1,1,2,0,0,1,0,1,0,0,2,0,0,1,0,1,0,1,0,0,0,2,0,25
200600010709,6,2,9,2,1,1,2.0,4.0,0.0,7.0,0.0,0.0,0.0,1.0,1,1,2.0,0.0,6.0,1.0,0.0,0.0,1,0.0,1.0,3,1,15,0,3,0,3,9,9,6,0,0,0,9,6,0,0,1,1,0,0,2,6,30
201700052608,17,11,8,3,1,1,1.0,2.0,1.0,15.0,0.0,0.0,2.0,2.0,1,1,1.0,1.0,3.0,1.0,15.0,105.0,1,0.0,1.0,2,1,8,0,2,0,2,4,0,0,6,0,2,2,0,6,0,1,1,0,0,2,3,45
200700014808,7,3,10,5,2,1,1.0,6.0,0.0,7.0,0.0,0.0,1.0,2.0,1,1,4.0,2.0,2.0,2.0,0.0,0.0,1,0.0,1.0,2,1,4,4,0,2,0,6,0,8,0,0,0,2,0,6,0,1,1,0,0,2,2,52
200500041339,5,7,7,1,2,1,1.0,3.0,0.0,7.0,0.0,0.0,2.0,1.0,1,1,4.0,2.0,2.0,1.0,0.0,0.0,1,5.0,1.0,2,3,4,0,0,0,0,4,0,0,2,2,0,2,0,2,0,1,0,1,0,3,17,45
200500065869,5,10,23,5,2,1,1.0,6.0,0.0,5.0,0.0,14.0,0.0,1.0,1,2,4.0,2.0,0.0,1.0,0.0,0.0,1,0.0,1.0,1,2,1,0,0,0,0,1,0,0,1,0,0,1,0,0,0,1,0,0,0,2,20,18