Num_Acc,an,mois,jour,lum,agg,int,atm,col,senc,catv,occutc,obs,obsm,manv,catu,secu,catr,circ,nbv,prof,lartpc,larrout,surf,infra,situ,nb_veh,grav_simpl,Homme,Femme,Arrière,Autre_x,Avant,Conducteur,Autre_y,Inconnu,Loisirs,Professionnel,Travail,Adulte,Enfant,Jeune,Senior,choc_avant,choc_arriere,choc_lateral,choc_multiple,grav_order_max,heure,minute
201200035504,12,4,23,1,2,1,1.0,4.0,0.0,30.0,0.0,0.0,2.0,1.0,1,-1,4.0,2.0,2.0,1.0,0.0,80.0,1,0.0,1.0,4,2,12,4,0,0,0,16,0,8,0,0,8,12,0,0,4,1,1,1,0,2,7,50
201100035278,11,2,22,1,2,1,1.0,3.0,0.0,31.0,0.0,0.0,2.0,1.0,1,2,4.0,2.0,2.0,1.0,0.0,0.0,1,0.0,1.0,2,2,2,2,0,0,0,4,0,0,0,0,4,2,0,0,2,1,0,1,0,2,13,25
201400052166,14,7,22,1,2,4,1.0,6.0,0.0,7.0,0.0,0.0,1.0,4.0,1,1,4.0,1.0,1.0,1.0,0.0,70.0,1,0.0,1.0,1,1,2,0,0,1,0,1,0,0,0,1,1,2,0,0,0,0,1,0,0,2,10,45
201600015420,16,8,31,3,2,1,1.0,2.0,1.0,7.0,0.0,0.0,2.0,2.0,1,1,4.0,1.0,1.0,0.0,0.0,0.0,-1,0.0,1.0,2,1,2,4,0,0,2,4,0,0,6,0,0,4,0,2,0,1,1,0,0,3,21,30
201100031885,11,6,16,4,2,3,1.0,3.0,0.0,7.0,0.0,0.0,2.0,9.0,1,1,4.0,2.0,2.0,1.0,0.0,0.0,1,0.0,1.0,2,1,2,4,0,0,2,4,0,6,0,0,0,0,0,6,0,1,0,0,0,2,21,30
200900043828,9,6,1,1,2,1,1.0,1.0,0.0,7.0,0.0,0.0,2.0,1.0,2,1,4.0,4.0,2.0,1.0,30.0,30.0,1,0.0,1.0,2,1,4,4,2,0,2,4,6,0,2,0,0,0,0,8,0,1,0,0,0,2,16,45
201300022349,13,4,4,1,2,3,2.0,6.0,0.0,7.0,0.0,0.0,1.0,0.0,1,1,4.0,1.0,1.0,1.0,0.0,0.0,1,0.0,1.0,1,1,1,1,0,1,0,1,0,2,0,0,0,0,0,1,1,0,0,0,0,3,16,1
201200034452,12,9,1,3,2,1,1.0,6.0,0.0,7.0,0.0,0.0,1.0,1.0,1,1,3.0,2.0,2.0,1.0,0.0,72.0,1,0.0,1.0,1,1,1,1,0,1,0,1,2,0,0,0,0,1,0,1,0,1,0,0,0,2,22,48
201300012518,13,8,26,3,2,1,1.0,7.0,0.0,7.0,0.0,16.0,0.0,1.0,1,1,3.0,2.0,2.0,2.0,0.0,65.0,1,4.0,1.0,1,2,0,1,0,0,0,1,0,0,0,0,1,0,0,1,0,1,0,0,0,2,22,0
201300015359,13,8,9,1,2,1,1.0,1.0,0.0,7.0,0.0,0.0,9.0,1.0,1,1,4.0,2.0,2.0,1.0,0.0,60.0,1,0.0,1.0,2,1,0,4,0,0,0,4,0,2,0,0,2,2,0,2,0,1,0,0,0,2,15,10
201100058445,11,6,16,1,2,2,1.0,3.0,0.0,1.0,0.0,0.0,9.0,19.0,1,2,4.0,2.0,2.0,2.0,0.0,125.0,1,0.0,1.0,2,1,2,4,0,0,2,4,0,0,4,0,2,0,0,6,0,0,0,1,0,2,19,35
200500021345,5,4,15,1,2,1,2.0,2.0,0.0,3.0,0.0,0.0,2.0,2.0,1,1,2.0,3.0,2.0,1.0,0.0,35.0,1,0.0,1.0,2,1,0,8,2,0,2,4,0,8,0,0,0,2,2,4,0,1,1,0,0,2,20,14
201500013071,15,7,30,5,2,3,1.0,3.0,0.0,2.0,0.0,0.0,2.0,1.0,1,2,4.0,0.0,1.0,1.0,0.0,32.0,1,0.0,1.0,2,3,4,0,0,0,0,4,0,0,4,0,0,0,2,2,0,1,0,1,0,3,21,35
201600020300,16,4,15,3,1,9,1.0,6.0,1.0,7.0,0.0,13.0,0.0,21.0,1,1,9.0,4.0,1.0,1.0,0.0,0.0,1,3.0,3.0,1,2,2,0,0,0,1,1,0,1,1,0,0,0,0,2,0,0,0,0,1,2,3,0
200900050235,9,10,16,1,2,1,1.0,6.0,0.0,7.0,0.0,0.0,1.0,4.0,3,-1,4.0,2.0,4.0,1.0,0.0,85.0,1,0.0,1.0,1,2,2,0,0,1,0,1,0,0,2,0,0,1,0,0,1,0,0,1,0,2,13,15
201700043748,17,12,20,2,2,1,2.0,6.0,2.0,7.0,0.0,0.0,1.0,1.0,1,1,4.0,2.0,2.0,1.0,0.0,40.0,1,0.0,1.0,1,1,1,1,0,1,0,1,0,2,0,0,0,0,1,0,1,1,0,0,0,3,17,15
201600033774,16,12,10,5,2,3,1.0,6.0,2.0,37.0,0.0,0.0,0.0,24.0,1,-1,4.0,2.0,2.0,1.0,0.0,148.0,1,0.0,1.0,2,1,4,0,0,0,0,4,0,0,2,2,0,4,0,0,0,1,0,0,0,2,17,45
200900026724,9,10,5,1,2,1,3.0,6.0,0.0,7.0,0.0,0.0,2.0,13.0,1,1,4.0,1.0,3.0,1.0,7.0,89.0,1,0.0,1.0,2,1,4,0,0,0,0,4,2,0,0,2,0,0,0,4,0,1,1,0,0,2,10,35
201700043763,17,1,24,1,2,2,8.0,3.0,2.0,7.0,0.0,0.0,2.0,15.0,1,1,2.0,2.0,4.0,2.0,0.0,0.0,1,0.0,1.0,2,1,2,2,0,0,0,4,2,0,0,0,2,2,0,2,0,1,1,0,0,2,17,25
201300008238,13,1,14,3,1,1,1.0,6.0,0.0,7.0,0.0,2.0,0.0,19.0,1,1,3.0,2.0,2.0,1.0,0.0,76.0,1,0.0,1.0,1,3,2,0,0,0,1,1,1,1,0,0,0,0,2,0,0,1,0,0,0,3,1,30
201700055735,17,3,28,1,2,1,1.0,4.0,2.0,2.0,0.0,0.0,2.0,17.0,1,2,4.0,2.0,3.0,1.0,0.0,110.0,1,0.0,1.0,3,2,6,3,0,0,0,9,0,0,3,3,3,0,0,6,3,1,1,0,0,2,12,20
200900050196,9,12,9,5,2,1,2.0,2.0,0.0,7.0,0.0,0.0,0.0,2.0,1,1,4.0,2.0,4.0,1.0,0.0,75.0,1,0.0,1.0,2,1,2,2,0,0,0,4,2,0,0,0,2,4,0,0,0,1,1,0,0,3,17,40
200500011363,5,2,21,1,1,1,8.0,1.0,0.0,7.0,0.0,0.0,2.0,1.0,1,1,3.0,2.0,2.0,3.0,0.0,51.0,1,0.0,1.0,2,2,2,2,0,0,0,4,0,0,2,2,0,4,0,0,0,1,0,0,0,2,11,30
200800043434,8,8,6,1,2,1,1.0,7.0,0.0,31.0,0.0,0.0,1.0,1.0,1,0,4.0,2.0,1.0,0.0,0.0,60.0,1,0.0,4.0,1,1,2,0,0,1,0,1,0,0,2,0,0,0,1,1,0,1,0,0,0,2,18,40
200700042221,7,7,27,1,2,1,1.0,2.0,0.0,7.0,0.0,0.0,2.0,2.0,1,1,4.0,2.0,3.0,1.0,0.0,105.0,1,0.0,1.0,2,2,0,4,0,0,0,4,0,0,4,0,0,2,0,0,2,1,0,0,0,2,10,50
200900024348,9,6,20,1,2,9,1.0,3.0,0.0,7.0,0.0,0.0,2.0,15.0,1,1,4.0,2.0,2.0,1.0,0.0,0.0,1,0.0,1.0,2,1,6,2,2,0,2,4,0,0,8,0,0,6,0,0,2,1,0,0,0,2,21,45
200800037470,8,7,15,1,1,1,1.0,3.0,0.0,7.0,0.0,0.0,2.0,15.0,1,1,3.0,2.0,2.0,1.0,0.0,0.0,1,0.0,1.0,2,1,4,2,0,0,2,4,0,2,4,0,0,2,4,0,0,1,0,0,0,3,17,30
201200012964,12,9,30,1,1,1,1.0,7.0,0.0,7.0,0.0,13.0,0.0,14.0,1,1,1.0,3.0,2.0,1.0,20.0,0.0,1,0.0,1.0,1,3,2,2,2,0,1,1,0,3,1,0,0,1,0,2,1,0,0,0,1,3,14,15
200600019547,6,4,30,2,2,1,1.0,1.0,0.0,7.0,0.0,0.0,2.0,9.0,1,1,3.0,2.0,2.0,1.0,10.0,200.0,1,0.0,1.0,2,1,2,4,0,0,2,4,0,2,4,0,0,4,2,0,0,1,0,0,0,4,20,30
201700041030,17,5,24,1,2,2,1.0,3.0,0.0,1.0,0.0,0.0,2.0,1.0,1,2,4.0,2.0,2.0,1.0,0.0,0.0,1,0.0,1.0,2,2,4,0,0,0,0,4,0,0,4,0,0,2,2,0,0,1,0,1,0,2,19,0
200600009729,6,2,14,5,2,1,1.0,2.0,0.0,17.0,0.0,0.0,2.0,2.0,1,1,4.0,3.0,4.0,1.0,15.0,120.0,1,0.0,1.0,2,1,4,2,2,0,0,4,0,2,2,2,0,6,0,0,0,1,1,0,0,2,20,45
200800042697,8,7,28,1,2,1,1.0,4.0,0.0,7.0,0.0,0.0,2.0,2.0,1,1,4.0,1.0,4.0,1.0,15.0,140.0,1,0.0,1.0,3,1,6,3,0,0,0,9,0,0,3,3,3,6,0,3,0,1,1,0,0,2,8,50
201100003533,11,8,23,1,2,1,1.0,7.0,0.0,7.0,0.0,2.0,0.0,1.0,1,1,3.0,2.0,2.0,1.0,0.0,60.0,1,0.0,1.0,1,3,1,0,0,0,0,1,1,0,0,0,0,1,0,0,0,1,0,0,0,3,19,15
200600042854,6,7,12,1,2,1,1.0,6.0,0.0,2.0,0.0,9.0,0.0,1.0,1,2,4.0,2.0,2.0,1.0,0.0,50.0,1,5.0,1.0,1,3,1,0,0,0,0,1,0,0,0,0,1,0,1,0,0,1,0,0,0,3,17,15
200500019554,5,4,7,5,2,1,2.0,6.0,0.0,7.0,0.0,1.0,0.0,0.0,1,-1,4.0,1.0,1.0,2.0,0.0,30.0,1,0.0,1.0,1,2,3,0,0,2,0,1,0,3,0,0,0,0,0,3,0,1,0,0,0,2,3,0
201200002868,12,6,17,1,1,1,1.0,3.0,0.0,1.0,0.0,0.0,2.0,11.0,1,2,3.0,2.0,0.0,1.0,0.0,0.0,1,0.0,1.0,2,4,4,0,0,0,0,4,0,0,2,2,0,2,0,0,2,1,0,0,0,4,15,45
200600002329,6,1,9,1,2,1,1.0,3.0,0.0,7.0,0.0,0.0,2.0,10.0,1,1,4.0,2.0,2.0,1.0,0.0,60.0,1,0.0,1.0,2,1,2,2,0,0,0,4,0,0,2,2,0,2,0,2,0,1,0,0,0,2,9,15
200600061921,6,10,4,1,2,1,1.0,6.0,0.0,7.0,0.0,0.0,2.0,15.0,1,-1,4.0,2.0,2.0,1.0,0.0,125.0,1,0.0,1.0,2,1,2,2,0,0,0,4,0,4,0,0,0,0,0,2,2,1,0,0,0,2,11,5
200800066538,8,11,28,4,2,1,1.0,3.0,0.0,7.0,0.0,0.0,2.0,1.0,1,1,4.0,2.0,2.0,1.0,0.0,85.0,1,0.0,1.0,2,2,0,6,0,0,2,4,0,2,2,0,2,2,0,2,2,1,0,0,0,2,18,0
200900008880,9,6,5,1,2,2,1.0,3.0,0.0,7.0,0.0,0.0,2.0,15.0,1,1,4.0,0.0,1.0,1.0,0.0,144.0,1,0.0,1.0,2,1,4,0,0,0,0,4,0,0,4,0,0,2,0,2,0,1,0,0,0,2,15,50
201100028281,11,1,15,1,2,1,1.0,7.0,0.0,7.0,0.0,0.0,2.0,1.0,1,1,4.0,0.0,2.0,0.0,0.0,75.0,-1,0.0,1.0,2,2,2,4,0,0,2,4,0,6,0,0,0,2,0,0,4,1,0,0,0,2,10,15
201700028279,17,1,22,1,2,1,1.0,6.0,0.0,7.0,0.0,0.0,1.0,0.0,1,1,4.0,2.0,2.0,1.0,0.0,0.0,1,0.0,0.0,1,1,0,2,0,1,0,1,0,2,0,0,0,0,0,0,2,0,0,0,0,3,9,40
201600051738,16,8,13,5,2,1,1.0,6.0,1.0,2.0,0.0,0.0,1.0,8.0,1,2,4.0,3.0,4.0,1.0,0.0,140.0,1,0.0,0.0,1,1,2,0,0,1,0,1,0,2,0,0,0,0,0,2,0,0,0,1,0,2,21,40
200600027742,6,5,15,1,2,2,1.0,3.0,0.0,2.0,0.0,0.0,2.0,1.0,1,2,4.0,2.0,4.0,1.0,0.0,120.0,1,0.0,1.0,2,2,4,0,0,0,0,4,0,0,0,2,2,0,0,4,0,1,1,0,0,2,11,7
201500045022,15,12,15,3,1,1,3.0,2.0,1.0,7.0,0.0,0.0,2.0,0.0,1,1,1.0,3.0,4.0,1.0,20.0,140.0,1,0.0,1.0,2,2,0,2,0,0,0,2,0,0,0,0,2,0,0,2,0,0,1,0,0,2,18,30
201700003105,17,7,9,1,2,1,1.0,1.0,2.0,2.0,0.0,0.0,2.0,1.0,1,0,5.0,2.0,2.0,1.0,0.0,50.0,1,0.0,1.0,2,3,4,0,0,0,0,4,0,0,4,0,0,2,0,0,2,1,0,0,0,3,11,45
201400003989,14,1,6,1,2,1,1.0,5.0,0.0,7.0,0.0,6.0,2.0,5.0,1,1,3.0,1.0,1.0,1.0,0.0,60.0,1,0.0,1.0,3,4,3,6,0,0,0,9,3,3,3,0,0,6,0,0,3,1,0,1,0,4,9,45
201000048341,10,9,27,1,2,3,1.0,6.0,0.0,37.0,0.0,0.0,1.0,16.0,1,-1,3.0,2.0,2.0,1.0,0.0,0.0,1,0.0,0.0,1,1,2,0,0,1,0,1,0,1,0,1,0,2,0,0,0,0,0,1,0,3,17,15
201200026044,12,5,11,1,2,1,1.0,3.0,0.0,7.0,0.0,0.0,2.0,15.0,1,1,4.0,2.0,4.0,1.0,0.0,120.0,1,0.0,1.0,2,1,4,0,0,0,0,4,0,0,2,0,2,2,0,2,0,1,1,0,0,2,16,40
200600047619,6,8,12,1,2,2,1.0,3.0,0.0,7.0,0.0,0.0,2.0,2.0,1,1,4.0,2.0,2.0,2.0,0.0,80.0,1,0.0,1.0,2,1,6,0,2,0,0,4,0,2,4,0,0,4,2,0,0,1,0,0,0,2,15,30
201700009554,17,5,3,1,2,9,1.0,1.0,1.0,33.0,0.0,0.0,2.0,0.0,1,2,4.0,2.0,2.0,1.0,40.0,120.0,1,5.0,1.0,2,2,2,2,0,0,0,4,0,0,2,0,2,4,0,0,0,1,0,1,0,2,13,25
200500045608,5,7,1,1,2,2,1.0,3.0,0.0,2.0,0.0,0.0,2.0,1.0,1,2,4.0,2.0,3.0,1.0,0.0,104.0,1,0.0,1.0,2,2,2,2,0,0,0,4,0,0,4,0,0,2,0,0,2,1,0,0,0,2,16,30
201500010030,15,8,27,1,2,1,1.0,2.0,0.0,32.0,0.0,0.0,2.0,13.0,1,2,4.0,2.0,3.0,1.0,0.0,0.0,1,0.0,1.0,2,2,4,0,0,0,0,4,0,0,4,0,0,2,0,2,0,0,1,1,0,2,12,5
201000016145,10,6,1,1,2,3,1.0,6.0,0.0,7.0,0.0,0.0,1.0,15.0,1,1,3.0,1.0,1.0,1.0,0.0,80.0,1,0.0,0.0,1,1,2,0,0,1,0,1,0,0,2,0,0,0,0,1,1,1,0,0,0,2,8,10
200700018742,7,4,20,1,1,1,1.0,2.0,0.0,7.0,0.0,0.0,0.0,1.0,1,1,3.0,2.0,0.0,1.0,0.0,0.0,1,0.0,1.0,2,1,4,0,0,0,0,4,2,0,0,0,2,0,0,4,0,1,1,0,0,3,12,15
200600054638,6,9,20,1,2,1,1.0,6.0,1.0,7.0,0.0,0.0,2.0,1.0,1,2,4.0,2.0,2.0,1.0,0.0,80.0,1,0.0,0.0,2,2,2,0,0,0,0,2,0,0,2,0,0,2,0,0,0,0,1,0,0,2,15,42
201400023268,14,5,29,1,2,6,1.0,3.0,0.0,7.0,0.0,0.0,2.0,1.0,1,1,4.0,2.0,4.0,1.0,0.0,0.0,1,0.0,0.0,2,1,2,2,0,0,0,4,0,4,0,0,0,2,0,0,2,1,0,0,0,2,16,35
200700038066,7,6,13,1,1,1,3.0,2.0,0.0,32.0,0.0,0.0,2.0,2.0,1,2,1.0,1.0,6.0,1.0,15.0,210.0,1,0.0,1.0,2,2,4,0,0,0,0,4,0,0,4,0,0,2,0,2,0,1,1,0,0,2,19,15
201100027355,11,3,14,1,2,1,1.0,4.0,0.0,7.0,0.0,0.0,2.0,1.0,1,1,4.0,3.0,3.0,1.0,30.0,215.0,1,0.0,1.0,3,2,6,3,0,0,0,9,0,6,0,0,3,9,0,0,0,1,1,0,0,2,18,30
201000028376,10,10,13,2,1,1,1.0,5.0,0.0,7.0,0.0,0.0,2.0,1.0,1,1,1.0,3.0,6.0,1.0,0.0,200.0,1,0.0,1.0,3,2,3,9,0,0,3,9,0,3,3,3,3,6,3,3,0,1,0,1,0,2,7,35
201100045630,11,3,11,5,2,2,1.0,3.0,0.0,30.0,0.0,0.0,2.0,1.0,1,2,4.0,1.0,1.0,1.0,0.0,0.0,1,0.0,1.0,2,2,2,2,0,0,0,4,2,0,0,2,0,2,0,2,0,1,0,0,0,2,21,50
201200047328,12,6,29,1,2,1,1.0,5.0,0.0,30.0,0.0,0.0,2.0,2.0,1,2,4.0,1.0,2.0,1.0,0.0,90.0,1,0.0,1.0,3,2,3,6,0,0,0,9,0,9,0,0,0,9,0,0,0,1,1,0,0,2,19,30
200700014120,7,3,28,1,1,1,1.0,2.0,0.0,7.0,0.0,0.0,2.0,2.0,1,-1,3.0,3.0,2.0,1.0,5.0,64.0,1,0.0,1.0,2,2,2,6,2,0,2,4,2,6,0,0,0,0,2,2,4,1,1,0,0,2,18,50
201000033404,10,5,6,1,2,1,1.0,3.0,0.0,7.0,0.0,0.0,2.0,15.0,1,1,4.0,2.0,2.0,1.0,0.0,0.0,1,0.0,1.0,2,1,2,2,0,0,0,4,2,0,0,0,2,2,2,0,0,1,0,1,0,2,18,5
201400036537,14,2,11,5,2,2,3.0,1.0,0.0,7.0,0.0,0.0,2.0,1.0,1,1,4.0,2.0,3.0,1.0,0.0,0.0,1,5.0,1.0,2,2,4,2,0,0,2,4,0,0,4,0,2,0,2,4,0,1,0,0,0,3,19,0
200600045632,6,8,5,3,2,1,1.0,7.0,0.0,7.0,0.0,13.0,0.0,13.0,1,0,9.0,2.0,2.0,1.0,0.0,54.0,1,0.0,3.0,1,3,1,0,0,0,0,1,0,0,1,0,0,0,0,1,0,1,0,0,0,3,2,20
200900041720,9,11,21,3,1,1,1.0,1.0,0.0,7.0,0.0,0.0,2.0,1.0,2,1,3.0,2.0,2.0,1.0,0.0,0.0,1,0.0,1.0,2,4,8,4,4,0,4,4,0,8,4,0,0,10,2,0,0,1,0,0,0,4,20,20
200900014923,9,1,10,1,1,1,1.0,7.0,0.0,7.0,0.0,10.0,0.0,1.0,2,1,3.0,2.0,2.0,1.0,0.0,60.0,1,0.0,3.0,1,3,0,2,0,0,1,1,0,1,1,0,0,0,0,0,2,1,0,0,0,3,12,45
200800022652,8,4,13,5,1,1,8.0,6.0,0.0,7.0,0.0,3.0,0.0,11.0,2,1,1.0,3.0,0.0,1.0,10.0,35.0,1,0.0,1.0,1,3,0,3,0,1,1,1,0,2,1,0,0,0,0,3,0,1,0,0,0,3,4,0
201000044846,10,4,6,1,1,1,1.0,2.0,0.0,7.0,0.0,0.0,2.0,1.0,1,1,3.0,2.0,2.0,1.0,0.0,76.0,1,0.0,1.0,2,2,2,2,0,0,0,4,0,0,2,0,2,2,0,0,2,1,1,0,0,4,8,50
201600003472,16,12,10,1,2,1,1.0,6.0,2.0,30.0,0.0,1.0,0.0,1.0,1,2,3.0,2.0,2.0,0.0,0.0,54.0,1,0.0,0.0,1,4,0,1,0,0,0,1,0,0,1,0,0,0,1,0,0,1,0,0,0,4,11,45
200600002171,6,1,17,5,1,1,2.0,6.0,0.0,7.0,0.0,8.0,0.0,1.0,1,1,3.0,2.0,2.0,1.0,0.0,50.0,1,0.0,1.0,1,3,1,0,0,0,0,1,0,0,1,0,0,0,0,1,0,1,0,0,0,3,20,15
201300048805,13,1,23,1,2,1,1.0,6.0,0.0,7.0,0.0,14.0,0.0,14.0,1,-1,4.0,2.0,2.0,2.0,0.0,99.0,1,0.0,1.0,1,3,0,1,0,0,0,1,0,0,1,0,0,1,0,0,0,1,0,0,0,3,15,0
200500072757,5,11,9,1,2,1,1.0,3.0,0.0,5.0,0.0,0.0,2.0,1.0,1,2,4.0,3.0,2.0,1.0,0.0,140.0,1,0.0,1.0,2,3,4,0,0,0,0,4,0,2,0,2,0,2,0,2,0,1,0,1,0,3,7,51
200500043474,5,7,12,1,2,1,1.0,2.0,0.0,7.0,0.0,0.0,2.0,2.0,1,1,4.0,2.0,2.0,1.0,0.0,60.0,1,0.0,1.0,2,1,2,6,2,0,2,4,2,4,2,0,0,0,2,4,2,1,1,0,0,2,18,15
200700063553,7,10,12,1,2,1,1.0,3.0,0.0,7.0,0.0,0.0,2.0,9.0,1,1,3.0,2.0,2.0,1.0,0.0,68.0,1,0.0,1.0,2,1,4,0,0,0,0,4,0,0,4,0,0,2,0,0,2,1,0,0,0,2,15,0
200800071736,8,12,13,1,2,1,1.0,6.0,0.0,37.0,20.0,0.0,1.0,1.0,1,9,2.0,2.0,6.0,1.0,0.0,175.0,1,0.0,1.0,1,1,2,0,0,1,0,1,0,0,1,1,0,1,1,0,0,1,0,0,0,2,10,0
201600029801,16,12,27,5,2,1,8.0,7.0,1.0,7.0,0.0,0.0,1.0,2.0,1,1,4.0,1.0,1.0,1.0,0.0,54.0,1,0.0,1.0,1,1,2,0,0,1,0,1,0,0,0,0,2,2,0,0,0,1,0,0,0,2,5,20
201300018172,13,12,6,5,2,1,9.0,1.0,0.0,7.0,0.0,0.0,2.0,17.0,1,1,3.0,2.0,2.0,1.0,0.0,70.0,1,2.0,1.0,2,4,4,0,0,0,0,4,0,0,2,2,0,2,0,2,0,1,0,1,0,4,20,50
201400049130,14,2,19,5,2,1,2.0,2.0,0.0,7.0,0.0,0.0,2.0,1.0,1,1,4.0,2.0,4.0,1.0,0.0,130.0,1,0.0,1.0,2,2,0,4,0,0,0,4,0,2,0,0,2,4,0,0,0,1,1,0,0,2,19,18
201500047058,15,4,13,2,1,1,1.0,5.0,0.0,33.0,0.0,0.0,2.0,3.0,1,2,1.0,3.0,6.0,1.0,15.0,210.0,1,0.0,1.0,3,2,9,0,0,0,0,9,0,9,0,0,0,9,0,0,0,1,1,1,0,2,6,30
200900028562,9,8,14,1,2,2,1.0,3.0,0.0,33.0,0.0,0.0,2.0,1.0,1,2,3.0,2.0,2.0,1.0,0.0,0.0,1,5.0,1.0,2,3,2,2,0,0,0,4,0,0,4,0,0,0,0,2,2,1,0,1,0,3,18,0
201300055800,13,12,1,1,2,1,1.0,4.0,0.0,10.0,0.0,0.0,2.0,1.0,1,-1,4.0,1.0,4.0,1.0,0.0,0.0,1,1.0,1.0,3,1,9,0,0,0,0,9,0,6,3,0,0,9,0,0,0,1,1,0,0,2,13,30
201000046275,10,6,23,1,2,1,1.0,3.0,0.0,7.0,0.0,0.0,2.0,2.0,1,1,4.0,2.0,2.0,1.0,0.0,60.0,1,0.0,1.0,2,1,2,4,2,0,0,4,0,0,6,0,0,2,2,2,0,1,0,0,0,2,11,39
201500005188,15,7,21,1,2,4,1.0,3.0,0.0,1.0,0.0,0.0,2.0,1.0,1,2,3.0,2.0,2.0,2.0,0.0,85.0,1,0.0,1.0,2,3,2,2,0,0,0,4,0,0,2,0,2,4,0,0,0,1,0,0,0,3,12,15
200700004933,7,1,1,1,2,1,2.0,1.0,0.0,7.0,0.0,0.0,2.0,1.0,1,1,4.0,2.0,2.0,0.0,0.0,74.0,1,0.0,1.0,2,1,6,0,0,0,2,4,0,2,4,0,0,2,2,2,0,1,0,0,0,2,11,5
201400051762,14,6,29,1,2,3,2.0,4.0,0.0,7.0,0.0,0.0,2.0,23.0,1,1,4.0,1.0,3.0,1.0,0.0,0.0,1,0.0,1.0,3,1,9,0,0,0,0,9,6,0,3,0,0,6,0,3,0,1,1,0,1,2,15,30
201500013792,15,1,17,1,2,1,1.0,6.0,0.0,7.0,0.0,0.0,2.0,1.0,1,-1,4.0,2.0,4.0,1.0,0.0,140.0,1,0.0,1.0,2,2,0,4,0,0,0,4,0,0,4,0,0,2,0,2,0,1,0,0,0,2,14,30
200500020027,5,4,18,4,2,1,1.0,7.0,0.0,7.0,0.0,1.0,0.0,13.0,1,-1,3.0,2.0,2.0,1.0,0.0,80.0,1,0.0,4.0,1,1,2,0,0,0,1,1,0,1,0,0,1,0,0,2,0,1,0,0,0,3,4,39
201500009191,15,11,30,3,1,1,1.0,6.0,0.0,7.0,0.0,0.0,0.0,0.0,1,1,3.0,2.0,2.0,1.0,0.0,65.0,-1,0.0,1.0,1,3,1,0,0,0,0,1,0,1,0,0,0,0,0,1,0,0,0,0,0,3,20,30
201100038095,11,7,12,1,2,2,2.0,3.0,0.0,7.0,0.0,0.0,2.0,1.0,1,1,4.0,2.0,2.0,1.0,11.0,77.0,1,0.0,1.0,2,2,4,0,0,0,0,4,0,4,0,0,0,0,0,4,0,1,1,0,0,2,18,0
201200043039,12,6,4,1,2,2,1.0,3.0,0.0,7.0,0.0,0.0,2.0,19.0,1,1,2.0,2.0,8.0,0.0,0.0,0.0,1,0.0,1.0,2,1,4,0,0,0,0,4,0,0,0,4,0,4,0,0,0,1,0,0,0,2,7,45
201000030287,10,4,27,1,2,1,1.0,3.0,0.0,1.0,0.0,0.0,2.0,1.0,1,-1,4.0,2.0,4.0,1.0,40.0,120.0,1,0.0,1.0,2,2,0,2,0,0,0,2,0,0,0,0,2,2,0,0,0,1,0,0,0,2,8,45
201000044938,10,6,4,1,2,1,1.0,6.0,0.0,10.0,0.0,0.0,1.0,1.0,1,1,4.0,2.0,2.0,2.0,0.0,0.0,1,0.0,1.0,1,1,2,1,0,2,0,1,1,0,2,0,0,0,0,1,2,1,0,0,0,4,19,20
201500055031,15,10,5,2,2,2,3.0,7.0,0.0,2.0,0.0,0.0,0.0,1.0,1,2,4.0,2.0,2.0,1.0,0.0,60.0,1,0.0,1.0,1,2,1,0,0,0,0,1,0,0,1,0,0,0,0,1,0,0,0,1,0,2,19,10
200700057862,7,9,10,1,1,2,1.0,3.0,0.0,15.0,0.0,0.0,2.0,19.0,1,1,2.0,1.0,1.0,3.0,0.0,0.0,1,3.0,0.0,2,1,4,0,0,0,0,4,0,0,0,2,2,2,0,2,0,1,0,0,0,2,18,55
201000031272,10,6,21,1,2,1,1.0,6.0,0.0,33.0,0.0,0.0,2.0,1.0,1,2,4.0,2.0,3.0,1.0,0.0,0.0,-1,0.0,1.0,3,3,3,3,0,0,0,6,0,0,3,0,3,6,0,0,0,1,1,0,0,3,17,10
201100008340,11,3,11,1,2,1,1.0,3.0,0.0,10.0,0.0,0.0,2.0,1.0,1,1,3.0,2.0,2.0,1.0,0.0,61.0,1,0.0,1.0,2,1,4,2,2,0,0,4,0,2,4,0,0,4,0,2,0,1,0,1,0,3,15,45
201200025837,12,8,31,1,1,9,9.0,5.0,0.0,7.0,0.0,0.0,2.0,1.0,1,1,3.0,2.0,3.0,1.0,0.0,67.0,1,0.0,1.0,4,1,24,12,8,0,12,16,28,4,4,0,0,20,8,8,0,1,0,0,0,4,15,30
201100007300,11,1,17,1,2,3,1.0,6.0,0.0,7.0,0.0,0.0,1.0,1.0,1,1,4.0,2.0,2.0,1.0,0.0,71.0,1,0.0,1.0,1,1,0,2,0,1,0,1,2,0,0,0,0,1,0,0,1,1,0,0,0,2,11,45
201500026065,15,7,19,1,1,1,1.0,3.0,0.0,7.0,0.0,0.0,2.0,10.0,1,1,3.0,2.0,2.0,1.0,0.0,0.0,1,0.0,1.0,2,2,4,2,0,0,2,4,0,0,6,0,0,4,0,0,2,1,0,1,0,2,11,20
201000002355,10,10,18,1,1,1,1.0,3.0,0.0,7.0,0.0,0.0,2.0,17.0,1,1,3.0,2.0,2.0,1.0,0.0,56.0,1,0.0,1.0,2,3,2,2,0,0,0,4,0,0,2,0,2,0,0,4,0,0,1,1,0,3,18,0