Num_Acc,an,mois,jour,lum,agg,int,atm,col,senc,catv,occutc,obs,obsm,manv,catu,secu,catr,circ,nbv,prof,lartpc,larrout,surf,infra,situ,nb_veh,grav_simpl,Homme,Femme,Arrière,Autre_x,Avant,Conducteur,Autre_y,Inconnu,Loisirs,Professionnel,Travail,Adulte,Enfant,Jeune,Senior,choc_avant,choc_arriere,choc_lateral,choc_multiple,grav_order_max,heure,minute
201200048561,12,11,2,1,2,1,1.0,3.0,0.0,7.0,0.0,0.0,2.0,15.0,1,-1,2.0,2.0,2.0,3.0,0.0,70.0,1,0.0,1.0,2,1,4,0,0,0,0,4,2,0,0,0,2,2,0,2,0,1,0,0,0,3,16,10
201400030729,14,5,29,1,2,2,1.0,3.0,0.0,35.0,0.0,0.0,2.0,1.0,1,2,4.0,2.0,2.0,1.0,0.0,0.0,1,0.0,1.0,2,3,4,2,0,0,2,4,0,0,6,0,0,0,0,6,0,1,0,1,0,3,20,30
200900031625,9,8,21,1,2,1,1.0,6.0,0.0,7.0,0.0,0.0,1.0,1.0,3,-1,4.0,0.0,0.0,0.0,0.0,0.0,1,0.0,1.0,1,3,0,2,0,1,0,1,1,0,1,0,0,0,0,0,2,1,0,0,0,3,10,40
200900062914,9,10,11,5,1,1,2.0,6.0,0.0,7.0,0.0,4.0,0.0,0.0,2,1,1.0,3.0,2.0,1.0,15.0,70.0,1,0.0,1.0,1,2,0,2,0,0,1,1,0,2,0,0,0,1,0,1,0,1,0,0,0,2,20,40
200800001106,8,1,6,1,1,1,1.0,6.0,0.0,7.0,0.0,2.0,0.0,1.0,1,1,3.0,2.0,0.0,1.0,0.0,70.0,1,0.0,3.0,1,2,0,2,1,0,0,1,0,1,1,0,0,2,0,0,0,1,0,0,0,2,16,15
201700015208,17,3,8,1,2,6,3.0,2.0,1.0,7.0,0.0,0.0,2.0,2.0,1,1,4.0,2.0,2.0,1.0,0.0,35.0,1,0.0,-1.0,2,1,2,2,0,0,0,4,2,0,2,0,0,2,0,2,0,1,1,0,0,3,14,55
201300001883,13,2,19,1,1,1,1.0,7.0,0.0,7.0,0.0,16.0,0.0,14.0,1,1,3.0,2.0,2.0,1.0,0.0,60.0,1,0.0,3.0,1,3,0,1,0,0,0,1,0,0,0,0,1,1,0,0,0,0,0,0,1,3,12,45
201300041106,13,9,9,5,2,2,2.0,4.0,0.0,7.0,0.0,0.0,0.0,2.0,1,1,3.0,0.0,2.0,1.0,0.0,0.0,1,5.0,1.0,4,3,12,4,0,0,0,16,0,16,0,0,0,8,0,4,4,1,1,0,0,3,20,25
201500013797,15,4,12,5,2,1,1.0,3.0,0.0,33.0,0.0,0.0,0.0,0.0,1,2,4.0,2.0,2.0,1.0,0.0,60.0,1,0.0,1.0,2,3,4,2,0,0,2,4,0,0,6,0,0,0,0,6,0,0,0,1,0,3,23,0
201600012293,16,5,8,1,1,1,1.0,2.0,1.0,7.0,0.0,0.0,2.0,14.0,1,1,1.0,3.0,4.0,1.0,10.0,140.0,1,0.0,1.0,2,3,8,6,4,4,2,4,0,10,2,2,0,8,4,0,2,1,1,0,0,3,14,30
200700018045,7,3,21,1,1,1,1.0,2.0,0.0,5.0,0.0,0.0,2.0,12.0,1,2,1.0,1.0,3.0,1.0,0.0,105.0,1,0.0,1.0,2,2,2,2,0,0,0,4,0,4,0,0,0,4,0,0,0,1,1,0,0,2,9,10
200800008200,8,2,26,5,2,3,1.0,3.0,0.0,7.0,0.0,0.0,2.0,16.0,1,-1,4.0,1.0,1.0,1.0,0.0,60.0,1,0.0,1.0,2,1,4,0,0,0,0,4,2,0,0,2,0,2,0,2,0,1,0,0,0,2,19,20
200500064900,5,10,4,1,2,1,1.0,6.0,0.0,5.0,0.0,0.0,1.0,1.0,1,2,4.0,2.0,2.0,1.0,0.0,74.0,1,0.0,1.0,1,1,3,0,0,1,1,1,1,1,1,0,0,1,1,1,0,1,0,0,0,2,14,20
200900000835,9,2,13,1,2,1,2.0,6.0,0.0,7.0,0.0,0.0,1.0,1.0,1,1,4.0,2.0,4.0,2.0,0.0,0.0,1,0.0,1.0,1,1,2,0,0,1,0,1,0,0,1,1,0,1,0,0,1,0,0,1,0,2,7,50
200900055640,9,11,26,1,2,1,2.0,6.0,0.0,37.0,2.0,0.0,1.0,7.0,1,1,4.0,2.0,3.0,1.0,0.0,90.0,1,0.0,1.0,1,1,1,1,0,1,0,1,1,0,0,1,0,2,0,0,0,1,0,0,0,3,16,30
201500005844,15,8,14,1,1,3,1.0,3.0,0.0,7.0,0.0,0.0,2.0,9.0,1,1,3.0,2.0,2.0,0.0,0.0,0.0,1,5.0,0.0,2,3,4,14,8,0,6,4,0,14,4,0,0,8,4,0,6,1,0,0,0,3,15,0
201000047487,10,7,6,1,2,3,1.0,3.0,0.0,7.0,0.0,0.0,2.0,9.0,1,1,2.0,2.0,2.0,1.0,0.0,0.0,1,0.0,1.0,2,1,8,2,4,0,2,4,0,10,0,0,0,2,4,2,2,1,0,0,0,2,15,35
200900022308,9,4,1,1,2,1,1.0,1.0,0.0,10.0,0.0,0.0,2.0,15.0,1,1,4.0,2.0,1.0,1.0,0.0,80.0,1,0.0,1.0,2,1,0,4,0,0,0,4,0,2,0,0,2,0,0,4,0,1,0,0,0,3,18,13
201200024420,12,10,5,1,1,1,1.0,2.0,0.0,7.0,0.0,0.0,2.0,0.0,1,1,1.0,3.0,3.0,1.0,0.0,0.0,1,0.0,1.0,2,1,4,0,0,0,0,4,0,4,0,0,0,2,0,2,0,1,0,1,0,2,13,5
201100043627,11,4,15,2,2,1,1.0,3.0,0.0,33.0,0.0,0.0,2.0,1.0,1,2,4.0,2.0,2.0,2.0,0.0,0.0,1,0.0,1.0,2,2,2,2,0,0,0,4,2,0,0,0,2,2,0,2,0,1,1,0,0,2,20,0
200900025553,9,6,20,1,2,1,1.0,6.0,0.0,31.0,0.0,1.0,0.0,14.0,1,2,4.0,1.0,2.0,1.0,0.0,56.0,1,0.0,1.0,1,3,1,0,0,0,0,1,1,0,0,0,0,1,0,0,0,1,0,0,0,3,8,5
200600033957,6,6,13,1,2,1,1.0,6.0,0.0,13.0,0.0,0.0,2.0,2.0,1,-1,4.0,2.0,0.0,1.0,0.0,85.0,1,0.0,1.0,2,1,4,2,0,2,0,4,2,0,2,0,2,6,0,0,0,1,1,0,0,3,12,35
201300040251,13,7,19,1,2,1,1.0,7.0,0.0,30.0,0.0,0.0,0.0,1.0,1,2,3.0,3.0,2.0,2.0,18.0,64.0,1,0.0,1.0,1,2,0,1,0,0,0,1,0,0,1,0,0,0,0,1,0,0,0,1,0,2,8,45
201100009232,11,8,28,1,2,2,1.0,3.0,0.0,7.0,0.0,0.0,2.0,1.0,1,1,3.0,2.0,2.0,4.0,0.0,0.0,1,5.0,1.0,2,1,2,4,0,0,2,4,0,2,4,0,0,6,0,0,0,1,0,1,0,3,18,45
201000043139,10,6,20,5,2,1,1.0,7.0,0.0,7.0,0.0,13.0,0.0,3.0,1,0,3.0,0.0,2.0,2.0,0.0,74.0,1,0.0,4.0,1,3,2,0,0,0,0,2,0,0,2,0,0,1,0,1,0,1,0,0,0,3,0,1
201400020323,14,4,22,1,1,1,1.0,6.0,0.0,10.0,0.0,0.0,1.0,19.0,1,1,1.0,3.0,2.0,2.0,0.0,0.0,1,0.0,1.0,1,1,2,0,0,1,0,1,0,0,1,1,0,2,0,0,0,1,0,0,0,3,12,0
200700058500,7,9,7,1,2,3,1.0,2.0,0.0,7.0,0.0,0.0,2.0,1.0,1,1,4.0,2.0,0.0,0.0,0.0,0.0,-1,0.0,1.0,2,1,4,0,0,0,0,4,0,4,0,0,0,0,0,2,2,1,0,0,0,2,17,5
201600054723,16,11,10,1,2,1,1.0,6.0,2.0,7.0,0.0,1.0,0.0,14.0,1,1,4.0,1.0,1.0,1.0,0.0,0.0,1,0.0,1.0,1,2,1,0,0,0,0,1,1,0,0,0,0,1,0,0,0,1,0,0,0,2,7,30
200700066049,7,10,8,2,2,1,1.0,7.0,0.0,33.0,0.0,0.0,1.0,1.0,1,2,2.0,3.0,4.0,1.0,50.0,120.0,1,0.0,1.0,1,2,1,1,0,1,0,1,1,0,0,0,1,0,1,1,0,1,0,0,0,3,7,30
200800054926,8,10,11,3,1,1,1.0,6.0,0.0,33.0,0.0,4.0,0.0,1.0,1,-1,2.0,3.0,0.0,1.0,0.0,110.0,1,0.0,1.0,1,3,1,0,0,0,0,1,1,0,0,0,0,1,0,0,0,1,0,0,0,3,6,15
200800010331,8,2,1,2,1,1,2.0,5.0,0.0,10.0,0.0,0.0,0.0,2.0,1,1,1.0,0.0,6.0,1.0,25.0,150.0,1,0.0,1.0,5,1,25,0,0,0,0,25,0,0,0,25,0,20,0,5,0,0,1,0,0,2,7,50
200900050764,9,3,24,1,2,1,2.0,6.0,0.0,7.0,0.0,0.0,1.0,13.0,2,1,4.0,2.0,2.0,1.0,0.0,50.0,1,0.0,1.0,1,1,1,2,0,1,1,1,1,0,2,0,0,1,1,1,0,0,0,1,0,2,16,40
200600032960,6,6,23,1,2,1,1.0,6.0,0.0,5.0,0.0,0.0,1.0,1.0,1,-1,4.0,2.0,0.0,1.0,0.0,50.0,1,0.0,1.0,1,2,1,1,0,1,0,1,0,2,0,0,0,1,0,1,0,1,0,0,0,2,10,20
200600010055,6,2,27,1,2,3,1.0,3.0,0.0,5.0,0.0,0.0,2.0,1.0,1,2,4.0,2.0,0.0,1.0,0.0,70.0,1,0.0,1.0,2,2,4,0,0,0,0,4,0,2,0,2,0,2,0,2,0,1,0,1,0,2,10,54
201300013059,13,12,4,2,1,1,1.0,1.0,0.0,13.0,0.0,0.0,2.0,1.0,1,1,3.0,2.0,2.0,1.0,0.0,30.0,1,0.0,1.0,2,2,2,2,0,0,0,4,0,0,2,2,0,4,0,0,0,1,0,0,0,2,6,10
200900063344,9,11,13,1,2,2,1.0,3.0,0.0,7.0,0.0,5.0,2.0,1.0,1,1,3.0,2.0,2.0,1.0,0.0,97.0,1,0.0,1.0,2,2,2,4,0,0,2,4,4,0,0,2,0,6,0,0,0,1,0,0,0,2,13,15
200800004171,8,1,7,1,2,1,1.0,6.0,0.0,7.0,0.0,0.0,0.0,11.0,1,1,4.0,2.0,3.0,1.0,0.0,0.0,1,0.0,1.0,2,1,2,2,0,0,0,4,0,0,4,0,0,2,0,2,0,0,0,1,0,2,16,0
201600054386,16,11,28,1,2,1,1.0,6.0,0.0,30.0,0.0,0.0,1.0,1.0,1,-1,4.0,1.0,1.0,1.0,0.0,0.0,1,0.0,1.0,1,1,1,1,0,1,0,1,1,0,0,1,0,0,1,1,0,1,0,0,0,2,12,30
200800066675,8,11,12,1,2,1,1.0,2.0,0.0,7.0,0.0,0.0,2.0,1.0,1,1,4.0,3.0,2.0,0.0,0.0,0.0,1,0.0,1.0,2,1,2,4,2,0,0,4,0,6,0,0,0,2,2,0,2,1,1,0,0,2,16,45
200900009833,9,5,6,1,2,1,1.0,3.0,0.0,7.0,0.0,0.0,2.0,15.0,1,1,9.0,2.0,0.0,4.0,0.0,82.0,1,0.0,1.0,2,1,2,2,0,0,0,4,4,0,0,0,0,2,2,0,0,1,0,1,0,3,8,30
201500056031,15,11,11,5,2,1,4.0,5.0,0.0,7.0,0.0,0.0,2.0,1.0,1,1,4.0,3.0,4.0,1.0,15.0,140.0,1,1.0,1.0,3,1,6,3,0,0,0,9,0,6,3,0,0,9,0,0,0,1,0,0,0,3,20,39
201600040833,16,8,17,1,2,1,1.0,6.0,0.0,7.0,0.0,0.0,1.0,1.0,1,-1,4.0,2.0,0.0,1.0,0.0,0.0,1,0.0,1.0,1,1,2,0,0,1,0,1,1,0,0,0,1,1,0,1,0,1,0,0,0,2,7,10
201500055161,15,2,23,1,2,5,1.0,3.0,0.0,32.0,0.0,0.0,2.0,17.0,1,2,4.0,2.0,2.0,1.0,0.0,100.0,1,0.0,1.0,2,1,4,0,0,0,0,4,0,0,0,2,2,2,0,2,0,1,1,0,0,2,13,46
200900021720,9,7,11,1,1,1,1.0,2.0,0.0,7.0,0.0,0.0,2.0,2.0,1,1,1.0,3.0,4.0,1.0,20.0,75.0,1,0.0,1.0,2,2,4,2,0,0,2,4,0,2,2,2,0,2,0,4,0,1,1,0,0,3,11,0
200600054444,6,9,26,1,2,1,1.0,6.0,0.0,7.0,0.0,1.0,0.0,0.0,1,0,9.0,2.0,2.0,1.0,0.0,61.0,1,0.0,1.0,1,2,0,1,0,0,0,1,1,0,0,0,0,1,0,0,0,1,0,0,0,2,13,30
201700009408,17,4,9,1,2,1,1.0,6.0,1.0,7.0,0.0,0.0,9.0,0.0,2,1,4.0,3.0,4.0,0.0,30.0,120.0,-1,0.0,4.0,1,3,1,0,0,0,1,0,0,1,0,0,0,0,0,1,0,0,0,0,0,3,14,20
200700066799,7,10,5,1,2,3,1.0,3.0,0.0,7.0,0.0,0.0,2.0,15.0,1,1,4.0,2.0,2.0,2.0,0.0,0.0,1,0.0,1.0,2,1,2,4,0,0,2,4,0,2,2,0,2,0,2,4,0,1,0,1,0,2,14,0
201200032566,12,11,29,5,2,2,1.0,3.0,0.0,30.0,0.0,0.0,2.0,1.0,1,2,4.0,1.0,2.0,1.0,0.0,0.0,1,0.0,1.0,2,2,2,4,2,0,0,4,0,2,4,0,0,0,4,2,0,1,1,0,0,2,20,0
200800026027,8,5,6,1,2,1,1.0,3.0,0.0,31.0,0.0,0.0,2.0,1.0,1,2,4.0,2.0,4.0,1.0,0.0,0.0,1,0.0,1.0,2,2,2,2,0,0,0,4,0,2,2,0,0,2,0,0,2,1,0,0,0,2,18,0
201600006597,16,5,9,1,1,1,1.0,3.0,1.0,33.0,0.0,0.0,0.0,15.0,1,2,3.0,2.0,0.0,2.0,0.0,0.0,1,5.0,1.0,2,2,4,6,4,0,2,4,0,6,4,0,0,8,2,0,0,1,0,1,0,2,17,15
201200030415,12,9,28,1,2,2,1.0,3.0,0.0,7.0,0.0,0.0,2.0,1.0,1,-1,4.0,2.0,2.0,1.0,0.0,102.0,1,0.0,1.0,2,2,0,4,0,0,0,4,2,0,0,0,2,2,0,0,2,1,0,1,0,2,9,35
201200059623,12,8,8,1,2,2,1.0,6.0,0.0,7.0,0.0,0.0,1.0,1.0,1,1,4.0,1.0,1.0,3.0,0.0,70.0,1,0.0,1.0,1,1,2,1,0,2,0,1,0,0,2,0,1,1,0,0,2,1,0,0,0,3,18,15
200800052622,8,9,18,5,2,3,1.0,3.0,0.0,7.0,0.0,0.0,2.0,15.0,1,1,4.0,1.0,1.0,1.0,0.0,0.0,1,0.0,1.0,2,1,2,2,0,0,0,4,0,0,0,2,2,2,0,2,0,1,0,1,0,2,22,15
201100053239,11,10,29,1,1,1,1.0,2.0,0.0,7.0,0.0,3.0,2.0,2.0,1,1,1.0,1.0,2.0,1.0,0.0,0.0,1,0.0,1.0,2,1,6,2,0,0,4,4,0,0,8,0,0,4,0,4,0,1,1,0,0,2,18,0
200700058915,7,9,9,1,1,1,1.0,1.0,0.0,7.0,0.0,0.0,2.0,5.0,1,1,3.0,3.0,2.0,0.0,20.0,95.0,1,0.0,1.0,2,2,4,2,0,0,2,4,0,2,2,2,0,6,0,0,0,1,0,0,0,2,5,45
200700054784,7,9,15,5,2,1,1.0,6.0,0.0,31.0,0.0,0.0,1.0,1.0,1,2,3.0,2.0,2.0,1.0,0.0,99.0,1,0.0,1.0,1,2,1,1,0,1,0,1,0,0,2,0,0,2,0,0,0,1,0,0,0,3,1,5
201100015648,11,2,23,1,2,1,1.0,2.0,0.0,7.0,0.0,0.0,2.0,1.0,1,1,4.0,3.0,2.0,1.0,0.0,0.0,1,0.0,1.0,2,1,4,0,0,0,0,4,0,4,0,0,0,2,0,2,0,1,1,0,0,2,13,30
200800067768,8,11,2,1,2,4,1.0,2.0,0.0,30.0,0.0,0.0,2.0,17.0,1,2,4.0,3.0,3.0,1.0,0.0,70.0,1,0.0,1.0,2,2,4,0,0,0,0,4,0,0,4,0,0,2,0,2,0,1,1,0,0,2,11,40
201300024432,13,1,23,1,2,6,9.0,3.0,0.0,1.0,0.0,0.0,2.0,9.0,1,0,4.0,2.0,0.0,1.0,0.0,0.0,-1,0.0,1.0,2,2,2,2,0,0,0,4,2,2,0,0,0,0,0,2,2,1,0,1,0,2,14,55
201600010943,16,2,5,1,2,3,1.0,3.0,0.0,31.0,0.0,0.0,2.0,5.0,1,2,4.0,2.0,3.0,1.0,0.0,78.0,1,0.0,1.0,2,2,4,0,0,0,0,4,0,4,0,0,0,4,0,0,0,1,0,1,0,2,16,10
201300030014,13,1,4,5,2,1,1.0,7.0,0.0,2.0,0.0,12.0,0.0,1.0,1,2,2.0,2.0,2.0,3.0,0.0,0.0,1,0.0,1.0,1,3,1,0,0,0,0,1,0,1,0,0,0,1,0,0,0,1,0,0,0,3,22,55
200500018401,5,4,19,1,2,1,1.0,6.0,0.0,99.0,0.0,1.0,0.0,10.0,1,2,4.0,2.0,1.0,1.0,0.0,107.0,1,0.0,0.0,1,3,1,0,0,0,0,1,1,0,0,0,0,1,0,0,0,1,0,0,0,3,16,30
201200051821,12,7,4,1,1,1,2.0,7.0,0.0,7.0,0.0,4.0,0.0,1.0,1,1,1.0,3.0,6.0,1.0,15.0,210.0,1,0.0,1.0,1,2,1,0,0,0,0,1,0,1,0,0,0,0,0,1,0,1,0,0,0,2,9,10
201100016110,11,8,2,5,2,1,1.0,4.0,0.0,7.0,0.0,0.0,2.0,2.0,1,1,4.0,1.0,2.0,1.0,0.0,0.0,1,0.0,1.0,3,2,6,3,0,0,0,9,3,0,3,0,3,6,0,3,0,1,1,0,0,2,22,0
200600074267,6,12,9,3,1,1,1.0,1.0,0.0,7.0,0.0,0.0,2.0,23.0,2,1,3.0,2.0,0.0,0.0,0.0,60.0,1,0.0,1.0,2,2,4,4,0,0,4,4,0,4,4,0,0,8,0,0,0,1,0,0,0,3,19,0
201000012664,10,6,13,1,1,1,1.0,5.0,0.0,33.0,0.0,0.0,2.0,6.0,1,2,3.0,2.0,1.0,1.0,0.0,62.0,1,0.0,1.0,4,3,12,4,0,0,0,16,0,0,16,0,0,4,0,0,12,1,1,0,0,3,10,0
201600034827,16,2,8,1,2,1,6.0,1.0,1.0,2.0,0.0,0.0,2.0,5.0,1,2,3.0,1.0,1.0,1.0,6.0,36.0,1,0.0,1.0,2,3,2,2,0,0,0,4,2,0,2,0,0,2,0,0,2,1,0,0,0,3,9,5
201100044922,11,10,7,5,2,1,3.0,1.0,0.0,32.0,0.0,0.0,2.0,1.0,1,0,4.0,2.0,2.0,1.0,0.0,0.0,1,0.0,1.0,2,2,4,0,0,0,0,4,0,4,0,0,0,2,0,0,2,1,1,0,0,2,19,55
200900003809,9,2,28,3,1,1,1.0,6.0,0.0,7.0,0.0,2.0,0.0,1.0,1,-1,3.0,2.0,2.0,1.0,0.0,61.0,1,0.0,1.0,1,3,1,0,0,0,0,1,0,0,1,0,0,0,0,1,0,1,0,0,0,3,3,15
201600039640,16,9,6,1,2,1,1.0,6.0,1.0,30.0,0.0,0.0,1.0,1.0,3,-1,4.0,0.0,2.0,1.0,0.0,0.0,1,0.0,1.0,1,2,0,1,0,1,0,0,0,0,0,0,1,1,0,0,0,1,0,0,0,2,8,10
200500059232,5,9,1,1,2,1,1.0,6.0,0.0,7.0,0.0,0.0,1.0,1.0,1,1,4.0,2.0,2.0,1.0,0.0,74.0,1,0.0,1.0,1,1,0,2,0,1,0,1,0,0,2,0,0,0,0,0,2,1,0,0,0,2,9,45
201600053068,16,5,12,1,2,5,2.0,3.0,1.0,7.0,0.0,0.0,2.0,15.0,1,1,4.0,1.0,1.0,2.0,0.0,50.0,1,0.0,1.0,2,1,4,0,0,0,0,4,0,0,2,2,0,0,0,2,2,1,0,1,0,3,14,0
200500002048,5,1,26,1,2,2,1.0,6.0,0.0,2.0,0.0,15.0,0.0,1.0,1,-1,4.0,2.0,2.0,1.0,0.0,100.0,1,0.0,4.0,1,3,1,0,0,0,0,1,0,0,0,0,1,0,0,1,0,1,0,0,0,3,13,30
201500034906,15,12,16,1,2,1,1.0,6.0,0.0,33.0,0.0,15.0,0.0,1.0,1,2,4.0,2.0,2.0,1.0,0.0,0.0,1,0.0,1.0,1,3,1,0,0,0,0,1,0,0,0,0,1,1,0,0,0,1,0,0,0,3,16,45
200700005218,7,1,26,1,2,1,1.0,3.0,0.0,7.0,0.0,0.0,2.0,10.0,1,1,4.0,2.0,2.0,1.0,0.0,130.0,1,0.0,1.0,2,1,2,2,0,0,0,4,0,2,2,0,0,0,0,4,0,1,0,0,1,2,14,10
200900051285,9,4,15,5,2,1,1.0,3.0,0.0,7.0,0.0,8.0,2.0,2.0,1,1,2.0,3.0,2.0,1.0,0.0,59.0,1,2.0,1.0,2,3,4,0,0,0,0,4,0,4,0,0,0,4,0,0,0,1,0,0,0,3,21,30
200700003131,7,1,9,5,2,1,2.0,6.0,0.0,7.0,0.0,8.0,0.0,0.0,1,1,2.0,3.0,4.0,1.0,0.0,70.0,1,0.0,1.0,1,2,1,2,1,0,1,1,0,3,0,0,0,1,0,2,0,1,0,0,0,2,3,46
201600039429,16,2,20,1,2,1,1.0,2.0,0.0,34.0,0.0,0.0,2.0,1.0,1,2,4.0,1.0,0.0,2.0,0.0,0.0,1,0.0,1.0,2,3,4,0,0,0,0,4,0,2,2,0,0,2,0,0,2,0,1,1,0,3,13,35
201000046930,10,5,18,1,2,2,1.0,6.0,0.0,2.0,0.0,0.0,2.0,17.0,1,2,3.0,2.0,2.0,1.0,0.0,0.0,1,0.0,1.0,2,3,4,0,0,0,0,4,0,0,0,2,2,2,0,2,0,1,0,0,0,3,12,0
201400026644,14,12,26,1,2,1,1.0,2.0,0.0,7.0,0.0,0.0,2.0,1.0,1,1,4.0,2.0,2.0,1.0,0.0,70.0,1,0.0,1.0,2,1,2,2,0,0,0,4,0,0,4,0,0,2,0,0,2,1,1,0,0,2,11,10
201500018526,15,1,27,3,1,1,1.0,1.0,0.0,7.0,0.0,0.0,2.0,1.0,1,1,3.0,0.0,2.0,2.0,0.0,75.0,1,0.0,0.0,2,4,4,2,0,0,2,4,0,2,2,0,2,0,0,6,0,1,0,1,0,4,19,45
201700038010,17,12,18,1,2,1,1.0,6.0,2.0,7.0,0.0,1.0,0.0,13.0,1,1,4.0,2.0,2.0,1.0,0.0,60.0,1,0.0,1.0,1,2,0,1,0,0,0,1,0,0,1,0,0,0,0,0,1,1,0,0,0,2,15,0
200500067790,5,10,1,5,2,2,1.0,4.0,0.0,7.0,0.0,0.0,2.0,2.0,1,1,4.0,2.0,2.0,1.0,0.0,60.0,1,0.0,1.0,3,1,3,6,0,0,0,9,9,0,0,0,0,9,0,0,0,1,1,0,0,2,22,40
201400001695,14,7,3,1,1,1,1.0,1.0,0.0,17.0,0.0,0.0,2.0,1.0,1,1,3.0,2.0,2.0,1.0,0.0,70.0,1,0.0,1.0,2,2,4,0,0,0,0,4,0,0,2,0,2,2,0,2,0,1,0,0,0,4,13,30
201300034560,13,5,10,1,2,1,1.0,7.0,0.0,30.0,0.0,0.0,0.0,1.0,1,2,4.0,1.0,2.0,1.0,0.0,90.0,1,0.0,1.0,1,2,0,1,0,0,0,1,0,1,0,0,0,0,0,1,0,1,0,0,0,2,17,40
200700001025,7,1,15,3,1,1,8.0,1.0,0.0,7.0,0.0,0.0,2.0,13.0,1,1,2.0,2.0,2.0,2.0,0.0,65.0,1,0.0,1.0,2,2,6,4,4,0,2,4,2,6,2,0,0,0,0,10,0,1,0,0,0,3,20,30
200800072258,8,12,9,5,2,1,1.0,2.0,0.0,7.0,0.0,0.0,2.0,1.0,1,1,9.0,2.0,3.0,1.0,0.0,101.0,1,0.0,1.0,2,1,2,2,0,0,0,4,4,0,0,0,0,2,0,2,0,1,1,0,0,2,20,8
200500050197,5,8,15,1,1,1,1.0,6.0,0.0,7.0,0.0,3.0,0.0,0.0,1,1,1.0,3.0,4.0,4.0,10.0,100.0,1,0.0,1.0,1,1,2,0,0,0,1,1,0,1,1,0,0,0,0,2,0,1,0,0,0,3,6,45
200900066482,9,10,1,1,2,3,1.0,3.0,0.0,7.0,0.0,0.0,2.0,1.0,1,1,3.0,3.0,0.0,1.0,50.0,260.0,1,0.0,1.0,2,1,0,4,0,0,0,4,2,0,2,0,0,0,0,4,0,1,0,1,0,2,10,20
200500057795,5,9,28,2,2,1,2.0,6.0,0.0,7.0,0.0,0.0,1.0,1.0,1,1,4.0,2.0,2.0,1.0,0.0,70.0,1,0.0,1.0,1,1,1,1,0,1,0,1,1,0,0,0,1,1,1,0,0,1,0,0,0,3,7,45
200900033021,9,9,19,1,1,1,1.0,7.0,0.0,17.0,0.0,3.0,0.0,9.0,1,1,1.0,3.0,3.0,1.0,15.0,105.0,1,3.0,3.0,1,3,1,0,0,0,0,1,0,0,0,1,0,1,0,0,0,1,0,0,0,3,13,15
200500043313,5,7,27,2,1,2,1.0,3.0,0.0,7.0,0.0,16.0,2.0,1.0,1,1,9.0,2.0,2.0,1.0,0.0,58.0,1,5.0,1.0,2,2,4,0,0,0,0,4,0,0,0,0,4,0,0,4,0,1,0,0,0,2,5,45
200500028416,5,5,31,1,2,1,1.0,3.0,0.0,10.0,0.0,0.0,2.0,15.0,1,-1,4.0,2.0,2.0,1.0,0.0,80.0,1,0.0,1.0,2,1,2,2,0,0,0,4,0,0,0,2,2,2,0,2,0,1,0,1,0,2,8,50
200900000853,9,2,13,5,2,1,1.0,2.0,0.0,7.0,0.0,0.0,2.0,2.0,1,-1,4.0,1.0,2.0,1.0,0.0,60.0,1,0.0,1.0,2,1,2,4,0,0,2,4,0,0,4,0,2,2,0,4,0,1,1,0,0,2,21,15
201100061912,11,3,11,1,2,1,1.0,6.0,0.0,32.0,0.0,0.0,1.0,1.0,1,2,4.0,2.0,2.0,1.0,100.0,100.0,1,0.0,1.0,1,1,1,1,0,1,0,1,0,0,1,1,0,2,0,0,0,1,0,0,0,2,18,0
200600064567,6,10,29,1,2,6,8.0,7.0,0.0,10.0,0.0,0.0,2.0,13.0,1,1,9.0,3.0,6.0,1.0,0.0,0.0,1,5.0,1.0,2,1,4,0,0,0,0,4,0,0,0,2,2,4,0,0,0,1,0,1,0,2,12,30
200800013343,8,3,9,1,2,3,1.0,7.0,0.0,7.0,0.0,0.0,1.0,1.0,1,1,4.0,2.0,2.0,3.0,0.0,54.0,1,0.0,1.0,1,1,3,0,0,1,1,1,1,1,1,0,0,2,0,0,1,1,0,0,0,3,11,45
201600017371,16,10,21,3,1,1,1.0,6.0,1.0,7.0,0.0,1.0,0.0,14.0,1,1,2.0,2.0,1.0,1.0,0.0,60.0,1,0.0,3.0,1,3,0,1,0,0,0,1,0,0,0,0,1,1,0,0,0,1,0,0,0,3,4,0
201400014491,14,2,13,1,2,2,1.0,3.0,0.0,7.0,0.0,0.0,2.0,1.0,1,-1,4.0,1.0,0.0,0.0,0.0,0.0,1,0.0,1.0,2,1,2,2,0,0,0,4,4,0,0,0,0,2,0,0,2,1,0,0,0,2,16,15
200700042150,7,7,24,1,2,1,1.0,3.0,0.0,30.0,0.0,0.0,2.0,17.0,1,-1,4.0,0.0,1.0,2.0,0.0,75.0,1,0.0,1.0,2,2,2,2,0,0,0,4,2,0,0,2,0,2,0,2,0,1,0,0,0,2,14,30
200700018513,7,4,15,1,2,1,1.0,1.0,0.0,33.0,0.0,0.0,9.0,1.0,1,2,3.0,2.0,0.0,0.0,0.0,0.0,-1,0.0,0.0,2,3,4,0,0,0,0,4,0,2,2,0,0,2,2,0,0,1,0,0,0,3,12,0
201500054017,15,3,18,5,2,1,1.0,3.0,0.0,34.0,0.0,0.0,2.0,1.0,1,-1,4.0,1.0,2.0,1.0,0.0,150.0,-1,0.0,1.0,2,2,4,0,0,0,0,4,0,4,0,0,0,4,0,0,0,1,1,0,0,2,23,10