Num_Acc,an,mois,jour,lum,agg,int,atm,col,senc,catv,occutc,obs,obsm,manv,catu,secu,catr,circ,nbv,prof,lartpc,larrout,surf,infra,situ,nb_veh,grav_simpl,Homme,Femme,Arrière,Autre_x,Avant,Conducteur,Autre_y,Inconnu,Loisirs,Professionnel,Travail,Adulte,Enfant,Jeune,Senior,choc_avant,choc_arriere,choc_lateral,choc_multiple,grav_order_max,heure,minute
201000065071,10,11,9,5,2,1,2.0,7.0,0.0,30.0,0.0,0.0,0.0,1.0,1,2,4.0,2.0,2.0,1.0,0.0,0.0,1,0.0,1.0,1,2,0,1,0,0,0,1,0,0,1,0,0,0,0,1,0,0,0,0,0,2,19,40
200800068009,8,11,12,5,2,2,1.0,3.0,0.0,2.0,0.0,0.0,2.0,1.0,1,2,4.0,1.0,1.0,1.0,0.0,30.0,1,0.0,1.0,2,2,2,2,0,0,0,4,0,2,0,0,2,2,0,2,0,0,0,1,0,2,19,20
201100036357,11,3,7,1,2,1,1.0,6.0,0.0,7.0,0.0,0.0,1.0,1.0,1,1,4.0,2.0,2.0,1.0,0.0,60.0,1,0.0,1.0,1,1,0,2,0,1,0,1,1,1,0,0,0,1,1,0,0,1,0,0,0,3,15,10
200700065589,7,10,5,1,2,1,1.0,6.0,0.0,16.0,0.0,0.0,1.0,15.0,1,1,2.0,0.0,2.0,1.0,0.0,80.0,1,1.0,1.0,1,1,2,0,0,1,0,1,0,1,0,1,0,2,0,0,0,0,1,0,0,3,14,0
201300039402,13,12,24,5,2,1,2.0,6.0,0.0,7.0,0.0,0.0,1.0,1.0,1,1,3.0,3.0,4.0,1.0,0.0,0.0,1,0.0,1.0,1,1,1,1,0,1,0,1,0,0,0,0,2,0,0,2,0,1,0,0,0,3,7,25
200500017991,5,3,25,1,1,1,1.0,5.0,0.0,2.0,0.0,0.0,2.0,3.0,1,2,1.0,3.0,8.0,1.0,15.0,280.0,1,3.0,1.0,3,3,6,3,0,0,0,9,0,3,3,3,0,6,0,3,0,0,0,1,0,3,17,30
200900058722,9,11,10,5,1,1,1.0,7.0,0.0,7.0,0.0,0.0,0.0,0.0,1,1,3.0,0.0,1.0,0.0,0.0,75.0,-1,0.0,1.0,1,2,1,0,0,0,0,1,0,1,0,0,0,0,0,1,0,0,0,0,0,2,4,20
200700068575,7,11,11,2,2,1,1.0,6.0,0.0,2.0,0.0,0.0,1.0,1.0,1,2,4.0,2.0,2.0,1.0,0.0,0.0,1,0.0,5.0,1,2,1,1,0,1,0,1,0,2,0,0,0,1,0,1,0,1,0,0,0,3,20,0
201400038742,14,1,31,2,2,1,5.0,6.0,0.0,7.0,0.0,0.0,1.0,1.0,1,1,3.0,2.0,2.0,1.0,0.0,70.0,1,0.0,1.0,1,1,2,0,0,1,0,1,1,0,0,0,1,1,1,0,0,1,0,0,0,2,7,50
200500018302,5,3,28,1,2,2,1.0,3.0,0.0,2.0,0.0,0.0,2.0,1.0,1,2,4.0,2.0,4.0,1.0,0.0,56.0,1,0.0,1.0,2,3,2,2,0,0,0,4,0,0,2,0,2,0,0,4,0,1,0,0,0,3,13,20
200900014528,9,1,27,3,1,1,1.0,6.0,0.0,7.0,0.0,13.0,0.0,1.0,1,1,3.0,2.0,2.0,1.0,0.0,73.0,1,0.0,3.0,1,3,1,0,0,0,0,1,0,0,1,0,0,0,0,1,0,1,0,0,0,3,19,30
200700075849,7,12,6,1,1,1,1.0,7.0,0.0,7.0,0.0,2.0,0.0,0.0,1,1,3.0,2.0,0.0,2.0,0.0,0.0,1,0.0,3.0,1,3,0,1,0,0,0,1,0,0,0,1,0,1,0,0,0,1,0,0,0,3,13,45
200900070035,9,3,25,1,2,2,1.0,3.0,0.0,7.0,0.0,0.0,9.0,1.0,1,1,4.0,1.0,1.0,1.0,0.0,40.0,1,0.0,1.0,2,1,2,2,0,0,0,4,0,0,2,2,0,4,0,0,0,1,0,0,0,2,14,45
201400001328,14,9,14,1,1,1,1.0,3.0,0.0,7.0,0.0,0.0,2.0,10.0,1,1,3.0,2.0,3.0,1.0,0.0,60.0,1,0.0,1.0,2,1,2,2,0,0,0,4,0,0,4,0,0,2,0,0,2,1,0,1,0,3,9,15
201000057600,10,11,22,5,1,1,1.0,3.0,0.0,7.0,0.0,4.0,2.0,1.0,1,1,1.0,3.0,6.0,1.0,15.0,210.0,1,0.0,1.0,2,3,2,2,0,0,2,2,0,2,0,0,2,4,0,0,0,0,0,1,0,3,21,7
200800026339,8,5,17,1,2,1,8.0,6.0,0.0,7.0,0.0,0.0,2.0,2.0,1,1,4.0,2.0,2.0,1.0,0.0,69.0,1,0.0,1.0,2,1,4,0,0,0,0,4,0,4,0,0,0,4,0,0,0,0,0,1,0,2,16,15
201100062440,11,3,4,1,2,2,1.0,2.0,0.0,7.0,0.0,0.0,2.0,2.0,1,1,4.0,1.0,1.0,1.0,0.0,0.0,1,0.0,1.0,2,1,4,0,0,0,0,4,2,2,0,0,0,2,0,2,0,1,1,0,0,2,15,55
201400012846,14,10,28,3,1,1,5.0,6.0,0.0,7.0,0.0,3.0,0.0,1.0,1,1,1.0,3.0,2.0,1.0,30.0,70.0,1,0.0,1.0,1,2,1,0,0,0,0,1,0,0,1,0,0,1,0,0,0,1,0,0,0,2,4,45
200700075357,7,12,24,3,1,1,9.0,1.0,0.0,7.0,0.0,0.0,2.0,13.0,1,-1,3.0,2.0,2.0,2.0,0.0,66.0,1,0.0,1.0,2,4,4,0,0,0,0,4,2,0,2,0,0,2,0,0,2,1,0,0,0,4,18,0
200800060648,8,10,6,5,2,9,1.0,3.0,0.0,7.0,0.0,0.0,2.0,15.0,1,1,2.0,1.0,1.0,1.0,0.0,90.0,1,0.0,1.0,2,1,4,0,0,0,0,4,0,0,4,0,0,0,0,4,0,0,1,1,0,2,20,15
201500047411,15,10,1,1,1,1,1.0,3.0,1.0,14.0,0.0,0.0,2.0,2.0,1,2,1.0,3.0,6.0,4.0,15.0,210.0,1,0.0,1.0,2,4,2,0,0,0,0,2,0,0,0,0,2,2,0,0,0,0,0,1,0,4,8,59
201000013016,10,7,2,1,1,1,1.0,7.0,0.0,1.0,0.0,0.0,9.0,1.0,1,2,3.0,2.0,1.0,2.0,0.0,31.0,-1,0.0,1.0,1,3,1,0,0,0,0,1,0,0,1,0,0,1,0,0,0,0,0,0,0,3,10,15
201400002622,14,6,4,1,1,1,3.0,6.0,0.0,7.0,0.0,13.0,0.0,1.0,1,1,3.0,2.0,2.0,1.0,75.0,95.0,1,0.0,1.0,1,3,0,1,0,0,0,1,0,0,1,0,0,1,0,0,0,1,0,0,0,3,8,30
200600019193,6,4,28,1,2,1,1.0,3.0,0.0,7.0,0.0,0.0,2.0,9.0,1,1,4.0,2.0,2.0,1.0,0.0,60.0,1,0.0,1.0,2,1,0,4,0,0,0,4,0,0,4,0,0,2,0,2,0,1,0,0,0,2,12,15
200700013521,7,3,8,1,2,1,1.0,6.0,0.0,7.0,0.0,0.0,1.0,4.0,1,1,6.0,2.0,1.0,1.0,0.0,0.0,1,0.0,1.0,1,1,0,2,0,1,0,1,2,0,0,0,0,0,0,0,2,0,1,0,0,3,9,35
200700028283,7,5,24,1,2,1,1.0,1.0,0.0,33.0,0.0,2.0,2.0,19.0,1,0,4.0,4.0,0.0,3.0,0.0,140.0,1,0.0,1.0,2,2,2,2,0,0,0,4,0,4,0,0,0,2,2,0,0,1,0,0,0,2,19,40
201200060078,12,6,18,1,2,1,1.0,5.0,0.0,7.0,0.0,0.0,2.0,11.0,1,1,4.0,1.0,4.0,1.0,15.0,140.0,1,0.0,1.0,4,1,12,4,0,0,0,16,0,0,8,8,0,8,0,4,4,1,0,1,0,2,11,18
201100021666,11,7,13,1,1,1,8.0,1.0,0.0,7.0,0.0,0.0,2.0,1.0,1,-1,3.0,2.0,2.0,1.0,0.0,64.0,1,0.0,1.0,2,1,4,6,4,0,2,4,0,0,10,0,0,4,4,2,0,1,0,0,0,4,12,10
201000008338,10,4,23,2,2,1,1.0,3.0,0.0,7.0,0.0,0.0,2.0,15.0,1,1,3.0,2.0,2.0,1.0,0.0,62.0,1,0.0,1.0,2,1,4,2,0,0,2,4,0,2,4,0,0,6,0,0,0,1,0,1,0,2,20,15
200900047007,9,11,18,1,1,1,1.0,6.0,0.0,7.0,0.0,0.0,1.0,1.0,3,-1,2.0,2.0,2.0,1.0,0.0,78.0,1,0.0,1.0,1,3,0,3,0,2,0,1,2,0,0,0,1,0,2,1,0,1,0,0,0,3,14,0
200700034008,7,6,10,1,1,3,2.0,3.0,0.0,33.0,0.0,0.0,2.0,1.0,1,2,3.0,2.0,2.0,2.0,0.0,0.0,1,0.0,1.0,2,3,2,4,0,0,2,4,0,2,4,0,0,2,0,4,0,1,0,1,0,3,10,0
200600079452,6,12,15,1,2,1,1.0,6.0,0.0,7.0,0.0,0.0,1.0,2.0,1,1,4.0,2.0,2.0,1.0,0.0,60.0,1,0.0,1.0,1,1,2,0,0,1,0,1,1,1,0,0,0,1,1,0,0,1,0,0,0,2,17,25
200800012480,8,3,19,5,2,1,1.0,3.0,0.0,7.0,0.0,0.0,2.0,15.0,1,-1,4.0,2.0,0.0,1.0,0.0,92.0,1,0.0,1.0,2,1,4,2,0,0,2,4,0,2,2,0,2,2,0,4,0,1,0,1,0,2,19,15
201600057403,16,10,9,1,2,1,1.0,2.0,1.0,7.0,0.0,0.0,2.0,1.0,1,1,4.0,1.0,4.0,1.0,15.0,140.0,1,0.0,1.0,2,2,2,6,0,0,4,4,0,0,8,0,0,8,0,0,0,1,1,0,0,2,15,20
200800034376,8,6,22,1,2,1,1.0,6.0,0.0,7.0,0.0,0.0,1.0,4.0,1,-1,4.0,0.0,1.0,0.0,0.0,0.0,1,0.0,1.0,1,1,1,1,0,1,0,1,0,2,0,0,0,2,0,0,0,0,1,0,0,2,12,30
200900029491,9,9,16,1,1,1,1.0,7.0,0.0,33.0,0.0,0.0,0.0,1.0,1,2,3.0,2.0,0.0,3.0,0.0,70.0,1,0.0,3.0,1,3,1,0,0,0,0,1,0,0,1,0,0,1,0,0,0,1,0,0,0,3,17,30
201400040819,14,4,2,4,2,3,1.0,3.0,0.0,7.0,0.0,0.0,2.0,16.0,1,1,4.0,2.0,2.0,2.0,0.0,0.0,1,0.0,1.0,2,2,4,0,0,0,0,4,2,2,0,0,0,0,0,4,0,1,0,0,0,2,2,45
201000038374,10,4,11,1,2,1,1.0,7.0,0.0,33.0,0.0,8.0,0.0,15.0,1,2,4.0,2.0,2.0,1.0,0.0,60.0,1,0.0,4.0,1,2,1,0,0,0,0,1,0,1,0,0,0,0,0,1,0,0,0,0,0,2,14,33
201600027434,16,1,25,1,1,1,1.0,2.0,0.0,7.0,0.0,0.0,2.0,1.0,1,1,3.0,3.0,4.0,1.0,0.0,76.0,1,0.0,1.0,2,2,2,2,0,0,0,4,0,0,4,0,0,0,0,2,2,1,1,0,0,2,11,10
201600014719,16,5,18,1,2,1,1.0,2.0,1.0,7.0,0.0,0.0,2.0,1.0,1,1,4.0,3.0,6.0,1.0,25.0,180.0,1,0.0,1.0,2,1,4,2,0,0,2,4,0,4,2,0,0,4,0,0,2,1,1,0,0,2,19,0
200800027335,8,5,10,1,2,2,1.0,6.0,0.0,7.0,0.0,1.0,2.0,1.0,1,-1,4.0,1.0,1.0,1.0,0.0,50.0,1,0.0,1.0,2,1,4,0,0,0,0,4,0,2,0,0,2,2,0,2,0,1,0,0,0,2,13,50
200500073747,5,11,12,1,2,2,2.0,3.0,0.0,7.0,0.0,0.0,2.0,1.0,1,1,3.0,2.0,3.0,1.0,0.0,104.0,1,5.0,1.0,2,2,2,6,0,0,4,4,0,4,4,0,0,6,0,0,2,1,0,1,0,3,14,45
200600051094,6,9,6,1,1,1,1.0,5.0,0.0,10.0,0.0,0.0,2.0,1.0,1,1,3.0,2.0,0.0,1.0,0.0,60.0,1,0.0,1.0,3,1,9,3,0,0,3,9,0,3,0,9,0,3,0,6,3,1,0,0,0,3,15,40
200900028805,9,7,26,1,1,1,1.0,7.0,0.0,31.0,0.0,6.0,0.0,21.0,1,2,3.0,2.0,2.0,4.0,0.0,50.0,1,0.0,1.0,1,3,1,0,0,0,0,1,0,0,1,0,0,1,0,0,0,1,0,0,0,3,16,30
201200013630,12,7,19,1,2,2,1.0,3.0,0.0,32.0,0.0,0.0,2.0,1.0,1,2,4.0,3.0,2.0,1.0,0.0,0.0,1,0.0,1.0,2,2,2,2,0,0,0,4,0,4,0,0,0,4,0,0,0,1,0,0,0,2,17,10
200700005568,7,1,18,5,2,3,2.0,3.0,0.0,31.0,0.0,0.0,2.0,2.0,1,2,2.0,2.0,2.0,1.0,0.0,0.0,1,0.0,1.0,2,2,4,0,0,0,0,4,0,0,0,2,2,4,0,0,0,1,0,0,0,2,18,50
201200022209,12,9,4,1,2,1,1.0,4.0,0.0,7.0,0.0,0.0,2.0,1.0,1,1,4.0,3.0,2.0,0.0,0.0,0.0,1,0.0,1.0,3,1,6,6,0,0,3,9,0,12,0,0,0,3,0,9,0,1,1,0,0,2,10,41
200700032733,7,6,3,1,1,1,1.0,5.0,0.0,7.0,0.0,0.0,2.0,13.0,1,1,3.0,2.0,2.0,1.0,0.0,70.0,1,0.0,1.0,3,3,9,21,15,0,6,9,0,21,9,0,0,15,12,0,3,1,0,0,0,3,15,45
200500082929,5,12,29,1,2,1,4.0,6.0,0.0,7.0,0.0,8.0,0.0,1.0,1,1,3.0,2.0,3.0,3.0,0.0,90.0,0,0.0,3.0,1,1,2,0,0,0,1,1,0,1,1,0,0,1,1,0,0,1,0,0,0,2,7,50
200600053282,6,9,8,5,2,1,1.0,6.0,0.0,7.0,0.0,0.0,2.0,14.0,1,1,4.0,3.0,4.0,1.0,20.0,132.0,1,0.0,0.0,1,3,1,0,0,0,0,1,0,1,0,0,0,1,0,0,0,1,0,0,0,3,4,40
200800047277,8,8,22,1,1,1,1.0,2.0,0.0,7.0,0.0,0.0,2.0,1.0,1,1,3.0,2.0,0.0,1.0,0.0,0.0,1,0.0,1.0,2,1,4,2,0,0,2,4,0,2,4,0,0,4,0,0,2,1,1,0,0,2,12,0
201600024949,16,1,10,1,2,6,1.0,7.0,1.0,31.0,0.0,16.0,0.0,1.0,1,2,3.0,0.0,0.0,1.0,0.0,0.0,-1,5.0,0.0,1,2,1,0,0,0,0,1,0,0,0,1,0,0,0,1,0,0,0,1,0,2,13,35
201000048731,10,6,3,1,2,1,1.0,1.0,0.0,1.0,0.0,0.0,2.0,0.0,1,0,3.0,2.0,2.0,1.0,0.0,70.0,1,0.0,1.0,2,3,0,4,0,0,0,4,2,0,0,0,2,2,2,0,0,1,0,0,0,3,18,45
201600055541,16,7,13,5,2,2,1.0,1.0,2.0,7.0,0.0,0.0,2.0,13.0,1,1,4.0,2.0,2.0,1.0,0.0,0.0,1,0.0,1.0,2,1,4,0,0,0,0,4,0,0,0,4,0,2,0,2,0,1,0,0,0,2,22,37
200700062704,7,10,19,5,2,3,1.0,3.0,0.0,2.0,0.0,0.0,2.0,9.0,1,2,6.0,2.0,4.0,1.0,0.0,0.0,1,0.0,1.0,2,2,4,2,0,0,2,4,0,2,2,2,0,0,4,2,0,1,0,0,0,2,21,15
201300041475,13,11,18,5,2,3,1.0,3.0,0.0,30.0,0.0,0.0,2.0,17.0,1,2,3.0,2.0,1.0,1.0,0.0,0.0,1,0.0,1.0,2,2,2,4,0,0,2,4,2,4,0,0,0,2,2,0,2,0,1,1,0,2,18,50
200800009706,8,2,20,1,2,1,2.0,2.0,0.0,7.0,0.0,0.0,2.0,0.0,1,1,4.0,2.0,2.0,1.0,0.0,0.0,1,0.0,1.0,2,1,0,6,0,0,2,4,0,6,0,0,0,6,0,0,0,1,1,0,0,2,12,15
201100039022,11,8,5,1,2,2,1.0,3.0,0.0,7.0,0.0,0.0,2.0,1.0,1,-1,4.0,2.0,2.0,1.0,0.0,120.0,1,0.0,1.0,2,2,0,4,0,0,0,4,0,0,4,0,0,0,0,0,4,1,0,0,0,2,11,45
201700053363,17,6,11,1,2,5,1.0,3.0,1.0,7.0,0.0,0.0,2.0,1.0,1,1,4.0,1.0,1.0,1.0,0.0,0.0,1,0.0,0.0,2,1,4,2,0,0,2,4,0,2,4,0,0,6,0,0,0,1,0,0,0,2,18,20
201000005048,10,4,18,1,1,1,1.0,7.0,0.0,7.0,0.0,16.0,0.0,1.0,1,1,3.0,2.0,2.0,1.0,0.0,43.0,-1,0.0,3.0,1,3,1,1,0,0,1,1,0,1,1,0,0,1,0,1,0,0,0,0,1,3,19,0
200700008507,7,2,20,1,2,3,1.0,3.0,0.0,10.0,0.0,0.0,2.0,1.0,1,-1,4.0,2.0,2.0,1.0,0.0,70.0,1,0.0,1.0,2,1,2,2,0,0,0,4,4,0,0,0,0,2,0,2,0,1,0,0,0,2,11,30
201000002823,10,5,2,1,1,1,1.0,6.0,0.0,7.0,0.0,0.0,2.0,0.0,1,1,4.0,2.0,2.0,2.0,0.0,82.0,1,0.0,1.0,2,1,2,4,0,0,2,4,0,2,4,0,0,4,0,2,0,1,0,1,0,2,17,20
200800054222,8,9,10,1,2,1,1.0,6.0,0.0,32.0,0.0,0.0,1.0,1.0,1,-1,2.0,3.0,2.0,2.0,0.0,50.0,1,0.0,1.0,1,2,2,0,0,1,0,1,0,2,0,0,0,0,0,2,0,0,0,0,0,3,14,50
200600063781,6,10,31,5,2,1,1.0,7.0,0.0,4.0,0.0,0.0,0.0,21.0,1,2,4.0,2.0,4.0,1.0,0.0,120.0,1,0.0,1.0,1,2,1,0,0,0,0,1,0,0,0,1,0,1,0,0,0,0,0,0,0,2,19,35
201700020552,17,12,15,5,2,1,2.0,6.0,0.0,7.0,0.0,0.0,1.0,1.0,1,1,3.0,2.0,2.0,2.0,0.0,35.0,1,0.0,1.0,1,1,2,0,0,1,0,1,0,2,0,0,0,1,0,1,0,1,0,0,0,3,19,15
200500045703,5,7,31,2,2,3,1.0,3.0,0.0,7.0,0.0,0.0,2.0,1.0,1,1,4.0,1.0,2.0,1.0,0.0,29.0,1,0.0,1.0,2,1,4,2,2,0,0,4,0,2,4,0,0,2,2,2,0,1,0,1,0,3,21,30
201600017862,16,9,17,1,1,1,1.0,3.0,2.0,33.0,0.0,0.0,2.0,1.0,1,-1,3.0,2.0,2.0,2.0,0.0,84.0,1,0.0,1.0,2,1,4,4,0,0,4,4,0,6,2,0,0,6,0,0,2,0,0,1,0,3,18,0
200500077071,5,11,13,3,1,1,2.0,7.0,0.0,7.0,0.0,0.0,5.0,21.0,1,1,1.0,3.0,2.0,1.0,15.0,35.0,1,0.0,1.0,1,2,2,0,0,0,1,1,0,1,1,0,0,0,1,1,0,0,0,0,0,2,0,55
200500030918,5,5,27,1,2,9,1.0,3.0,0.0,7.0,0.0,0.0,2.0,1.0,1,1,6.0,2.0,2.0,1.0,0.0,60.0,1,0.0,1.0,2,1,2,2,0,0,0,4,0,2,2,0,0,2,0,0,2,1,0,0,0,3,16,55
201300021949,13,4,21,5,1,1,1.0,6.0,0.0,2.0,0.0,12.0,0.0,1.0,1,2,3.0,2.0,1.0,2.0,0.0,0.0,1,0.0,3.0,1,3,1,0,0,0,0,1,0,0,1,0,0,0,1,0,0,1,0,0,0,3,1,30
201200056779,12,3,6,1,2,1,2.0,4.0,0.0,32.0,0.0,0.0,2.0,1.0,1,2,4.0,2.0,0.0,0.0,0.0,0.0,1,0.0,1.0,3,1,9,0,0,0,0,9,0,0,0,3,6,9,0,0,0,1,1,0,0,2,8,10
200500065538,5,10,22,5,2,1,1.0,3.0,0.0,2.0,0.0,0.0,2.0,17.0,1,2,4.0,2.0,20.0,1.0,0.0,80.0,1,0.0,1.0,2,2,4,0,0,0,0,4,4,0,0,0,0,2,2,0,0,1,0,1,0,2,19,56
201100029139,11,1,14,1,2,2,2.0,3.0,0.0,7.0,0.0,0.0,2.0,1.0,1,1,4.0,2.0,2.0,1.0,0.0,0.0,1,5.0,1.0,2,1,2,4,2,0,0,4,0,0,4,2,0,2,0,2,2,1,0,0,0,2,14,45
200500055025,5,9,18,3,1,1,1.0,7.0,0.0,7.0,0.0,0.0,0.0,14.0,1,1,3.0,2.0,2.0,1.0,0.0,72.0,1,0.0,0.0,1,3,0,2,0,0,1,1,0,2,0,0,0,1,0,0,1,0,0,1,0,3,2,0
201000039055,10,7,16,1,2,1,1.0,6.0,0.0,7.0,0.0,0.0,2.0,1.0,1,1,4.0,2.0,2.0,1.0,0.0,0.0,1,0.0,1.0,2,1,4,0,0,0,0,4,0,0,4,0,0,0,0,4,0,1,0,1,0,2,20,15
201100023586,11,11,25,3,1,1,1.0,2.0,0.0,7.0,0.0,0.0,2.0,1.0,1,1,1.0,3.0,4.0,2.0,30.0,140.0,1,0.0,1.0,2,3,4,0,0,0,0,4,0,0,0,4,0,2,0,2,0,1,1,0,0,3,18,15
201100017440,11,6,10,5,2,2,1.0,3.0,0.0,7.0,0.0,0.0,2.0,15.0,1,1,3.0,2.0,2.0,1.0,0.0,100.0,1,5.0,1.0,2,1,4,0,0,0,0,4,0,0,4,0,0,2,0,0,2,1,0,0,0,2,23,0
201100002399,11,3,28,1,2,1,1.0,3.0,0.0,1.0,0.0,0.0,2.0,1.0,1,-1,4.0,2.0,2.0,1.0,0.0,0.0,-1,0.0,5.0,2,3,4,0,0,0,0,4,0,0,2,2,0,2,0,0,2,1,0,0,0,3,15,0
200700053572,7,9,11,1,1,1,1.0,1.0,0.0,10.0,0.0,0.0,2.0,5.0,1,1,3.0,2.0,2.0,2.0,0.0,52.0,1,0.0,1.0,2,1,4,0,0,0,0,4,0,0,4,0,0,4,0,0,0,1,0,0,0,3,18,15
200500001692,5,1,8,3,2,1,1.0,6.0,0.0,7.0,0.0,0.0,1.0,1.0,1,1,4.0,2.0,2.0,1.0,0.0,0.0,1,0.0,1.0,1,1,2,0,0,1,0,1,0,0,2,0,0,1,0,1,0,0,1,0,0,3,1,0
201000017320,10,12,23,5,2,1,2.0,4.0,0.0,7.0,0.0,0.0,2.0,2.0,1,1,4.0,2.0,2.0,1.0,0.0,120.0,1,0.0,1.0,3,1,3,6,0,0,0,9,0,3,6,0,0,6,0,0,3,1,1,0,0,2,17,34
200500050305,5,8,16,1,2,1,1.0,6.0,0.0,2.0,0.0,0.0,1.0,17.0,1,2,4.0,2.0,3.0,1.0,0.0,82.0,1,0.0,1.0,1,1,1,1,0,1,0,1,0,0,2,0,0,0,1,1,0,1,0,0,0,2,17,0
200600068204,6,11,16,2,2,2,2.0,3.0,0.0,2.0,0.0,0.0,2.0,1.0,1,2,4.0,2.0,2.0,1.0,0.0,90.0,1,0.0,1.0,2,2,0,4,0,0,0,4,2,2,0,0,0,0,0,4,0,1,0,0,0,2,17,30
200600062155,6,10,25,3,2,1,1.0,7.0,0.0,7.0,0.0,16.0,0.0,13.0,1,1,5.0,2.0,2.0,1.0,0.0,0.0,1,0.0,3.0,1,2,1,0,0,0,0,1,0,0,1,0,0,0,0,1,0,1,0,0,0,2,23,45
201700006350,17,9,8,1,2,1,1.0,6.0,2.0,7.0,0.0,1.0,0.0,15.0,1,1,4.0,1.0,2.0,1.0,0.0,0.0,1,0.0,1.0,1,2,0,1,0,0,0,1,0,1,0,0,0,1,0,0,0,1,0,0,0,2,15,40
200700050674,7,8,26,1,2,1,1.0,3.0,0.0,7.0,0.0,0.0,2.0,15.0,1,1,4.0,2.0,0.0,1.0,0.0,0.0,1,0.0,0.0,2,1,2,2,0,0,0,4,0,4,0,0,0,2,0,2,0,1,0,0,0,3,11,50
201700049940,17,2,8,1,2,1,1.0,6.0,1.0,7.0,0.0,0.0,1.0,1.0,1,1,4.0,2.0,2.0,1.0,85.0,60.0,1,0.0,1.0,1,1,1,1,0,1,0,1,0,0,2,0,0,2,0,0,0,1,0,0,0,2,13,48
201000017355,10,5,21,1,1,1,1.0,5.0,0.0,7.0,0.0,0.0,2.0,13.0,1,1,3.0,2.0,2.0,1.0,13.0,108.0,1,0.0,1.0,3,2,6,6,0,0,3,9,0,3,6,0,3,3,0,3,6,1,1,0,0,4,17,45
201300000502,13,10,6,1,2,1,1.0,3.0,0.0,1.0,0.0,0.0,2.0,1.0,1,2,3.0,2.0,0.0,1.0,0.0,60.0,1,0.0,1.0,2,2,4,0,0,0,0,4,0,0,2,2,0,2,0,0,2,0,0,1,0,2,10,0
200800011975,8,3,9,5,2,3,2.0,3.0,1.0,7.0,0.0,0.0,2.0,15.0,1,2,4.0,2.0,2.0,1.0,0.0,0.0,1,0.0,1.0,2,2,2,0,0,0,0,2,2,0,0,0,0,0,0,2,0,1,0,1,0,2,23,50
200700032776,7,6,13,1,1,1,1.0,7.0,0.0,7.0,0.0,0.0,0.0,1.0,1,1,3.0,2.0,2.0,1.0,0.0,0.0,1,0.0,3.0,1,3,1,0,0,0,0,1,0,0,1,0,0,1,0,0,0,0,0,0,0,3,18,45
200700062006,7,10,17,1,2,1,1.0,5.0,0.0,5.0,0.0,0.0,2.0,17.0,1,2,4.0,1.0,3.0,1.0,0.0,80.0,1,0.0,1.0,3,3,6,3,0,0,0,9,0,0,3,3,3,9,0,0,0,1,1,0,0,3,12,0
201300000731,13,3,20,3,1,1,2.0,1.0,0.0,7.0,0.0,0.0,2.0,1.0,1,1,3.0,2.0,2.0,1.0,0.0,60.0,1,0.0,1.0,2,3,4,0,0,0,0,4,0,0,0,0,4,4,0,0,0,1,0,0,0,3,5,30
201100051100,11,9,7,1,2,2,1.0,3.0,0.0,7.0,0.0,0.0,2.0,1.0,1,1,4.0,2.0,2.0,1.0,0.0,0.0,1,0.0,1.0,2,2,0,2,0,0,0,2,0,0,0,0,2,2,0,0,0,1,0,1,0,2,8,35
201300044240,13,11,13,1,2,1,1.0,3.0,0.0,33.0,0.0,0.0,2.0,0.0,1,2,3.0,2.0,2.0,4.0,0.0,70.0,1,0.0,0.0,2,2,2,2,0,0,0,4,0,0,0,0,4,4,0,0,0,0,0,1,0,2,8,5
201300044260,13,1,17,5,2,1,1.0,2.0,0.0,7.0,0.0,0.0,2.0,1.0,1,-1,2.0,2.0,2.0,1.0,0.0,59.0,1,0.0,1.0,2,1,2,2,0,0,0,4,2,2,0,0,0,4,0,0,0,1,1,0,0,2,20,45
201300052761,13,6,14,1,2,1,1.0,6.0,0.0,7.0,0.0,0.0,2.0,9.0,1,1,4.0,1.0,1.0,2.0,0.0,50.0,1,0.0,1.0,2,1,2,2,0,0,0,4,2,2,0,0,0,2,0,0,2,1,0,0,0,2,13,32
201200054553,12,12,26,2,2,2,1.0,6.0,0.0,34.0,0.0,0.0,2.0,1.0,1,2,4.0,2.0,4.0,1.0,0.0,80.0,-1,0.0,1.0,1,1,2,0,0,1,0,1,0,0,0,1,1,1,0,1,0,1,0,0,0,2,17,20
200900014285,9,5,20,1,1,2,1.0,3.0,0.0,7.0,0.0,0.0,2.0,1.0,1,1,4.0,2.0,2.0,1.0,0.0,0.0,1,0.0,1.0,2,1,4,0,0,0,0,4,0,0,4,0,0,2,0,0,2,1,0,1,0,3,15,45
201100030223,11,10,7,2,2,1,1.0,6.0,0.0,33.0,0.0,0.0,2.0,0.0,1,2,4.0,2.0,0.0,0.0,0.0,0.0,-1,0.0,1.0,2,2,4,0,0,0,0,4,0,4,0,0,0,2,0,2,0,0,0,0,0,2,17,40
201000009755,10,5,12,1,1,2,1.0,3.0,0.0,10.0,0.0,0.0,2.0,21.0,1,1,4.0,2.0,2.0,2.0,0.0,67.0,1,5.0,1.0,2,2,2,2,0,0,0,4,0,0,2,2,0,2,0,0,2,1,0,1,0,4,10,0