Num_Acc,an,mois,jour,lum,agg,int,atm,col,senc,catv,occutc,obs,obsm,manv,catu,secu,catr,circ,nbv,prof,lartpc,larrout,surf,infra,situ,nb_veh,grav_simpl,Homme,Femme,Arrière,Autre_x,Avant,Conducteur,Autre_y,Inconnu,Loisirs,Professionnel,Travail,Adulte,Enfant,Jeune,Senior,choc_avant,choc_arriere,choc_lateral,choc_multiple,grav_order_max,heure,minute
201500056152,15,2,25,5,2,1,1.0,2.0,0.0,7.0,0.0,0.0,2.0,23.0,1,-1,4.0,1.0,2.0,2.0,10.0,70.0,1,3.0,1.0,2,2,2,2,0,0,0,4,0,0,2,2,0,2,0,2,0,1,1,0,0,2,5,10
200600009339,6,2,6,5,2,1,1.0,3.0,0.0,7.0,0.0,0.0,2.0,9.0,1,1,4.0,2.0,2.0,1.0,0.0,60.0,1,0.0,1.0,2,1,4,2,0,0,2,4,0,2,2,2,0,6,0,0,0,1,0,1,0,2,23,15
200800061798,8,10,7,5,2,3,2.0,3.0,0.0,7.0,0.0,0.0,2.0,1.0,1,1,4.0,2.0,2.0,1.0,0.0,90.0,1,0.0,1.0,2,1,4,0,0,0,0,4,2,2,0,0,0,2,0,2,0,1,0,0,0,2,19,0
201000006180,10,7,12,1,1,1,1.0,7.0,0.0,3.0,0.0,16.0,0.0,1.0,2,0,3.0,2.0,2.0,1.0,0.0,34.0,1,0.0,3.0,1,1,1,1,0,0,0,2,0,1,1,0,0,1,0,1,0,0,0,0,1,3,15,45
201000054820,10,12,21,1,2,3,5.0,3.0,0.0,7.0,0.0,0.0,2.0,1.0,1,1,3.0,2.0,2.0,1.0,0.0,60.0,1,0.0,1.0,2,1,4,2,0,0,2,4,0,6,0,0,0,2,0,2,2,1,0,1,0,2,9,35
201500038679,15,4,11,1,2,1,1.0,6.0,0.0,7.0,0.0,0.0,1.0,2.0,1,1,3.0,2.0,2.0,0.0,0.0,0.0,-1,0.0,1.0,1,1,2,0,0,1,0,1,0,2,0,0,0,0,0,1,1,1,0,0,0,2,20,0
201500001397,15,4,10,1,2,1,1.0,3.0,0.0,33.0,0.0,0.0,2.0,17.0,1,2,3.0,2.0,2.0,1.0,0.0,100.0,1,0.0,1.0,2,3,2,2,0,0,0,4,0,0,4,0,0,4,0,0,0,1,0,0,0,3,19,30
201000015415,10,4,27,1,2,1,1.0,3.0,0.0,14.0,0.0,0.0,2.0,1.0,1,1,4.0,2.0,2.0,1.0,0.0,0.0,1,0.0,1.0,2,1,4,0,0,0,0,4,2,0,0,2,0,4,0,0,0,1,0,0,0,2,7,0
200600025534,6,5,31,1,2,1,1.0,3.0,0.0,7.0,0.0,0.0,2.0,15.0,1,1,4.0,2.0,2.0,1.0,0.0,69.0,1,0.0,1.0,2,1,4,0,0,0,0,4,0,0,0,0,4,2,0,2,0,1,0,0,0,3,7,55
200800015371,8,3,14,1,2,1,8.0,3.0,0.0,7.0,0.0,0.0,0.0,10.0,1,-1,4.0,2.0,2.0,1.0,0.0,80.0,1,0.0,1.0,2,1,4,2,0,0,2,4,0,2,4,0,0,2,0,4,0,1,0,1,0,2,12,34
200600012827,6,3,11,1,2,1,1.0,6.0,0.0,7.0,0.0,0.0,1.0,1.0,1,1,4.0,1.0,1.0,1.0,0.0,0.0,1,0.0,1.0,1,1,1,1,0,1,0,1,1,0,1,0,0,0,1,1,0,1,0,0,0,2,16,40
200600028766,6,5,5,1,2,2,1.0,3.0,0.0,7.0,0.0,0.0,2.0,15.0,1,1,3.0,3.0,6.0,3.0,50.0,256.0,1,5.0,1.0,2,2,0,4,0,0,0,4,0,0,0,2,2,2,0,2,0,1,0,0,0,2,12,40
200500004745,5,1,10,5,2,1,1.0,6.0,0.0,4.0,0.0,0.0,1.0,1.0,1,2,4.0,2.0,2.0,1.0,0.0,60.0,1,0.0,1.0,1,1,2,0,0,1,0,1,0,0,1,1,0,1,0,1,0,1,0,0,0,2,19,30
200600055381,6,9,5,1,2,1,1.0,1.0,0.0,7.0,0.0,0.0,2.0,1.0,1,1,4.0,2.0,2.0,1.0,0.0,99.0,1,0.0,1.0,2,2,2,2,0,0,0,4,0,0,4,0,0,2,0,2,0,1,1,0,0,2,18,20
200800044048,8,8,30,1,2,1,1.0,6.0,0.0,7.0,0.0,0.0,1.0,4.0,1,-1,4.0,2.0,1.0,2.0,0.0,60.0,1,0.0,1.0,1,1,1,1,0,1,0,1,0,0,2,0,0,1,0,0,1,0,1,0,0,2,9,45
200500009155,5,2,27,5,2,1,4.0,6.0,0.0,7.0,0.0,0.0,1.0,1.0,1,1,4.0,2.0,2.0,1.0,0.0,60.0,0,0.0,1.0,1,1,1,1,0,1,0,1,1,0,1,0,0,0,0,2,0,1,0,0,0,3,1,25
200500049239,5,8,10,1,1,1,1.0,5.0,0.0,7.0,0.0,0.0,2.0,21.0,1,1,3.0,2.0,2.0,1.0,0.0,78.0,1,0.0,1.0,4,2,8,24,8,0,8,16,0,16,8,0,8,12,16,4,0,1,0,1,0,2,14,15
201300040658,13,10,21,1,2,1,1.0,4.0,0.0,7.0,0.0,0.0,2.0,2.0,1,1,3.0,3.0,1.0,1.0,0.0,0.0,1,0.0,1.0,3,1,3,9,0,0,3,9,0,0,12,0,0,9,0,3,0,1,1,0,0,2,15,20
200800031556,8,6,1,5,2,2,9.0,6.0,0.0,7.0,0.0,0.0,2.0,2.0,1,1,4.0,1.0,1.0,3.0,0.0,67.0,1,0.0,1.0,2,1,2,4,2,0,0,4,2,4,0,0,0,2,0,4,0,1,0,0,0,3,22,15
201500027006,15,2,6,2,2,1,1.0,6.0,0.0,7.0,0.0,0.0,1.0,0.0,1,-1,4.0,0.0,1.0,0.0,0.0,0.0,1,0.0,1.0,1,1,0,2,0,1,0,1,0,2,0,0,0,0,1,1,0,1,0,0,0,2,7,40
201400048818,14,7,10,1,1,1,2.0,7.0,0.0,33.0,0.0,0.0,0.0,1.0,1,2,1.0,3.0,6.0,1.0,15.0,210.0,1,0.0,1.0,1,2,1,0,0,0,0,1,0,0,0,0,1,0,0,1,0,0,0,1,0,2,7,30
200600044092,6,7,1,1,1,1,1.0,7.0,0.0,14.0,0.0,0.0,0.0,1.0,1,-1,3.0,2.0,2.0,0.0,0.0,60.0,1,0.0,1.0,1,3,2,0,0,0,1,1,0,1,0,1,0,2,0,0,0,0,0,0,0,3,20,0
201100035483,11,6,16,1,2,1,1.0,6.0,0.0,7.0,0.0,0.0,1.0,1.0,1,1,4.0,2.0,2.0,1.0,0.0,0.0,1,0.0,1.0,1,1,2,0,0,1,0,1,0,0,2,0,0,1,1,0,0,1,0,0,0,3,17,20
201400028742,14,11,15,1,2,1,1.0,3.0,0.0,7.0,0.0,0.0,2.0,0.0,1,1,6.0,0.0,0.0,1.0,0.0,0.0,1,0.0,1.0,2,1,4,2,0,0,2,4,6,0,0,0,0,0,0,4,2,1,0,1,0,2,11,40
201600012044,16,8,17,1,1,1,1.0,1.0,2.0,14.0,0.0,0.0,2.0,1.0,1,1,3.0,2.0,2.0,2.0,0.0,69.0,1,0.0,1.0,2,1,2,2,0,0,0,4,0,0,0,4,0,2,0,2,0,1,0,0,0,4,10,15
200800007066,8,2,8,1,1,1,1.0,1.0,0.0,7.0,0.0,0.0,2.0,13.0,1,1,3.0,2.0,2.0,1.0,0.0,63.0,1,0.0,1.0,2,4,4,0,0,0,0,4,0,0,0,2,2,2,0,2,0,1,0,0,0,4,16,15
201300010790,13,2,12,5,2,2,1.0,3.0,0.0,7.0,0.0,0.0,2.0,1.0,1,1,4.0,1.0,2.0,1.0,0.0,0.0,1,1.0,1.0,2,2,2,2,0,0,0,4,0,0,4,0,0,2,0,2,0,1,0,1,0,2,23,52
201400055944,14,2,28,1,2,1,2.0,7.0,0.0,32.0,0.0,0.0,0.0,1.0,1,2,4.0,1.0,4.0,1.0,0.0,0.0,1,0.0,1.0,1,2,1,0,0,0,0,1,0,0,0,0,1,1,0,0,0,0,0,1,0,2,9,20
200500010747,5,2,26,1,2,3,1.0,3.0,0.0,7.0,0.0,2.0,2.0,1.0,1,1,3.0,2.0,0.0,1.0,72.0,72.0,1,0.0,1.0,2,2,0,4,0,0,0,4,2,0,0,2,0,2,0,0,2,1,0,1,0,2,10,45
201000047094,10,9,21,2,2,1,1.0,6.0,0.0,7.0,0.0,0.0,1.0,1.0,1,1,4.0,2.0,1.0,1.0,0.0,0.0,1,0.0,1.0,1,1,0,2,0,1,0,1,1,0,0,0,1,1,1,0,0,1,0,0,0,2,8,15
200600059001,6,10,25,2,2,1,1.0,1.0,0.0,7.0,0.0,0.0,0.0,15.0,1,1,3.0,2.0,2.0,1.0,0.0,0.0,1,0.0,1.0,2,1,4,0,0,0,0,4,0,0,0,0,4,2,0,2,0,1,0,0,0,3,7,30
201500022491,15,1,29,1,2,1,1.0,6.0,0.0,7.0,0.0,0.0,1.0,0.0,1,-1,4.0,2.0,0.0,1.0,0.0,0.0,1,0.0,1.0,1,1,1,1,0,1,0,1,0,0,2,0,0,1,1,0,0,0,0,0,0,2,11,50
201300031970,13,8,12,1,2,6,1.0,6.0,0.0,7.0,0.0,0.0,2.0,9.0,1,1,4.0,2.0,8.0,1.0,0.0,0.0,1,5.0,1.0,2,1,4,2,0,0,2,4,6,0,0,0,0,2,0,4,0,0,0,0,0,2,20,30
201700014814,17,5,23,1,2,1,1.0,7.0,1.0,2.0,0.0,0.0,0.0,1.0,1,2,3.0,2.0,2.0,1.0,0.0,0.0,1,0.0,1.0,2,2,4,0,0,0,0,4,0,0,0,0,4,2,0,2,0,0,0,0,0,2,14,0
201500035785,15,9,11,1,2,1,1.0,1.0,0.0,7.0,0.0,0.0,2.0,5.0,1,1,4.0,2.0,2.0,1.0,22.0,60.0,1,0.0,1.0,2,2,2,2,0,0,0,4,0,0,2,2,0,2,0,0,2,1,0,0,0,2,14,15
200800035721,8,6,30,1,2,3,1.0,3.0,0.0,7.0,0.0,0.0,9.0,16.0,1,1,4.0,1.0,2.0,1.0,0.0,100.0,1,0.0,1.0,2,1,4,0,0,0,0,4,2,0,2,0,0,4,0,0,0,1,1,0,0,2,18,0
200600009014,6,2,10,5,2,1,8.0,6.0,0.0,7.0,0.0,8.0,0.0,1.0,1,-1,4.0,1.0,4.0,1.0,0.0,700.0,1,0.0,1.0,1,3,1,0,0,0,0,1,1,0,0,0,0,0,0,1,0,0,0,1,0,3,2,4
201400006565,14,1,10,3,1,1,1.0,1.0,0.0,7.0,0.0,0.0,2.0,1.0,1,1,3.0,2.0,2.0,2.0,0.0,65.0,1,0.0,1.0,2,3,4,0,0,0,0,4,0,0,4,0,0,2,0,2,0,1,0,0,0,3,19,15
201500026061,15,5,3,1,2,2,1.0,2.0,0.0,2.0,0.0,0.0,2.0,0.0,1,2,3.0,2.0,1.0,1.0,0.0,0.0,1,5.0,1.0,2,2,4,0,0,0,0,4,2,2,0,0,0,2,0,0,2,1,1,0,0,2,18,6
200600005189,6,1,16,1,1,1,4.0,1.0,0.0,7.0,0.0,0.0,2.0,1.0,1,1,3.0,2.0,2.0,2.0,0.0,60.0,0,0.0,1.0,2,1,4,0,0,0,0,4,0,0,0,4,0,4,0,0,0,1,0,0,0,3,14,30
200500060859,5,9,4,2,1,1,1.0,6.0,0.0,7.0,0.0,5.0,0.0,1.0,1,1,1.0,3.0,4.0,1.0,10.0,160.0,1,0.0,1.0,1,2,1,0,0,0,0,1,0,0,1,0,0,1,0,0,0,1,0,0,0,2,20,45
200500044325,5,7,16,1,2,1,1.0,3.0,0.0,5.0,0.0,0.0,2.0,17.0,1,2,2.0,2.0,2.0,1.0,0.0,78.0,1,0.0,1.0,2,3,4,0,0,0,0,4,0,0,2,2,0,0,0,4,0,1,0,0,0,3,14,30
201600032820,16,5,11,5,2,2,1.0,3.0,2.0,7.0,0.0,0.0,2.0,1.0,1,1,4.0,0.0,2.0,1.0,0.0,85.0,1,0.0,0.0,2,1,8,0,0,0,4,4,0,2,4,0,2,2,0,6,0,1,0,1,0,3,23,0
201700031744,17,4,5,1,2,1,1.0,6.0,1.0,7.0,0.0,0.0,2.0,1.0,1,1,3.0,2.0,2.0,1.0,0.0,100.0,1,0.0,1.0,4,1,8,8,0,0,0,16,0,12,0,0,4,12,0,4,0,1,1,1,0,3,17,40
201600023252,16,11,25,1,2,1,1.0,4.0,1.0,7.0,0.0,0.0,0.0,2.0,1,1,4.0,2.0,0.0,1.0,0.0,0.0,1,0.0,1.0,3,1,6,6,3,0,0,9,3,6,3,0,0,9,3,0,0,1,1,0,0,2,17,0
200900025515,9,6,28,3,1,1,1.0,6.0,0.0,7.0,0.0,3.0,0.0,1.0,2,1,1.0,3.0,2.0,1.0,20.0,104.0,1,0.0,1.0,1,2,3,0,1,0,1,1,0,2,1,0,0,1,1,1,0,1,0,0,0,3,1,45
201600016423,16,5,9,1,2,2,1.0,3.0,0.0,7.0,0.0,0.0,2.0,1.0,1,1,3.0,1.0,1.0,1.0,0.0,70.0,1,0.0,0.0,2,3,2,2,0,0,0,4,0,4,0,0,0,0,0,4,0,1,0,1,0,3,18,0
200900021184,9,6,13,1,2,1,1.0,4.0,0.0,7.0,0.0,0.0,2.0,1.0,1,1,3.0,0.0,0.0,1.0,0.0,68.0,1,0.0,1.0,3,1,9,3,0,0,3,9,0,6,6,0,0,6,0,6,0,1,1,0,0,2,15,0
200800011138,8,2,7,1,2,1,1.0,6.0,0.0,30.0,0.0,0.0,1.0,1.0,1,2,4.0,1.0,1.0,2.0,28.0,167.0,1,0.0,1.0,1,1,2,0,0,1,0,1,0,1,0,0,1,0,0,1,1,1,0,0,0,4,16,0
201000037182,10,5,7,1,2,1,1.0,2.0,0.0,7.0,0.0,0.0,2.0,1.0,1,1,3.0,1.0,1.0,1.0,0.0,0.0,1,3.0,1.0,2,2,0,2,0,0,0,2,0,2,0,0,0,2,0,0,0,1,1,0,0,2,9,0
201600029787,16,11,23,1,2,1,1.0,3.0,2.0,7.0,0.0,0.0,2.0,0.0,1,1,4.0,2.0,2.0,1.0,0.0,60.0,1,0.0,1.0,2,1,4,0,0,0,0,4,0,2,0,0,2,4,0,0,0,1,1,0,0,2,11,35
200900033057,9,9,25,5,2,1,1.0,1.0,0.0,7.0,0.0,0.0,2.0,1.0,2,1,3.0,2.0,2.0,2.0,0.0,70.0,1,0.0,1.0,2,1,6,4,6,0,0,4,2,4,4,0,0,2,4,2,2,1,0,0,0,2,23,8
201300038290,13,2,22,1,2,2,1.0,3.0,0.0,7.0,0.0,0.0,2.0,1.0,1,1,4.0,2.0,2.0,1.0,0.0,0.0,1,0.0,1.0,2,2,0,4,0,0,0,4,2,0,2,0,0,2,0,0,2,1,0,0,0,2,10,30
201200056365,12,12,21,1,2,7,8.0,2.0,0.0,7.0,0.0,0.0,2.0,2.0,1,1,4.0,2.0,4.0,1.0,0.0,120.0,1,5.0,1.0,2,1,4,0,0,0,0,4,0,0,2,0,2,4,0,0,0,1,1,0,0,2,15,25
200600026173,6,5,28,1,2,1,1.0,2.0,0.0,35.0,0.0,0.0,2.0,2.0,1,2,4.0,2.0,2.0,1.0,0.0,70.0,1,0.0,1.0,2,3,4,0,0,0,0,4,0,0,4,0,0,4,0,0,0,1,1,0,0,3,13,45
201000057715,10,5,7,1,2,1,1.0,6.0,0.0,30.0,0.0,0.0,1.0,3.0,1,2,4.0,2.0,2.0,1.0,0.0,92.0,-1,0.0,1.0,1,1,1,1,0,1,0,1,1,0,1,0,0,0,1,1,0,1,0,0,0,2,17,2
201300048848,13,12,21,5,2,1,1.0,6.0,0.0,30.0,0.0,8.0,0.0,1.0,1,2,4.0,0.0,0.0,1.0,0.0,64.0,1,0.0,5.0,1,2,1,0,0,0,0,1,0,0,0,1,0,0,0,1,0,1,0,0,0,2,21,45
200500057763,5,9,20,1,2,1,1.0,2.0,0.0,7.0,0.0,0.0,2.0,2.0,1,1,4.0,2.0,2.0,1.0,0.0,70.0,1,0.0,1.0,2,2,2,2,0,0,0,4,0,4,0,0,0,4,0,0,0,1,1,0,0,2,11,10
200700028911,7,5,22,1,2,1,1.0,3.0,0.0,7.0,0.0,0.0,2.0,9.0,1,-1,4.0,2.0,3.0,1.0,0.0,108.0,1,0.0,1.0,2,1,4,2,0,0,2,4,0,4,0,0,2,2,0,4,0,1,0,0,0,3,11,55
200500067757,5,10,3,1,2,2,1.0,2.0,0.0,10.0,0.0,0.0,2.0,1.0,1,0,4.0,2.0,2.0,1.0,0.0,60.0,1,0.0,1.0,2,1,4,0,0,0,0,4,0,0,2,2,0,4,0,0,0,1,1,0,0,3,13,5
201500013496,15,12,7,5,2,6,1.0,3.0,0.0,1.0,0.0,0.0,2.0,1.0,1,2,3.0,1.0,2.0,1.0,0.0,90.0,1,0.0,1.0,2,2,4,0,0,0,0,4,0,0,0,0,4,4,0,0,0,1,0,1,0,2,17,50
201300038965,13,3,19,5,2,3,3.0,3.0,0.0,1.0,0.0,0.0,2.0,1.0,1,-1,4.0,2.0,0.0,1.0,0.0,0.0,1,0.0,1.0,2,2,2,2,0,0,0,4,2,0,0,0,2,0,0,2,2,1,0,1,0,2,19,0
201300041127,13,11,14,1,2,1,8.0,6.0,0.0,31.0,0.0,0.0,9.0,0.0,1,0,4.0,1.0,1.0,1.0,0.0,33.0,1,0.0,1.0,1,4,1,0,0,0,0,1,0,1,0,0,0,0,0,1,0,0,0,1,0,4,15,25
200500036966,5,6,8,1,2,3,1.0,3.0,0.0,5.0,0.0,0.0,2.0,13.0,1,2,4.0,2.0,2.0,1.0,0.0,60.0,1,0.0,1.0,2,3,4,0,0,0,0,4,0,0,0,2,2,4,0,0,0,1,0,0,0,3,12,38
200700081191,7,12,14,5,2,1,1.0,6.0,0.0,33.0,0.0,0.0,1.0,1.0,1,2,4.0,2.0,4.0,1.0,0.0,155.0,1,6.0,1.0,1,3,1,1,0,1,0,1,0,0,0,0,2,1,0,1,0,1,0,0,0,3,21,3
201000063556,10,6,18,1,2,1,1.0,6.0,0.0,7.0,0.0,0.0,1.0,1.0,1,1,4.0,1.0,1.0,1.0,125.0,71.0,1,0.0,1.0,1,1,1,1,0,1,0,1,0,1,0,0,1,1,1,0,0,1,0,0,0,2,18,5
200700065834,7,10,12,5,2,1,1.0,7.0,0.0,33.0,0.0,13.0,0.0,0.0,1,2,3.0,2.0,2.0,1.0,0.0,65.0,1,0.0,0.0,1,3,1,0,0,0,0,1,0,0,0,0,1,1,0,0,0,1,0,0,0,3,0,45
201000053963,10,6,7,1,2,2,1.0,6.0,0.0,7.0,0.0,0.0,1.0,1.0,1,-1,4.0,2.0,2.0,0.0,0.0,0.0,1,0.0,1.0,1,1,1,1,0,1,0,1,1,0,1,0,0,1,1,0,0,1,0,0,0,2,8,30
201300028905,13,12,11,5,2,1,2.0,2.0,0.0,7.0,0.0,0.0,0.0,2.0,1,1,4.0,2.0,2.0,1.0,0.0,0.0,1,0.0,1.0,2,2,0,4,0,0,0,4,0,4,0,0,0,4,0,0,0,1,1,0,0,2,19,0
200600071774,6,11,13,1,2,1,8.0,1.0,0.0,2.0,0.0,1.0,0.0,1.0,1,2,3.0,2.0,2.0,1.0,0.0,70.0,1,0.0,1.0,2,3,2,2,0,0,0,4,0,0,2,0,2,0,2,2,0,1,1,0,0,3,16,0
200600079652,6,12,4,5,2,1,3.0,7.0,0.0,7.0,0.0,0.0,1.0,1.0,1,-1,4.0,1.0,0.0,1.0,0.0,100.0,1,5.0,1.0,1,1,0,2,0,1,0,1,0,0,1,0,1,1,0,0,1,1,0,0,0,3,18,5
200800074091,8,12,17,1,2,1,2.0,2.0,0.0,1.0,0.0,0.0,2.0,15.0,1,-1,4.0,2.0,3.0,1.0,0.0,100.0,1,0.0,1.0,2,2,2,2,0,0,0,4,0,0,2,2,0,2,0,0,2,1,1,0,0,2,14,35
201200024341,12,8,17,1,2,1,1.0,2.0,0.0,31.0,0.0,0.0,2.0,2.0,1,2,4.0,2.0,2.0,1.0,0.0,60.0,1,0.0,0.0,2,2,4,0,0,0,0,4,0,4,0,0,0,0,0,4,0,1,1,0,0,2,16,45
201700004004,17,2,24,1,1,1,1.0,6.0,2.0,33.0,0.0,6.0,0.0,0.0,1,2,3.0,2.0,2.0,2.0,0.0,60.0,1,0.0,1.0,1,4,1,0,0,0,0,1,0,0,1,0,0,0,0,1,0,0,0,1,0,4,14,15
201200021994,12,9,6,1,2,1,1.0,6.0,0.0,7.0,0.0,0.0,1.0,1.0,1,1,4.0,2.0,2.0,1.0,0.0,70.0,1,0.0,1.0,1,1,1,1,0,1,0,1,1,1,0,0,0,1,1,0,0,1,0,0,0,2,17,20
201600038260,16,6,29,2,2,2,1.0,3.0,0.0,7.0,0.0,0.0,2.0,1.0,1,1,1.0,1.0,2.0,2.0,0.0,70.0,1,0.0,1.0,2,2,4,0,0,0,0,4,0,0,4,0,0,4,0,0,0,1,0,1,0,2,21,50
201000066643,10,2,15,1,1,1,1.0,3.0,0.0,7.0,0.0,0.0,2.0,12.0,1,1,4.0,1.0,4.0,1.0,15.0,140.0,1,0.0,1.0,2,1,4,0,0,0,0,4,0,0,4,0,0,0,0,4,0,1,0,0,0,2,17,15
200700078550,7,12,11,1,2,1,3.0,6.0,0.0,7.0,0.0,0.0,1.0,1.0,1,1,3.0,2.0,2.0,1.0,0.0,60.0,1,6.0,1.0,1,1,2,3,0,4,0,1,0,0,5,0,0,1,3,1,0,1,0,0,0,2,11,50
200500045902,5,7,3,5,2,1,1.0,3.0,0.0,7.0,0.0,0.0,2.0,10.0,1,1,4.0,2.0,2.0,1.0,0.0,60.0,1,0.0,1.0,2,1,4,0,0,0,0,4,0,0,4,0,0,2,0,2,0,1,0,0,0,2,0,5
200600065103,6,10,23,2,2,2,8.0,3.0,1.0,7.0,0.0,0.0,2.0,16.0,1,-1,3.0,1.0,0.0,1.0,0.0,70.0,1,0.0,1.0,2,2,0,2,0,0,0,2,0,0,2,0,0,2,0,0,0,0,0,1,0,2,18,5
200800052635,8,9,22,1,2,1,1.0,6.0,1.0,30.0,0.0,0.0,1.0,1.0,3,-1,4.0,1.0,1.0,1.0,0.0,35.0,1,0.0,1.0,1,3,0,1,0,1,0,0,0,0,1,0,0,1,0,0,0,1,0,0,0,3,16,44
201500051821,15,10,21,1,2,1,1.0,3.0,0.0,7.0,0.0,0.0,2.0,15.0,1,1,4.0,0.0,0.0,1.0,0.0,100.0,1,0.0,0.0,2,1,4,0,0,0,0,4,0,0,0,4,0,0,0,4,0,1,1,0,0,2,9,30
201700054678,17,3,22,1,2,1,1.0,3.0,2.0,7.0,0.0,0.0,2.0,10.0,1,1,4.0,2.0,2.0,1.0,0.0,70.0,1,0.0,1.0,2,1,4,0,0,0,0,4,0,0,4,0,0,4,0,0,0,1,0,0,0,2,15,5
201700053309,17,1,18,5,2,2,1.0,3.0,1.0,7.0,0.0,0.0,2.0,1.0,1,1,4.0,0.0,2.0,1.0,0.0,0.0,1,0.0,1.0,2,1,4,0,0,0,0,4,0,0,2,0,2,2,0,2,0,1,0,1,0,2,23,50
201400019456,14,5,6,1,1,1,1.0,3.0,0.0,33.0,0.0,0.0,2.0,13.0,1,2,3.0,2.0,0.0,2.0,0.0,60.0,1,0.0,1.0,2,3,4,0,0,0,0,4,0,0,4,0,0,2,0,0,2,1,0,0,0,3,13,45
200500059724,5,9,3,1,2,1,1.0,3.0,0.0,7.0,0.0,0.0,2.0,22.0,1,-1,4.0,2.0,2.0,1.0,0.0,60.0,1,0.0,1.0,2,1,4,0,0,0,0,4,0,0,4,0,0,2,0,2,0,1,0,1,0,2,16,50
201000000890,10,6,27,1,2,3,1.0,1.0,0.0,33.0,0.0,0.0,0.0,21.0,1,2,3.0,2.0,2.0,0.0,0.0,0.0,-1,0.0,0.0,2,3,2,2,0,0,0,4,0,2,2,0,0,2,0,2,0,1,0,0,0,3,12,45
200600025184,6,5,31,1,2,2,1.0,1.0,0.0,7.0,0.0,0.0,2.0,15.0,1,1,3.0,2.0,0.0,1.0,0.0,72.0,1,5.0,1.0,2,2,2,2,0,0,0,4,2,0,2,0,0,2,0,2,0,1,0,0,0,2,11,0
201300013294,13,7,12,1,1,1,1.0,6.0,0.0,7.0,0.0,0.0,1.0,1.0,1,1,2.0,2.0,2.0,1.0,0.0,73.0,1,2.0,1.0,1,1,2,2,0,2,1,1,0,0,4,0,0,1,1,2,0,1,0,0,0,3,18,5
201300041432,13,4,19,1,2,3,2.0,3.0,0.0,33.0,0.0,1.0,2.0,1.0,1,-1,3.0,2.0,2.0,1.0,60.0,40.0,1,5.0,1.0,2,3,2,2,0,0,0,4,0,4,0,0,0,2,0,2,0,1,0,1,0,3,16,45
200500015622,5,3,22,1,2,1,2.0,1.0,0.0,7.0,0.0,4.0,0.0,13.0,1,1,3.0,2.0,2.0,4.0,0.0,30.0,1,0.0,1.0,2,3,0,4,0,0,0,4,0,0,0,2,2,4,0,0,0,1,0,0,0,3,16,50
201600029369,16,11,27,5,2,1,1.0,6.0,2.0,7.0,0.0,1.0,0.0,14.0,1,1,3.0,2.0,2.0,1.0,0.0,0.0,1,0.0,1.0,1,2,1,0,0,0,0,1,0,0,1,0,0,1,0,0,0,1,0,0,0,2,23,35
201700057298,17,5,20,1,2,2,1.0,3.0,1.0,31.0,0.0,0.0,2.0,17.0,1,2,4.0,1.0,2.0,1.0,0.0,0.0,1,0.0,1.0,2,2,6,0,0,0,2,4,0,4,0,0,2,6,0,0,0,1,0,0,0,2,16,5
200600048960,6,8,17,1,2,2,1.0,2.0,0.0,7.0,0.0,0.0,2.0,2.0,1,-1,4.0,2.0,2.0,1.0,0.0,0.0,1,0.0,1.0,2,1,4,4,2,0,2,4,0,4,2,2,0,2,0,6,0,1,1,0,0,2,18,0
201600027208,16,2,15,5,2,2,1.0,3.0,1.0,7.0,0.0,0.0,2.0,1.0,1,1,3.0,2.0,2.0,1.0,0.0,60.0,1,0.0,1.0,2,1,4,0,0,0,0,4,2,0,2,0,0,4,0,0,0,1,0,0,0,3,21,55
200700075417,7,12,13,2,1,1,8.0,7.0,0.0,14.0,0.0,13.0,0.0,1.0,1,1,3.0,2.0,2.0,1.0,0.0,77.0,1,0.0,0.0,1,2,1,0,0,0,0,1,0,0,0,1,0,1,0,0,0,0,0,1,0,2,8,0
201700057535,17,3,6,1,2,3,1.0,2.0,2.0,30.0,0.0,0.0,2.0,17.0,1,2,4.0,1.0,2.0,1.0,0.0,0.0,1,0.0,1.0,2,2,4,0,0,0,0,4,0,0,0,0,4,2,0,2,0,0,0,1,0,2,17,30
201200055851,12,11,7,5,2,2,1.0,3.0,0.0,7.0,0.0,0.0,2.0,15.0,1,1,4.0,1.0,2.0,1.0,0.0,60.0,1,0.0,1.0,2,1,4,2,0,0,2,4,0,2,2,0,2,6,0,0,0,1,0,0,0,2,21,25
201100015746,11,3,31,1,2,1,1.0,3.0,0.0,7.0,0.0,0.0,2.0,15.0,1,1,4.0,2.0,2.0,1.0,0.0,0.0,1,0.0,1.0,2,1,2,2,0,0,0,4,2,0,0,0,2,2,2,0,0,1,0,1,0,2,16,0
201100050817,11,4,30,5,2,2,1.0,2.0,1.0,10.0,0.0,0.0,0.0,2.0,1,1,3.0,2.0,0.0,1.0,40.0,120.0,1,5.0,1.0,2,2,0,6,2,0,2,2,0,0,6,0,0,0,0,6,0,1,1,0,0,2,23,5
200900058074,9,11,27,1,2,1,8.0,6.0,0.0,7.0,0.0,0.0,1.0,0.0,1,-1,4.0,1.0,1.0,1.0,0.0,0.0,1,0.0,1.0,1,1,2,0,0,1,0,1,0,1,1,0,0,0,0,1,1,0,1,0,0,3,10,30
201700003030,17,2,12,3,1,1,2.0,7.0,0.0,7.0,0.0,13.0,0.0,1.0,1,-1,3.0,2.0,2.0,2.0,0.0,70.0,1,0.0,1.0,1,3,1,1,0,0,1,1,0,1,1,0,0,2,0,0,0,0,0,0,1,3,1,45