Num_Acc,an,mois,jour,lum,agg,int,atm,col,senc,catv,occutc,obs,obsm,manv,catu,secu,catr,circ,nbv,prof,lartpc,larrout,surf,infra,situ,nb_veh,grav_simpl,Homme,Femme,Arrière,Autre_x,Avant,Conducteur,Autre_y,Inconnu,Loisirs,Professionnel,Travail,Adulte,Enfant,Jeune,Senior,choc_avant,choc_arriere,choc_lateral,choc_multiple,grav_order_max,heure,minute
201400013367,14,1,10,1,2,2,1.0,3.0,0.0,7.0,0.0,0.0,2.0,15.0,1,1,3.0,2.0,2.0,1.0,0.0,135.0,1,5.0,1.0,2,1,2,2,0,0,0,4,0,0,0,0,4,4,0,0,0,1,0,0,0,2,12,20
200600061902,6,10,3,1,2,1,1.0,6.0,1.0,10.0,0.0,0.0,1.0,1.0,3,-1,4.0,1.0,1.0,1.0,0.0,0.0,1,0.0,4.0,1,3,0,1,0,1,0,0,1,0,0,0,0,1,0,0,0,0,0,1,0,3,9,17
201000007765,10,6,29,1,1,1,1.0,6.0,0.0,7.0,0.0,8.0,0.0,1.0,1,1,3.0,2.0,2.0,1.0,0.0,79.0,-1,0.0,3.0,1,4,0,2,0,0,1,1,0,1,0,0,1,1,1,0,0,0,0,1,0,4,18,15
201700024103,17,1,1,1,2,3,1.0,1.0,0.0,32.0,0.0,0.0,2.0,13.0,1,-1,4.0,2.0,2.0,1.0,0.0,55.0,-1,0.0,1.0,2,3,2,2,0,0,0,4,0,4,0,0,0,2,0,0,2,1,0,0,0,3,10,30
200600017158,6,4,2,3,1,1,1.0,5.0,0.0,7.0,0.0,0.0,2.0,13.0,1,1,2.0,2.0,2.0,0.0,0.0,70.0,1,0.0,1.0,3,3,6,3,0,0,0,9,3,0,3,0,3,3,0,6,0,1,0,0,0,3,20,45
200800053700,8,9,12,1,1,1,1.0,4.0,0.0,7.0,0.0,0.0,0.0,1.0,1,1,1.0,3.0,3.0,1.0,0.0,105.0,1,1.0,1.0,4,1,8,8,0,0,0,16,0,0,4,8,4,12,0,4,0,1,1,0,0,2,14,54
200700070497,7,11,27,1,2,1,1.0,2.0,0.0,7.0,0.0,0.0,2.0,1.0,1,1,4.0,2.0,2.0,1.0,0.0,0.0,1,0.0,1.0,2,1,4,2,0,0,2,4,0,2,4,0,0,0,0,6,0,1,1,0,0,2,16,40
200500065928,5,10,11,1,1,1,6.0,7.0,0.0,5.0,0.0,0.0,0.0,16.0,1,2,1.0,1.0,2.0,1.0,0.0,84.0,1,0.0,1.0,1,2,1,0,0,0,0,1,1,0,0,0,0,1,0,0,0,0,0,0,1,2,13,40
201300036936,13,3,19,1,2,6,2.0,3.0,0.0,7.0,0.0,0.0,2.0,1.0,1,1,2.0,1.0,1.0,2.0,0.0,40.0,1,0.0,1.0,2,1,2,2,0,0,0,4,4,0,0,0,0,2,0,0,2,1,0,1,0,2,13,10
201000059581,10,5,8,1,2,1,1.0,2.0,0.0,30.0,0.0,1.0,2.0,1.0,1,-1,4.0,3.0,4.0,2.0,0.0,50.0,1,0.0,1.0,2,3,4,2,0,0,2,4,0,0,6,0,0,2,4,0,0,1,1,0,0,3,14,45
201700010088,17,7,25,1,2,1,6.0,7.0,1.0,33.0,0.0,0.0,0.0,1.0,1,-1,4.0,1.0,1.0,2.0,0.0,40.0,-1,0.0,1.0,1,2,1,0,0,0,0,1,0,1,0,0,0,1,0,0,0,1,0,0,0,2,17,50
201300006517,13,9,8,5,2,1,1.0,6.0,0.0,10.0,0.0,13.0,0.0,1.0,1,1,3.0,2.0,2.0,0.0,0.0,56.0,1,0.0,1.0,1,3,1,0,0,0,0,1,0,0,0,0,1,1,0,0,0,1,0,0,0,3,20,45
201700056791,17,11,14,1,2,3,1.0,6.0,1.0,10.0,0.0,0.0,1.0,4.0,1,-1,4.0,1.0,1.0,1.0,0.0,0.0,1,0.0,1.0,1,1,2,0,0,1,0,1,1,0,1,0,0,1,0,1,0,0,1,0,0,2,8,20
201300018309,13,6,23,1,1,1,2.0,1.0,0.0,33.0,0.0,0.0,2.0,13.0,1,2,3.0,2.0,0.0,2.0,0.0,48.0,1,0.0,1.0,2,2,4,0,0,0,0,4,0,4,0,0,0,2,0,0,2,1,0,0,0,2,21,15
200700002811,7,1,5,1,2,1,1.0,3.0,0.0,32.0,0.0,0.0,2.0,1.0,1,2,4.0,2.0,2.0,1.0,0.0,86.0,1,0.0,1.0,2,2,4,0,0,0,0,4,0,0,4,0,0,2,0,0,2,1,0,1,0,2,16,32
201300037262,13,7,23,1,2,2,1.0,3.0,0.0,7.0,0.0,0.0,2.0,1.0,1,1,4.0,2.0,2.0,1.0,0.0,60.0,1,0.0,1.0,2,2,0,6,0,0,2,4,0,0,4,0,2,2,2,2,0,0,1,0,0,2,10,58
201400010761,14,3,7,1,2,3,1.0,3.0,0.0,7.0,0.0,0.0,2.0,15.0,1,-1,3.0,2.0,2.0,2.0,12.0,110.0,1,5.0,1.0,2,1,4,0,0,0,0,4,0,0,2,2,0,2,0,2,0,1,1,0,0,4,9,50
200800041073,8,7,16,1,2,1,1.0,7.0,0.0,33.0,0.0,0.0,0.0,11.0,1,2,3.0,2.0,2.0,1.0,0.0,60.0,1,0.0,1.0,2,2,4,0,0,0,0,4,0,2,0,2,0,2,0,2,0,0,0,0,0,2,14,10
200900002843,9,4,11,1,2,5,1.0,3.0,0.0,7.0,0.0,0.0,2.0,1.0,1,1,4.0,2.0,2.0,1.0,0.0,80.0,1,0.0,1.0,2,2,0,4,0,0,0,4,0,0,2,2,0,2,0,0,2,1,0,0,0,2,14,10
201500031445,15,6,16,1,2,1,2.0,2.0,0.0,7.0,0.0,0.0,2.0,2.0,1,1,4.0,2.0,2.0,1.0,0.0,112.0,1,0.0,1.0,2,2,4,0,0,0,0,4,0,4,0,0,0,4,0,0,0,1,1,0,0,2,8,19
201100017319,11,8,3,1,1,1,1.0,7.0,0.0,33.0,0.0,0.0,0.0,1.0,1,2,1.0,3.0,3.0,0.0,20.0,109.0,1,0.0,1.0,1,3,1,1,0,0,1,1,0,1,1,0,0,2,0,0,0,0,0,1,0,3,11,30
200700015133,7,3,7,3,1,1,1.0,7.0,0.0,10.0,0.0,3.0,0.0,1.0,1,1,2.0,3.0,4.0,1.0,10.0,70.0,1,0.0,2.0,1,3,1,0,0,0,0,1,0,0,0,1,0,0,0,1,0,1,0,0,0,3,5,40
201400011665,14,12,7,3,1,1,1.0,1.0,0.0,7.0,0.0,0.0,2.0,1.0,1,1,3.0,2.0,0.0,0.0,0.0,58.0,1,0.0,1.0,2,3,6,2,0,0,4,4,0,4,4,0,0,6,2,0,0,1,0,0,0,3,18,45
201100049389,11,6,23,1,2,1,1.0,2.0,0.0,2.0,0.0,0.0,2.0,2.0,1,2,2.0,2.0,4.0,1.0,0.0,200.0,1,0.0,1.0,2,2,2,2,0,0,0,4,0,0,4,0,0,2,0,0,2,1,1,0,0,2,15,0
200600004002,6,1,21,5,1,1,1.0,2.0,0.0,7.0,0.0,0.0,2.0,1.0,1,1,1.0,3.0,5.0,1.0,20.0,205.0,1,0.0,1.0,2,2,4,0,0,0,0,4,0,0,2,2,0,2,0,2,0,1,1,0,0,2,22,10
201000059247,10,4,28,1,1,1,1.0,2.0,0.0,33.0,0.0,0.0,2.0,2.0,1,2,1.0,3.0,2.0,1.0,10.0,70.0,1,2.0,1.0,2,2,6,0,0,0,2,4,0,0,0,2,4,0,0,6,0,1,1,0,0,2,8,10
201400044200,14,7,3,1,2,1,1.0,3.0,0.0,31.0,0.0,0.0,2.0,1.0,1,2,3.0,1.0,1.0,1.0,0.0,0.0,1,0.0,1.0,2,3,4,0,0,0,0,4,0,0,0,2,2,2,0,2,0,1,1,0,0,3,20,55
201000001129,10,5,24,1,2,1,1.0,6.0,0.0,1.0,0.0,1.0,0.0,0.0,1,2,3.0,2.0,2.0,2.0,0.0,0.0,1,0.0,1.0,1,3,1,0,0,0,0,1,0,0,1,0,0,1,0,0,0,1,0,0,0,3,16,30
201300028133,13,2,28,1,2,2,1.0,3.0,0.0,7.0,0.0,0.0,2.0,15.0,1,1,4.0,2.0,2.0,1.0,0.0,0.0,1,5.0,1.0,2,1,0,4,0,0,0,4,0,0,4,0,0,0,2,2,0,1,0,1,0,2,13,40
201100012323,11,7,23,1,2,1,1.0,6.0,0.0,7.0,0.0,0.0,1.0,20.0,1,-1,9.0,1.0,0.0,1.0,0.0,0.0,1,6.0,1.0,1,1,1,1,0,1,0,1,0,0,2,0,0,0,0,1,1,0,1,0,0,2,18,0
201400052959,14,7,10,5,2,4,2.0,3.0,0.0,31.0,0.0,0.0,2.0,1.0,1,2,4.0,2.0,2.0,1.0,0.0,80.0,1,0.0,1.0,2,2,4,0,0,0,0,4,0,4,0,0,0,4,0,0,0,1,0,0,0,2,22,35
200500033954,5,6,2,1,2,1,1.0,6.0,0.0,7.0,0.0,0.0,1.0,0.0,1,1,4.0,3.0,0.0,1.0,0.0,39.0,1,0.0,0.0,1,1,1,1,0,1,0,1,1,0,1,0,0,0,1,0,1,1,0,0,0,3,19,45
201600022725,16,1,30,5,2,2,1.0,1.0,0.0,7.0,0.0,0.0,2.0,0.0,2,-1,4.0,2.0,2.0,1.0,0.0,0.0,1,0.0,1.0,2,2,4,0,0,0,2,2,0,4,0,0,0,2,0,2,0,1,0,0,0,2,20,25
201300029345,13,9,7,1,2,1,1.0,6.0,0.0,30.0,0.0,0.0,2.0,1.0,1,2,4.0,2.0,2.0,2.0,0.0,0.0,1,0.0,1.0,2,2,4,0,0,0,0,4,2,2,0,0,0,2,2,0,0,1,0,1,0,2,17,35
200500014195,5,3,24,1,2,1,1.0,3.0,0.0,2.0,0.0,0.0,2.0,0.0,1,2,2.0,3.0,6.0,1.0,0.0,86.0,-1,0.0,1.0,2,2,2,2,0,0,0,4,0,0,2,0,2,0,0,4,0,0,1,1,0,2,17,20
200500013836,5,3,27,1,1,1,8.0,6.0,0.0,7.0,0.0,13.0,0.0,1.0,1,1,2.0,2.0,2.0,3.0,0.0,81.0,-1,0.0,1.0,1,2,0,2,0,0,1,1,0,1,1,0,0,2,0,0,0,1,0,0,0,2,17,45
201100054871,11,3,11,1,1,1,2.0,2.0,0.0,7.0,0.0,0.0,2.0,1.0,1,1,1.0,3.0,6.0,2.0,15.0,210.0,1,0.0,1.0,2,3,4,0,0,0,0,4,0,0,0,0,4,4,0,0,0,1,1,0,0,3,6,40
201100040016,11,10,17,1,2,1,1.0,6.0,0.0,7.0,0.0,0.0,1.0,1.0,1,1,4.0,2.0,2.0,1.0,0.0,0.0,1,0.0,1.0,1,1,0,3,0,2,0,1,0,0,3,0,0,2,0,0,1,1,0,0,0,2,9,0
200900053747,9,8,31,1,2,1,1.0,3.0,0.0,7.0,0.0,0.0,2.0,10.0,1,1,4.0,2.0,2.0,2.0,0.0,120.0,1,0.0,1.0,2,1,4,0,0,0,0,4,0,2,0,2,0,4,0,0,0,1,1,0,0,3,20,30
201700039607,17,5,19,1,2,6,1.0,5.0,0.0,7.0,0.0,0.0,2.0,1.0,1,-1,3.0,2.0,2.0,1.0,0.0,100.0,1,0.0,1.0,3,1,3,6,0,0,0,9,0,0,9,0,0,0,0,3,6,1,1,0,0,2,15,0
201400037550,14,3,19,1,2,1,1.0,6.0,0.0,30.0,0.0,0.0,0.0,0.0,1,2,4.0,2.0,2.0,0.0,0.0,60.0,1,0.0,1.0,1,2,1,0,0,0,0,1,1,0,0,0,0,0,0,1,0,0,0,1,0,2,11,39
200800057819,8,10,20,1,2,1,1.0,3.0,0.0,7.0,0.0,0.0,2.0,1.0,1,1,4.0,1.0,3.0,1.0,0.0,85.0,1,0.0,1.0,2,1,0,4,0,0,0,4,0,2,0,0,2,0,0,2,2,1,0,0,0,2,18,0
201700028323,17,3,10,1,2,1,1.0,6.0,0.0,10.0,0.0,0.0,1.0,0.0,1,-1,9.0,1.0,0.0,2.0,0.0,0.0,1,0.0,0.0,1,1,2,0,0,1,0,1,0,1,0,1,0,1,0,0,1,0,1,0,0,3,8,55
200600043506,6,7,15,1,1,1,1.0,1.0,0.0,10.0,0.0,0.0,0.0,1.0,1,1,3.0,2.0,2.0,1.0,0.0,76.0,1,0.0,1.0,2,2,2,2,0,0,0,4,0,0,0,4,0,4,0,0,0,1,0,0,0,3,7,15
201500032851,15,7,16,1,2,6,1.0,3.0,0.0,7.0,0.0,0.0,2.0,0.0,1,1,4.0,1.0,1.0,1.0,0.0,0.0,1,5.0,1.0,2,1,4,0,0,0,0,4,0,2,2,0,0,2,0,2,0,1,1,0,0,3,12,0
200500030632,5,5,28,1,2,1,1.0,6.0,0.0,18.0,0.0,0.0,1.0,2.0,1,9,4.0,2.0,2.0,1.0,0.0,68.0,1,0.0,1.0,1,1,1,1,0,1,0,1,0,0,1,1,0,1,1,0,0,1,0,0,0,3,14,25
200800035221,8,6,18,1,2,2,1.0,1.0,0.0,7.0,0.0,0.0,0.0,15.0,1,-1,4.0,2.0,3.0,1.0,0.0,130.0,1,0.0,1.0,2,1,4,0,0,0,0,4,0,0,0,2,2,2,0,2,0,1,0,0,0,2,11,57
200900036934,9,9,7,1,2,6,1.0,2.0,1.0,7.0,0.0,0.0,2.0,2.0,1,2,4.0,1.0,2.0,1.0,0.0,0.0,1,5.0,1.0,2,2,2,0,0,0,0,2,0,0,2,0,0,0,0,2,0,0,1,0,0,2,10,15
201400001904,14,11,23,3,1,1,8.0,7.0,0.0,33.0,0.0,13.0,0.0,1.0,1,2,3.0,2.0,1.0,1.0,0.0,0.0,-1,0.0,1.0,1,3,1,0,0,0,0,1,0,0,1,0,0,1,0,0,0,1,0,0,0,3,19,0
201700042681,17,2,17,5,2,1,1.0,6.0,1.0,7.0,0.0,0.0,1.0,1.0,1,1,4.0,2.0,1.0,1.0,0.0,0.0,1,0.0,1.0,1,1,2,0,0,1,0,1,0,1,1,0,0,0,1,0,1,1,0,0,0,2,18,7
200800045584,8,8,16,1,2,1,1.0,3.0,0.0,31.0,0.0,0.0,2.0,17.0,1,2,2.0,2.0,2.0,1.0,0.0,100.0,1,0.0,1.0,2,2,0,4,0,0,0,4,0,4,0,0,0,2,0,2,0,1,0,1,0,2,11,30
200500069107,5,10,3,1,2,2,1.0,7.0,0.0,2.0,0.0,15.0,0.0,1.0,1,-1,3.0,3.0,5.0,1.0,0.0,150.0,1,0.0,1.0,1,2,1,0,0,0,0,1,0,0,0,1,0,0,0,1,0,1,0,0,0,2,13,30
201500049238,15,12,7,1,1,1,1.0,6.0,0.0,7.0,0.0,7.0,0.0,1.0,1,1,1.0,3.0,4.0,1.0,70.0,140.0,1,0.0,1.0,1,2,0,1,0,0,0,1,0,0,1,0,0,0,0,0,1,1,0,0,0,2,13,55
201500024673,15,5,13,5,2,1,1.0,3.0,0.0,7.0,0.0,0.0,2.0,20.0,1,1,4.0,2.0,2.0,1.0,0.0,65.0,1,0.0,1.0,2,1,2,4,0,0,2,4,4,2,0,0,0,2,0,2,2,1,0,0,0,3,23,35
200700059860,7,9,20,1,2,1,1.0,7.0,0.0,33.0,0.0,0.0,0.0,0.0,1,2,4.0,1.0,4.0,1.0,15.0,140.0,1,1.0,1.0,1,2,1,0,0,0,0,1,0,0,0,0,1,1,0,0,0,0,0,0,0,2,9,10
200600029401,6,5,9,1,2,1,2.0,2.0,0.0,7.0,0.0,0.0,2.0,2.0,1,-1,9.0,0.0,2.0,0.0,0.0,0.0,-1,0.0,1.0,2,1,4,2,2,0,0,4,0,4,0,2,0,2,2,2,0,1,1,0,0,2,14,5
200600019148,6,4,20,1,1,1,1.0,2.0,0.0,32.0,0.0,0.0,2.0,2.0,1,2,3.0,2.0,1.0,4.0,0.0,0.0,1,0.0,0.0,2,2,4,0,0,0,0,4,2,0,0,0,2,2,0,0,2,1,1,0,0,2,13,45
200500021243,5,4,29,1,2,1,1.0,2.0,0.0,7.0,0.0,0.0,2.0,12.0,1,1,4.0,3.0,4.0,1.0,15.0,120.0,1,0.0,1.0,2,1,2,2,0,0,0,4,0,0,0,0,4,2,0,2,0,1,1,0,0,2,18,50
200900038123,9,8,19,1,2,1,1.0,3.0,0.0,1.0,0.0,0.0,2.0,1.0,1,2,3.0,2.0,2.0,2.0,0.0,63.0,1,0.0,1.0,2,3,4,0,0,0,0,4,2,0,2,0,0,2,0,0,2,1,0,1,0,3,10,30
201300004069,13,11,4,3,1,1,3.0,2.0,0.0,7.0,0.0,0.0,2.0,2.0,1,1,3.0,2.0,2.0,0.0,0.0,114.0,1,0.0,1.0,2,2,4,0,0,0,0,4,0,0,4,0,0,2,0,2,0,1,1,0,0,2,20,0
201200007645,12,12,7,1,1,1,8.0,5.0,0.0,7.0,0.0,0.0,2.0,1.0,1,1,3.0,2.0,2.0,1.0,0.0,90.0,0,0.0,1.0,3,3,3,6,0,0,0,9,0,0,0,3,6,6,0,3,0,1,0,0,0,3,8,30
201100006587,11,8,21,1,1,1,1.0,5.0,0.0,7.0,0.0,0.0,2.0,0.0,1,1,3.0,0.0,2.0,2.0,0.0,65.0,1,0.0,1.0,3,1,15,6,3,0,9,9,0,12,9,0,0,3,9,9,0,1,1,0,0,3,10,0
201400057347,14,3,1,1,2,1,1.0,6.0,0.0,7.0,0.0,12.0,2.0,14.0,1,1,4.0,1.0,4.0,1.0,15.0,140.0,1,1.0,1.0,2,3,2,2,0,0,0,4,0,0,4,0,0,0,0,0,4,0,1,1,0,3,11,30
201500018586,15,11,21,5,2,1,8.0,6.0,0.0,7.0,0.0,8.0,0.0,1.0,1,1,3.0,2.0,2.0,1.0,20.0,69.0,1,0.0,3.0,1,3,1,0,0,0,0,1,1,0,0,0,0,1,0,0,0,1,0,0,0,3,22,15
200700034512,7,6,11,1,1,1,1.0,3.0,0.0,2.0,0.0,0.0,2.0,17.0,1,2,4.0,2.0,0.0,1.0,0.0,70.0,1,0.0,1.0,2,3,6,0,0,0,2,4,0,2,2,0,2,4,2,0,0,1,0,1,0,3,14,35
201500041341,15,6,19,5,2,1,1.0,3.0,1.0,99.0,0.0,0.0,2.0,11.0,1,-1,2.0,1.0,2.0,1.0,0.0,0.0,1,0.0,1.0,2,2,4,2,0,0,2,4,0,4,0,0,2,0,0,6,0,0,0,1,0,2,0,30
201700024774,17,6,13,1,2,1,1.0,6.0,1.0,7.0,0.0,0.0,1.0,1.0,3,-1,4.0,1.0,1.0,1.0,0.0,0.0,1,0.0,1.0,1,2,1,0,0,1,0,0,1,0,0,0,0,0,0,1,0,1,0,0,0,2,12,20
201500046819,15,12,10,1,1,1,1.0,3.0,0.0,32.0,0.0,0.0,2.0,3.0,1,2,1.0,1.0,0.0,1.0,200.0,75.0,1,0.0,1.0,2,2,4,0,0,0,0,4,0,2,0,0,2,0,0,2,2,1,0,1,0,2,8,47
201200043988,12,8,16,1,2,1,1.0,2.0,0.0,3.0,0.0,0.0,0.0,0.0,1,1,4.0,2.0,2.0,1.0,0.0,0.0,1,0.0,1.0,2,2,2,2,0,0,0,4,0,0,0,0,4,2,0,2,0,1,1,0,0,2,16,20
201100028147,11,12,2,2,2,3,3.0,6.0,0.0,10.0,0.0,0.0,1.0,1.0,1,-1,4.0,2.0,2.0,1.0,0.0,0.0,1,0.0,1.0,1,1,2,0,0,1,0,1,1,1,0,0,0,0,1,1,0,1,0,0,0,2,7,55
200800038203,8,7,30,1,2,1,1.0,3.0,0.0,7.0,0.0,0.0,2.0,0.0,1,1,4.0,2.0,4.0,1.0,0.0,130.0,1,0.0,1.0,2,1,2,2,0,0,0,4,0,4,0,0,0,2,2,0,0,1,0,0,0,2,18,37
200900020038,9,2,16,5,2,1,1.0,2.0,0.0,7.0,0.0,0.0,0.0,1.0,1,1,3.0,3.0,0.0,1.0,18.0,0.0,1,0.0,1.0,2,1,4,0,0,0,0,4,2,2,0,0,0,0,0,4,0,1,1,0,0,3,22,30
200700061509,7,10,9,1,1,1,1.0,6.0,0.0,7.0,0.0,13.0,0.0,2.0,1,1,1.0,0.0,0.0,0.0,0.0,0.0,-1,0.0,0.0,1,2,1,0,0,0,0,1,0,0,0,0,1,0,0,1,0,0,0,0,0,2,8,0
200700014039,7,3,29,5,2,1,8.0,7.0,0.0,31.0,0.0,0.0,0.0,0.0,1,2,4.0,2.0,1.0,1.0,0.0,125.0,1,0.0,1.0,1,2,1,0,0,0,0,1,0,0,1,0,0,0,0,1,0,0,0,1,0,2,19,30
201000002761,10,12,27,1,2,2,8.0,3.0,0.0,7.0,0.0,0.0,2.0,1.0,1,1,3.0,2.0,2.0,1.0,0.0,84.0,1,0.0,1.0,2,3,2,2,0,0,0,4,0,0,4,0,0,2,0,0,2,1,0,1,0,3,10,15
200700053933,7,9,1,3,1,1,1.0,1.0,0.0,7.0,0.0,0.0,2.0,1.0,1,1,3.0,2.0,2.0,3.0,0.0,58.0,1,0.0,1.0,2,2,4,2,0,0,2,4,0,2,2,0,2,4,0,2,0,1,0,0,0,2,21,45
201400039604,14,8,27,1,2,2,1.0,7.0,0.0,30.0,0.0,0.0,0.0,1.0,1,2,4.0,2.0,2.0,1.0,0.0,0.0,0,0.0,1.0,1,2,0,1,0,0,0,1,0,0,0,0,1,1,0,0,0,0,0,0,0,2,9,50
201700021892,17,12,11,1,2,1,6.0,6.0,2.0,17.0,0.0,1.0,0.0,0.0,1,1,3.0,2.0,2.0,3.0,0.0,54.0,1,0.0,4.0,1,4,1,0,0,0,0,1,0,0,0,1,0,1,0,0,0,1,0,0,0,4,15,0
200900023505,9,8,28,1,2,1,1.0,6.0,0.0,7.0,0.0,9.0,0.0,2.0,1,1,4.0,2.0,2.0,1.0,0.0,60.0,1,0.0,1.0,1,2,1,0,0,0,0,1,0,0,1,0,0,1,0,0,0,1,0,0,0,2,12,52
200700036798,7,6,22,1,2,1,3.0,6.0,0.0,7.0,0.0,0.0,2.0,1.0,1,1,3.0,2.0,2.0,2.0,0.0,66.0,1,0.0,1.0,2,2,2,2,0,0,0,4,0,0,2,0,2,4,0,0,0,1,1,0,0,2,16,50
201000019852,10,6,28,1,2,1,1.0,3.0,0.0,34.0,0.0,0.0,2.0,17.0,1,2,4.0,1.0,2.0,1.0,0.0,80.0,1,0.0,1.0,2,3,4,0,0,0,0,4,2,0,2,0,0,2,0,2,0,1,0,1,0,3,14,0
200500068012,5,10,14,5,2,3,1.0,6.0,0.0,7.0,0.0,0.0,1.0,1.0,1,1,4.0,1.0,1.0,1.0,0.0,30.0,1,0.0,1.0,1,1,1,1,0,1,0,1,0,0,2,0,0,0,1,1,0,1,0,0,0,2,23,0
200500067838,5,10,6,5,2,1,1.0,7.0,0.0,5.0,0.0,0.0,0.0,21.0,1,2,4.0,3.0,3.0,1.0,15.0,90.0,1,0.0,1.0,1,2,1,0,0,0,0,1,0,0,1,0,0,1,0,0,0,1,0,0,0,2,20,15
201300040660,13,11,9,1,2,1,1.0,6.0,1.0,7.0,0.0,0.0,1.0,1.0,3,-1,3.0,2.0,2.0,1.0,0.0,0.0,1,0.0,1.0,1,2,1,0,0,1,0,0,0,1,0,0,0,0,1,0,0,0,0,1,0,2,11,10
201300027321,13,4,22,1,2,1,1.0,7.0,0.0,7.0,0.0,0.0,1.0,1.0,1,1,4.0,2.0,2.0,1.0,0.0,0.0,1,0.0,1.0,1,1,2,0,0,1,0,1,0,1,0,0,1,1,1,0,0,1,0,0,0,2,12,15
201500032309,15,7,7,1,2,1,1.0,2.0,0.0,7.0,0.0,0.0,2.0,1.0,1,1,4.0,2.0,3.0,2.0,20.0,110.0,1,1.0,1.0,2,1,2,2,0,0,0,4,0,2,0,2,0,4,0,0,0,1,1,0,0,2,10,0
201000017323,10,12,26,5,2,1,2.0,6.0,0.0,7.0,0.0,5.0,0.0,0.0,1,1,4.0,1.0,1.0,2.0,0.0,0.0,1,0.0,1.0,1,2,1,1,0,0,1,1,0,2,0,0,0,0,0,2,0,1,0,0,0,2,4,30
201300027348,13,8,2,1,2,1,1.0,6.0,0.0,7.0,0.0,0.0,1.0,23.0,1,1,2.0,2.0,2.0,1.0,0.0,0.0,1,2.0,1.0,2,1,2,4,0,2,0,4,0,2,2,0,2,2,0,4,0,1,1,0,0,2,17,40
201000050159,10,10,16,2,2,3,1.0,3.0,0.0,7.0,0.0,0.0,2.0,15.0,1,1,3.0,2.0,1.0,1.0,0.0,0.0,1,0.0,1.0,2,1,2,2,0,0,0,4,0,4,0,0,0,2,0,2,0,1,0,0,0,3,18,0
200600049293,6,8,25,1,2,1,1.0,3.0,0.0,7.0,0.0,0.0,2.0,22.0,1,-1,4.0,2.0,4.0,1.0,0.0,120.0,1,0.0,1.0,2,1,2,2,0,0,0,4,0,0,2,2,0,4,0,0,0,1,0,1,0,2,12,30
201100031206,11,6,30,1,2,1,1.0,2.0,0.0,7.0,0.0,0.0,0.0,2.0,1,1,4.0,2.0,4.0,1.0,0.0,120.0,1,0.0,1.0,2,1,2,2,0,0,0,4,0,4,0,0,0,2,0,2,0,1,1,0,0,2,13,0
201000041945,10,12,17,1,2,1,4.0,6.0,0.0,7.0,0.0,3.0,0.0,14.0,1,1,4.0,2.0,2.0,2.0,0.0,100.0,0,2.0,1.0,1,2,0,1,0,0,0,1,0,0,0,0,1,1,0,0,0,0,0,1,0,2,9,5
200600048032,6,8,6,1,2,3,1.0,3.0,0.0,7.0,0.0,0.0,0.0,15.0,1,1,4.0,2.0,4.0,1.0,0.0,120.0,1,0.0,1.0,2,1,2,2,0,0,0,4,0,0,2,0,2,2,0,2,0,1,1,0,0,3,20,15
201700006746,17,4,18,1,1,1,1.0,6.0,1.0,7.0,0.0,3.0,0.0,1.0,1,1,1.0,1.0,4.0,1.0,10.0,70.0,1,0.0,1.0,1,2,1,0,0,0,0,1,0,1,0,0,0,1,0,0,0,1,0,0,0,2,10,0
201000018171,10,3,1,5,2,1,1.0,1.0,0.0,7.0,0.0,0.0,2.0,13.0,1,0,3.0,2.0,2.0,2.0,80.0,0.0,1,0.0,0.0,2,3,10,0,4,0,2,4,0,6,2,2,0,4,0,6,0,1,0,0,0,4,5,30
200900039509,9,7,13,1,1,1,1.0,7.0,0.0,33.0,0.0,3.0,0.0,1.0,1,2,1.0,3.0,4.0,1.0,10.0,70.0,1,0.0,1.0,1,3,1,0,0,0,0,1,0,0,1,0,0,1,0,0,0,1,0,0,0,3,12,20
201100008729,11,2,11,3,1,1,1.0,6.0,0.0,7.0,0.0,13.0,0.0,1.0,1,1,3.0,2.0,0.0,2.0,0.0,0.0,1,0.0,1.0,1,2,1,1,0,0,1,1,0,1,1,0,0,1,0,1,0,1,0,0,0,3,8,0
201000012584,10,1,22,1,2,6,1.0,6.0,0.0,7.0,0.0,0.0,1.0,1.0,1,1,3.0,3.0,0.0,1.0,0.0,57.0,1,0.0,1.0,1,1,2,0,0,1,0,1,0,0,2,0,0,1,0,0,1,1,0,0,0,3,8,30
200900012348,9,7,2,1,2,1,1.0,7.0,0.0,34.0,0.0,0.0,0.0,1.0,1,2,4.0,1.0,3.0,1.0,0.0,100.0,0,0.0,1.0,1,2,1,0,0,0,0,1,0,0,1,0,0,1,0,0,0,0,0,0,0,2,19,55
201600000684,16,5,21,1,1,2,1.0,3.0,2.0,7.0,0.0,0.0,2.0,1.0,1,1,3.0,2.0,2.0,1.0,0.0,55.0,1,0.0,1.0,2,1,6,6,4,0,4,4,0,8,4,0,0,4,2,0,6,1,1,0,0,2,13,45
201500042817,15,2,6,1,2,1,1.0,3.0,0.0,31.0,0.0,0.0,2.0,1.0,1,2,4.0,2.0,2.0,1.0,0.0,0.0,1,0.0,1.0,2,2,4,0,0,0,0,4,0,0,2,0,2,2,0,2,0,1,0,0,0,2,13,50