Num_Acc,an,mois,jour,lum,agg,int,atm,col,senc,catv,occutc,obs,obsm,manv,catu,secu,catr,circ,nbv,prof,lartpc,larrout,surf,infra,situ,nb_veh,grav_simpl,Homme,Femme,Arrière,Autre_x,Avant,Conducteur,Autre_y,Inconnu,Loisirs,Professionnel,Travail,Adulte,Enfant,Jeune,Senior,choc_avant,choc_arriere,choc_lateral,choc_multiple,grav_order_max,heure,minute
200500007243,5,2,11,1,2,1,1.0,6.0,0.0,7.0,0.0,0.0,0.0,0.0,1,1,4.0,2.0,2.0,1.0,0.0,0.0,1,0.0,1.0,1,2,1,0,0,0,0,1,1,0,0,0,0,0,0,0,1,0,0,0,0,2,8,40
200600075663,6,12,26,1,2,1,1.0,6.0,0.0,7.0,0.0,0.0,1.0,1.0,1,1,4.0,2.0,2.0,1.0,0.0,70.0,1,0.0,1.0,1,1,0,3,0,2,0,1,0,3,0,0,0,3,0,0,0,1,0,0,0,3,9,15
201100045118,11,10,11,1,2,1,1.0,3.0,0.0,33.0,0.0,0.0,2.0,1.0,1,2,4.0,2.0,2.0,1.0,0.0,100.0,-1,0.0,1.0,2,3,2,2,0,0,0,4,0,0,0,0,4,2,0,2,0,1,1,0,0,3,7,30
201200014860,12,2,26,5,2,1,1.0,6.0,0.0,7.0,0.0,0.0,0.0,1.0,1,0,5.0,2.0,2.0,1.0,0.0,80.0,1,0.0,4.0,1,3,1,0,0,0,0,1,0,0,1,0,0,0,0,1,0,0,0,0,1,3,4,30
200700027978,7,5,22,1,2,6,1.0,7.0,0.0,33.0,0.0,0.0,0.0,1.0,1,2,4.0,1.0,2.0,1.0,0.0,0.0,1,0.0,1.0,2,2,4,0,0,0,0,4,0,0,2,0,2,4,0,0,0,0,0,0,0,2,8,10
200800022278,8,4,28,2,2,1,1.0,2.0,0.0,7.0,0.0,0.0,2.0,2.0,1,-1,4.0,1.0,1.0,1.0,0.0,90.0,1,0.0,1.0,2,1,4,0,0,0,0,4,4,0,0,0,0,2,0,0,2,1,1,0,0,2,20,10
201300028655,13,3,13,1,2,2,4.0,6.0,0.0,7.0,0.0,0.0,1.0,1.0,1,1,4.0,1.0,3.0,1.0,0.0,0.0,1,0.0,1.0,1,1,1,1,0,1,0,1,0,1,0,0,1,1,0,1,0,0,0,1,0,2,9,5
201400041949,14,5,24,1,1,1,2.0,7.0,0.0,7.0,0.0,16.0,0.0,1.0,1,1,3.0,2.0,2.0,1.0,0.0,70.0,1,0.0,3.0,1,3,1,0,0,0,0,1,1,0,0,0,0,1,0,0,0,1,0,0,0,3,19,10
201100000176,11,10,19,3,1,1,1.0,7.0,0.0,7.0,0.0,16.0,0.0,1.0,1,-1,3.0,2.0,2.0,2.0,0.0,58.0,1,0.0,1.0,1,4,0,1,0,0,0,1,0,0,0,0,1,0,0,1,0,0,0,0,1,4,23,30
200700032696,7,6,22,3,1,1,1.0,6.0,0.0,7.0,0.0,13.0,0.0,14.0,1,-1,3.0,2.0,2.0,1.0,0.0,50.0,1,0.0,3.0,1,3,2,0,0,0,1,1,0,1,1,0,0,0,1,1,0,1,0,0,0,3,5,15
201100033157,11,12,8,5,2,1,3.0,7.0,0.0,30.0,0.0,7.0,0.0,14.0,1,2,4.0,2.0,2.0,2.0,0.0,0.0,1,0.0,1.0,1,3,1,0,0,0,0,1,0,0,1,0,0,1,0,0,0,1,0,0,0,3,21,10
200700048242,7,8,21,1,1,2,1.0,1.0,0.0,7.0,0.0,0.0,2.0,1.0,1,1,3.0,2.0,2.0,1.0,0.0,58.0,1,0.0,1.0,2,1,4,0,0,0,0,4,0,0,0,0,4,2,0,2,0,1,0,1,0,3,8,15
201100008485,11,9,14,1,1,1,1.0,3.0,0.0,7.0,0.0,0.0,2.0,1.0,1,1,9.0,2.0,0.0,1.0,0.0,46.0,-1,0.0,1.0,2,1,6,0,0,0,2,4,0,2,0,4,0,2,0,4,0,1,0,1,0,3,11,30
201100033361,11,3,17,1,2,2,1.0,1.0,1.0,10.0,0.0,0.0,0.0,0.0,1,1,4.0,1.0,1.0,1.0,0.0,51.0,1,0.0,0.0,2,2,0,2,0,0,0,2,0,0,0,0,2,2,0,0,0,1,0,0,0,2,9,7
200900022751,9,3,8,1,1,1,1.0,3.0,0.0,33.0,0.0,0.0,2.0,1.0,1,2,3.0,2.0,0.0,1.0,0.0,70.0,1,0.0,1.0,2,3,4,0,0,0,0,4,0,0,4,0,0,2,0,2,0,1,0,1,0,3,15,45
201600048386,16,4,21,1,1,1,1.0,3.0,0.0,1.0,0.0,0.0,2.0,15.0,1,2,4.0,2.0,2.0,1.0,16.0,107.0,1,0.0,1.0,2,3,4,0,0,0,0,4,0,0,4,0,0,2,0,0,2,1,1,0,0,3,16,0
200600071136,6,11,17,3,1,1,1.0,6.0,0.0,34.0,0.0,0.0,9.0,1.0,1,2,1.0,1.0,3.0,1.0,15.0,105.0,1,0.0,1.0,1,2,1,0,0,0,0,1,1,0,0,0,0,0,0,1,0,1,0,0,0,2,18,30
201600055401,16,3,18,2,2,1,1.0,2.0,2.0,7.0,0.0,0.0,2.0,17.0,1,0,4.0,2.0,1.0,1.0,0.0,0.0,1,0.0,1.0,2,2,4,0,0,0,0,4,0,0,0,4,0,4,0,0,0,1,0,1,0,2,6,40
201700024346,17,8,13,1,1,1,1.0,6.0,1.0,7.0,0.0,2.0,0.0,1.0,1,1,3.0,2.0,2.0,2.0,0.0,40.0,1,0.0,3.0,1,1,0,3,0,1,1,1,0,0,3,0,0,0,1,2,0,0,1,0,0,3,19,0
201000033918,10,5,25,1,2,1,1.0,3.0,0.0,10.0,0.0,0.0,2.0,22.0,1,-1,4.0,2.0,2.0,1.0,0.0,46.0,1,0.0,1.0,2,1,4,0,0,0,0,4,0,2,0,2,0,2,0,0,2,1,0,1,0,2,14,0
200600066372,6,11,28,5,2,3,1.0,3.0,0.0,32.0,0.0,0.0,2.0,1.0,1,-1,4.0,1.0,1.0,1.0,0.0,60.0,1,0.0,1.0,2,3,4,0,0,0,0,4,0,4,0,0,0,2,0,2,0,1,1,0,0,3,19,20
200500042822,5,7,21,1,1,1,1.0,6.0,0.0,7.0,0.0,6.0,0.0,1.0,1,1,3.0,2.0,1.0,0.0,0.0,45.0,1,0.0,3.0,1,3,1,1,0,0,1,1,1,1,0,0,0,2,0,0,0,1,0,0,0,3,8,30
200500002641,5,1,31,1,2,1,1.0,3.0,0.0,7.0,0.0,0.0,2.0,10.0,1,-1,2.0,0.0,0.0,1.0,0.0,0.0,1,0.0,1.0,2,2,4,0,0,0,0,4,2,0,2,0,0,2,0,0,2,1,0,1,0,2,11,15
200800068289,8,11,19,5,2,1,1.0,6.0,0.0,32.0,0.0,11.0,0.0,11.0,1,2,4.0,2.0,4.0,1.0,50.0,50.0,1,0.0,1.0,1,2,1,0,0,0,0,1,0,0,1,0,0,0,0,1,0,1,0,0,0,2,0,50
201500036628,15,8,27,1,2,6,1.0,3.0,0.0,7.0,0.0,0.0,2.0,1.0,1,1,2.0,2.0,2.0,1.0,0.0,200.0,1,0.0,1.0,2,2,4,0,0,0,0,4,0,4,0,0,0,4,0,0,0,1,0,0,0,2,14,50
200900031965,9,6,28,3,1,1,1.0,1.0,0.0,7.0,0.0,0.0,2.0,13.0,1,-1,3.0,2.0,2.0,1.0,0.0,54.0,1,0.0,1.0,2,2,4,0,0,0,0,4,0,0,4,0,0,0,0,4,0,1,0,0,0,2,1,10
200500070671,5,11,14,1,1,1,1.0,1.0,0.0,7.0,0.0,0.0,2.0,1.0,1,1,3.0,2.0,2.0,0.0,0.0,0.0,1,0.0,1.0,2,1,4,0,0,0,0,4,0,2,0,0,2,2,2,0,0,1,0,0,0,3,12,0
200600072367,6,11,21,5,2,1,1.0,6.0,0.0,7.0,0.0,0.0,1.0,1.0,1,1,3.0,2.0,2.0,1.0,0.0,66.0,1,6.0,1.0,1,1,1,1,0,1,0,1,0,0,2,0,0,0,0,0,2,1,0,0,0,3,17,10
200600014746,6,3,18,1,1,1,1.0,2.0,0.0,7.0,0.0,0.0,2.0,1.0,1,9,1.0,1.0,2.0,0.0,0.0,30.0,-1,3.0,1.0,2,1,4,2,0,0,2,4,2,4,0,0,0,2,0,2,2,1,1,0,0,2,9,0
201200038127,12,2,26,5,1,4,1.0,6.0,0.0,31.0,0.0,4.0,0.0,1.0,1,2,1.0,1.0,2.0,1.0,0.0,0.0,1,3.0,1.0,1,3,1,0,0,0,0,1,0,0,1,0,0,0,0,1,0,1,0,0,0,3,21,30
201500011709,15,9,5,1,1,7,1.0,6.0,0.0,7.0,0.0,8.0,1.0,20.0,1,1,6.0,0.0,0.0,0.0,0.0,0.0,1,0.0,4.0,1,1,2,1,0,1,1,1,0,1,2,0,0,0,0,0,3,1,0,0,0,3,15,45
201000057534,10,10,29,3,1,1,1.0,6.0,0.0,7.0,0.0,0.0,1.0,21.0,1,1,2.0,3.0,4.0,2.0,15.0,140.0,1,0.0,1.0,1,1,2,0,0,1,0,1,0,0,2,0,0,2,0,0,0,0,0,1,0,3,1,24
201400044017,14,1,1,5,2,2,2.0,3.0,0.0,7.0,0.0,0.0,2.0,1.0,1,1,3.0,2.0,2.0,1.0,0.0,0.0,1,0.0,1.0,2,2,4,0,0,0,0,4,0,0,2,2,0,2,0,2,0,1,0,0,0,2,1,7
200700018220,7,3,2,3,1,1,1.0,4.0,0.0,7.0,0.0,0.0,2.0,0.0,1,-1,1.0,1.0,3.0,1.0,15.0,35.0,1,0.0,1.0,3,2,12,6,0,0,9,9,0,9,9,0,0,6,0,9,3,1,1,0,0,2,20,45
200600074246,6,12,8,3,1,1,2.0,6.0,0.0,7.0,0.0,2.0,0.0,1.0,1,1,3.0,2.0,2.0,1.0,0.0,72.0,1,0.0,3.0,1,4,1,0,0,0,0,1,0,0,1,0,0,0,0,1,0,1,0,0,0,4,4,15
200800041661,8,7,7,1,1,1,1.0,6.0,0.0,7.0,0.0,4.0,0.0,0.0,1,1,2.0,3.0,2.0,1.0,15.0,90.0,1,0.0,1.0,1,2,0,1,0,0,0,1,0,0,1,0,0,0,0,0,1,1,0,0,0,2,14,30
200600050862,6,9,26,1,2,1,5.0,2.0,0.0,2.0,0.0,0.0,2.0,2.0,1,2,3.0,2.0,2.0,1.0,0.0,64.0,1,0.0,1.0,2,3,2,4,0,0,2,4,2,2,2,0,0,2,4,0,0,0,0,1,0,3,8,10
201500023005,15,12,8,1,2,1,1.0,3.0,0.0,32.0,0.0,0.0,2.0,1.0,1,2,4.0,2.0,2.0,1.0,0.0,0.0,1,0.0,1.0,2,2,4,0,0,0,0,4,0,2,0,2,0,0,0,4,0,1,0,1,0,2,13,55
201600017292,16,5,26,1,1,1,1.0,7.0,1.0,1.0,0.0,0.0,0.0,1.0,1,2,3.0,2.0,0.0,1.0,0.0,60.0,1,0.0,1.0,1,4,1,0,0,0,0,1,0,0,1,0,0,0,0,0,1,0,0,0,0,4,15,30
201700023223,17,6,17,1,1,2,1.0,5.0,1.0,7.0,0.0,0.0,2.0,23.0,1,1,3.0,2.0,2.0,1.0,0.0,300.0,1,0.0,1.0,3,1,9,12,0,6,6,9,0,0,18,0,3,9,6,0,6,1,0,1,0,2,18,15
200500043142,5,7,2,3,1,1,1.0,5.0,0.0,7.0,0.0,0.0,2.0,13.0,1,0,2.0,2.0,2.0,1.0,71.0,0.0,1,0.0,1.0,4,4,12,4,0,0,0,16,8,4,0,0,4,12,0,0,4,1,0,1,0,4,22,10
201300000362,13,2,27,1,1,1,8.0,1.0,0.0,3.0,0.0,0.0,2.0,13.0,1,1,3.0,2.0,2.0,0.0,0.0,64.0,1,0.0,1.0,2,4,4,2,0,0,2,4,0,2,2,0,2,4,0,0,2,1,0,0,0,4,14,20
201200030077,12,4,23,1,2,2,1.0,3.0,0.0,7.0,0.0,0.0,2.0,1.0,1,1,4.0,2.0,2.0,1.0,0.0,64.0,1,5.0,0.0,2,2,4,4,2,0,2,4,4,0,4,0,0,0,2,2,4,1,0,1,0,2,18,25
201700008226,17,12,8,1,2,1,1.0,3.0,1.0,7.0,0.0,0.0,2.0,9.0,1,1,6.0,-1.0,2.0,1.0,0.0,43.0,1,0.0,1.0,2,1,0,4,0,0,0,4,0,0,4,0,0,2,0,0,2,1,0,0,0,2,16,24
201300045695,13,11,29,1,1,1,1.0,3.0,0.0,33.0,0.0,0.0,2.0,9.0,1,2,1.0,3.0,0.0,1.0,0.0,0.0,1,0.0,1.0,2,2,4,0,0,0,0,4,0,0,2,2,0,2,0,2,0,0,0,1,0,2,11,30
201200023977,12,4,16,1,1,1,1.0,6.0,0.0,7.0,0.0,4.0,0.0,1.0,1,1,1.0,3.0,0.0,1.0,50.0,210.0,1,0.0,1.0,1,3,0,1,0,0,0,1,0,0,1,0,0,0,0,0,1,1,0,0,0,3,9,45
200800037506,8,7,26,1,1,1,1.0,1.0,0.0,7.0,0.0,0.0,2.0,1.0,1,1,3.0,2.0,0.0,2.0,0.0,61.0,1,0.0,1.0,2,1,4,0,0,0,0,4,2,0,2,0,0,4,0,0,0,1,1,0,0,3,11,15
200600063336,6,10,11,1,2,1,8.0,6.0,0.0,5.0,0.0,0.0,1.0,1.0,1,2,4.0,1.0,2.0,1.0,0.0,60.0,1,0.0,1.0,1,2,2,0,0,1,0,1,0,0,1,1,0,2,0,0,0,1,0,0,0,2,15,55
200800009632,8,2,17,5,2,1,1.0,6.0,0.0,7.0,0.0,0.0,1.0,1.0,1,1,4.0,2.0,2.0,0.0,0.0,80.0,1,0.0,1.0,1,1,2,0,0,1,0,1,0,0,2,0,0,2,0,0,0,1,0,0,0,2,21,54
200800007984,8,2,21,1,2,1,2.0,6.0,0.0,7.0,0.0,0.0,1.0,1.0,1,1,4.0,2.0,3.0,1.0,0.0,90.0,1,0.0,1.0,1,1,0,2,0,1,0,1,1,0,1,0,0,1,0,0,1,1,0,0,0,3,13,35
200800010025,8,2,22,1,2,1,1.0,6.0,0.0,37.0,0.0,0.0,1.0,9.0,3,-1,2.0,1.0,3.0,1.0,0.0,80.0,1,0.0,1.0,1,3,1,1,0,1,0,1,2,0,0,0,0,0,0,1,1,1,0,0,0,3,9,30
200600023900,6,5,29,1,2,9,1.0,1.0,0.0,7.0,0.0,0.0,2.0,15.0,1,1,3.0,2.0,2.0,1.0,0.0,60.0,1,0.0,0.0,2,1,4,0,0,0,0,4,2,0,2,0,0,2,0,2,0,1,0,0,0,3,19,15
200600062440,6,10,10,1,2,2,1.0,3.0,0.0,7.0,0.0,0.0,2.0,1.0,1,-1,4.0,2.0,2.0,1.0,0.0,0.0,1,0.0,1.0,2,3,2,2,0,0,0,4,4,0,0,0,0,4,0,0,0,1,0,0,1,3,15,45
201300013127,13,9,4,1,2,6,1.0,3.0,0.0,1.0,0.0,0.0,2.0,15.0,1,-1,3.0,2.0,2.0,1.0,0.0,0.0,1,0.0,1.0,2,3,0,4,0,0,0,4,0,4,0,0,0,4,0,0,0,1,0,0,0,3,10,15
201600034537,16,5,6,1,1,1,1.0,3.0,2.0,33.0,0.0,0.0,2.0,1.0,1,2,3.0,2.0,2.0,1.0,0.0,80.0,1,0.0,1.0,2,4,4,0,0,0,0,4,0,0,2,2,0,2,0,2,0,1,0,1,0,4,17,55
201300003159,13,8,10,1,1,3,1.0,3.0,0.0,7.0,0.0,0.0,2.0,1.0,1,1,3.0,2.0,1.0,1.0,0.0,49.0,1,0.0,1.0,2,2,6,2,2,0,2,4,0,0,8,0,0,2,0,6,0,1,0,0,0,2,16,30
200600029519,6,5,29,1,2,1,2.0,6.0,0.0,7.0,0.0,0.0,2.0,9.0,1,1,4.0,2.0,2.0,1.0,0.0,40.0,1,0.0,1.0,2,1,2,2,0,0,0,4,0,0,2,0,2,2,2,0,0,1,0,1,0,2,8,35
201300009675,13,12,29,1,1,1,1.0,1.0,0.0,7.0,0.0,0.0,2.0,13.0,1,-1,3.0,2.0,2.0,1.0,0.0,0.0,1,0.0,1.0,2,3,4,0,0,0,0,4,4,0,0,0,0,2,0,0,2,1,0,0,0,3,10,45
200700061106,7,10,13,5,1,1,1.0,6.0,0.0,7.0,0.0,2.0,0.0,1.0,1,1,3.0,2.0,2.0,2.0,0.0,60.0,-1,0.0,1.0,1,3,1,2,1,0,1,1,0,2,1,0,0,0,1,2,0,1,0,0,0,3,0,30
200500072597,5,11,21,5,2,1,1.0,6.0,0.0,5.0,0.0,0.0,1.0,1.0,1,2,4.0,2.0,2.0,1.0,0.0,80.0,1,0.0,1.0,1,3,1,1,0,1,0,1,0,0,2,0,0,1,0,1,0,1,0,0,0,3,19,40
201200040855,12,2,15,1,2,1,1.0,3.0,0.0,7.0,0.0,0.0,2.0,1.0,1,1,4.0,2.0,2.0,1.0,0.0,0.0,1,0.0,1.0,2,1,4,0,0,0,0,4,0,4,0,0,0,2,0,2,0,1,0,1,0,2,16,50
201500050681,15,9,13,5,2,1,1.0,3.0,0.0,1.0,0.0,0.0,2.0,7.0,1,-1,4.0,1.0,3.0,1.0,0.0,30.0,1,0.0,1.0,2,2,4,0,0,0,0,4,0,4,0,0,0,4,0,0,0,0,0,0,0,2,23,30
200700052510,7,6,15,5,1,1,1.0,7.0,0.0,7.0,0.0,14.0,0.0,0.0,1,1,1.0,1.0,3.0,1.0,0.0,0.0,1,0.0,1.0,1,1,0,2,0,0,0,2,0,1,0,0,1,1,0,1,0,1,0,0,0,2,23,47
200900018033,9,2,16,1,2,4,1.0,6.0,0.0,7.0,0.0,0.0,1.0,0.0,1,1,3.0,2.0,2.0,1.0,0.0,0.0,1,0.0,0.0,1,1,2,0,0,1,0,1,0,1,1,0,0,1,0,0,1,1,0,0,0,3,14,50
201000025829,10,6,15,2,1,1,3.0,6.0,0.0,2.0,0.0,13.0,0.0,1.0,1,2,3.0,2.0,2.0,1.0,0.0,55.0,0,0.0,1.0,1,3,1,0,0,0,0,1,0,0,0,0,1,1,0,0,0,0,0,1,0,3,21,0
201600014505,16,3,30,2,2,3,1.0,3.0,2.0,32.0,0.0,0.0,2.0,15.0,1,-1,4.0,2.0,2.0,2.0,0.0,30.0,1,0.0,1.0,2,2,2,0,0,0,0,2,0,2,0,0,0,2,0,0,0,0,0,0,0,2,19,20
201300017601,13,10,16,1,1,1,7.0,2.0,0.0,33.0,0.0,0.0,2.0,2.0,1,2,3.0,2.0,2.0,1.0,0.0,72.0,1,0.0,1.0,2,2,4,0,0,0,0,4,0,0,0,4,0,4,0,0,0,1,1,0,0,3,10,15
201000058106,10,1,28,1,2,1,1.0,2.0,0.0,37.0,1.0,0.0,2.0,2.0,1,-1,4.0,2.0,5.0,1.0,0.0,0.0,1,0.0,1.0,2,1,6,2,0,0,4,4,0,2,0,6,0,6,0,2,0,1,1,0,0,2,14,20
201600040596,16,6,2,1,2,1,8.0,1.0,0.0,34.0,0.0,0.0,2.0,21.0,1,2,4.0,2.0,2.0,1.0,0.0,0.0,1,0.0,1.0,2,3,4,0,0,0,0,4,0,4,0,0,0,2,0,2,0,1,0,0,0,3,12,55
201300043547,13,9,14,5,2,7,3.0,3.0,0.0,7.0,0.0,0.0,2.0,21.0,1,-1,3.0,1.0,2.0,1.0,0.0,0.0,1,0.0,1.0,2,3,4,0,0,0,0,4,2,0,2,0,0,2,0,2,0,1,1,0,0,3,21,0
200500083575,5,12,5,1,2,1,1.0,2.0,0.0,14.0,0.0,0.0,2.0,1.0,1,1,3.0,2.0,4.0,3.0,0.0,0.0,1,0.0,1.0,2,1,6,4,4,0,2,4,0,6,2,2,0,2,0,0,8,1,1,0,0,2,12,5
200800026256,8,5,23,1,2,1,1.0,6.0,0.0,10.0,0.0,0.0,1.0,0.0,1,-1,4.0,0.0,2.0,0.0,0.0,0.0,1,0.0,1.0,1,1,1,1,0,1,0,1,0,1,0,1,0,1,0,1,0,1,0,0,0,2,15,5
201000010607,10,7,16,1,2,1,1.0,3.0,0.0,7.0,0.0,0.0,2.0,15.0,1,1,3.0,2.0,2.0,1.0,0.0,73.0,1,5.0,1.0,2,3,4,0,0,0,0,4,4,0,0,0,0,2,0,0,2,1,0,1,0,3,16,15
200900030322,9,5,27,1,2,1,1.0,5.0,0.0,7.0,0.0,0.0,2.0,2.0,1,-1,4.0,3.0,4.0,1.0,0.0,0.0,1,0.0,1.0,3,1,6,3,0,0,0,9,0,6,3,0,0,6,0,3,0,1,1,0,0,3,11,30
200900031272,9,5,24,1,2,2,1.0,3.0,0.0,7.0,0.0,0.0,2.0,1.0,2,-1,4.0,1.0,1.0,1.0,0.0,0.0,1,0.0,1.0,2,2,4,2,2,0,0,4,2,2,2,0,0,4,0,2,0,1,1,0,0,2,11,30
201600052971,16,1,29,5,2,2,1.0,6.0,1.0,33.0,0.0,0.0,2.0,5.0,1,2,4.0,1.0,1.0,1.0,0.0,50.0,1,0.0,1.0,2,3,2,2,0,0,2,2,0,2,2,0,0,4,0,0,0,1,0,0,0,3,19,45
200800069108,8,12,22,2,2,6,1.0,3.0,0.0,30.0,0.0,0.0,2.0,1.0,1,2,3.0,2.0,0.0,1.0,0.0,0.0,1,5.0,1.0,2,3,4,0,0,0,0,4,0,0,0,0,4,0,2,0,2,1,0,1,0,3,7,45
201300035545,13,2,12,1,2,6,2.0,3.0,0.0,1.0,0.0,0.0,2.0,21.0,1,0,3.0,3.0,3.0,1.0,0.0,0.0,1,0.0,1.0,2,3,4,0,0,0,0,4,2,2,0,0,0,2,0,0,2,1,0,0,0,3,9,25
201000047516,10,9,27,1,2,2,1.0,1.0,0.0,7.0,0.0,0.0,2.0,15.0,1,1,3.0,2.0,2.0,1.0,0.0,83.0,1,0.0,1.0,2,1,2,2,0,0,0,4,0,0,0,0,4,0,0,4,0,1,0,0,0,2,11,20
200600073577,6,12,25,3,1,1,1.0,1.0,0.0,7.0,0.0,0.0,2.0,13.0,1,1,3.0,2.0,2.0,1.0,0.0,69.0,1,0.0,1.0,2,3,4,4,2,0,2,4,0,4,4,0,0,2,0,4,2,1,0,0,0,3,19,15
200900039390,9,9,10,1,2,7,1.0,2.0,0.0,7.0,0.0,0.0,2.0,15.0,1,1,4.0,2.0,2.0,1.0,0.0,90.0,1,0.0,0.0,2,1,4,0,0,0,0,4,0,0,0,2,2,4,0,0,0,1,0,0,0,2,9,10
201600053935,16,7,11,1,2,4,1.0,6.0,1.0,7.0,0.0,0.0,2.0,23.0,1,1,4.0,2.0,3.0,2.0,0.0,0.0,1,0.0,1.0,2,1,2,2,0,0,2,2,0,0,2,0,2,2,0,2,0,1,0,0,0,2,16,10
201600046135,16,9,11,3,1,1,2.0,4.0,1.0,7.0,0.0,0.0,2.0,0.0,1,1,1.0,3.0,4.0,2.0,25.0,270.0,1,0.0,0.0,3,2,3,3,0,0,0,6,0,6,0,0,0,3,0,3,0,1,1,0,0,2,4,55
200600068916,6,11,20,1,2,3,2.0,2.0,0.0,5.0,0.0,0.0,2.0,1.0,1,2,4.0,2.0,4.0,1.0,0.0,120.0,1,0.0,1.0,2,1,2,2,0,0,0,4,0,0,4,0,0,2,0,2,0,1,1,0,0,2,15,50
201300020860,13,12,17,5,2,1,1.0,6.0,0.0,7.0,0.0,0.0,1.0,1.0,1,1,4.0,2.0,3.0,0.0,0.0,0.0,1,0.0,1.0,1,1,1,1,0,1,0,1,0,0,2,0,0,1,1,0,0,1,0,0,0,3,19,0
200700025544,7,5,5,3,1,1,1.0,7.0,0.0,7.0,0.0,13.0,0.0,1.0,1,1,3.0,2.0,0.0,1.0,0.0,49.0,1,0.0,1.0,1,3,1,0,0,0,0,1,0,0,1,0,0,0,0,1,0,1,0,0,0,3,0,1
201500038711,15,7,16,5,2,3,1.0,3.0,1.0,7.0,0.0,0.0,2.0,15.0,1,2,3.0,2.0,2.0,0.0,0.0,0.0,1,0.0,1.0,2,2,2,0,0,0,0,2,0,0,0,0,2,0,0,2,0,1,0,1,0,2,23,40
201100042851,11,11,8,5,2,1,2.0,3.0,0.0,2.0,0.0,0.0,2.0,15.0,1,2,4.0,3.0,5.0,1.0,10.0,40.0,1,0.0,1.0,2,2,2,2,0,0,0,4,0,4,0,0,0,0,2,2,0,1,0,0,0,2,18,5
200800038330,8,7,21,1,2,1,1.0,2.0,0.0,32.0,0.0,0.0,2.0,2.0,1,2,4.0,2.0,2.0,2.0,0.0,0.0,1,0.0,1.0,2,2,2,2,0,0,0,4,0,2,0,2,0,2,0,2,0,1,1,0,0,2,8,20
201400046608,14,6,16,1,1,1,1.0,2.0,0.0,7.0,0.0,0.0,2.0,11.0,1,1,1.0,3.0,3.0,1.0,35.0,105.0,1,0.0,1.0,2,1,4,0,0,0,0,4,0,0,2,0,2,2,0,0,2,1,1,0,0,3,16,10
201100058168,11,7,23,2,2,3,1.0,7.0,0.0,32.0,0.0,12.0,0.0,13.0,1,2,4.0,1.0,1.0,1.0,0.0,30.0,1,0.0,1.0,1,2,1,0,0,0,0,1,0,0,1,0,0,1,0,0,0,0,0,1,0,2,6,30
201500026192,15,6,30,1,2,1,1.0,5.0,1.0,7.0,0.0,0.0,2.0,0.0,1,-1,3.0,2.0,2.0,2.0,0.0,65.0,1,0.0,1.0,3,3,6,0,0,0,0,6,0,6,0,0,0,0,0,6,0,0,0,0,0,3,21,0
200500069424,5,10,27,2,2,1,1.0,3.0,0.0,7.0,0.0,0.0,0.0,12.0,1,9,2.0,2.0,4.0,1.0,1.0,100.0,1,0.0,1.0,2,1,4,0,0,0,0,4,0,0,0,0,4,4,0,0,0,1,0,0,0,3,18,30
200700027568,7,5,19,1,1,1,1.0,1.0,0.0,33.0,0.0,0.0,2.0,17.0,1,2,3.0,2.0,2.0,2.0,0.0,60.0,1,0.0,1.0,2,3,2,2,0,0,0,4,0,0,4,0,0,4,0,0,0,1,0,1,0,3,14,40
201100033775,11,6,4,1,2,1,1.0,3.0,0.0,1.0,0.0,0.0,2.0,19.0,1,2,4.0,2.0,4.0,1.0,0.0,0.0,1,0.0,5.0,2,2,4,0,0,0,0,4,0,2,2,0,0,0,0,2,2,1,0,1,0,2,15,0
201000005200,10,6,19,3,1,1,1.0,7.0,0.0,7.0,0.0,2.0,0.0,1.0,1,1,3.0,2.0,2.0,3.0,0.0,70.0,1,0.0,1.0,1,4,1,0,0,0,0,1,0,0,1,0,0,0,0,1,0,0,0,1,0,4,23,30
201600044504,16,11,13,5,2,2,1.0,1.0,0.0,30.0,0.0,0.0,2.0,18.0,1,2,4.0,2.0,1.0,1.0,0.0,-1.0,1,0.0,1.0,2,2,4,0,0,0,0,4,0,0,4,0,0,0,0,4,0,1,0,0,0,2,20,10
200500049122,5,8,30,1,2,1,1.0,6.0,0.0,5.0,0.0,0.0,1.0,1.0,1,2,2.0,2.0,2.0,1.0,0.0,68.0,1,0.0,1.0,1,1,1,1,0,1,0,1,1,0,1,0,0,0,0,1,1,1,0,0,0,3,19,0
200500016001,5,3,27,5,2,3,1.0,3.0,0.0,7.0,0.0,0.0,2.0,15.0,1,1,3.0,3.0,3.0,2.0,0.0,75.0,1,5.0,1.0,2,1,4,0,0,0,0,4,0,0,4,0,0,2,0,2,0,1,1,0,0,3,0,1
200600077693,6,12,21,5,2,1,1.0,3.0,0.0,7.0,0.0,0.0,2.0,10.0,1,1,9.0,2.0,4.0,3.0,0.0,150.0,1,0.0,1.0,2,1,2,4,0,0,2,4,2,4,0,0,0,0,0,4,2,1,0,0,0,2,18,30
200600078330,6,12,7,1,2,1,2.0,3.0,0.0,7.0,0.0,0.0,2.0,10.0,1,1,4.0,2.0,4.0,1.0,0.0,120.0,1,0.0,1.0,2,1,4,0,0,0,0,4,0,0,2,2,0,4,0,0,0,1,1,0,0,2,14,50
201100008002,11,3,21,1,1,1,1.0,1.0,0.0,7.0,0.0,0.0,9.0,1.0,1,1,2.0,3.0,4.0,1.0,27.0,192.0,1,0.0,1.0,2,3,2,4,0,0,2,4,4,2,0,0,0,0,0,6,0,1,0,0,0,3,9,30