Num_Acc,an,mois,jour,lum,agg,int,atm,col,senc,catv,occutc,obs,obsm,manv,catu,secu,catr,circ,nbv,prof,lartpc,larrout,surf,infra,situ,nb_veh,grav_simpl,Homme,Femme,Arrière,Autre_x,Avant,Conducteur,Autre_y,Inconnu,Loisirs,Professionnel,Travail,Adulte,Enfant,Jeune,Senior,choc_avant,choc_arriere,choc_lateral,choc_multiple,grav_order_max,heure,minute
200900067911,9,11,27,1,2,1,1.0,3.0,0.0,7.0,0.0,0.0,2.0,15.0,1,1,4.0,2.0,2.0,1.0,0.0,30.0,1,0.0,1.0,2,1,2,2,0,0,0,4,0,0,2,0,2,2,0,2,0,1,0,1,0,2,15,30
200700007230,7,2,11,5,1,2,1.0,3.0,0.0,7.0,0.0,0.0,2.0,15.0,1,1,2.0,0.0,2.0,4.0,0.0,60.0,1,0.0,1.0,2,2,4,2,0,0,2,4,0,2,4,0,0,2,0,4,0,1,0,0,0,3,18,45
200500007494,5,2,15,5,2,1,1.0,7.0,0.0,2.0,0.0,0.0,0.0,0.0,1,2,4.0,2.0,2.0,1.0,0.0,80.0,1,0.0,1.0,1,2,1,0,0,0,0,1,0,1,0,0,0,0,0,1,0,0,0,0,0,2,22,45
201200004289,12,11,20,1,2,2,1.0,1.0,0.0,7.0,0.0,0.0,9.0,1.0,1,1,3.0,2.0,2.0,1.0,0.0,63.0,1,5.0,1.0,2,1,2,2,0,0,0,4,0,0,4,0,0,0,0,0,4,1,0,0,0,2,12,30
201000055309,10,10,1,5,1,1,1.0,2.0,0.0,7.0,0.0,0.0,2.0,14.0,1,1,1.0,3.0,4.0,1.0,0.0,0.0,1,0.0,2.0,2,1,4,0,0,0,0,4,0,0,4,0,0,2,0,2,0,1,1,0,0,3,1,20
201100031262,11,9,25,1,2,2,1.0,3.0,0.0,7.0,0.0,0.0,2.0,1.0,1,1,4.0,2.0,2.0,1.0,0.0,60.0,1,0.0,1.0,2,1,4,2,0,0,2,4,0,0,6,0,0,4,0,2,0,1,0,1,0,2,19,25
200500029531,5,5,1,1,2,1,1.0,1.0,0.0,5.0,0.0,1.0,0.0,13.0,1,2,3.0,3.0,2.0,1.0,0.0,90.0,1,0.0,1.0,2,2,4,0,0,0,0,4,0,0,4,0,0,4,0,0,0,1,0,0,0,2,16,24
201400033626,14,5,31,1,2,6,1.0,4.0,0.0,7.0,0.0,0.0,2.0,2.0,1,1,4.0,2.0,2.0,1.0,0.0,96.0,1,0.0,1.0,3,1,3,6,0,0,0,9,9,0,0,0,0,0,0,6,3,1,1,0,0,3,16,30
201400039797,14,11,7,1,2,1,1.0,6.0,1.0,7.0,0.0,0.0,1.0,0.0,3,-1,4.0,1.0,1.0,1.0,0.0,0.0,-1,0.0,1.0,1,3,1,0,0,1,0,0,1,0,0,0,0,0,1,0,0,0,0,0,0,3,8,30
201700045938,17,5,25,1,2,3,1.0,3.0,1.0,30.0,0.0,0.0,2.0,1.0,1,2,3.0,2.0,2.0,1.0,0.0,-1.0,1,0.0,1.0,2,2,2,2,0,0,0,4,0,0,4,0,0,4,0,0,0,1,0,0,0,2,17,0
201200027967,12,1,7,5,2,1,2.0,2.0,0.0,30.0,0.0,0.0,2.0,2.0,1,2,3.0,2.0,2.0,1.0,0.0,60.0,1,0.0,1.0,2,3,0,4,0,0,0,4,2,0,2,0,0,0,0,4,0,1,1,0,0,3,19,15
200700000184,7,1,31,1,1,1,1.0,6.0,0.0,7.0,0.0,13.0,0.0,1.0,1,1,3.0,2.0,2.0,1.0,58.0,0.0,1,0.0,0.0,1,3,1,0,0,0,0,1,1,0,0,0,0,0,0,0,1,1,0,0,0,3,9,15
200700007173,7,2,2,1,1,1,1.0,6.0,0.0,7.0,0.0,0.0,0.0,1.0,1,1,3.0,2.0,2.0,1.0,0.0,35.0,1,0.0,1.0,1,3,1,0,0,0,0,1,0,0,0,0,1,1,0,0,0,1,0,0,0,3,9,15
201100013060,11,12,20,1,1,1,1.0,1.0,0.0,7.0,0.0,0.0,0.0,1.0,1,1,3.0,2.0,0.0,1.0,0.0,55.0,1,0.0,1.0,2,3,4,0,0,0,0,4,0,0,2,2,0,0,0,4,0,1,0,0,0,3,16,0
200900049598,9,11,23,5,2,1,3.0,6.0,0.0,7.0,0.0,0.0,1.0,1.0,3,-1,3.0,2.0,0.0,1.0,0.0,99.0,1,0.0,1.0,1,3,2,0,0,1,0,1,0,1,1,0,0,0,0,1,1,1,0,0,0,3,17,45
201200047458,12,8,16,1,2,1,1.0,6.0,0.0,7.0,0.0,1.0,0.0,1.0,1,1,4.0,2.0,0.0,1.0,0.0,47.0,1,0.0,1.0,1,2,1,0,0,0,0,1,0,0,0,0,1,0,0,1,0,1,0,0,0,2,14,40
201100010941,11,8,26,3,1,1,3.0,1.0,0.0,7.0,0.0,0.0,2.0,15.0,1,1,2.0,2.0,2.0,2.0,0.0,71.0,1,0.0,1.0,2,1,2,2,0,0,0,4,0,0,4,0,0,2,0,2,0,1,0,0,0,3,21,0
200700006951,7,2,18,1,2,3,1.0,1.0,0.0,7.0,0.0,0.0,9.0,15.0,1,1,3.0,2.0,2.0,1.0,10.0,95.0,1,5.0,1.0,2,1,2,2,0,0,0,4,0,0,4,0,0,4,0,0,0,1,1,0,0,2,11,15
200500048621,5,8,2,1,1,1,1.0,3.0,0.0,2.0,0.0,0.0,0.0,13.0,1,-1,3.0,0.0,2.0,0.0,0.0,58.0,1,0.0,1.0,2,3,4,0,0,0,0,4,0,4,0,0,0,0,2,2,0,1,0,1,0,3,17,15
200700017563,7,3,23,1,2,1,1.0,4.0,0.0,7.0,0.0,0.0,2.0,1.0,1,1,4.0,2.0,2.0,1.0,0.0,0.0,1,0.0,1.0,3,1,3,6,0,0,0,9,3,3,0,3,0,6,0,0,3,1,1,0,0,2,8,0
200800069612,8,12,23,5,2,1,2.0,6.0,0.0,7.0,0.0,0.0,1.0,1.0,1,1,3.0,2.0,2.0,1.0,0.0,70.0,1,0.0,1.0,1,1,0,2,0,1,0,1,0,0,1,0,1,1,1,0,0,1,0,0,0,3,17,15
201500031194,15,12,17,5,2,2,1.0,3.0,0.0,31.0,0.0,0.0,2.0,1.0,1,2,3.0,2.0,3.0,1.0,0.0,140.0,1,5.0,1.0,2,3,2,2,0,0,0,4,0,0,4,0,0,0,0,4,0,1,0,1,0,3,20,30
201100012282,11,9,7,3,1,1,1.0,6.0,0.0,7.0,0.0,6.0,0.0,14.0,1,1,3.0,2.0,2.0,0.0,0.0,51.0,1,0.0,3.0,1,4,1,0,0,0,0,1,0,0,0,0,1,1,0,0,0,0,0,1,0,4,5,0
201700024247,17,12,13,1,2,1,1.0,4.0,1.0,7.0,0.0,0.0,2.0,2.0,1,-1,4.0,2.0,4.0,1.0,35.0,35.0,1,0.0,1.0,5,1,20,10,0,0,5,25,0,30,0,0,0,10,0,10,10,1,1,0,0,3,11,48
201700025568,17,5,16,1,2,1,1.0,2.0,1.0,1.0,0.0,0.0,0.0,1.0,1,2,3.0,2.0,2.0,1.0,0.0,0.0,1,0.0,1.0,2,2,2,2,0,0,0,4,0,0,4,0,0,2,0,0,2,1,1,0,0,2,10,10
201100025653,11,10,24,1,2,1,3.0,1.0,0.0,10.0,0.0,0.0,2.0,1.0,1,1,3.0,2.0,2.0,1.0,0.0,0.0,1,0.0,1.0,2,2,2,4,0,0,2,4,0,0,4,2,0,4,0,0,2,1,0,0,0,2,11,35
201300044062,13,10,20,1,2,1,1.0,3.0,1.0,7.0,0.0,0.0,2.0,17.0,1,1,3.0,2.0,4.0,1.0,0.0,0.0,1,0.0,1.0,2,2,2,0,0,0,0,2,0,0,2,0,0,0,0,0,2,1,0,0,0,2,10,5
201100060039,11,5,17,1,2,2,1.0,6.0,0.0,10.0,0.0,0.0,2.0,15.0,1,1,4.0,1.0,1.0,1.0,0.0,30.0,1,0.0,0.0,2,1,2,2,0,0,0,4,0,0,2,2,0,2,0,0,2,0,1,0,1,2,14,45
200900026953,9,10,10,1,2,1,2.0,7.0,0.0,32.0,0.0,0.0,0.0,1.0,1,2,4.0,2.0,1.0,1.0,0.0,103.0,1,0.0,1.0,1,2,1,0,0,0,0,1,0,0,0,0,1,1,0,0,0,0,0,0,0,2,9,45
201200032897,12,11,16,1,2,1,1.0,2.0,0.0,7.0,0.0,0.0,0.0,20.0,1,1,4.0,2.0,2.0,1.0,0.0,0.0,1,0.0,1.0,2,1,4,2,0,0,2,4,0,0,6,0,0,4,0,2,0,1,1,0,0,2,14,35
201100034136,11,2,24,1,1,1,8.0,4.0,0.0,7.0,0.0,0.0,2.0,23.0,1,1,2.0,3.0,4.0,1.0,0.0,0.0,1,0.0,1.0,3,2,6,3,0,0,0,9,0,3,0,6,0,9,0,0,0,1,1,0,0,2,9,9
201000032896,10,3,16,1,2,2,1.0,3.0,0.0,7.0,0.0,0.0,2.0,1.0,1,1,4.0,2.0,1.0,1.0,0.0,0.0,1,0.0,1.0,2,1,0,4,0,0,0,4,2,0,0,0,2,4,0,0,0,1,0,0,0,2,12,25
200800064533,8,11,6,1,2,3,1.0,2.0,0.0,30.0,0.0,0.0,9.0,1.0,1,2,4.0,2.0,2.0,1.0,0.0,40.0,1,0.0,1.0,2,2,4,0,0,0,0,4,0,0,0,2,2,2,2,0,0,1,1,0,0,2,9,26
201600050849,16,8,29,1,1,1,1.0,2.0,1.0,7.0,0.0,1.0,0.0,2.0,1,1,4.0,2.0,3.0,1.0,0.0,35.0,1,0.0,1.0,2,2,2,2,0,0,0,4,0,2,0,2,0,2,0,2,0,1,1,0,0,2,10,0
201300016236,13,6,26,2,1,1,1.0,2.0,0.0,7.0,0.0,0.0,2.0,2.0,1,1,2.0,2.0,2.0,1.0,0.0,0.0,1,0.0,1.0,2,2,2,2,0,0,0,4,2,2,0,0,0,4,0,0,0,1,1,0,0,2,7,8
200700032918,7,6,18,5,2,1,1.0,7.0,0.0,2.0,0.0,6.0,0.0,14.0,1,0,3.0,2.0,0.0,2.0,0.0,95.0,1,0.0,1.0,1,4,1,0,0,0,0,1,0,0,1,0,0,1,0,0,0,0,0,1,0,4,23,0
200600070686,6,11,3,5,1,1,1.0,7.0,0.0,7.0,0.0,3.0,2.0,14.0,1,1,1.0,3.0,8.0,1.0,15.0,280.0,1,2.0,1.0,1,2,0,1,0,0,0,1,0,0,0,0,1,0,0,1,0,0,0,1,0,2,19,30
200600027530,6,5,2,1,2,1,1.0,6.0,0.0,7.0,0.0,0.0,1.0,1.0,1,1,4.0,3.0,4.0,1.0,20.0,134.0,1,0.0,1.0,1,1,2,0,0,1,0,1,0,0,2,0,0,1,0,1,0,1,0,0,0,2,14,25
200900030101,9,4,16,1,2,2,1.0,3.0,0.0,7.0,0.0,0.0,2.0,15.0,1,-1,4.0,2.0,2.0,1.0,0.0,90.0,1,0.0,1.0,2,1,2,2,0,0,0,4,0,2,2,0,0,0,0,2,2,1,0,1,0,2,16,40
201100043911,11,1,4,1,2,1,1.0,6.0,0.0,10.0,0.0,8.0,0.0,1.0,1,1,4.0,2.0,2.0,0.0,0.0,60.0,1,0.0,4.0,1,1,2,1,1,0,1,1,0,0,3,0,0,0,0,3,0,1,0,0,0,3,16,5
200500015633,5,3,3,2,2,6,1.0,3.0,0.0,2.0,0.0,0.0,2.0,12.0,1,-1,9.0,1.0,0.0,1.0,0.0,0.0,1,0.0,1.0,2,2,4,0,0,0,0,4,2,2,0,0,0,0,0,4,0,1,0,0,0,2,18,25
201000022213,10,9,1,1,2,1,1.0,6.0,0.0,13.0,0.0,0.0,0.0,0.0,1,1,4.0,0.0,0.0,2.0,0.0,0.0,1,0.0,1.0,2,1,4,0,0,0,0,4,0,4,0,0,0,4,0,0,0,0,0,0,0,2,15,45
201400014520,14,4,26,5,2,1,2.0,6.0,0.0,33.0,0.0,0.0,0.0,1.0,1,2,4.0,3.0,0.0,1.0,0.0,0.0,1,0.0,1.0,1,1,2,0,0,0,1,1,0,0,2,0,0,0,0,1,1,0,0,0,1,2,20,30
201200013976,12,1,17,1,2,3,1.0,3.0,0.0,7.0,0.0,0.0,2.0,15.0,1,1,3.0,2.0,2.0,1.0,0.0,50.0,-1,0.0,1.0,2,2,2,2,0,0,0,4,0,0,4,0,0,4,0,0,0,1,0,0,0,3,13,30
201200051322,12,12,3,1,2,1,4.0,6.0,0.0,32.0,0.0,0.0,1.0,2.0,1,-1,3.0,1.0,1.0,1.0,0.0,34.0,1,0.0,1.0,1,1,1,1,0,1,0,1,1,0,0,0,1,1,1,0,0,0,0,1,0,2,10,50
201000047665,10,3,21,1,2,9,1.0,3.0,0.0,7.0,0.0,0.0,2.0,0.0,1,-1,4.0,3.0,1.0,2.0,0.0,60.0,-1,0.0,1.0,2,2,4,2,0,0,2,4,0,6,0,0,0,0,0,6,0,1,0,0,0,2,16,7
201500035815,15,10,14,1,2,1,1.0,6.0,0.0,7.0,0.0,0.0,1.0,0.0,1,1,4.0,4.0,2.0,2.0,0.0,60.0,1,0.0,1.0,1,1,1,1,0,1,0,1,0,2,0,0,0,1,1,0,0,0,0,1,0,2,18,5
200800047393,8,8,22,1,2,1,1.0,1.0,0.0,2.0,0.0,0.0,2.0,17.0,1,-1,3.0,2.0,2.0,2.0,0.0,0.0,1,0.0,1.0,2,3,4,0,0,0,0,4,0,0,4,0,0,0,2,2,0,1,0,0,0,3,12,45
201700054892,17,9,26,5,2,2,1.0,2.0,2.0,34.0,0.0,0.0,2.0,16.0,1,2,4.0,2.0,2.0,1.0,0.0,0.0,1,0.0,0.0,2,1,4,2,0,0,2,4,0,2,4,0,0,0,0,6,0,1,0,0,0,2,21,50
201300018158,13,11,11,1,2,1,1.0,6.0,0.0,7.0,0.0,8.0,0.0,1.0,1,1,3.0,2.0,2.0,1.0,0.0,64.0,1,0.0,1.0,1,4,1,0,0,0,0,1,0,0,1,0,0,0,0,0,1,1,0,0,0,4,8,30
200700049201,7,8,11,1,2,1,1.0,2.0,0.0,7.0,0.0,0.0,2.0,10.0,1,1,4.0,2.0,2.0,1.0,0.0,70.0,1,0.0,1.0,2,1,0,4,0,0,0,4,0,0,2,0,2,4,0,0,0,1,0,1,0,2,19,15
201200050986,12,11,16,1,1,1,1.0,5.0,0.0,32.0,0.0,0.0,2.0,3.0,1,2,1.0,3.0,6.0,1.0,15.0,105.0,1,0.0,1.0,3,2,9,0,0,0,0,9,0,6,0,3,0,6,0,3,0,1,1,0,0,2,20,32
201100060048,11,5,23,1,2,2,1.0,6.0,0.0,7.0,0.0,0.0,2.0,15.0,1,1,4.0,3.0,2.0,1.0,0.0,190.0,1,0.0,1.0,2,1,4,2,0,2,0,4,2,2,0,0,2,6,0,0,0,1,0,0,1,2,19,30
200600032771,6,6,4,1,2,1,1.0,2.0,0.0,7.0,0.0,0.0,0.0,1.0,1,1,4.0,2.0,6.0,1.0,0.0,0.0,1,0.0,1.0,2,3,2,2,0,0,0,4,0,0,0,0,4,2,0,0,2,1,0,0,0,3,7,0
200700008103,7,2,9,1,2,1,1.0,6.0,0.0,7.0,0.0,0.0,2.0,20.0,1,1,4.0,1.0,1.0,1.0,0.0,85.0,1,0.0,1.0,2,1,2,2,0,0,0,4,0,0,4,0,0,2,0,2,0,1,0,0,0,2,9,45
200600053058,6,7,6,1,1,1,8.0,2.0,0.0,7.0,0.0,4.0,2.0,14.0,1,1,2.0,3.0,3.0,4.0,15.0,144.0,1,3.0,1.0,2,4,2,2,0,0,0,4,0,0,4,0,0,4,0,0,0,1,1,0,0,4,19,35
200800072495,8,12,7,5,2,1,1.0,6.0,0.0,7.0,0.0,6.0,0.0,13.0,1,1,4.0,2.0,2.0,1.0,0.0,100.0,1,0.0,1.0,1,3,2,1,1,0,1,1,0,2,1,0,0,0,1,2,0,1,0,0,0,3,21,20
200600023137,6,4,21,4,1,1,1.0,5.0,0.0,7.0,0.0,0.0,0.0,12.0,1,1,2.0,3.0,4.0,1.0,10.0,140.0,1,0.0,1.0,4,2,28,0,4,0,8,16,0,16,4,0,8,12,0,16,0,1,1,0,0,2,21,20
201100006658,11,3,25,1,2,1,1.0,3.0,0.0,7.0,0.0,0.0,0.0,15.0,1,1,3.0,2.0,2.0,0.0,0.0,40.0,1,0.0,1.0,2,1,2,2,0,0,0,4,0,0,2,0,2,2,0,2,0,1,0,1,0,3,18,15
201100046936,11,12,8,2,2,1,1.0,3.0,0.0,1.0,0.0,0.0,2.0,0.0,1,-1,2.0,1.0,2.0,1.0,0.0,0.0,1,0.0,1.0,2,2,4,0,0,0,0,4,0,0,2,0,2,2,2,0,0,1,0,0,0,2,7,50
200900030023,9,4,28,1,2,1,1.0,5.0,0.0,7.0,0.0,0.0,0.0,23.0,1,1,4.0,2.0,3.0,1.0,0.0,90.0,1,0.0,1.0,3,2,3,6,0,0,0,9,0,0,6,3,0,3,0,6,0,1,1,0,0,2,13,20
200500023572,5,4,7,1,1,6,1.0,6.0,0.0,2.0,0.0,2.0,0.0,1.0,1,2,3.0,2.0,0.0,1.0,0.0,70.0,1,5.0,1.0,1,3,1,0,0,0,0,1,1,0,0,0,0,0,0,1,0,1,0,0,0,3,20,15
201100019814,11,4,14,1,2,1,1.0,2.0,0.0,7.0,0.0,0.0,2.0,2.0,1,1,4.0,3.0,3.0,2.0,0.0,120.0,-1,0.0,1.0,2,1,0,6,2,0,0,4,0,0,6,0,0,2,0,0,4,1,1,0,0,2,19,20
201500012922,15,10,25,1,1,1,1.0,2.0,0.0,1.0,0.0,0.0,2.0,2.0,1,2,5.0,3.0,4.0,1.0,20.0,72.0,1,0.0,1.0,2,4,4,0,0,0,0,4,0,0,2,2,0,2,0,2,0,1,1,0,0,4,15,45
201100052485,11,9,7,1,2,1,1.0,6.0,0.0,7.0,0.0,0.0,1.0,4.0,1,1,4.0,2.0,2.0,1.0,0.0,-1.0,1,0.0,1.0,1,1,0,2,0,1,0,1,2,0,0,0,0,1,1,0,0,0,1,0,0,2,11,30
200500041406,5,7,3,1,1,1,1.0,6.0,0.0,7.0,0.0,13.0,0.0,1.0,1,1,4.0,2.0,2.0,2.0,0.0,52.0,1,0.0,3.0,1,3,1,0,0,0,0,1,0,0,1,0,0,1,0,0,0,1,0,0,0,3,19,50
200500057227,5,9,13,1,2,2,1.0,3.0,0.0,7.0,0.0,8.0,2.0,9.0,1,1,3.0,2.0,2.0,1.0,0.0,60.0,-1,5.0,1.0,2,2,8,0,2,0,2,4,0,4,2,2,0,4,0,4,0,1,0,0,0,3,18,30
200700034954,7,6,26,1,2,2,2.0,1.0,0.0,7.0,0.0,0.0,2.0,21.0,1,1,4.0,2.0,2.0,2.0,0.0,0.0,1,5.0,1.0,2,2,2,4,2,0,0,4,0,2,4,0,0,2,0,0,4,1,0,0,0,3,12,26
200800037804,8,7,22,5,2,1,1.0,6.0,0.0,30.0,0.0,0.0,1.0,1.0,1,2,9.0,3.0,0.0,1.0,30.0,120.0,1,0.0,1.0,1,2,1,3,0,2,1,1,0,1,3,0,0,0,2,0,2,1,0,0,0,3,22,15
201700037513,17,8,13,1,2,6,1.0,3.0,1.0,2.0,0.0,0.0,2.0,1.0,1,2,4.0,2.0,2.0,1.0,0.0,0.0,1,5.0,1.0,2,2,2,0,0,0,0,2,0,0,2,0,0,0,2,0,0,1,1,0,0,2,17,0
200500069559,5,10,5,1,2,1,1.0,6.0,0.0,7.0,0.0,0.0,1.0,21.0,1,1,2.0,2.0,2.0,1.0,0.0,70.0,1,0.0,1.0,1,1,2,0,0,1,0,1,0,2,0,0,0,2,0,0,0,1,0,0,0,2,14,35
200600032741,6,6,8,1,2,4,1.0,3.0,0.0,7.0,0.0,0.0,2.0,15.0,1,1,4.0,1.0,2.0,1.0,0.0,0.0,1,0.0,1.0,2,1,4,0,0,0,0,4,0,2,2,0,0,2,0,2,0,1,0,0,0,2,14,0
200500040859,5,7,17,1,1,1,1.0,7.0,0.0,5.0,0.0,13.0,0.0,1.0,1,2,9.0,2.0,2.0,2.0,0.0,37.0,1,0.0,1.0,1,3,2,0,0,0,1,1,0,1,0,1,0,2,0,0,0,1,0,0,0,3,19,30
201700048619,17,7,4,1,1,1,1.0,2.0,2.0,33.0,0.0,0.0,2.0,1.0,1,2,2.0,1.0,2.0,1.0,0.0,70.0,1,0.0,1.0,2,2,4,0,0,0,0,4,0,0,0,0,4,4,0,0,0,1,0,0,0,2,7,21
201000054179,10,3,18,2,2,3,1.0,6.0,0.0,7.0,0.0,0.0,1.0,18.0,1,1,4.0,2.0,1.0,1.0,0.0,33.0,1,0.0,0.0,1,1,1,1,0,1,0,1,0,0,1,1,0,1,0,0,1,1,0,0,0,2,8,25
201100032508,11,6,17,1,2,1,1.0,7.0,0.0,30.0,0.0,0.0,0.0,1.0,1,2,4.0,2.0,2.0,1.0,0.0,40.0,1,0.0,1.0,1,2,1,0,0,0,0,1,0,1,0,0,0,0,0,1,0,1,0,0,0,2,13,34
200600017264,6,4,26,1,1,1,2.0,7.0,0.0,7.0,0.0,16.0,0.0,1.0,1,1,2.0,3.0,2.0,1.0,0.0,0.0,1,0.0,3.0,1,3,1,1,0,0,1,1,0,1,1,0,0,0,0,0,2,1,0,0,0,3,16,30
201000016485,10,3,30,1,2,1,1.0,6.0,0.0,32.0,0.0,0.0,1.0,1.0,1,2,4.0,2.0,3.0,1.0,0.0,0.0,1,0.0,1.0,1,1,0,2,0,1,0,1,1,0,1,0,0,0,1,1,0,1,0,0,0,2,16,50
201300034420,13,4,25,1,2,1,1.0,3.0,0.0,33.0,0.0,0.0,2.0,1.0,1,2,4.0,3.0,3.0,1.0,34.0,154.0,1,0.0,1.0,2,2,2,4,0,0,2,4,0,0,6,0,0,0,0,6,0,1,0,0,0,2,12,15
200800064636,8,11,25,1,2,1,1.0,3.0,0.0,10.0,0.0,0.0,2.0,15.0,1,1,4.0,2.0,2.0,1.0,0.0,70.0,1,0.0,0.0,2,1,4,0,0,0,0,4,0,0,0,4,0,2,0,2,0,1,0,0,0,2,10,40
200500009821,5,2,25,1,2,9,8.0,6.0,0.0,7.0,0.0,0.0,1.0,2.0,1,-1,4.0,0.0,0.0,0.0,0.0,0.0,1,0.0,1.0,1,1,1,1,0,1,0,1,1,0,1,0,0,1,1,0,0,1,0,0,0,2,17,5
201000014175,10,2,5,1,1,1,2.0,2.0,0.0,7.0,0.0,0.0,2.0,2.0,1,1,3.0,2.0,0.0,1.0,0.0,0.0,1,0.0,1.0,2,2,2,2,0,0,0,4,0,0,0,2,2,2,0,2,0,1,1,0,0,2,9,15
201000015173,10,8,9,1,1,1,1.0,6.0,0.0,7.0,0.0,8.0,0.0,1.0,1,1,4.0,2.0,2.0,1.0,0.0,45.0,1,0.0,3.0,1,4,0,1,0,0,0,1,0,0,0,0,1,0,0,1,0,0,0,0,1,4,13,0
201000004348,10,9,2,1,1,1,1.0,3.0,0.0,7.0,0.0,0.0,2.0,19.0,1,1,3.0,2.0,2.0,1.0,0.0,66.0,1,0.0,1.0,2,1,2,4,2,0,0,4,2,2,0,0,2,2,0,2,2,1,0,0,0,3,8,30
200700024388,7,4,30,1,2,1,1.0,3.0,0.0,7.0,0.0,0.0,2.0,1.0,1,1,4.0,2.0,2.0,1.0,0.0,80.0,1,0.0,1.0,2,2,4,0,0,0,0,4,0,2,0,2,0,2,0,2,0,1,1,0,0,2,10,55
201200054019,12,2,21,1,2,1,1.0,3.0,0.0,32.0,0.0,0.0,2.0,10.0,1,2,4.0,2.0,4.0,1.0,0.0,140.0,1,0.0,1.0,2,2,4,0,0,0,0,4,0,2,0,0,2,4,0,0,0,1,0,1,0,2,9,0
200800021642,8,4,1,5,2,1,1.0,2.0,0.0,7.0,0.0,0.0,2.0,20.0,1,1,4.0,1.0,2.0,1.0,0.0,105.0,1,0.0,1.0,2,1,6,0,0,0,2,4,0,2,4,0,0,2,0,2,2,1,1,0,0,3,22,0
201100005628,11,10,4,5,2,1,1.0,3.0,0.0,15.0,0.0,0.0,0.0,15.0,1,1,3.0,2.0,0.0,4.0,0.0,0.0,1,5.0,1.0,2,1,4,0,0,0,0,4,0,0,0,2,2,2,0,2,0,1,0,0,0,3,6,30
201500027785,15,3,12,1,2,6,1.0,3.0,0.0,7.0,0.0,0.0,2.0,1.0,1,1,4.0,2.0,2.0,1.0,0.0,85.0,1,5.0,1.0,2,1,4,0,0,0,0,4,0,0,4,0,0,0,0,2,2,1,0,0,0,2,13,30
201400051068,14,10,24,1,2,1,1.0,2.0,0.0,7.0,0.0,0.0,2.0,2.0,1,1,4.0,2.0,2.0,1.0,0.0,70.0,1,0.0,1.0,2,3,2,2,0,0,0,4,0,4,0,0,0,2,0,2,0,1,1,0,0,3,14,0
201000036672,10,10,29,1,2,1,1.0,3.0,0.0,1.0,0.0,0.0,2.0,0.0,1,-1,4.0,2.0,2.0,1.0,0.0,0.0,1,0.0,1.0,2,3,2,2,0,0,0,4,2,2,0,0,0,4,0,0,0,0,0,0,0,3,9,50
201000022216,10,2,5,1,2,1,1.0,6.0,0.0,7.0,0.0,3.0,0.0,1.0,1,-1,4.0,0.0,0.0,1.0,0.0,0.0,1,0.0,0.0,1,2,1,0,0,0,0,1,0,1,0,0,0,0,0,1,0,1,0,0,0,2,11,50
201400007611,14,3,6,1,1,1,1.0,3.0,0.0,7.0,0.0,0.0,2.0,19.0,1,1,3.0,2.0,2.0,1.0,0.0,77.0,1,5.0,1.0,2,3,4,0,0,0,0,4,0,0,0,0,4,2,0,0,2,1,0,1,0,3,7,45
201600031288,16,11,21,3,2,2,3.0,3.0,1.0,7.0,0.0,0.0,0.0,0.0,1,1,4.0,2.0,2.0,1.0,0.0,0.0,-1,0.0,1.0,2,1,4,0,0,0,0,4,0,4,0,0,0,2,0,2,0,0,0,0,0,3,18,50
200800016680,8,3,15,2,2,1,3.0,3.0,0.0,7.0,0.0,2.0,2.0,1.0,1,1,3.0,2.0,2.0,1.0,0.0,70.0,1,0.0,1.0,2,1,2,2,0,0,0,4,0,2,2,0,0,4,0,0,0,1,1,0,0,3,18,0
200800019720,8,4,28,1,2,1,8.0,6.0,0.0,7.0,0.0,0.0,1.0,1.0,1,1,4.0,2.0,2.0,1.0,0.0,60.0,1,0.0,1.0,1,1,1,1,0,1,0,1,0,2,0,0,0,0,1,1,0,1,0,0,0,2,16,30
201500038262,15,4,7,1,2,2,1.0,1.0,0.0,7.0,0.0,0.0,2.0,17.0,1,-1,4.0,1.0,1.0,1.0,0.0,0.0,1,0.0,1.0,2,1,0,4,0,0,0,4,4,0,0,0,0,2,0,2,0,1,0,0,0,2,15,0
201500040422,15,11,1,5,2,1,1.0,6.0,0.0,7.0,0.0,1.0,0.0,21.0,1,-1,4.0,2.0,1.0,1.0,0.0,0.0,1,0.0,1.0,1,1,0,2,0,0,1,1,0,0,2,0,0,1,1,0,0,0,0,1,0,2,1,45
200500020034,5,4,7,1,2,2,1.0,3.0,0.0,1.0,0.0,0.0,2.0,1.0,1,-1,9.0,0.0,2.0,1.0,0.0,0.0,1,0.0,1.0,2,2,0,4,0,0,0,4,2,2,0,0,0,4,0,0,0,1,0,0,0,2,12,21
200900050983,9,6,25,1,2,3,1.0,3.0,0.0,1.0,0.0,0.0,0.0,0.0,1,0,4.0,2.0,1.0,1.0,0.0,0.0,1,0.0,1.0,2,3,4,0,0,0,0,4,0,0,4,0,0,0,4,0,0,1,1,0,0,3,19,5
201600008468,16,10,28,1,1,1,1.0,1.0,2.0,33.0,0.0,0.0,2.0,13.0,1,2,3.0,2.0,0.0,2.0,0.0,70.0,1,0.0,1.0,2,3,2,4,0,0,2,4,0,2,4,0,0,2,0,4,0,1,0,0,0,3,16,15