Num_Acc,an,mois,jour,lum,agg,int,atm,col,senc,catv,occutc,obs,obsm,manv,catu,secu,catr,circ,nbv,prof,lartpc,larrout,surf,infra,situ,nb_veh,grav_simpl,Homme,Femme,Arrière,Autre_x,Avant,Conducteur,Autre_y,Inconnu,Loisirs,Professionnel,Travail,Adulte,Enfant,Jeune,Senior,choc_avant,choc_arriere,choc_lateral,choc_multiple,grav_order_max,heure,minute
201300020476,13,5,2,1,2,1,1.0,1.0,0.0,1.0,0.0,0.0,2.0,13.0,1,-1,4.0,2.0,2.0,1.0,0.0,0.0,1,0.0,1.0,2,2,2,2,0,0,0,4,0,0,4,0,0,0,0,4,0,1,0,0,0,2,16,45
201700019115,17,4,30,1,1,1,6.0,7.0,0.0,33.0,0.0,3.0,0.0,2.0,1,2,3.0,2.0,2.0,1.0,0.0,0.0,1,0.0,1.0,1,3,1,0,0,0,0,1,0,0,1,0,0,1,0,0,0,0,0,1,0,3,11,10
201300010350,13,7,30,1,2,1,1.0,6.0,0.0,32.0,0.0,0.0,9.0,1.0,1,2,4.0,2.0,2.0,2.0,0.0,110.0,1,0.0,1.0,1,4,1,0,0,0,0,1,0,1,0,0,0,0,0,0,1,0,0,0,0,4,18,0
201300031952,13,11,25,5,2,3,1.0,3.0,0.0,7.0,0.0,0.0,0.0,1.0,1,1,4.0,2.0,2.0,1.0,0.0,60.0,1,0.0,1.0,2,1,4,2,0,0,2,4,0,6,0,0,0,2,0,4,0,1,0,1,0,2,19,25
200500001443,5,1,1,3,1,1,9.0,6.0,0.0,7.0,0.0,0.0,0.0,1.0,1,1,3.0,2.0,0.0,1.0,0.0,57.0,0,0.0,1.0,1,3,0,1,0,0,0,1,0,0,0,0,1,1,0,0,0,1,0,0,0,3,6,30
201700028628,17,5,14,5,2,1,1.0,7.0,1.0,2.0,0.0,12.0,0.0,0.0,1,-1,4.0,0.0,1.0,1.0,0.0,53.0,1,0.0,0.0,1,3,1,0,0,0,0,1,0,0,1,0,0,1,0,0,0,0,0,0,0,3,0,5
201500053593,15,11,4,1,2,5,2.0,7.0,0.0,30.0,0.0,0.0,0.0,16.0,1,2,4.0,2.0,1.0,2.0,0.0,60.0,1,0.0,1.0,1,2,1,0,0,0,0,1,0,0,1,0,0,1,0,0,0,0,0,1,0,2,10,55
201500040352,15,12,5,1,2,6,8.0,4.0,0.0,7.0,0.0,0.0,0.0,0.0,1,-1,9.0,1.0,3.0,1.0,0.0,0.0,1,0.0,1.0,3,1,6,6,3,0,0,9,0,12,0,0,0,3,3,6,0,1,0,0,0,3,15,40
201100041720,11,12,31,1,2,3,1.0,5.0,0.0,7.0,0.0,0.0,2.0,1.0,1,1,3.0,3.0,2.0,2.0,0.0,0.0,1,5.0,1.0,3,1,3,6,0,0,0,9,0,0,9,0,0,9,0,0,0,1,0,1,0,3,14,0
201100030348,11,1,11,5,2,1,2.0,3.0,0.0,7.0,0.0,0.0,2.0,1.0,1,1,2.0,3.0,4.0,1.0,0.0,200.0,1,0.0,1.0,2,2,4,0,0,0,0,4,0,0,2,2,0,4,0,0,0,1,0,1,0,2,22,15
201600043864,16,1,26,5,2,2,1.0,2.0,2.0,7.0,0.0,0.0,2.0,1.0,1,-1,3.0,2.0,2.0,1.0,0.0,75.0,1,0.0,1.0,2,1,2,2,0,0,0,4,2,0,0,0,2,2,0,2,0,0,1,1,0,3,7,30
201700042544,17,7,2,1,2,2,1.0,3.0,2.0,33.0,0.0,0.0,2.0,9.0,2,-1,4.0,2.0,0.0,1.0,0.0,0.0,1,0.0,1.0,2,2,2,2,0,0,2,2,0,4,0,0,0,2,0,2,0,1,0,1,0,2,18,40
201200023443,12,6,30,1,2,1,1.0,7.0,0.0,7.0,0.0,8.0,0.0,0.0,1,1,4.0,0.0,2.0,1.0,0.0,0.0,-1,0.0,0.0,1,1,2,0,0,1,0,1,0,2,0,0,0,2,0,0,0,1,0,0,0,2,10,0
201300056599,13,9,4,1,2,1,1.0,2.0,0.0,33.0,0.0,0.0,2.0,2.0,1,2,4.0,1.0,4.0,1.0,15.0,140.0,1,0.0,1.0,2,2,4,0,0,0,0,4,0,0,4,0,0,2,0,2,0,1,1,0,0,2,20,20
201400015499,14,9,29,1,2,1,1.0,7.0,1.0,7.0,0.0,0.0,1.0,1.0,3,-1,4.0,1.0,0.0,2.0,0.0,0.0,1,0.0,1.0,1,2,0,1,0,1,0,0,0,1,0,0,0,0,1,0,0,0,0,0,0,2,18,30
200700041900,7,7,25,1,2,1,1.0,5.0,0.0,1.0,0.0,0.0,2.0,13.0,1,-1,4.0,1.0,3.0,1.0,0.0,0.0,1,0.0,1.0,3,2,6,3,0,0,0,9,0,0,6,0,3,6,0,3,0,1,0,0,0,2,20,30
200700060573,7,10,29,1,2,1,1.0,6.0,0.0,7.0,0.0,2.0,0.0,1.0,1,1,3.0,2.0,2.0,1.0,0.0,67.0,1,0.0,3.0,1,4,1,0,0,0,0,1,0,0,0,0,1,0,0,1,0,0,0,1,0,4,7,30
200500009373,5,2,5,5,2,1,1.0,3.0,0.0,7.0,0.0,14.0,2.0,19.0,1,-1,2.0,3.0,1.0,1.0,15.0,50.0,1,5.0,1.0,2,1,8,6,6,0,4,4,0,10,4,0,0,0,2,12,0,1,0,0,0,3,3,40
200500014718,5,3,25,1,2,1,1.0,4.0,0.0,7.0,0.0,0.0,2.0,1.0,1,1,4.0,2.0,2.0,1.0,0.0,128.0,1,0.0,1.0,3,1,6,3,0,0,0,9,0,0,3,0,6,9,0,0,0,1,1,0,0,2,8,30
201600042237,16,7,7,1,2,4,1.0,3.0,0.0,32.0,0.0,0.0,2.0,0.0,1,2,3.0,1.0,1.0,1.0,0.0,0.0,1,0.0,1.0,2,2,4,0,0,0,0,4,0,0,4,0,0,2,0,2,0,0,0,1,0,2,17,35
201300015984,13,11,4,1,2,1,3.0,6.0,0.0,7.0,0.0,0.0,1.0,1.0,1,1,4.0,0.0,1.0,1.0,0.0,0.0,-1,0.0,1.0,1,1,1,1,0,1,0,1,0,0,1,0,1,1,0,0,1,1,0,0,0,2,17,20
200600017418,6,4,2,5,2,7,1.0,7.0,0.0,2.0,0.0,12.0,0.0,1.0,1,2,4.0,1.0,0.0,0.0,0.0,43.0,-1,0.0,1.0,1,3,1,0,0,0,0,1,0,0,1,0,0,0,1,0,0,1,0,0,0,3,1,0
201400027158,14,3,29,1,2,1,1.0,7.0,0.0,2.0,0.0,0.0,2.0,1.0,1,2,4.0,2.0,2.0,1.0,0.0,60.0,1,0.0,1.0,1,2,1,0,0,0,0,1,0,0,1,0,0,1,0,0,0,1,0,0,0,2,15,5
201300010557,13,9,5,1,2,1,1.0,6.0,0.0,30.0,0.0,0.0,1.0,0.0,1,2,3.0,2.0,2.0,1.0,0.0,0.0,1,0.0,1.0,1,1,2,0,0,1,0,1,0,2,0,0,0,1,0,1,0,1,0,0,0,2,12,50
200600065352,6,10,24,1,1,1,1.0,2.0,1.0,99.0,0.0,0.0,0.0,0.0,2,2,1.0,1.0,4.0,2.0,20.0,140.0,1,0.0,1.0,2,2,0,4,0,2,0,2,0,2,0,0,2,4,0,0,0,1,0,0,0,2,8,30
200700064026,7,10,16,2,1,3,1.0,3.0,0.0,7.0,0.0,0.0,2.0,1.0,1,1,1.0,1.0,2.0,3.0,30.0,60.0,-1,2.0,1.0,2,1,6,0,0,0,2,4,0,2,0,2,2,2,0,4,0,1,0,0,0,3,7,40
201400024934,14,1,10,1,1,1,1.0,1.0,0.0,7.0,0.0,0.0,0.0,15.0,1,1,3.0,2.0,0.0,1.0,80.0,0.0,1,0.0,1.0,2,1,2,2,0,0,0,4,0,0,4,0,0,0,0,0,4,1,1,0,0,3,10,45
201600036018,16,4,26,1,2,1,2.0,7.0,2.0,30.0,0.0,0.0,0.0,0.0,1,2,4.0,3.0,6.0,1.0,50.0,180.0,1,0.0,1.0,1,2,0,1,0,0,0,1,0,0,0,0,1,0,0,1,0,0,0,1,0,2,8,52
200700078379,7,12,18,2,2,1,1.0,6.0,0.0,2.0,0.0,0.0,1.0,1.0,1,2,4.0,1.0,2.0,1.0,0.0,58.0,1,0.0,1.0,1,2,2,0,0,1,0,1,1,0,1,0,0,0,1,1,0,1,0,0,0,2,7,50
200900017432,9,6,15,1,2,1,1.0,3.0,0.0,31.0,0.0,0.0,2.0,1.0,1,2,4.0,2.0,0.0,1.0,0.0,76.0,1,5.0,1.0,2,2,0,4,0,0,0,4,2,0,2,0,0,2,0,2,0,1,0,0,0,2,15,15
201000027787,10,9,18,3,2,1,1.0,6.0,0.0,7.0,0.0,0.0,1.0,0.0,1,-1,4.0,0.0,2.0,0.0,0.0,98.0,1,0.0,1.0,1,2,0,1,0,0,0,1,0,1,0,0,0,0,0,1,0,0,0,0,0,2,20,15
201200028702,12,6,6,1,2,3,1.0,3.0,0.0,7.0,0.0,0.0,2.0,15.0,1,1,4.0,2.0,2.0,1.0,0.0,30.0,1,5.0,1.0,2,1,2,2,0,0,0,4,2,0,0,0,2,2,0,0,2,1,0,1,0,3,6,50
201200014179,12,4,2,1,2,1,1.0,5.0,0.0,7.0,0.0,0.0,0.0,0.0,1,1,4.0,2.0,0.0,1.0,0.0,0.0,1,0.0,1.0,3,2,6,3,0,0,0,9,0,9,0,0,0,6,0,3,0,0,0,0,0,2,19,0
201000029413,10,8,7,1,2,1,1.0,6.0,0.0,7.0,0.0,0.0,1.0,23.0,1,1,4.0,1.0,1.0,1.0,0.0,34.0,1,0.0,1.0,1,1,0,2,0,1,0,1,1,0,1,0,0,1,0,0,1,0,1,0,0,2,9,15
201700011531,17,7,5,1,1,1,1.0,6.0,2.0,17.0,0.0,1.0,1.0,14.0,1,1,2.0,3.0,4.0,1.0,26.0,74.0,1,0.0,2.0,1,1,1,1,0,1,0,1,0,0,0,1,1,2,0,0,0,1,0,0,0,4,13,1
201200000176,12,5,28,1,1,4,1.0,5.0,0.0,7.0,0.0,0.0,2.0,1.0,1,1,3.0,2.0,0.0,1.0,0.0,60.0,1,0.0,1.0,3,1,9,0,0,0,0,9,0,0,9,0,0,6,0,0,3,1,1,0,0,3,10,30
200500005609,5,1,29,1,2,1,1.0,6.0,0.0,7.0,0.0,0.0,1.0,15.0,1,-1,4.0,1.0,1.0,2.0,0.0,37.0,1,0.0,1.0,1,1,1,1,0,1,0,1,0,1,1,0,0,1,0,0,1,0,0,1,0,3,15,23
201600035955,16,2,12,5,2,3,2.0,3.0,1.0,2.0,0.0,0.0,2.0,1.0,1,2,4.0,1.0,1.0,1.0,0.0,30.0,1,0.0,1.0,2,2,2,2,0,0,0,4,0,0,2,2,0,2,0,2,0,1,0,0,0,2,20,26
201700022478,17,9,26,1,1,1,1.0,6.0,1.0,7.0,0.0,0.0,2.0,1.0,1,1,4.0,2.0,2.0,1.0,0.0,60.0,1,0.0,1.0,3,1,3,6,0,0,0,9,6,3,0,0,0,6,0,3,0,1,0,1,0,2,17,35
200500037280,5,6,10,2,1,1,1.0,6.0,0.0,7.0,0.0,2.0,0.0,14.0,1,1,2.0,3.0,4.0,1.0,20.0,140.0,1,1.0,3.0,1,3,1,0,0,0,0,1,1,0,0,0,0,0,0,0,1,1,0,0,0,3,5,40
200800038950,8,7,27,5,2,1,1.0,2.0,0.0,30.0,0.0,0.0,2.0,11.0,1,2,4.0,1.0,3.0,2.0,0.0,0.0,1,0.0,1.0,2,2,4,0,0,0,0,4,0,0,4,0,0,0,0,4,0,1,1,0,0,2,2,10
200600063105,6,10,3,5,2,2,2.0,2.0,0.0,2.0,0.0,0.0,2.0,7.0,1,2,4.0,1.0,2.0,1.0,0.0,60.0,1,0.0,1.0,2,2,4,0,0,0,0,4,0,0,0,4,0,2,2,0,0,1,1,0,0,2,7,25
201700010639,17,9,2,1,2,1,1.0,6.0,2.0,7.0,0.0,0.0,2.0,13.0,1,-1,4.0,2.0,2.0,1.0,0.0,0.0,1,0.0,1.0,2,1,2,2,0,0,0,4,4,0,0,0,0,0,0,2,2,1,0,1,0,2,19,30
200600011842,6,3,29,1,2,7,1.0,3.0,0.0,2.0,0.0,0.0,2.0,2.0,1,2,4.0,1.0,1.0,2.0,0.0,57.0,1,5.0,1.0,2,2,4,2,0,0,2,4,0,2,4,0,0,2,4,0,0,1,1,0,0,2,17,40
201100003994,11,2,23,2,1,1,2.0,5.0,0.0,7.0,0.0,0.0,2.0,1.0,1,1,3.0,2.0,2.0,1.0,0.0,75.0,1,0.0,1.0,3,1,12,3,3,0,3,9,0,9,3,0,3,6,3,3,3,1,0,0,0,4,18,15
201300053285,13,11,6,1,2,5,1.0,3.0,0.0,13.0,0.0,0.0,0.0,16.0,1,1,4.0,1.0,1.0,1.0,0.0,0.0,1,0.0,1.0,2,1,2,2,0,0,0,4,2,0,0,2,0,2,0,2,0,1,1,0,0,2,8,45
201700003104,17,5,3,1,2,1,1.0,6.0,0.0,7.0,0.0,0.0,1.0,1.0,1,1,3.0,2.0,2.0,1.0,0.0,0.0,1,0.0,1.0,1,3,2,1,0,1,1,1,0,0,2,1,0,1,0,1,1,1,0,0,0,3,12,10
201600024221,16,10,8,5,2,1,1.0,7.0,1.0,30.0,0.0,0.0,0.0,21.0,1,2,4.0,1.0,3.0,1.0,0.0,151.0,1,0.0,1.0,1,2,1,0,0,0,0,1,1,0,0,0,0,0,0,1,0,0,0,0,0,2,22,30
201300055593,13,4,30,1,2,1,8.0,2.0,0.0,7.0,0.0,0.0,2.0,1.0,1,1,4.0,1.0,4.0,1.0,0.0,200.0,1,1.0,1.0,2,1,2,2,0,0,0,4,0,0,2,2,0,4,0,0,0,0,0,1,0,2,14,15
201300033302,13,3,15,1,2,2,1.0,6.0,0.0,7.0,0.0,0.0,2.0,15.0,1,1,4.0,2.0,2.0,1.0,0.0,80.0,1,0.0,1.0,2,1,2,2,0,0,0,4,0,0,0,2,2,4,0,0,0,1,0,0,0,2,16,50
201300047426,13,2,19,1,1,1,1.0,2.0,0.0,7.0,0.0,0.0,2.0,2.0,1,1,1.0,3.0,2.0,0.0,20.0,70.0,1,0.0,1.0,2,1,4,4,2,0,2,4,2,4,0,2,0,2,0,4,2,1,1,0,0,2,16,12
201500000620,15,10,4,1,1,1,1.0,1.0,0.0,7.0,0.0,0.0,2.0,1.0,1,1,3.0,2.0,0.0,3.0,0.0,0.0,1,0.0,1.0,2,1,2,2,0,0,0,4,0,0,4,0,0,2,0,0,2,1,0,0,0,3,15,0
201400006852,14,2,21,3,1,1,1.0,3.0,0.0,2.0,0.0,0.0,2.0,1.0,1,2,3.0,2.0,0.0,0.0,0.0,100.0,1,5.0,1.0,2,3,2,2,0,0,0,4,0,2,2,0,0,2,2,0,0,1,0,0,0,3,18,15
201200056244,12,9,28,5,2,3,1.0,6.0,0.0,7.0,0.0,1.0,0.0,14.0,1,-1,4.0,1.0,1.0,2.0,0.0,0.0,1,0.0,1.0,1,2,1,0,0,0,0,1,0,1,0,0,0,1,0,0,0,0,0,0,1,2,21,50
200600024679,6,5,6,1,1,1,1.0,1.0,0.0,7.0,0.0,0.0,0.0,0.0,1,1,2.0,2.0,2.0,1.0,0.0,150.0,1,5.0,1.0,2,3,4,2,0,0,2,4,0,2,4,0,0,2,0,0,4,1,0,0,0,3,16,30
200500011414,5,2,28,2,1,1,1.0,2.0,0.0,17.0,0.0,0.0,0.0,2.0,1,1,1.0,3.0,2.0,1.0,30.0,105.0,1,0.0,1.0,2,1,6,4,4,0,2,4,0,6,2,2,0,6,4,0,0,1,1,0,0,2,7,15
200900036168,9,5,22,5,1,1,1.0,7.0,0.0,7.0,0.0,13.0,0.0,1.0,1,1,3.0,2.0,2.0,2.0,74.0,0.0,1,0.0,1.0,1,2,1,0,0,0,0,1,0,0,1,0,0,0,0,1,0,1,0,0,0,2,22,30
200700034207,7,6,11,1,2,2,1.0,3.0,0.0,10.0,0.0,0.0,2.0,1.0,1,1,4.0,2.0,2.0,1.0,0.0,0.0,1,0.0,1.0,2,1,2,2,0,0,0,4,0,4,0,0,0,0,0,2,2,1,0,0,0,2,7,55
201100050377,11,10,1,1,2,1,1.0,6.0,1.0,7.0,0.0,0.0,1.0,0.0,3,-1,4.0,1.0,1.0,2.0,0.0,59.0,1,0.0,1.0,1,3,1,0,0,1,0,0,1,0,0,0,0,0,1,0,0,1,0,0,0,3,18,50
201500039777,15,5,31,1,2,3,2.0,6.0,0.0,7.0,0.0,1.0,1.0,2.0,1,-1,4.0,2.0,2.0,1.0,0.0,0.0,1,0.0,1.0,1,1,2,0,0,1,0,1,1,1,0,0,0,0,1,1,0,1,0,0,0,2,16,10
200500004811,5,1,15,1,2,1,1.0,7.0,0.0,5.0,0.0,0.0,0.0,1.0,1,2,4.0,1.0,2.0,1.0,0.0,60.0,1,0.0,1.0,1,2,1,0,0,0,0,1,0,0,0,1,0,0,0,1,0,1,0,0,0,2,12,15
200600008301,6,2,24,5,2,3,1.0,7.0,0.0,2.0,0.0,0.0,0.0,15.0,1,2,4.0,2.0,2.0,1.0,0.0,117.0,1,0.0,1.0,2,1,4,0,0,0,0,4,0,0,0,4,0,0,0,4,0,0,1,0,0,2,5,25
201600001332,16,6,25,1,1,1,1.0,6.0,2.0,31.0,0.0,14.0,0.0,1.0,1,2,3.0,2.0,2.0,1.0,0.0,60.0,1,0.0,1.0,1,1,2,0,0,0,1,1,0,1,1,0,0,0,1,1,0,1,0,0,0,3,15,30
200900061722,9,4,26,1,2,1,1.0,6.0,0.0,7.0,0.0,0.0,1.0,1.0,3,-1,3.0,2.0,3.0,1.0,0.0,0.0,1,0.0,1.0,1,2,1,1,0,1,0,1,0,1,1,0,0,1,0,1,0,1,0,0,0,2,19,0
200800023000,8,3,5,1,2,1,1.0,6.0,0.0,34.0,0.0,0.0,2.0,18.0,1,2,2.0,3.0,3.0,1.0,0.0,0.0,1,0.0,1.0,2,2,4,0,0,0,0,4,0,4,0,0,0,4,0,0,0,1,1,0,0,2,9,50
201700015379,17,6,21,1,1,2,1.0,3.0,1.0,2.0,0.0,0.0,2.0,1.0,1,2,3.0,2.0,2.0,4.0,0.0,50.0,1,0.0,1.0,2,3,4,0,0,0,0,4,0,0,2,0,2,2,2,0,0,1,0,1,0,3,14,35
200500019610,5,4,27,1,2,6,1.0,3.0,0.0,10.0,0.0,0.0,2.0,0.0,1,1,4.0,2.0,2.0,1.0,0.0,70.0,1,5.0,1.0,2,1,4,0,0,0,0,4,0,2,0,2,0,4,0,0,0,1,0,0,0,3,12,15
201100005283,11,11,30,1,2,1,1.0,1.0,0.0,10.0,0.0,0.0,2.0,19.0,1,1,3.0,2.0,2.0,1.0,0.0,0.0,1,0.0,1.0,2,1,2,2,0,0,0,4,0,0,2,2,0,2,2,0,0,1,0,1,0,2,15,45
200800042715,8,1,5,5,2,1,1.0,1.0,0.0,7.0,0.0,0.0,2.0,1.0,1,1,2.0,2.0,4.0,1.0,0.0,120.0,1,0.0,1.0,2,3,4,0,0,0,0,4,0,2,2,0,0,2,0,0,2,1,0,0,0,3,8,36
201400040300,14,10,15,1,2,2,2.0,6.0,0.0,2.0,0.0,0.0,0.0,1.0,1,2,3.0,2.0,2.0,1.0,0.0,68.0,1,0.0,1.0,1,2,0,1,0,0,0,1,1,0,0,0,0,0,0,1,0,1,0,0,0,2,17,20
201000003611,10,5,15,1,2,1,1.0,7.0,0.0,30.0,0.0,0.0,0.0,1.0,1,2,4.0,2.0,2.0,1.0,50.0,0.0,1,0.0,3.0,1,3,1,0,0,0,0,1,0,0,1,0,0,0,1,0,0,0,0,1,0,3,14,45
201200001019,12,4,26,2,1,1,1.0,7.0,0.0,7.0,0.0,2.0,0.0,13.0,1,1,3.0,2.0,2.0,1.0,0.0,60.0,1,0.0,3.0,1,4,1,0,0,0,0,1,0,0,1,0,0,1,0,0,0,0,0,0,1,4,20,15
201100024750,11,1,18,5,2,1,1.0,6.0,1.0,7.0,0.0,0.0,1.0,1.0,3,-1,3.0,3.0,4.0,1.0,51.0,140.0,1,0.0,1.0,1,3,1,0,0,1,0,0,1,0,0,0,0,0,0,0,1,1,0,0,0,3,18,25
201000027064,10,10,4,1,2,2,1.0,6.0,0.0,37.0,0.0,0.0,1.0,15.0,1,-1,4.0,2.0,1.0,1.0,0.0,0.0,1,5.0,1.0,1,1,1,1,0,1,0,1,0,1,0,1,0,1,0,0,1,1,0,0,0,2,16,10
200500025719,5,5,27,3,1,1,1.0,1.0,0.0,7.0,0.0,2.0,0.0,1.0,1,1,3.0,3.0,2.0,1.0,0.0,60.0,1,0.0,1.0,2,2,4,0,0,0,0,4,0,0,0,0,4,4,0,0,0,1,0,0,0,3,4,45
201200037268,12,8,11,1,2,2,1.0,2.0,1.0,7.0,0.0,0.0,0.0,0.0,1,2,4.0,3.0,7.0,1.0,0.0,109.0,1,1.0,1.0,2,2,2,0,0,0,0,2,0,0,2,0,0,0,0,2,0,1,0,0,0,2,9,40
201100030353,11,1,22,1,2,1,1.0,5.0,0.0,7.0,0.0,0.0,2.0,2.0,1,1,2.0,3.0,4.0,1.0,0.0,0.0,1,0.0,1.0,4,1,4,12,0,0,4,12,8,0,8,0,0,4,0,12,0,1,1,0,0,2,15,30
200900002693,9,4,2,5,2,1,1.0,6.0,0.0,37.0,25.0,0.0,1.0,1.0,1,-1,4.0,2.0,2.0,2.0,0.0,186.0,1,0.0,1.0,1,1,2,0,0,1,0,1,0,1,0,1,0,1,0,0,1,0,0,1,0,3,20,2
201500020271,15,10,6,1,2,1,3.0,7.0,0.0,7.0,0.0,0.0,1.0,2.0,1,1,3.0,1.0,2.0,1.0,0.0,0.0,1,0.0,1.0,1,1,0,2,0,1,0,1,1,0,1,0,0,0,0,0,2,1,0,0,0,2,9,50
201100062259,11,10,19,5,2,4,2.0,7.0,0.0,31.0,0.0,0.0,0.0,1.0,1,2,4.0,1.0,1.0,2.0,0.0,0.0,1,0.0,1.0,1,2,1,0,0,0,0,1,0,0,0,0,1,1,0,0,0,1,0,0,0,2,2,40
200900003473,9,1,12,1,2,1,1.0,2.0,0.0,7.0,0.0,0.0,2.0,1.0,1,-1,4.0,3.0,4.0,1.0,0.0,0.0,1,5.0,1.0,2,2,2,2,0,0,0,4,0,0,4,0,0,0,0,4,0,1,1,0,0,2,13,0
200900045920,9,8,23,5,2,1,1.0,7.0,0.0,30.0,0.0,0.0,0.0,1.0,2,2,4.0,2.0,2.0,1.0,0.0,0.0,1,0.0,1.0,1,2,2,0,1,0,0,1,0,0,2,0,0,0,0,2,0,0,0,1,0,2,5,29
200800024485,8,5,26,1,2,1,2.0,6.0,0.0,7.0,0.0,0.0,1.0,1.0,1,-1,4.0,2.0,2.0,1.0,0.0,64.0,1,0.0,1.0,1,1,1,1,0,1,0,1,1,0,1,0,0,0,0,2,0,1,0,0,0,3,18,30
201200018757,12,1,25,1,1,1,1.0,3.0,0.0,1.0,0.0,0.0,2.0,13.0,1,2,3.0,2.0,2.0,2.0,0.0,56.0,1,0.0,1.0,2,3,4,6,4,0,2,4,0,6,4,0,0,0,2,8,0,1,0,0,0,3,15,30
200700059126,7,9,14,5,1,1,1.0,2.0,0.0,7.0,0.0,10.0,2.0,1.0,1,1,9.0,1.0,2.0,1.0,0.0,35.0,1,1.0,1.0,2,1,4,0,0,0,0,4,0,0,2,0,2,4,0,0,0,1,1,0,0,3,21,58
201200026854,12,10,2,1,2,5,2.0,2.0,0.0,7.0,0.0,0.0,2.0,1.0,1,1,2.0,3.0,4.0,2.0,0.0,0.0,1,0.0,1.0,2,1,4,0,0,0,0,4,0,0,0,0,4,0,0,2,2,0,1,1,0,2,17,25
201000006136,10,8,8,1,2,2,1.0,2.0,0.0,1.0,0.0,0.0,2.0,16.0,1,2,3.0,2.0,2.0,4.0,0.0,38.0,1,0.0,1.0,2,3,4,0,0,0,0,4,0,0,4,0,0,2,0,0,2,1,1,0,0,3,12,45
201300043033,13,9,13,1,2,1,1.0,6.0,0.0,7.0,0.0,0.0,1.0,1.0,1,1,2.0,2.0,4.0,1.0,0.0,0.0,1,0.0,1.0,1,1,0,2,0,1,0,1,2,0,0,0,0,1,1,0,0,1,0,0,0,2,13,20
201400005731,14,10,31,1,2,1,1.0,6.0,0.0,30.0,0.0,0.0,1.0,1.0,1,2,2.0,2.0,2.0,2.0,0.0,80.0,1,0.0,1.0,1,1,2,0,0,1,0,1,0,0,1,0,1,1,0,0,1,1,0,0,0,4,16,45
201300016527,13,10,28,5,2,1,1.0,6.0,0.0,30.0,0.0,1.0,0.0,1.0,1,2,3.0,0.0,2.0,1.0,16.0,37.0,1,0.0,3.0,1,2,1,0,0,0,0,1,0,0,1,0,0,1,0,0,0,1,0,0,0,2,23,50
200500030382,5,5,23,1,2,1,1.0,3.0,0.0,7.0,0.0,0.0,2.0,11.0,1,1,4.0,3.0,4.0,1.0,15.0,120.0,1,0.0,1.0,2,1,4,0,0,0,0,4,0,0,2,2,0,2,0,2,0,1,0,0,0,2,7,30
200900057975,9,11,8,3,1,1,1.0,7.0,0.0,33.0,0.0,2.0,0.0,1.0,1,0,3.0,2.0,0.0,1.0,0.0,63.0,1,0.0,3.0,1,4,1,0,0,0,0,1,0,0,1,0,0,1,0,0,0,1,0,0,0,4,19,30
201700049466,17,9,19,1,1,1,2.0,2.0,2.0,17.0,0.0,0.0,2.0,1.0,1,1,2.0,3.0,4.0,1.0,15.0,140.0,1,0.0,1.0,2,1,2,2,0,0,0,4,2,0,0,2,0,2,0,2,0,0,1,1,0,2,7,40
201100021278,11,11,25,2,2,1,1.0,6.0,0.0,30.0,0.0,0.0,1.0,17.0,1,-1,4.0,2.0,2.0,1.0,0.0,72.0,1,0.0,1.0,1,1,1,1,0,1,0,1,0,0,0,0,2,0,0,2,0,1,0,0,0,2,16,55
201500054861,15,3,10,5,2,5,1.0,6.0,0.0,7.0,0.0,8.0,0.0,1.0,1,1,4.0,1.0,1.0,1.0,0.0,0.0,1,0.0,4.0,1,1,1,1,0,0,1,1,0,0,2,0,0,0,0,2,0,1,0,0,0,2,21,30
200900000248,9,1,21,5,2,1,1.0,2.0,0.0,32.0,0.0,0.0,2.0,2.0,1,2,4.0,2.0,2.0,1.0,50.0,120.0,1,0.0,1.0,2,2,4,0,0,0,0,4,0,0,0,0,4,4,0,0,0,1,0,0,0,2,19,25
200500075742,5,11,23,3,1,1,1.0,7.0,0.0,7.0,0.0,0.0,0.0,0.0,1,-1,3.0,2.0,0.0,0.0,0.0,0.0,-1,0.0,0.0,1,3,1,0,0,0,0,1,0,1,0,0,0,0,0,1,0,0,0,0,0,3,2,0
200600014717,6,3,21,1,2,3,1.0,3.0,0.0,7.0,0.0,0.0,2.0,1.0,1,-1,2.0,3.0,2.0,1.0,0.0,35.0,1,0.0,1.0,2,1,2,2,0,0,0,4,0,2,0,0,2,4,0,0,0,0,1,0,0,3,9,25
201100027193,11,1,14,1,2,2,1.0,6.0,0.0,7.0,0.0,0.0,1.0,11.0,1,-1,4.0,1.0,1.0,1.0,0.0,0.0,1,0.0,1.0,1,1,2,0,0,1,0,1,0,1,1,0,0,0,0,2,0,1,0,0,0,3,12,15
200500033713,5,6,20,1,2,2,1.0,3.0,0.0,2.0,0.0,0.0,2.0,17.0,1,2,3.0,2.0,2.0,0.0,0.0,60.0,1,5.0,1.0,2,3,2,2,0,0,0,4,0,2,0,0,2,2,0,2,0,1,0,1,0,3,8,5
201200008007,12,8,14,2,1,1,1.0,3.0,0.0,7.0,0.0,0.0,2.0,1.0,1,1,3.0,2.0,0.0,1.0,0.0,50.0,1,0.0,1.0,2,3,4,0,0,0,0,4,0,0,0,0,4,2,0,2,0,1,0,1,0,3,5,45
201100034466,11,10,26,1,2,1,2.0,3.0,0.0,30.0,0.0,0.0,2.0,2.0,1,-1,4.0,2.0,2.0,1.0,0.0,0.0,1,5.0,1.0,2,2,2,4,2,0,0,4,0,6,0,0,0,2,2,2,0,0,0,1,0,3,10,0