Num_Acc,an,mois,jour,lum,agg,int,atm,col,senc,catv,occutc,obs,obsm,manv,catu,secu,catr,circ,nbv,prof,lartpc,larrout,surf,infra,situ,nb_veh,grav_simpl,Homme,Femme,Arrière,Autre_x,Avant,Conducteur,Autre_y,Inconnu,Loisirs,Professionnel,Travail,Adulte,Enfant,Jeune,Senior,choc_avant,choc_arriere,choc_lateral,choc_multiple,grav_order_max,heure,minute
201200030909,12,12,21,1,2,1,1.0,6.0,0.0,7.0,0.0,0.0,1.0,4.0,1,1,4.0,1.0,1.0,3.0,0.0,100.0,1,0.0,0.0,1,1,2,0,0,1,0,1,1,0,0,1,0,2,0,0,0,0,1,0,0,2,14,50
201100055025,11,6,12,2,1,1,1.0,2.0,0.0,7.0,0.0,0.0,0.0,1.0,1,1,1.0,3.0,6.0,1.0,15.0,210.0,1,0.0,1.0,2,2,6,0,2,0,2,2,0,0,6,0,0,6,0,0,0,1,1,0,0,2,5,15
200500044988,5,7,8,1,2,1,1.0,7.0,0.0,7.0,0.0,0.0,0.0,1.0,1,1,4.0,2.0,0.0,0.0,0.0,0.0,1,0.0,1.0,1,2,1,0,0,0,0,1,0,1,0,0,0,1,0,0,0,1,0,0,0,2,19,41
200600032670,6,6,30,1,2,1,1.0,1.0,0.0,15.0,0.0,0.0,0.0,1.0,1,-1,3.0,2.0,2.0,1.0,0.0,70.0,1,0.0,1.0,2,1,2,2,0,0,0,4,0,0,2,2,0,2,0,0,2,1,0,0,0,3,11,15
200800028424,8,5,2,1,1,1,1.0,3.0,0.0,10.0,0.0,0.0,2.0,15.0,1,-1,3.0,2.0,1.0,1.0,0.0,59.0,1,0.0,1.0,2,2,4,0,0,0,0,4,0,0,4,0,0,2,0,0,2,1,0,1,0,3,10,30
201200039624,12,10,10,1,2,1,1.0,2.0,0.0,7.0,0.0,0.0,2.0,1.0,1,-1,4.0,2.0,2.0,1.0,0.0,115.0,1,0.0,1.0,2,1,0,4,0,0,0,4,0,0,0,0,4,0,0,2,2,1,1,0,0,2,7,55
200700006972,7,2,18,1,1,1,1.0,6.0,0.0,33.0,0.0,3.0,0.0,1.0,1,2,3.0,3.0,3.0,1.0,25.0,108.0,1,0.0,3.0,1,4,1,0,0,0,0,1,0,0,1,0,0,0,0,0,1,0,1,0,0,4,15,45
200500080665,5,12,23,5,2,3,1.0,6.0,1.0,99.0,0.0,0.0,1.0,0.0,3,-1,9.0,2.0,2.0,1.0,0.0,0.0,1,0.0,1.0,1,2,1,0,0,1,0,0,0,0,1,0,0,1,0,0,0,0,0,0,0,2,20,15
201000029801,10,12,3,1,2,4,1.0,3.0,0.0,1.0,0.0,0.0,2.0,5.0,1,-1,4.0,1.0,4.0,1.0,0.0,0.0,1,0.0,1.0,2,2,2,2,0,0,0,4,0,4,0,0,0,2,0,2,0,1,0,0,0,2,8,40
201600014564,16,4,25,1,2,1,1.0,6.0,1.0,7.0,0.0,0.0,1.0,0.0,3,-1,4.0,2.0,2.0,2.0,40.0,40.0,1,0.0,1.0,1,2,0,1,0,1,0,0,0,1,0,0,0,1,0,0,0,0,0,0,0,2,11,23
200800065907,8,11,18,1,2,1,2.0,1.0,0.0,7.0,0.0,6.0,0.0,0.0,1,-1,4.0,1.0,2.0,1.0,30.0,55.0,1,0.0,4.0,2,3,2,2,0,0,0,4,0,2,0,2,0,2,0,2,0,1,0,0,0,3,9,15
200600070864,6,11,24,1,1,1,1.0,7.0,0.0,7.0,0.0,0.0,0.0,1.0,1,1,1.0,3.0,6.0,4.0,10.0,210.0,1,0.0,1.0,2,1,4,0,0,0,0,4,0,0,0,2,2,2,0,2,0,0,0,0,0,2,8,36
201600003097,16,2,28,5,1,2,2.0,3.0,1.0,7.0,0.0,0.0,2.0,1.0,1,1,3.0,2.0,2.0,1.0,0.0,70.0,1,0.0,1.0,2,2,2,2,0,0,0,4,0,0,4,0,0,2,0,2,0,1,0,1,0,2,3,30
200500002891,5,1,19,1,2,1,2.0,6.0,0.0,7.0,0.0,0.0,2.0,2.0,1,1,4.0,2.0,3.0,1.0,0.0,90.0,1,0.0,1.0,2,3,4,2,0,0,2,4,2,2,0,2,0,6,0,0,0,1,0,0,1,3,10,0
200900027180,9,10,17,1,2,1,8.0,3.0,0.0,7.0,0.0,0.0,2.0,22.0,1,-1,4.0,1.0,1.0,1.0,0.0,0.0,1,0.0,1.0,2,1,4,2,0,0,2,4,2,2,0,0,2,2,0,4,0,0,0,1,0,2,16,40
201000053684,10,2,8,1,2,1,1.0,3.0,0.0,1.0,0.0,0.0,2.0,19.0,1,-1,4.0,1.0,1.0,1.0,0.0,59.0,1,0.0,1.0,2,2,4,0,0,0,0,4,0,0,2,0,2,4,0,0,0,1,0,0,0,2,13,25
201200029652,12,7,23,5,2,2,1.0,3.0,0.0,7.0,0.0,0.0,2.0,1.0,1,1,4.0,2.0,4.0,1.0,0.0,160.0,1,5.0,1.0,2,1,6,0,0,0,2,4,0,0,6,0,0,6,0,0,0,1,0,0,0,2,23,25
201600045253,16,1,1,3,1,1,2.0,7.0,2.0,7.0,0.0,4.0,0.0,1.0,1,1,1.0,3.0,3.0,1.0,20.0,105.0,1,0.0,1.0,1,2,1,0,0,0,0,1,0,0,1,0,0,0,0,1,0,1,0,0,0,2,23,50
201500035456,15,10,23,1,2,2,1.0,3.0,0.0,33.0,0.0,0.0,2.0,1.0,1,2,4.0,2.0,2.0,1.0,0.0,80.0,1,5.0,1.0,2,3,4,0,0,0,0,4,0,0,0,0,4,0,0,4,0,1,0,1,0,3,17,30
201100057896,11,7,8,1,2,1,1.0,2.0,0.0,7.0,0.0,0.0,2.0,23.0,1,1,4.0,1.0,4.0,1.0,2.0,138.0,1,0.0,1.0,2,1,4,2,0,0,2,4,0,0,6,0,0,4,0,2,0,1,1,0,0,2,20,0
201600001595,16,7,23,1,1,1,1.0,4.0,1.0,10.0,0.0,0.0,2.0,1.0,1,1,2.0,3.0,2.0,1.0,90.0,150.0,1,0.0,1.0,3,1,9,6,3,0,3,9,0,15,0,0,0,3,0,9,3,1,1,0,0,4,15,0
201000051525,10,6,24,2,2,1,1.0,6.0,0.0,30.0,0.0,0.0,0.0,16.0,1,2,4.0,0.0,1.0,0.0,0.0,0.0,1,0.0,1.0,1,3,1,0,0,0,0,1,1,0,0,0,0,1,0,0,0,0,0,0,0,3,20,45
200700011975,7,3,11,1,1,1,1.0,3.0,0.0,7.0,0.0,0.0,0.0,1.0,1,-1,3.0,2.0,0.0,0.0,80.0,0.0,1,5.0,0.0,2,1,8,2,0,0,6,4,0,6,4,0,0,4,0,6,0,1,0,0,0,3,15,35
200500009941,5,2,28,1,2,1,1.0,6.0,0.0,7.0,0.0,0.0,2.0,2.0,1,9,3.0,2.0,1.0,0.0,0.0,60.0,-1,0.0,1.0,2,2,2,2,0,0,0,4,0,2,0,0,2,4,0,0,0,1,0,0,0,2,11,27
200500024822,5,5,31,1,1,1,1.0,3.0,0.0,7.0,0.0,0.0,0.0,10.0,1,1,3.0,2.0,0.0,1.0,5.0,62.0,-1,0.0,1.0,2,1,2,2,0,0,0,4,0,2,0,0,2,2,0,2,0,1,1,0,0,3,16,15
200700060063,7,10,7,1,1,2,1.0,3.0,0.0,7.0,0.0,0.0,2.0,1.0,1,1,3.0,2.0,0.0,1.0,0.0,62.0,1,0.0,1.0,2,1,4,0,0,0,0,4,0,0,4,0,0,2,0,0,2,1,0,1,0,2,11,0
201400029884,14,11,18,1,2,1,1.0,5.0,0.0,7.0,0.0,0.0,2.0,0.0,1,1,9.0,3.0,0.0,4.0,0.0,0.0,1,0.0,1.0,3,1,6,9,3,0,3,9,0,15,0,0,0,6,0,9,0,1,1,0,0,2,16,14
200800036454,8,7,19,5,2,1,1.0,6.0,0.0,7.0,0.0,2.0,0.0,1.0,1,1,4.0,2.0,0.0,1.0,0.0,0.0,1,0.0,1.0,1,1,3,0,1,0,1,1,0,2,1,0,0,0,0,3,0,1,0,0,0,3,4,45
201500008383,15,2,8,3,1,1,1.0,6.0,0.0,7.0,0.0,0.0,0.0,15.0,1,1,3.0,2.0,0.0,1.0,40.0,40.0,1,0.0,1.0,1,1,3,0,1,0,1,1,0,2,1,0,0,2,0,1,0,0,0,0,1,3,3,45
200500081984,5,12,21,1,2,1,1.0,6.0,0.0,7.0,0.0,0.0,1.0,2.0,1,1,4.0,2.0,2.0,1.0,0.0,60.0,1,0.0,1.0,1,1,1,1,0,1,0,1,0,1,1,0,0,0,0,0,2,1,0,0,0,3,10,40
200700073990,7,11,4,3,1,1,1.0,6.0,0.0,10.0,0.0,8.0,0.0,0.0,1,1,3.0,2.0,0.0,1.0,0.0,30.0,1,0.0,3.0,1,1,2,0,0,0,1,1,1,1,0,0,0,1,0,1,0,1,0,0,0,3,5,45
201400054477,14,3,21,2,2,3,1.0,3.0,0.0,31.0,0.0,0.0,2.0,1.0,1,2,4.0,1.0,2.0,0.0,0.0,141.0,1,0.0,1.0,2,2,4,0,0,0,0,4,0,2,2,0,0,0,0,0,4,1,0,0,0,2,18,55
200600027155,6,5,16,1,2,3,1.0,3.0,0.0,7.0,0.0,0.0,2.0,15.0,1,1,3.0,2.0,2.0,1.0,0.0,170.0,1,5.0,1.0,2,2,0,8,4,0,0,4,0,4,2,0,2,4,4,0,0,1,0,1,0,2,17,35
200500033107,5,6,2,1,2,1,1.0,2.0,0.0,7.0,0.0,0.0,2.0,2.0,1,1,4.0,3.0,4.0,0.0,0.0,0.0,1,0.0,0.0,2,1,4,0,0,0,0,4,0,0,4,0,0,0,0,2,2,1,1,0,0,2,10,0
201200038636,12,5,2,1,2,5,1.0,3.0,0.0,7.0,0.0,0.0,2.0,1.0,1,1,3.0,1.0,1.0,1.0,0.0,50.0,1,5.0,1.0,2,1,4,2,0,0,2,4,0,0,6,0,0,2,4,0,0,1,0,0,0,3,12,15
200900015389,9,2,7,1,2,1,8.0,3.0,0.0,7.0,0.0,0.0,2.0,10.0,1,1,4.0,3.0,2.0,2.0,0.0,60.0,1,0.0,1.0,2,1,2,2,0,0,0,4,2,0,0,0,2,2,0,0,2,1,0,0,0,2,10,10
200900054119,9,12,11,1,2,1,1.0,2.0,0.0,38.0,1.0,0.0,2.0,23.0,1,1,3.0,3.0,4.0,2.0,10.0,73.0,1,0.0,1.0,2,2,2,2,0,0,0,4,0,0,2,2,0,2,0,2,0,0,1,1,0,2,15,15
201100017009,11,7,11,1,1,1,1.0,6.0,0.0,10.0,0.0,0.0,1.0,2.0,1,1,1.0,1.0,1.0,0.0,0.0,0.0,1,7.0,1.0,1,1,2,0,0,1,0,1,0,0,1,1,0,2,0,0,0,0,1,0,0,3,11,45
200900062315,9,12,9,1,1,1,2.0,7.0,0.0,17.0,0.0,6.0,0.0,1.0,1,1,1.0,3.0,4.0,1.0,20.0,70.0,1,2.0,1.0,1,3,1,0,0,0,0,1,0,0,0,1,0,1,0,0,0,1,0,0,0,3,10,15
201000066684,10,3,15,1,2,1,1.0,7.0,0.0,31.0,0.0,0.0,0.0,1.0,1,2,4.0,1.0,2.0,2.0,15.0,70.0,1,0.0,1.0,1,3,1,0,0,0,0,1,0,0,1,0,0,0,0,0,1,0,0,1,0,3,10,15
200700068168,7,11,16,5,2,1,2.0,3.0,0.0,7.0,0.0,0.0,2.0,15.0,1,1,4.0,2.0,3.0,1.0,0.0,0.0,1,0.0,1.0,2,1,6,2,0,0,4,4,0,6,2,0,0,2,2,4,0,1,0,0,0,2,19,35
201500035685,15,2,19,1,2,1,1.0,3.0,0.0,10.0,0.0,0.0,2.0,15.0,1,1,4.0,2.0,2.0,1.0,0.0,56.0,1,0.0,1.0,2,2,4,0,0,0,0,4,0,4,0,0,0,0,0,2,2,1,0,0,0,2,15,50
200700002613,7,1,11,2,1,1,1.0,4.0,0.0,7.0,0.0,0.0,2.0,2.0,1,-1,1.0,3.0,4.0,1.0,0.0,120.0,1,0.0,1.0,3,1,6,3,0,0,0,9,6,0,0,0,3,3,0,6,0,1,1,0,0,2,8,0
200500034419,5,6,27,1,2,1,1.0,6.0,0.0,7.0,0.0,0.0,2.0,15.0,1,1,3.0,2.0,2.0,1.0,46.0,77.0,1,5.0,1.0,2,1,2,2,0,0,0,4,0,0,0,0,4,2,0,2,0,1,0,0,0,3,17,10
200900020934,9,9,28,5,2,2,1.0,3.0,0.0,7.0,0.0,0.0,2.0,16.0,1,1,4.0,2.0,4.0,1.0,0.0,160.0,1,0.0,1.0,2,1,4,0,0,0,0,4,2,0,2,0,0,4,0,0,0,1,1,0,0,2,22,30
200600076819,6,12,13,5,2,1,1.0,6.0,0.0,7.0,0.0,0.0,1.0,1.0,1,1,4.0,2.0,2.0,1.0,0.0,110.0,1,0.0,1.0,1,1,1,1,0,1,0,1,0,0,0,0,2,1,0,1,0,1,0,0,0,2,7,33
201600008577,16,4,24,1,1,1,1.0,6.0,1.0,7.0,0.0,2.0,0.0,13.0,1,1,3.0,2.0,2.0,1.0,0.0,70.0,1,0.0,3.0,1,3,0,1,0,0,0,1,0,0,1,0,0,0,0,0,1,1,0,0,0,3,15,45
201300003474,13,6,8,1,1,1,2.0,7.0,0.0,33.0,0.0,16.0,0.0,1.0,1,2,3.0,2.0,0.0,1.0,0.0,510.0,1,0.0,1.0,1,3,1,0,0,0,0,1,0,0,1,0,0,1,0,0,0,0,0,1,0,3,13,0
200700054199,7,9,7,5,1,1,1.0,3.0,0.0,7.0,0.0,0.0,2.0,1.0,1,1,3.0,2.0,2.0,2.0,0.0,60.0,1,0.0,1.0,2,2,2,2,0,0,0,4,0,0,4,0,0,2,0,2,0,0,0,1,0,2,21,0
200900070082,9,12,23,1,2,1,2.0,6.0,0.0,7.0,0.0,0.0,1.0,15.0,3,-1,4.0,1.0,1.0,0.0,0.0,70.0,1,5.0,1.0,1,3,1,1,0,1,0,1,0,2,0,0,0,1,0,0,1,1,0,0,0,3,16,0
200600051600,6,9,3,2,2,1,1.0,6.0,0.0,7.0,0.0,1.0,0.0,14.0,1,-1,2.0,3.0,2.0,1.0,20.0,60.0,1,0.0,1.0,1,3,1,0,0,0,0,1,0,0,1,0,0,0,0,1,0,1,0,0,0,3,5,30
200500066106,5,10,24,1,2,2,5.0,3.0,0.0,10.0,0.0,0.0,2.0,15.0,1,-1,4.0,2.0,3.0,1.0,0.0,100.0,1,0.0,1.0,2,1,4,2,0,0,2,4,0,6,0,0,0,2,0,4,0,1,0,0,0,2,8,0
201400020524,14,2,23,1,2,1,1.0,2.0,0.0,7.0,0.0,0.0,2.0,1.0,1,1,4.0,2.0,2.0,1.0,0.0,0.0,1,0.0,1.0,2,1,2,2,0,0,0,4,0,0,2,0,2,4,0,0,0,1,1,0,0,2,15,10
201100061711,11,10,3,1,2,1,1.0,2.0,0.0,1.0,0.0,0.0,2.0,20.0,1,0,4.0,2.0,0.0,1.0,0.0,0.0,1,0.0,5.0,2,2,2,2,0,0,0,4,0,0,0,0,4,4,0,0,0,0,0,1,0,2,8,45
201600038186,16,8,18,1,2,1,1.0,2.0,1.0,7.0,0.0,0.0,2.0,23.0,1,1,4.0,2.0,2.0,1.0,0.0,0.0,1,0.0,1.0,2,2,6,2,4,0,0,4,0,0,8,0,0,4,4,0,0,1,1,0,0,2,11,50
201700048670,17,7,28,1,1,1,1.0,4.0,2.0,7.0,0.0,0.0,2.0,0.0,1,1,1.0,1.0,4.0,1.0,20.0,35.0,1,0.0,1.0,3,3,9,3,0,0,3,9,0,12,0,0,0,6,0,0,6,1,1,0,0,3,18,22
201500004336,15,1,23,1,2,1,1.0,6.0,0.0,7.0,0.0,0.0,1.0,1.0,1,1,3.0,2.0,0.0,2.0,0.0,45.0,1,0.0,1.0,1,1,1,1,0,1,0,1,2,0,0,0,0,0,1,0,1,0,0,1,0,3,10,30
200600029452,6,5,24,1,2,1,1.0,6.0,0.0,10.0,0.0,0.0,1.0,1.0,1,-1,3.0,2.0,3.0,1.0,0.0,80.0,1,0.0,1.0,1,1,1,1,0,1,0,1,1,1,0,0,0,0,1,1,0,1,0,0,0,2,19,20
201700030865,17,6,22,1,2,1,1.0,7.0,1.0,30.0,0.0,0.0,0.0,1.0,1,2,4.0,1.0,1.0,1.0,0.0,0.0,1,0.0,1.0,1,2,0,2,0,0,1,1,0,0,2,0,0,0,0,2,0,0,0,0,0,2,18,30
201600050747,16,6,30,1,1,1,1.0,7.0,2.0,32.0,0.0,0.0,0.0,0.0,1,2,1.0,1.0,3.0,2.0,20.0,100.0,1,0.0,1.0,1,2,1,0,0,0,0,1,0,0,0,0,1,1,0,0,0,0,0,0,0,2,16,15
201700014390,17,8,13,3,1,1,1.0,6.0,0.0,7.0,0.0,6.0,0.0,13.0,1,1,3.0,2.0,2.0,2.0,0.0,0.0,1,2.0,1.0,1,3,1,0,0,0,0,1,0,0,1,0,0,0,0,1,0,1,0,0,0,3,4,0
201100064603,11,5,19,1,2,4,1.0,3.0,1.0,10.0,0.0,0.0,0.0,12.0,1,2,4.0,1.0,4.0,1.0,15.0,140.0,1,0.0,1.0,2,3,2,0,0,0,0,2,0,0,0,0,2,2,0,0,0,1,0,0,0,3,8,10
200600016735,6,3,31,1,1,1,2.0,1.0,0.0,2.0,0.0,0.0,2.0,5.0,1,-1,4.0,2.0,2.0,1.0,0.0,38.0,1,0.0,1.0,2,3,4,0,0,0,0,4,0,0,4,0,0,0,2,0,2,1,0,0,0,3,18,30
200500067646,5,10,30,1,2,3,1.0,3.0,0.0,1.0,0.0,0.0,9.0,16.0,1,0,4.0,2.0,2.0,1.0,0.0,70.0,1,0.0,1.0,2,1,4,0,0,0,0,4,0,0,4,0,0,4,0,0,0,1,0,1,0,3,11,10
201300020746,13,8,13,1,2,1,7.0,6.0,0.0,7.0,0.0,0.0,1.0,1.0,1,1,3.0,2.0,0.0,0.0,0.0,68.0,1,0.0,1.0,1,1,0,3,0,2,0,1,0,0,3,0,0,0,1,2,0,1,0,0,0,3,20,0
201200051586,12,7,26,1,2,9,1.0,6.0,0.0,7.0,0.0,0.0,2.0,1.0,1,1,4.0,2.0,4.0,1.0,0.0,0.0,1,0.0,1.0,2,1,6,4,0,4,2,4,0,0,10,0,0,4,2,2,2,1,1,0,0,2,18,10
201500002630,15,4,22,1,1,2,1.0,3.0,0.0,7.0,0.0,0.0,2.0,1.0,1,1,3.0,2.0,2.0,1.0,0.0,72.0,1,0.0,1.0,2,2,6,2,2,0,2,4,0,4,4,0,0,0,2,0,6,1,0,1,0,3,14,30
201300013583,13,6,30,1,2,2,1.0,3.0,0.0,7.0,0.0,0.0,2.0,19.0,1,1,3.0,2.0,2.0,1.0,0.0,76.0,1,0.0,1.0,2,1,2,2,0,0,0,4,4,0,0,0,0,0,0,4,0,1,0,1,0,2,19,0
200500010774,5,2,25,1,1,1,1.0,3.0,0.0,7.0,0.0,0.0,0.0,19.0,1,1,3.0,3.0,2.0,3.0,15.0,137.0,1,5.0,3.0,2,2,2,2,0,0,0,4,0,0,0,0,4,2,0,2,0,1,0,1,0,2,8,15
201100053421,11,1,4,3,1,1,1.0,6.0,0.0,7.0,0.0,4.0,0.0,1.0,1,1,1.0,3.0,4.0,1.0,15.0,120.0,1,0.0,1.0,1,2,2,1,2,0,0,1,0,0,3,0,0,2,0,1,0,1,0,0,0,2,2,50
201200024275,12,6,19,1,2,1,2.0,6.0,0.0,1.0,0.0,0.0,1.0,1.0,1,-1,3.0,3.0,2.0,1.0,0.0,95.0,1,0.0,1.0,1,1,1,1,0,1,0,1,0,2,0,0,0,1,0,0,1,0,0,0,0,2,9,30
200800040988,8,7,24,1,2,3,1.0,3.0,0.0,32.0,0.0,0.0,2.0,17.0,1,2,4.0,2.0,2.0,0.0,0.0,0.0,-1,0.0,1.0,2,2,2,2,0,0,0,4,0,2,0,2,0,0,0,4,0,1,0,1,0,2,15,50
200500049127,5,8,20,5,2,1,1.0,1.0,0.0,7.0,0.0,0.0,2.0,1.0,1,1,3.0,2.0,2.0,0.0,60.0,0.0,1,0.0,1.0,2,3,4,0,0,0,0,4,0,0,4,0,0,0,0,0,4,1,0,0,0,3,1,35
201600025669,16,2,10,1,2,1,1.0,2.0,0.0,7.0,0.0,0.0,2.0,2.0,1,1,4.0,2.0,2.0,1.0,0.0,0.0,1,0.0,1.0,2,1,2,2,0,0,0,4,0,0,2,0,2,4,0,0,0,1,1,0,0,2,17,25
201100028939,11,10,24,1,2,3,8.0,7.0,0.0,20.0,0.0,0.0,1.0,1.0,1,1,4.0,1.0,1.0,1.0,0.0,40.0,1,6.0,1.0,1,1,1,1,0,1,0,1,0,0,1,1,0,1,0,0,1,1,0,0,0,2,15,30
200700033624,7,6,27,1,1,1,1.0,6.0,0.0,3.0,0.0,0.0,0.0,0.0,1,1,4.0,0.0,0.0,2.0,0.0,68.0,1,0.0,1.0,2,3,4,2,2,0,0,4,2,2,0,0,2,2,0,4,0,0,0,1,0,3,16,30
200500052719,5,8,23,1,2,2,8.0,3.0,0.0,7.0,0.0,0.0,2.0,15.0,1,1,4.0,2.0,2.0,1.0,0.0,60.0,1,0.0,1.0,2,1,4,0,0,0,0,4,0,0,2,2,0,0,0,4,0,1,0,0,0,2,14,10
201100049240,11,8,6,2,2,3,1.0,3.0,0.0,7.0,0.0,0.0,0.0,16.0,1,-1,2.0,2.0,4.0,1.0,0.0,160.0,1,0.0,1.0,2,1,4,0,0,0,0,4,4,0,0,0,0,4,0,0,0,0,0,1,0,3,6,0
200700006061,7,1,21,3,1,1,1.0,2.0,0.0,7.0,0.0,0.0,2.0,2.0,1,1,1.0,1.0,3.0,1.0,15.0,105.0,1,0.0,1.0,2,1,4,0,0,0,0,4,0,0,4,0,0,2,0,2,0,1,1,0,0,2,3,40
200900041184,9,12,30,1,2,1,1.0,6.0,0.0,7.0,0.0,4.0,0.0,13.0,1,-1,4.0,1.0,2.0,1.0,0.0,60.0,1,1.0,3.0,1,2,0,1,0,0,0,1,0,1,0,0,0,0,0,1,0,0,0,1,0,2,12,30
200600011311,6,3,13,1,2,3,1.0,3.0,0.0,7.0,0.0,0.0,2.0,9.0,1,1,4.0,1.0,1.0,1.0,0.0,0.0,1,0.0,1.0,2,1,4,0,0,0,0,4,0,0,2,2,0,2,0,0,2,1,0,0,0,2,11,10
200900051581,9,12,6,1,1,1,2.0,6.0,0.0,7.0,0.0,2.0,0.0,1.0,1,1,3.0,2.0,0.0,1.0,0.0,62.0,1,0.0,3.0,1,4,1,0,0,0,0,1,0,0,1,0,0,0,0,1,0,0,0,1,0,4,12,30
201700012922,17,2,25,3,1,6,1.0,3.0,1.0,7.0,0.0,0.0,2.0,9.0,1,1,3.0,2.0,2.0,1.0,4.0,315.0,1,0.0,1.0,2,3,4,0,0,0,0,4,0,0,2,2,0,2,0,2,0,1,1,0,0,3,2,30
201600040931,16,6,15,1,2,1,1.0,6.0,0.0,7.0,0.0,0.0,1.0,4.0,1,1,4.0,2.0,4.0,1.0,0.0,0.0,1,0.0,1.0,1,1,0,2,0,1,0,1,0,0,2,0,0,1,0,0,1,0,1,0,0,3,18,35
201200029173,12,1,22,3,2,1,2.0,6.0,0.0,7.0,0.0,5.0,0.0,1.0,1,-1,4.0,2.0,2.0,1.0,0.0,60.0,1,2.0,1.0,1,2,2,1,1,0,1,1,0,0,3,0,0,0,0,3,0,1,0,0,0,3,5,55
201000008460,10,4,29,1,1,1,1.0,2.0,0.0,33.0,0.0,0.0,2.0,2.0,1,2,3.0,2.0,0.0,1.0,0.0,61.0,1,0.0,1.0,2,3,2,2,0,0,0,4,0,0,2,0,2,2,0,2,0,1,1,0,0,3,18,15
201000021115,10,3,31,1,2,3,1.0,3.0,0.0,33.0,0.0,0.0,2.0,1.0,1,2,4.0,1.0,1.0,1.0,0.0,35.0,1,0.0,1.0,2,2,2,0,0,0,0,2,0,2,0,0,0,0,0,2,0,1,0,1,0,2,17,40
200700007447,7,2,25,1,1,1,1.0,6.0,0.0,33.0,0.0,3.0,0.0,1.0,1,2,1.0,3.0,2.0,1.0,0.0,0.0,1,0.0,1.0,1,3,1,0,0,0,0,1,0,0,1,0,0,1,0,0,0,1,0,0,0,3,13,30
201000011737,10,10,2,3,1,1,1.0,1.0,0.0,7.0,0.0,0.0,2.0,17.0,1,1,3.0,2.0,2.0,1.0,0.0,60.0,1,0.0,1.0,2,1,2,2,0,0,0,4,0,0,4,0,0,4,0,0,0,1,0,0,0,3,6,15
201000006222,10,9,17,3,1,1,3.0,7.0,0.0,7.0,0.0,0.0,0.0,1.0,1,0,4.0,0.0,0.0,2.0,0.0,23.0,1,0.0,0.0,1,4,2,0,0,0,1,1,0,1,1,0,0,1,0,0,1,0,0,0,1,4,23,0
201400057210,14,10,14,5,2,3,1.0,6.0,0.0,2.0,0.0,0.0,1.0,1.0,1,2,4.0,2.0,2.0,1.0,0.0,80.0,1,0.0,1.0,1,1,1,1,0,1,0,1,0,0,0,0,2,1,0,1,0,1,0,0,0,2,20,30
200600031340,6,6,11,1,1,1,1.0,7.0,0.0,33.0,0.0,8.0,0.0,15.0,1,2,3.0,2.0,0.0,0.0,0.0,100.0,1,0.0,0.0,1,3,1,0,0,0,0,1,1,0,0,0,0,1,0,0,0,1,0,0,0,3,20,0
201700026075,17,7,6,1,2,1,1.0,3.0,1.0,7.0,0.0,0.0,2.0,20.0,1,1,4.0,2.0,2.0,1.0,0.0,0.0,1,0.0,1.0,2,2,2,4,0,0,2,4,0,0,6,0,0,0,0,6,0,1,0,1,0,3,18,30
200600078501,6,12,26,3,1,1,2.0,7.0,0.0,7.0,0.0,0.0,0.0,0.0,1,1,2.0,1.0,2.0,1.0,0.0,0.0,1,0.0,1.0,1,1,2,0,1,0,0,1,0,1,1,0,0,0,0,2,0,0,0,0,0,3,0,45
201000017491,10,6,6,1,1,1,1.0,6.0,0.0,7.0,0.0,4.0,0.0,1.0,1,1,1.0,3.0,3.0,1.0,24.0,270.0,1,0.0,1.0,1,3,1,0,0,0,0,1,0,0,1,0,0,0,0,0,1,1,0,0,0,3,16,45
201300010451,13,3,21,2,2,1,1.0,3.0,0.0,7.0,0.0,0.0,2.0,15.0,1,1,3.0,2.0,2.0,1.0,0.0,69.0,1,0.0,1.0,2,2,4,0,0,0,0,4,0,2,2,0,0,2,0,2,0,1,0,1,0,3,18,20
200700009699,7,2,6,1,2,2,1.0,3.0,0.0,5.0,0.0,0.0,2.0,19.0,1,2,4.0,1.0,2.0,1.0,0.0,60.0,1,0.0,1.0,2,2,4,0,0,0,0,4,0,0,4,0,0,4,0,0,0,1,0,0,0,2,15,45
200900021713,9,4,25,5,2,1,1.0,5.0,0.0,7.0,0.0,0.0,0.0,23.0,1,1,4.0,2.0,0.0,2.0,0.0,50.0,1,0.0,1.0,3,1,3,6,0,0,0,9,0,3,6,0,0,0,0,9,0,1,0,0,0,2,22,30
201400041329,14,2,1,1,2,2,1.0,3.0,0.0,7.0,0.0,15.0,2.0,1.0,1,1,4.0,2.0,1.0,1.0,0.0,100.0,1,5.0,1.0,2,1,6,0,2,0,0,4,0,0,6,0,0,0,2,4,0,1,1,0,0,2,15,0
200500068368,5,10,30,5,2,3,1.0,6.0,0.0,7.0,0.0,0.0,1.0,1.0,1,1,4.0,2.0,2.0,1.0,0.0,60.0,1,0.0,1.0,1,1,2,0,0,1,0,1,0,0,2,0,0,1,1,0,0,1,0,0,0,2,19,28
201600050062,16,3,24,1,1,1,1.0,4.0,2.0,7.0,0.0,0.0,2.0,3.0,1,-1,1.0,3.0,5.0,1.0,20.0,175.0,1,0.0,1.0,5,1,20,5,0,0,0,25,0,0,5,5,15,25,0,0,0,0,1,1,0,2,18,20
201200038322,12,12,11,1,2,6,1.0,6.0,0.0,7.0,0.0,0.0,1.0,1.0,1,1,4.0,-1.0,2.0,-1.0,0.0,-1.0,-1,0.0,-1.0,1,1,2,0,0,1,0,1,0,1,0,0,1,1,1,0,0,1,0,0,0,3,8,10