Num_Acc,an,mois,jour,lum,agg,int,atm,col,senc,catv,occutc,obs,obsm,manv,catu,secu,catr,circ,nbv,prof,lartpc,larrout,surf,infra,situ,nb_veh,grav_simpl,Homme,Femme,Arrière,Autre_x,Avant,Conducteur,Autre_y,Inconnu,Loisirs,Professionnel,Travail,Adulte,Enfant,Jeune,Senior,choc_avant,choc_arriere,choc_lateral,choc_multiple,grav_order_max,heure,minute
201000032583,10,5,5,1,2,3,3.0,5.0,0.0,7.0,0.0,0.0,2.0,0.0,1,1,3.0,2.0,2.0,2.0,0.0,0.0,1,0.0,1.0,4,1,20,12,4,0,12,16,0,4,28,0,0,8,4,16,4,1,1,0,0,2,15,40
201700049929,17,1,24,1,1,1,1.0,3.0,1.0,7.0,0.0,0.0,2.0,1.0,1,1,3.0,2.0,0.0,1.0,34.0,130.0,1,0.0,1.0,2,1,4,0,0,0,0,4,0,0,4,0,0,2,0,0,2,1,0,0,0,2,11,30
200800020319,8,4,27,1,2,1,1.0,3.0,0.0,33.0,0.0,0.0,2.0,13.0,1,2,4.0,2.0,2.0,1.0,0.0,65.0,1,0.0,1.0,2,3,4,0,0,0,0,4,0,2,2,0,0,4,0,0,0,1,1,0,0,3,15,45
201300036613,13,9,4,3,1,1,1.0,3.0,2.0,7.0,0.0,0.0,2.0,13.0,2,1,3.0,2.0,2.0,1.0,0.0,35.0,1,0.0,1.0,2,2,8,4,6,2,2,2,8,2,0,0,2,0,2,6,4,1,0,0,0,2,5,48
201500053044,15,2,20,5,2,2,3.0,6.0,0.0,7.0,0.0,0.0,1.0,15.0,1,-1,4.0,1.0,3.0,1.0,0.0,75.0,1,0.0,1.0,1,1,2,0,0,1,0,1,0,0,2,0,0,0,0,0,2,1,0,0,0,2,19,15
200900018229,9,7,14,1,2,9,1.0,6.0,0.0,31.0,0.0,12.0,0.0,14.0,1,2,2.0,2.0,2.0,2.0,0.0,70.0,1,0.0,4.0,1,3,1,0,0,0,0,1,0,0,1,0,0,1,0,0,0,0,0,1,0,3,15,0
200700058338,7,9,27,1,2,3,1.0,3.0,0.0,33.0,0.0,0.0,0.0,2.0,1,2,4.0,2.0,2.0,1.0,0.0,43.0,1,5.0,1.0,2,2,4,0,0,0,0,4,0,0,0,0,4,4,0,0,0,1,0,0,0,2,8,30
201600002796,16,10,10,1,1,3,1.0,3.0,1.0,30.0,0.0,0.0,2.0,1.0,1,2,3.0,2.0,2.0,1.0,0.0,73.0,1,0.0,1.0,2,3,4,0,0,0,0,4,0,0,2,0,2,4,0,0,0,1,0,0,0,3,17,30
201200019983,12,12,5,1,2,2,2.0,3.0,0.0,7.0,0.0,0.0,2.0,1.0,1,1,3.0,2.0,0.0,1.0,0.0,74.0,1,0.0,1.0,2,2,6,8,4,4,2,4,0,10,2,2,0,6,6,2,0,1,0,1,0,3,15,0
201700039485,17,5,17,1,2,1,1.0,3.0,0.0,34.0,0.0,0.0,2.0,2.0,1,2,4.0,2.0,1.0,1.0,0.0,0.0,1,0.0,1.0,2,2,2,2,0,0,0,4,0,0,2,2,0,4,0,0,0,1,1,0,0,2,10,30
201300050932,13,2,28,5,2,1,1.0,7.0,0.0,32.0,0.0,0.0,0.0,1.0,1,2,4.0,2.0,0.0,2.0,40.0,80.0,1,0.0,1.0,1,3,1,0,0,0,0,1,0,0,1,0,0,1,0,0,0,1,0,0,0,3,2,5
200600064503,6,10,18,1,2,3,8.0,3.0,0.0,7.0,0.0,0.0,2.0,10.0,1,1,3.0,2.0,4.0,1.0,22.0,144.0,1,0.0,1.0,2,1,4,0,0,0,0,4,0,0,0,2,2,4,0,0,0,1,0,0,0,3,9,25
201500006360,15,4,3,3,1,1,2.0,7.0,0.0,7.0,0.0,0.0,2.0,9.0,1,1,3.0,3.0,4.0,1.0,1.0,12.0,1,0.0,1.0,2,1,4,4,2,0,2,4,0,0,8,0,0,0,0,8,0,0,1,0,1,3,20,5
201300031942,13,9,6,1,1,1,1.0,7.0,0.0,30.0,0.0,5.0,0.0,1.0,1,2,4.0,1.0,1.0,1.0,0.0,50.0,1,0.0,3.0,1,2,1,1,0,0,1,1,0,0,2,0,0,0,2,0,0,1,0,0,0,2,18,40
201100060791,11,1,23,1,2,1,1.0,6.0,0.0,2.0,0.0,1.0,2.0,1.0,1,2,4.0,2.0,6.0,1.0,0.0,200.0,1,0.0,1.0,2,2,4,0,0,0,0,4,0,0,0,4,0,4,0,0,0,0,0,1,0,2,12,30
200700000862,7,1,1,5,2,1,3.0,6.0,0.0,7.0,0.0,0.0,1.0,1.0,1,-1,3.0,2.0,2.0,1.0,0.0,0.0,1,0.0,1.0,1,1,2,0,0,1,0,1,1,0,1,0,0,1,0,1,0,1,0,0,0,4,0,45
201600018209,16,8,2,1,1,3,1.0,3.0,2.0,7.0,0.0,0.0,2.0,1.0,1,1,4.0,2.0,2.0,1.0,0.0,60.0,1,0.0,1.0,2,1,2,2,0,0,0,4,0,0,4,0,0,2,0,2,0,1,0,0,0,3,11,15
200500001894,5,1,29,5,1,1,1.0,6.0,0.0,10.0,0.0,6.0,0.0,1.0,1,1,1.0,3.0,0.0,0.0,0.0,52.0,1,0.0,1.0,1,3,1,0,0,0,0,1,0,0,0,1,0,1,0,0,0,1,0,0,0,3,20,15
201200048614,12,1,11,3,1,1,1.0,2.0,0.0,10.0,0.0,0.0,0.0,1.0,1,1,3.0,2.0,4.0,1.0,15.0,105.0,1,0.0,1.0,2,1,2,2,0,0,0,4,0,2,0,2,0,4,0,0,0,1,1,0,0,2,19,0
201000054167,10,3,3,5,2,2,1.0,3.0,0.0,7.0,0.0,0.0,0.0,1.0,1,1,3.0,2.0,2.0,1.0,0.0,0.0,1,0.0,1.0,2,2,8,6,6,0,4,4,0,0,6,8,0,8,4,2,0,1,0,1,0,2,22,30
200900063254,9,11,27,2,2,2,1.0,6.0,0.0,7.0,0.0,0.0,1.0,1.0,4,-1,3.0,1.0,1.0,1.0,0.0,0.0,1,0.0,1.0,1,2,0,2,0,1,0,1,0,0,2,0,0,1,1,0,0,1,0,0,0,2,18,25
201000029081,10,5,1,1,2,2,1.0,1.0,0.0,7.0,0.0,0.0,2.0,1.0,1,-1,4.0,2.0,2.0,1.0,0.0,0.0,1,0.0,1.0,2,2,2,2,0,0,0,4,0,4,0,0,0,2,0,2,0,1,0,0,0,2,15,20
200800020638,8,4,20,1,2,4,1.0,3.0,0.0,7.0,0.0,0.0,2.0,15.0,1,1,4.0,2.0,2.0,1.0,0.0,60.0,1,0.0,1.0,2,1,2,4,0,0,0,6,0,6,0,0,0,2,0,4,0,1,1,0,0,2,15,25
201000064388,10,6,8,1,2,2,1.0,6.0,0.0,7.0,0.0,0.0,1.0,20.0,1,1,4.0,1.0,1.0,1.0,50.0,50.0,1,0.0,1.0,1,1,1,1,0,1,0,1,0,0,1,1,0,1,0,0,1,0,1,0,0,2,17,0
201200043396,12,10,31,1,2,1,1.0,3.0,0.0,34.0,0.0,0.0,2.0,1.0,1,-1,3.0,2.0,2.0,1.0,0.0,0.0,1,0.0,1.0,2,2,4,0,0,0,0,4,0,4,0,0,0,4,0,0,0,1,0,0,0,2,16,23
200600007880,6,2,2,2,2,1,1.0,2.0,1.0,7.0,0.0,0.0,0.0,0.0,1,-1,4.0,2.0,2.0,1.0,0.0,0.0,1,0.0,1.0,2,2,2,0,0,0,0,2,0,2,0,0,0,0,0,2,0,0,0,0,1,2,19,15
201300018767,13,12,5,3,1,8,2.0,1.0,0.0,7.0,0.0,0.0,4.0,19.0,1,1,3.0,0.0,2.0,1.0,0.0,60.0,1,4.0,1.0,2,1,6,2,2,0,2,4,0,4,2,2,0,6,2,0,0,1,1,0,0,3,20,45
200600032209,6,6,21,1,1,1,1.0,1.0,0.0,10.0,0.0,0.0,2.0,13.0,1,1,3.0,2.0,0.0,1.0,0.0,0.0,1,0.0,1.0,2,4,2,2,0,0,0,4,0,0,0,4,0,2,0,0,2,1,0,0,0,4,14,0
200900003326,9,1,8,1,2,1,1.0,2.0,0.0,10.0,0.0,0.0,0.0,0.0,1,-1,3.0,1.0,2.0,1.0,0.0,74.0,1,0.0,1.0,2,1,4,0,0,0,0,4,0,4,0,0,0,4,0,0,0,1,0,0,0,2,13,8
200700003625,7,1,8,1,1,9,1.0,2.0,0.0,99.0,0.0,0.0,0.0,2.0,1,-1,3.0,3.0,1.0,2.0,25.0,43.0,1,0.0,1.0,2,1,4,0,0,0,0,4,0,2,0,2,0,0,0,4,0,1,1,0,0,2,11,5
200600033423,6,6,7,1,2,4,1.0,3.0,0.0,10.0,0.0,0.0,2.0,15.0,1,1,4.0,2.0,2.0,2.0,0.0,66.0,1,0.0,1.0,2,1,4,0,0,0,0,4,0,0,0,4,0,4,0,0,0,1,0,1,0,2,15,10
200800034923,8,6,2,1,2,6,1.0,3.0,0.0,34.0,0.0,0.0,2.0,1.0,1,2,4.0,4.0,0.0,1.0,0.0,60.0,1,0.0,1.0,2,2,4,0,0,0,0,4,0,2,2,0,0,2,0,0,2,0,0,1,0,2,15,0
201500038850,15,7,2,1,2,1,7.0,6.0,0.0,7.0,0.0,0.0,1.0,1.0,1,1,3.0,2.0,2.0,2.0,0.0,62.0,1,0.0,1.0,1,1,2,0,0,1,0,1,0,0,0,1,1,2,0,0,0,0,0,1,0,2,9,35
200700069525,7,11,16,1,2,1,7.0,2.0,0.0,7.0,0.0,0.0,2.0,1.0,1,1,4.0,2.0,2.0,1.0,0.0,0.0,1,0.0,1.0,2,1,2,2,0,0,0,4,0,2,0,0,2,0,0,2,2,1,1,0,0,2,16,55
201400016916,14,4,18,5,2,1,1.0,3.0,0.0,7.0,0.0,0.0,2.0,15.0,1,1,3.0,2.0,2.0,2.0,0.0,65.0,1,0.0,1.0,2,1,2,2,0,0,0,4,0,0,4,0,0,0,2,0,2,1,0,0,0,3,21,30
200800052203,8,9,21,5,1,2,1.0,3.0,0.0,7.0,0.0,0.0,2.0,1.0,1,1,4.0,1.0,1.0,1.0,0.0,0.0,1,5.0,1.0,2,2,4,0,0,0,0,4,0,0,2,0,2,2,0,2,0,1,0,1,0,2,0,20
201700031821,17,10,12,1,2,1,1.0,4.0,1.0,7.0,0.0,0.0,2.0,23.0,1,-1,4.0,2.0,2.0,1.0,0.0,0.0,1,0.0,0.0,3,1,9,3,0,0,3,9,0,3,9,0,0,6,0,6,0,1,1,1,0,2,16,0
201500019878,15,12,6,1,2,5,1.0,3.0,0.0,7.0,0.0,0.0,2.0,15.0,1,1,4.0,2.0,4.0,1.0,15.0,120.0,1,0.0,1.0,2,1,4,0,0,0,0,4,0,0,4,0,0,2,0,2,0,1,0,0,0,2,11,5
201600014552,16,4,13,1,2,2,1.0,3.0,2.0,1.0,0.0,0.0,2.0,0.0,1,2,4.0,0.0,6.0,0.0,25.0,180.0,-1,0.0,1.0,2,1,6,0,0,0,2,4,0,6,0,0,0,0,0,6,0,0,0,0,0,2,15,0
201300032167,13,11,20,5,2,1,3.0,6.0,0.0,1.0,0.0,0.0,2.0,1.0,1,-1,4.0,2.0,2.0,2.0,0.0,50.0,1,0.0,1.0,2,2,4,0,0,0,0,4,0,0,0,0,4,2,0,2,0,1,0,1,0,2,18,10
201200016830,12,7,26,1,2,9,1.0,7.0,0.0,31.0,0.0,0.0,0.0,1.0,1,2,4.0,0.0,2.0,1.0,0.0,35.0,0,0.0,1.0,1,2,1,0,0,0,0,1,0,0,0,0,1,1,0,0,0,0,0,1,0,2,9,45
201200007680,12,8,24,1,2,2,2.0,3.0,0.0,7.0,0.0,0.0,0.0,1.0,1,1,4.0,2.0,2.0,0.0,0.0,50.0,1,5.0,1.0,2,3,2,2,0,0,0,4,2,2,0,0,0,0,0,4,0,1,0,1,0,3,11,45
201400036968,14,9,17,1,2,1,1.0,6.0,0.0,7.0,0.0,0.0,1.0,4.0,1,1,4.0,1.0,1.0,1.0,0.0,46.0,1,0.0,1.0,1,1,2,1,0,2,0,1,1,2,0,0,0,2,1,0,0,0,1,0,0,3,11,52
201200039256,12,3,5,5,2,1,6.0,2.0,0.0,7.0,0.0,0.0,2.0,15.0,1,-1,4.0,2.0,1.0,1.0,0.0,68.0,1,0.0,1.0,2,1,4,0,0,0,0,4,2,2,0,0,0,4,0,0,0,1,1,0,0,4,18,40
201100030557,11,2,14,5,2,1,2.0,6.0,0.0,7.0,0.0,0.0,1.0,1.0,1,1,4.0,2.0,2.0,2.0,0.0,0.0,1,0.0,1.0,1,1,1,1,0,1,0,1,0,2,0,0,0,1,0,0,1,1,0,0,0,3,19,50
201100039425,11,12,6,2,2,1,2.0,6.0,0.0,7.0,0.0,0.0,1.0,1.0,1,1,4.0,1.0,2.0,1.0,0.0,0.0,1,0.0,1.0,1,1,2,0,0,1,0,1,0,1,1,0,0,0,0,1,1,1,0,0,0,2,17,25
201000039747,10,8,6,1,2,1,1.0,1.0,0.0,7.0,0.0,0.0,2.0,1.0,1,-1,2.0,2.0,2.0,1.0,0.0,0.0,1,0.0,1.0,2,1,4,2,0,0,2,4,0,0,2,4,0,4,0,2,0,1,0,0,0,2,14,0
201500006003,15,9,11,2,2,1,1.0,5.0,0.0,7.0,0.0,0.0,2.0,1.0,1,1,3.0,2.0,2.0,1.0,70.0,0.0,1,0.0,1.0,3,3,9,0,0,0,0,9,0,0,0,0,9,9,0,0,0,1,1,0,0,3,6,45
201500010506,15,10,22,1,2,1,1.0,1.0,0.0,7.0,0.0,0.0,2.0,15.0,1,1,4.0,2.0,2.0,2.0,0.0,78.0,1,0.0,1.0,2,1,4,0,0,0,0,4,0,4,0,0,0,0,0,2,2,1,0,0,0,2,11,33
200900049470,9,10,29,1,2,1,1.0,6.0,0.0,7.0,0.0,0.0,1.0,1.0,1,1,4.0,2.0,2.0,1.0,20.0,145.0,1,0.0,1.0,1,1,1,1,0,1,0,1,0,1,1,0,0,1,0,0,1,1,0,0,0,3,17,0
200600056839,6,9,26,4,1,1,1.0,6.0,0.0,2.0,0.0,1.0,0.0,1.0,1,2,4.0,2.0,2.0,2.0,0.0,56.0,1,0.0,1.0,1,3,1,0,0,0,0,1,1,0,0,0,0,0,0,1,0,1,0,0,0,3,0,10
201700043101,17,3,24,1,2,1,1.0,2.0,1.0,31.0,0.0,0.0,2.0,1.0,1,2,4.0,2.0,2.0,1.0,0.0,0.0,1,0.0,1.0,2,2,2,2,0,0,0,4,0,4,0,0,0,2,0,2,0,1,1,0,0,2,17,30
201200003937,12,4,19,1,1,1,1.0,7.0,0.0,13.0,0.0,0.0,0.0,0.0,1,1,3.0,2.0,2.0,1.0,64.0,64.0,1,0.0,1.0,1,3,1,0,0,0,0,1,0,0,0,1,0,1,0,0,0,0,0,0,0,3,7,15
201700029211,17,3,5,1,2,1,1.0,6.0,1.0,32.0,0.0,1.0,0.0,0.0,2,-1,4.0,2.0,2.0,1.0,0.0,0.0,1,0.0,1.0,1,3,1,0,0,0,1,0,1,0,0,0,0,1,0,0,0,0,0,0,0,3,18,27
200700028421,7,5,10,1,2,1,1.0,3.0,0.0,33.0,0.0,0.0,2.0,1.0,1,2,4.0,2.0,5.0,1.0,0.0,180.0,1,0.0,1.0,2,2,4,0,0,0,0,4,0,2,0,0,2,0,0,4,0,1,0,0,0,2,12,12
200600057146,6,9,16,2,2,1,1.0,2.0,1.0,7.0,0.0,0.0,0.0,0.0,1,2,3.0,3.0,3.0,1.0,12.0,90.0,1,0.0,1.0,2,2,2,0,0,0,0,2,0,0,0,0,2,2,0,0,0,0,1,0,0,2,5,30
200700009969,7,2,19,5,2,1,1.0,3.0,0.0,7.0,0.0,0.0,2.0,12.0,1,1,4.0,3.0,3.0,1.0,15.0,90.0,1,0.0,1.0,2,1,4,0,0,0,0,4,0,0,4,0,0,2,0,2,0,1,1,0,0,2,19,45
201100048806,11,11,19,5,2,6,1.0,3.0,0.0,7.0,0.0,0.0,2.0,9.0,1,-1,4.0,2.0,1.0,1.0,0.0,50.0,1,5.0,1.0,2,3,4,0,0,0,0,4,0,0,0,0,4,2,0,2,0,1,0,0,0,3,18,10
201000060576,10,5,20,1,2,3,1.0,7.0,0.0,32.0,0.0,0.0,0.0,1.0,1,2,4.0,1.0,3.0,1.0,0.0,66.0,-1,0.0,1.0,1,2,1,0,0,0,0,1,0,0,1,0,0,0,0,0,1,1,0,0,0,2,16,5
201000045073,10,7,24,1,2,9,1.0,1.0,0.0,7.0,0.0,0.0,2.0,16.0,1,1,5.0,2.0,2.0,4.0,0.0,62.0,1,0.0,1.0,2,1,4,0,0,0,0,4,0,2,2,0,0,2,0,2,0,1,0,0,0,3,9,20
201200040490,12,6,30,1,2,1,1.0,7.0,0.0,33.0,0.0,16.0,0.0,1.0,1,2,4.0,0.0,2.0,1.0,0.0,0.0,1,0.0,1.0,1,2,1,0,0,0,0,1,0,0,1,0,0,1,0,0,0,1,0,0,0,2,13,25
201600031265,16,4,23,1,2,1,1.0,6.0,1.0,7.0,0.0,0.0,1.0,1.0,1,1,4.0,4.0,2.0,1.0,0.0,0.0,1,0.0,3.0,1,1,1,1,0,1,0,1,0,0,2,0,0,0,1,1,0,1,0,0,0,3,15,0
200700021591,7,4,29,1,1,1,1.0,1.0,0.0,2.0,0.0,0.0,2.0,13.0,1,2,4.0,2.0,1.0,1.0,0.0,42.0,1,0.0,1.0,2,3,2,4,2,0,0,4,0,2,4,0,0,0,4,2,0,1,0,0,0,3,18,25
200700063118,7,10,30,1,2,6,1.0,2.0,0.0,2.0,0.0,0.0,2.0,15.0,1,2,4.0,1.0,2.0,1.0,0.0,83.0,1,0.0,1.0,2,2,2,2,0,0,0,4,0,0,4,0,0,2,0,0,2,1,1,0,0,2,10,0
200500064043,5,10,14,3,1,1,1.0,6.0,0.0,2.0,0.0,6.0,0.0,1.0,1,2,3.0,2.0,0.0,2.0,0.0,70.0,1,0.0,1.0,1,3,1,0,0,0,0,1,0,0,0,0,1,0,0,1,0,1,0,0,0,3,22,30
201000029139,10,5,22,5,2,2,1.0,3.0,0.0,7.0,0.0,0.0,2.0,1.0,1,-1,4.0,2.0,1.0,1.0,0.0,0.0,1,0.0,1.0,2,1,2,2,0,0,0,4,0,4,0,0,0,2,0,2,0,1,0,0,0,3,2,0
200800053249,8,9,15,1,2,1,1.0,6.0,0.0,10.0,0.0,0.0,1.0,4.0,1,-1,4.0,2.0,2.0,1.0,0.0,100.0,1,0.0,1.0,1,1,1,1,0,1,0,1,1,0,1,0,0,0,0,0,2,0,1,0,0,2,13,15
201200040768,12,1,21,5,2,1,2.0,3.0,1.0,7.0,0.0,0.0,0.0,15.0,1,2,4.0,2.0,2.0,1.0,0.0,0.0,1,0.0,1.0,2,2,2,0,0,0,0,2,0,2,0,0,0,2,0,0,0,1,0,0,1,2,18,45
200700017558,7,3,4,3,2,1,1.0,3.0,0.0,7.0,0.0,0.0,2.0,19.0,1,1,3.0,2.0,0.0,1.0,0.0,0.0,1,5.0,1.0,2,1,4,2,0,0,2,4,0,4,0,0,2,4,0,2,0,1,0,1,0,2,22,0
201100027513,11,4,29,1,2,1,1.0,3.0,0.0,33.0,0.0,0.0,1.0,18.0,1,-1,4.0,3.0,2.0,1.0,0.0,70.0,1,0.0,1.0,2,2,2,2,0,0,0,4,0,2,2,0,0,4,0,0,0,1,1,0,0,2,13,30
201400024994,14,4,21,1,2,1,1.0,6.0,1.0,31.0,0.0,0.0,1.0,1.0,3,-1,4.0,0.0,1.0,1.0,0.0,20.0,1,6.0,1.0,1,2,0,1,0,1,0,0,0,0,1,0,0,1,0,0,0,1,0,0,0,2,13,40
200500030675,5,5,9,1,2,1,1.0,2.0,0.0,7.0,0.0,0.0,2.0,2.0,1,-1,4.0,2.0,2.0,1.0,10.0,80.0,1,0.0,1.0,2,1,4,0,0,0,0,4,0,0,4,0,0,2,0,0,2,1,1,0,0,2,14,0
201700008655,17,1,16,1,2,2,1.0,3.0,1.0,7.0,0.0,0.0,2.0,15.0,1,1,3.0,2.0,2.0,1.0,0.0,70.0,1,0.0,1.0,2,1,4,0,0,0,0,4,0,4,0,0,0,4,0,0,0,1,0,0,0,2,16,20
200700062268,7,10,11,1,2,1,1.0,3.0,0.0,20.0,0.0,1.0,0.0,0.0,1,-1,5.0,3.0,2.0,2.0,8.0,98.0,1,0.0,1.0,2,1,4,0,0,0,0,4,0,0,0,4,0,4,0,0,0,1,0,1,0,2,16,30
201700007494,17,12,15,3,1,1,1.0,5.0,1.0,17.0,0.0,0.0,2.0,1.0,1,1,3.0,2.0,2.0,1.0,0.0,65.0,1,0.0,1.0,3,1,6,3,0,0,0,9,0,0,3,6,0,6,0,0,3,1,1,0,0,3,18,21
201600037629,16,9,23,1,2,1,1.0,3.0,0.0,33.0,0.0,0.0,2.0,1.0,1,2,4.0,3.0,4.0,2.0,10.0,120.0,1,0.0,1.0,2,2,4,0,0,0,0,4,0,0,2,0,2,2,0,2,0,1,0,1,0,2,18,55
200700029316,7,5,20,1,2,1,1.0,2.0,0.0,99.0,0.0,1.0,0.0,1.0,1,0,4.0,3.0,4.0,2.0,25.0,120.0,1,0.0,1.0,2,3,2,2,0,0,0,4,0,0,4,0,0,2,0,2,0,0,1,0,0,3,17,15
201000035399,10,2,17,1,2,1,2.0,6.0,0.0,7.0,0.0,0.0,1.0,2.0,1,1,4.0,2.0,3.0,1.0,0.0,102.0,1,0.0,1.0,1,1,0,2,0,1,0,1,0,2,0,0,0,1,0,1,0,1,0,0,0,2,12,5
200700010554,7,2,19,3,2,1,1.0,5.0,0.0,7.0,0.0,0.0,2.0,13.0,1,1,3.0,2.0,2.0,1.0,0.0,60.0,1,0.0,1.0,3,2,3,6,0,0,0,9,3,0,6,0,0,6,0,3,0,1,0,0,0,2,23,20
200800046386,8,8,6,1,1,1,1.0,7.0,0.0,1.0,0.0,5.0,0.0,1.0,1,0,3.0,2.0,2.0,2.0,0.0,50.0,1,0.0,1.0,1,3,1,0,0,0,0,1,0,0,1,0,0,1,0,0,0,1,0,0,0,3,11,15
201200051437,12,1,3,5,2,2,1.0,3.0,0.0,7.0,0.0,0.0,2.0,1.0,1,1,4.0,1.0,1.0,1.0,0.0,0.0,1,0.0,1.0,2,1,4,0,0,0,0,4,0,2,2,0,0,2,0,2,0,1,0,0,0,2,0,15
201400011501,14,12,13,5,2,1,1.0,3.0,0.0,30.0,0.0,0.0,2.0,0.0,1,2,4.0,1.0,4.0,1.0,0.0,100.0,1,0.0,1.0,2,2,4,2,0,0,2,4,0,6,0,0,0,2,4,0,0,1,0,0,0,2,18,40
201600016607,16,10,8,1,1,1,1.0,3.0,1.0,33.0,0.0,0.0,2.0,5.0,1,2,3.0,2.0,2.0,0.0,0.0,0.0,1,0.0,1.0,2,2,4,0,0,0,0,4,0,2,0,2,0,2,0,2,0,1,0,0,0,2,13,0
200800043362,8,8,30,2,2,3,1.0,3.0,0.0,30.0,0.0,0.0,2.0,1.0,1,2,4.0,1.0,1.0,1.0,0.0,0.0,1,0.0,1.0,2,2,4,0,0,0,0,4,0,0,4,0,0,0,0,2,2,1,0,0,0,2,20,0
201300006594,13,5,13,1,1,1,8.0,2.0,0.0,15.0,0.0,0.0,2.0,1.0,1,1,3.0,0.0,2.0,0.0,0.0,50.0,1,0.0,1.0,2,1,2,2,0,0,0,4,0,0,0,2,2,2,0,2,0,1,0,1,0,4,8,0
200900006162,9,2,24,1,1,1,1.0,4.0,0.0,14.0,0.0,0.0,2.0,1.0,1,-1,1.0,1.0,4.0,1.0,0.0,155.0,1,0.0,1.0,3,1,9,3,0,0,3,9,0,0,6,6,0,9,0,0,3,1,0,0,0,2,12,45
200900041032,9,12,19,5,2,4,1.0,3.0,0.0,7.0,0.0,0.0,2.0,1.0,1,1,4.0,0.0,1.0,1.0,0.0,70.0,-1,0.0,1.0,2,1,4,2,2,0,0,4,0,6,0,0,0,2,0,4,0,1,1,0,0,2,18,50
201400017464,14,7,21,1,2,1,1.0,6.0,0.0,7.0,0.0,0.0,1.0,1.0,1,1,3.0,1.0,1.0,1.0,0.0,47.0,1,0.0,1.0,1,1,1,1,0,1,0,1,0,0,1,1,0,2,0,0,0,1,0,0,0,3,15,30
200500007296,5,2,28,1,2,2,1.0,7.0,0.0,7.0,0.0,0.0,1.0,1.0,1,1,4.0,2.0,2.0,1.0,0.0,100.0,1,0.0,1.0,1,1,1,1,0,1,0,1,2,0,0,0,0,0,0,0,2,1,0,0,0,3,10,30
200800002375,8,1,11,1,2,1,1.0,6.0,0.0,7.0,0.0,0.0,2.0,4.0,1,1,4.0,2.0,2.0,1.0,0.0,45.0,1,0.0,1.0,1,1,0,2,0,1,0,1,1,1,0,0,0,1,0,0,1,1,0,0,0,2,11,30
200500004548,5,1,6,1,2,3,1.0,3.0,0.0,7.0,0.0,0.0,2.0,1.0,1,1,4.0,0.0,2.0,1.0,0.0,70.0,1,0.0,1.0,2,1,2,2,0,0,0,4,2,0,0,0,2,2,0,2,0,1,0,0,0,2,17,0
200600005598,6,1,21,1,2,1,1.0,6.0,0.0,7.0,0.0,8.0,0.0,13.0,1,-1,3.0,2.0,0.0,0.0,60.0,0.0,1,0.0,1.0,1,3,0,1,0,0,0,1,1,0,0,0,0,0,0,0,1,1,0,0,0,3,9,45
200800042128,8,7,12,5,2,1,2.0,6.0,0.0,10.0,0.0,14.0,1.0,1.0,3,-1,4.0,1.0,5.0,1.0,200.0,550.0,1,0.0,1.0,1,2,2,0,0,1,0,1,1,1,0,0,0,1,0,1,0,1,0,0,0,2,2,44
201600038599,16,1,3,1,2,1,2.0,3.0,0.0,7.0,0.0,0.0,2.0,17.0,1,1,3.0,2.0,2.0,1.0,0.0,0.0,1,0.0,1.0,2,1,2,2,0,0,0,4,0,4,0,0,0,4,0,0,0,1,1,0,0,2,13,0
201700019971,17,11,18,1,2,2,1.0,3.0,2.0,7.0,0.0,0.0,2.0,0.0,1,1,4.0,2.0,2.0,1.0,0.0,10.0,1,0.0,-1.0,2,1,4,0,0,0,0,4,0,0,4,0,0,0,2,2,0,1,0,0,0,2,11,0
201000008331,10,8,21,1,1,1,1.0,1.0,0.0,33.0,0.0,0.0,2.0,1.0,1,2,3.0,2.0,2.0,4.0,0.0,71.0,1,0.0,1.0,2,3,4,0,0,0,0,4,0,0,4,0,0,2,0,0,2,1,0,0,0,3,16,0
201100045379,11,3,20,1,2,6,1.0,3.0,0.0,1.0,0.0,0.0,2.0,15.0,1,2,3.0,2.0,0.0,2.0,0.0,128.0,1,0.0,0.0,2,3,4,0,0,0,0,4,0,0,4,0,0,4,0,0,0,1,0,0,0,3,14,25
201200041010,12,10,24,1,1,1,1.0,6.0,0.0,7.0,0.0,6.0,0.0,14.0,1,1,2.0,3.0,4.0,1.0,0.0,0.0,1,0.0,1.0,1,2,1,0,0,0,0,1,1,0,0,0,0,1,0,0,0,0,0,1,0,2,9,30
201600055637,16,10,11,1,2,1,1.0,6.0,1.0,34.0,0.0,0.0,2.0,1.0,1,2,4.0,2.0,2.0,1.0,0.0,0.0,1,0.0,1.0,2,2,2,0,0,0,0,2,0,0,0,2,0,2,0,0,0,0,1,0,0,2,12,35
201100008332,11,6,12,1,1,1,1.0,7.0,0.0,33.0,0.0,13.0,0.0,1.0,1,2,3.0,2.0,2.0,0.0,0.0,60.0,1,0.0,1.0,1,3,1,0,0,0,0,1,0,0,1,0,0,1,0,0,0,0,0,1,0,3,12,15
201300006848,13,6,26,1,1,1,1.0,6.0,0.0,7.0,0.0,12.0,0.0,14.0,1,1,3.0,2.0,0.0,0.0,0.0,0.0,-1,0.0,0.0,1,3,1,0,0,0,0,1,0,0,1,0,0,1,0,0,0,0,0,0,0,3,13,30
201400002130,14,1,20,2,1,1,5.0,5.0,0.0,7.0,0.0,0.0,2.0,13.0,1,1,3.0,2.0,2.0,4.0,0.0,72.0,-1,0.0,1.0,3,1,9,0,0,0,0,9,3,3,0,0,3,6,0,3,0,1,0,0,0,3,7,15