Num_Acc,an,mois,jour,lum,agg,int,atm,col,senc,catv,occutc,obs,obsm,manv,catu,secu,catr,circ,nbv,prof,lartpc,larrout,surf,infra,situ,nb_veh,grav_simpl,Homme,Femme,Arrière,Autre_x,Avant,Conducteur,Autre_y,Inconnu,Loisirs,Professionnel,Travail,Adulte,Enfant,Jeune,Senior,choc_avant,choc_arriere,choc_lateral,choc_multiple,grav_order_max,heure,minute
200700012899,7,3,13,1,2,3,1.0,1.0,0.0,10.0,0.0,0.0,2.0,1.0,1,1,3.0,2.0,2.0,1.0,0.0,60.0,1,0.0,1.0,2,1,4,0,0,0,0,4,0,0,2,0,2,2,0,2,0,1,0,0,0,3,17,45
201200057553,12,5,13,1,2,1,1.0,3.0,0.0,1.0,0.0,0.0,2.0,1.0,1,-1,4.0,2.0,2.0,1.0,0.0,0.0,1,0.0,1.0,2,2,0,4,0,0,0,4,0,2,2,0,0,0,0,2,2,1,0,1,0,2,17,40
200900066867,9,10,17,3,1,1,1.0,2.0,0.0,7.0,0.0,0.0,2.0,0.0,1,1,1.0,3.0,4.0,1.0,25.0,140.0,1,0.0,1.0,2,1,4,2,0,0,2,4,0,2,4,0,0,2,0,4,0,1,1,0,0,3,0,1
201700057956,17,8,13,1,2,1,1.0,6.0,1.0,7.0,0.0,4.0,2.0,11.0,1,-1,4.0,1.0,4.0,1.0,10.0,139.0,1,0.0,1.0,2,1,6,0,0,0,2,4,0,0,4,2,0,2,0,4,0,1,1,0,0,2,9,45
201300040196,13,12,22,5,2,1,2.0,6.0,0.0,2.0,0.0,12.0,0.0,1.0,1,2,4.0,1.0,1.0,1.0,0.0,0.0,1,0.0,1.0,1,2,1,0,0,0,0,1,0,0,0,1,0,0,0,1,0,1,0,0,0,2,20,25
201000010000,10,12,6,1,1,1,9.0,1.0,0.0,7.0,0.0,0.0,2.0,13.0,1,1,3.0,2.0,2.0,1.0,0.0,110.0,1,0.0,1.0,2,3,2,2,0,0,0,4,0,0,2,0,2,4,0,0,0,1,0,1,0,3,15,0
201100018761,11,3,8,1,2,1,1.0,6.0,0.0,1.0,0.0,0.0,2.0,0.0,1,2,9.0,1.0,2.0,1.0,0.0,0.0,1,0.0,1.0,2,3,4,0,0,0,0,4,0,2,2,0,0,0,0,0,4,0,0,1,0,3,9,15
201600000229,16,7,1,1,1,1,1.0,1.0,1.0,7.0,0.0,0.0,9.0,2.0,1,1,4.0,2.0,0.0,1.0,0.0,0.0,1,0.0,1.0,2,1,2,2,0,0,0,4,2,0,2,0,0,0,0,0,4,0,1,0,0,3,9,0
201500007078,15,6,13,1,2,1,1.0,6.0,0.0,33.0,0.0,6.0,0.0,13.0,1,2,4.0,2.0,2.0,4.0,0.0,0.0,1,0.0,1.0,1,3,1,0,0,0,0,1,0,0,1,0,0,0,0,1,0,0,0,1,0,3,21,15
200600058189,6,10,4,3,1,1,1.0,1.0,0.0,7.0,0.0,0.0,2.0,1.0,1,1,3.0,2.0,2.0,1.0,0.0,96.0,1,0.0,1.0,2,1,2,2,0,0,0,4,0,0,4,0,0,2,0,2,0,1,0,0,0,3,22,30
200600020635,6,4,27,1,2,1,1.0,1.0,0.0,7.0,0.0,0.0,2.0,16.0,1,1,2.0,3.0,4.0,1.0,0.0,72.0,1,0.0,1.0,2,1,6,8,0,10,0,4,0,12,0,2,0,10,0,4,0,1,0,0,0,2,14,19
201500028700,15,11,1,5,2,1,1.0,6.0,0.0,7.0,0.0,0.0,1.0,1.0,1,1,4.0,2.0,4.0,1.0,0.0,0.0,1,0.0,0.0,1,1,0,2,0,1,0,1,0,2,0,0,0,0,1,1,0,1,0,0,0,2,17,30
200700032169,7,6,27,1,2,1,1.0,3.0,0.0,7.0,0.0,0.0,2.0,15.0,1,1,3.0,2.0,0.0,2.0,0.0,0.0,1,0.0,1.0,2,1,6,0,0,0,2,4,0,2,2,0,2,0,2,2,2,1,0,1,0,3,15,30
200600075510,6,12,5,1,2,2,1.0,6.0,1.0,30.0,0.0,0.0,1.0,0.0,4,-1,4.0,2.0,4.0,1.0,0.0,140.0,1,0.0,1.0,1,3,0,1,0,1,0,0,0,1,0,0,0,1,0,0,0,0,0,0,0,3,15,50
200700050356,7,8,15,1,2,2,2.0,5.0,0.0,7.0,0.0,7.0,2.0,1.0,1,1,4.0,2.0,2.0,1.0,0.0,68.0,1,0.0,1.0,3,2,9,0,0,0,0,9,0,0,9,0,0,3,0,6,0,1,0,0,0,3,18,40
200600058513,6,10,29,2,1,1,1.0,6.0,0.0,7.0,0.0,8.0,0.0,1.0,1,1,3.0,2.0,2.0,0.0,0.0,60.0,1,0.0,1.0,1,3,2,0,0,0,1,1,0,1,1,0,0,0,1,1,0,0,0,1,0,3,19,0
200800062028,8,10,17,1,2,2,1.0,3.0,0.0,7.0,0.0,0.0,2.0,1.0,1,-1,4.0,1.0,4.0,1.0,0.0,100.0,1,5.0,1.0,2,1,4,0,0,0,0,4,0,2,0,2,0,2,0,0,2,0,0,1,0,2,13,10
201500033675,15,6,30,1,2,2,1.0,6.0,0.0,7.0,0.0,0.0,1.0,15.0,1,1,4.0,2.0,2.0,2.0,0.0,-1.0,1,5.0,0.0,1,1,3,0,0,2,0,1,0,1,1,1,0,2,1,0,0,1,0,0,0,3,12,5
201000033716,10,9,17,1,2,2,1.0,3.0,0.0,7.0,0.0,0.0,2.0,9.0,1,1,4.0,2.0,2.0,1.0,0.0,0.0,1,0.0,1.0,2,1,2,2,0,0,0,4,0,2,0,0,2,2,2,0,0,0,1,1,0,2,7,50
201200015738,12,6,14,1,2,1,1.0,6.0,0.0,7.0,0.0,0.0,1.0,1.0,1,-1,4.0,2.0,2.0,1.0,0.0,60.0,1,0.0,1.0,1,1,1,1,0,1,0,1,0,0,2,0,0,0,0,0,2,1,0,0,0,2,8,0
200700070979,7,11,28,5,2,1,1.0,3.0,0.0,1.0,0.0,0.0,2.0,0.0,1,-1,4.0,3.0,4.0,1.0,0.0,120.0,1,0.0,1.0,2,3,4,0,0,0,0,4,0,4,0,0,0,0,0,4,0,1,0,1,0,3,20,35
201700026149,17,4,1,1,1,1,1.0,1.0,1.0,7.0,0.0,0.0,2.0,16.0,1,1,4.0,2.0,2.0,1.0,0.0,60.0,1,0.0,1.0,2,1,8,2,2,0,4,4,0,0,4,2,4,6,2,2,0,1,0,0,0,2,8,30
201200017701,12,3,15,1,1,1,1.0,7.0,0.0,33.0,0.0,13.0,0.0,14.0,1,2,3.0,2.0,2.0,1.0,0.0,55.0,1,0.0,3.0,1,3,1,0,0,0,0,1,0,0,1,0,0,0,0,1,0,1,0,0,0,3,10,0
201300050299,13,10,29,5,2,3,1.0,2.0,0.0,7.0,0.0,0.0,2.0,2.0,1,1,4.0,1.0,4.0,1.0,10.0,160.0,1,0.0,1.0,2,1,4,0,0,0,0,4,0,4,0,0,0,2,0,2,0,1,1,0,0,2,1,10
200700022509,7,4,29,1,2,1,1.0,6.0,2.0,30.0,0.0,0.0,1.0,1.0,2,-1,5.0,0.0,0.0,1.0,0.0,20.0,1,6.0,0.0,1,1,2,0,0,1,1,0,0,1,1,0,0,0,1,1,0,0,0,0,0,2,18,45
200500045309,5,7,18,1,2,1,2.0,3.0,0.0,10.0,0.0,0.0,2.0,13.0,1,1,4.0,0.0,4.0,2.0,0.0,600.0,1,0.0,1.0,2,3,4,0,0,0,0,4,0,0,2,2,0,2,0,2,0,1,0,0,0,3,12,30
200800014650,8,3,27,1,2,2,1.0,3.0,0.0,7.0,0.0,0.0,2.0,1.0,1,1,4.0,1.0,1.0,1.0,0.0,0.0,1,0.0,1.0,2,2,4,2,0,0,2,4,0,6,0,0,0,0,0,2,4,1,0,0,0,2,10,20
201600021335,16,12,21,1,1,1,1.0,2.0,1.0,7.0,0.0,0.0,2.0,2.0,1,1,3.0,2.0,2.0,1.0,0.0,0.0,1,0.0,0.0,2,1,6,0,2,0,0,4,0,6,0,0,0,2,2,2,0,1,1,0,0,3,13,45
201500003406,15,7,19,1,1,1,2.0,6.0,0.0,7.0,0.0,2.0,0.0,1.0,1,1,3.0,2.0,0.0,1.0,0.0,0.0,-1,0.0,1.0,1,1,1,1,0,0,1,1,0,1,1,0,0,0,0,2,0,0,0,1,0,3,8,45
201700006838,17,7,20,1,1,1,1.0,4.0,2.0,7.0,0.0,0.0,0.0,1.0,1,1,1.0,1.0,5.0,1.0,0.0,0.0,1,0.0,1.0,3,2,9,12,3,0,9,9,0,6,15,0,0,9,3,3,6,1,1,0,0,3,10,15
200600011811,6,3,21,1,2,3,3.0,3.0,0.0,7.0,0.0,0.0,2.0,15.0,1,1,4.0,2.0,3.0,2.0,0.0,0.0,1,0.0,1.0,2,1,2,2,0,0,0,4,0,0,4,0,0,0,2,0,2,1,1,0,0,2,18,10
200800024231,8,5,24,1,2,3,1.0,1.0,0.0,7.0,0.0,0.0,2.0,15.0,1,1,4.0,2.0,2.0,1.0,0.0,50.0,1,0.0,0.0,2,1,4,2,0,0,2,4,2,4,0,0,0,4,0,2,0,1,0,0,0,2,15,10
201100022933,11,10,22,1,2,6,1.0,4.0,0.0,10.0,0.0,0.0,0.0,1.0,1,-1,4.0,1.0,2.0,0.0,0.0,0.0,-1,5.0,1.0,3,1,3,6,0,0,0,9,0,0,9,0,0,9,0,0,0,1,1,0,0,2,15,40
201400017231,14,3,12,5,2,1,1.0,6.0,0.0,7.0,0.0,1.0,1.0,14.0,1,1,3.0,2.0,2.0,1.0,0.0,66.0,1,0.0,3.0,1,2,3,1,0,3,0,1,0,0,4,0,0,4,0,0,0,1,0,0,0,4,0,45
201000010693,10,11,11,2,1,1,1.0,6.0,0.0,7.0,0.0,2.0,0.0,1.0,1,1,3.0,2.0,2.0,1.0,0.0,68.0,1,0.0,3.0,1,3,4,0,2,0,1,1,0,3,1,0,0,0,0,4,0,1,0,0,0,3,6,0
201100014876,11,10,26,1,2,3,1.0,3.0,0.0,7.0,0.0,0.0,2.0,15.0,1,1,4.0,2.0,2.0,0.0,0.0,0.0,1,0.0,1.0,2,1,4,0,0,0,0,4,0,0,4,0,0,2,0,0,2,1,0,0,0,3,17,50
201300013346,13,12,10,5,1,2,1.0,1.0,0.0,7.0,0.0,0.0,2.0,15.0,1,1,3.0,2.0,2.0,1.0,0.0,80.0,1,0.0,1.0,2,2,4,2,2,0,0,4,2,0,0,0,4,4,2,0,0,1,0,0,0,3,18,5
201300019479,13,6,28,1,2,1,1.0,5.0,0.0,31.0,0.0,0.0,2.0,0.0,1,2,2.0,3.0,1.0,0.0,0.0,0.0,-1,0.0,1.0,4,2,8,8,0,0,0,16,0,16,0,0,0,12,0,4,0,1,1,0,0,2,17,29
201000008378,10,2,2,1,1,1,1.0,6.0,0.0,14.0,0.0,0.0,1.0,2.0,1,1,3.0,2.0,2.0,1.0,0.0,55.0,1,0.0,1.0,1,1,2,0,0,1,0,1,0,0,1,0,1,2,0,0,0,1,0,0,0,3,18,30
200900011792,9,1,8,5,2,6,1.0,4.0,0.0,7.0,0.0,0.0,2.0,2.0,1,-1,4.0,2.0,2.0,1.0,0.0,83.0,1,0.0,1.0,3,1,6,3,0,0,0,9,0,9,0,0,0,6,0,3,0,1,0,0,0,2,18,5
201300032478,13,5,5,1,2,1,1.0,1.0,0.0,7.0,0.0,0.0,2.0,13.0,1,1,3.0,2.0,2.0,3.0,0.0,72.0,1,0.0,1.0,2,1,2,6,2,0,2,4,0,0,8,0,0,6,0,0,2,1,0,0,0,2,14,45
201000022839,10,1,7,5,2,2,2.0,6.0,0.0,7.0,0.0,0.0,1.0,2.0,1,1,4.0,2.0,1.0,1.0,0.0,60.0,1,0.0,0.0,1,1,2,0,0,1,0,1,1,1,0,0,0,0,1,1,0,1,0,0,0,3,18,30
201700002577,17,6,10,1,1,3,1.0,1.0,2.0,7.0,0.0,0.0,0.0,15.0,1,-1,3.0,-1.0,2.0,-1.0,0.0,-1.0,-1,0.0,-1.0,2,1,4,2,0,0,2,4,0,0,6,0,0,6,0,0,0,1,0,0,0,3,16,30
201400040957,14,7,11,1,2,9,1.0,3.0,0.0,33.0,0.0,0.0,2.0,17.0,1,2,3.0,2.0,3.0,1.0,0.0,85.0,1,0.0,1.0,2,2,4,2,0,0,2,4,0,0,6,0,0,4,0,2,0,1,0,0,0,3,17,50
201500037004,15,1,7,1,2,1,1.0,6.0,0.0,7.0,0.0,0.0,1.0,1.0,1,1,4.0,2.0,2.0,1.0,0.0,100.0,1,0.0,1.0,1,1,1,1,0,1,0,1,0,2,0,0,0,0,1,1,0,1,0,0,0,2,17,40
200700079274,7,12,5,5,2,2,2.0,3.0,0.0,7.0,0.0,0.0,2.0,23.0,1,1,4.0,2.0,2.0,0.0,0.0,60.0,1,0.0,1.0,2,1,2,2,0,0,0,4,0,0,2,0,2,2,2,0,0,1,0,0,0,2,17,20
201700040759,17,12,7,1,2,1,1.0,6.0,1.0,7.0,0.0,0.0,2.0,1.0,1,1,3.0,2.0,2.0,2.0,0.0,70.0,1,0.0,1.0,2,1,4,2,0,2,0,4,2,0,4,0,0,2,2,2,0,1,0,0,0,2,12,40
200900071965,9,10,11,3,1,1,1.0,2.0,0.0,7.0,0.0,0.0,2.0,10.0,1,1,2.0,2.0,0.0,1.0,0.0,0.0,1,0.0,1.0,2,1,2,2,0,0,0,4,0,0,4,0,0,2,0,2,0,1,1,0,0,2,3,45
200800006290,8,2,14,1,2,1,1.0,3.0,0.0,10.0,0.0,0.0,2.0,15.0,1,1,3.0,2.0,0.0,1.0,0.0,64.0,1,0.0,1.0,2,1,0,6,0,0,2,4,0,2,2,2,0,4,0,0,2,1,0,1,0,3,11,0
201600030513,16,9,6,1,2,2,1.0,6.0,1.0,7.0,0.0,0.0,1.0,1.0,1,1,2.0,0.0,4.0,1.0,0.0,0.0,1,0.0,0.0,1,1,1,1,0,1,0,1,0,2,0,0,0,1,0,0,1,1,0,0,0,2,11,0
200700072028,7,11,1,1,2,1,1.0,6.0,0.0,30.0,0.0,0.0,1.0,16.0,3,-1,4.0,2.0,2.0,1.0,0.0,116.0,1,0.0,1.0,1,1,1,1,0,1,0,1,0,0,1,0,1,1,0,1,0,0,0,1,0,2,14,27
200900041302,9,11,10,3,1,2,1.0,6.0,0.0,2.0,0.0,-1.0,2.0,1.0,1,2,2.0,2.0,2.0,1.0,0.0,90.0,1,0.0,1.0,2,2,4,0,0,0,0,4,0,2,0,0,2,2,2,0,0,1,0,1,0,2,18,30
200800009604,8,2,20,4,2,1,1.0,6.0,0.0,33.0,0.0,16.0,0.0,1.0,1,2,2.0,2.0,2.0,1.0,0.0,180.0,1,0.0,1.0,1,3,1,0,0,0,0,1,0,0,1,0,0,0,0,1,0,0,0,0,1,3,23,30
201500003854,15,12,4,1,1,2,1.0,3.0,0.0,10.0,0.0,0.0,2.0,19.0,1,1,3.0,2.0,2.0,0.0,0.0,53.0,1,0.0,1.0,2,2,2,2,0,0,0,4,0,0,2,0,2,2,0,0,2,1,0,0,0,3,7,15
200900064876,9,9,5,1,2,1,1.0,6.0,0.0,30.0,0.0,1.0,0.0,2.0,1,2,4.0,2.0,2.0,2.0,60.0,30.0,1,0.0,1.0,1,2,0,1,0,0,0,1,0,0,0,0,1,0,0,1,0,1,0,0,0,2,14,10
200800038197,8,7,23,1,2,1,1.0,3.0,0.0,30.0,0.0,0.0,2.0,0.0,1,2,4.0,0.0,2.0,1.0,0.0,70.0,1,0.0,1.0,2,2,4,0,0,0,0,4,0,4,0,0,0,0,0,4,0,1,0,0,0,2,10,35
200900013646,9,1,18,3,1,1,8.0,7.0,0.0,7.0,0.0,14.0,0.0,14.0,1,1,2.0,3.0,4.0,1.0,20.0,140.0,1,2.0,1.0,1,3,1,0,0,0,0,1,0,0,1,0,0,0,0,1,0,1,0,0,0,3,8,0
201200053992,12,12,26,5,2,1,2.0,2.0,0.0,2.0,0.0,0.0,2.0,1.0,1,2,4.0,3.0,2.0,1.0,0.0,130.0,1,0.0,1.0,2,2,4,0,0,0,0,4,0,0,4,0,0,0,0,4,0,1,1,0,0,2,21,5
201000058629,10,4,2,1,2,2,1.0,3.0,0.0,7.0,0.0,0.0,2.0,0.0,1,-1,4.0,2.0,2.0,4.0,0.0,84.0,1,0.0,1.0,2,1,4,2,0,0,2,4,0,6,0,0,0,4,0,2,0,1,0,1,0,2,9,0
201500054187,15,7,10,1,2,1,1.0,6.0,0.0,7.0,0.0,1.0,0.0,14.0,1,1,4.0,2.0,2.0,1.0,0.0,0.0,1,0.0,1.0,1,2,1,0,0,0,0,1,0,0,1,0,0,1,0,0,0,1,0,0,0,2,17,25
200600064548,6,10,3,1,2,1,2.0,3.0,0.0,7.0,0.0,0.0,2.0,9.0,1,1,9.0,2.0,2.0,1.0,0.0,94.0,1,0.0,1.0,2,1,2,2,0,0,0,4,0,0,0,4,0,0,0,4,0,1,0,0,0,2,9,15
201400042938,14,11,1,5,2,2,1.0,3.0,0.0,3.0,0.0,0.0,2.0,15.0,1,-1,4.0,0.0,2.0,1.0,0.0,0.0,1,5.0,1.0,2,1,4,0,0,0,0,4,0,0,4,0,0,0,0,4,0,1,0,1,0,3,19,50
201700036054,17,4,27,5,2,1,1.0,6.0,0.0,7.0,0.0,0.0,1.0,1.0,3,-1,4.0,3.0,6.0,1.0,0.0,113.0,1,0.0,1.0,1,4,1,0,0,1,0,0,0,0,1,0,0,0,0,1,0,0,0,0,0,4,22,32
201400054353,14,11,17,4,2,7,2.0,3.0,0.0,30.0,0.0,0.0,2.0,1.0,1,2,4.0,1.0,1.0,1.0,0.0,60.0,1,0.0,1.0,2,2,4,0,0,0,0,4,2,0,2,0,0,0,0,2,2,1,0,0,0,2,19,0
200900026172,9,8,28,1,1,1,1.0,5.0,0.0,7.0,0.0,0.0,2.0,1.0,1,1,3.0,2.0,2.0,2.0,0.0,0.0,1,0.0,1.0,3,2,6,3,0,0,0,9,3,0,3,0,3,9,0,0,0,1,0,0,0,2,17,0
200800046986,8,8,4,1,1,1,1.0,6.0,0.0,33.0,0.0,0.0,6.0,1.0,1,2,3.0,2.0,2.0,2.0,0.0,50.0,1,0.0,1.0,1,3,1,0,0,0,0,1,0,0,0,0,1,1,0,0,0,1,0,0,0,3,8,30
200800035804,8,6,8,5,2,2,1.0,3.0,0.0,10.0,0.0,0.0,0.0,1.0,1,-1,4.0,3.0,2.0,1.0,22.0,69.0,1,0.0,1.0,2,1,6,0,0,0,2,4,0,2,0,4,0,6,0,0,0,0,1,1,0,2,3,30
200600065429,6,10,18,2,1,1,8.0,7.0,0.0,31.0,0.0,0.0,0.0,3.0,1,2,1.0,1.0,3.0,2.0,0.0,105.0,1,0.0,1.0,1,3,1,0,0,0,0,1,0,0,0,0,1,1,0,0,0,1,0,0,0,3,8,2
201000046129,10,2,25,5,2,1,3.0,6.0,0.0,2.0,0.0,16.0,0.0,2.0,1,2,4.0,2.0,5.0,1.0,0.0,150.0,1,0.0,1.0,1,2,1,0,0,0,0,1,0,0,0,1,0,0,0,1,0,0,0,1,0,2,19,20
200900054475,9,10,26,1,2,1,1.0,3.0,0.0,2.0,0.0,0.0,2.0,16.0,1,-1,4.0,2.0,2.0,1.0,0.0,70.0,1,0.0,1.0,2,2,4,0,0,0,0,4,0,4,0,0,0,2,0,2,0,1,0,0,0,2,17,31
201100035801,11,1,11,1,2,3,2.0,6.0,0.0,10.0,0.0,0.0,1.0,15.0,1,1,4.0,2.0,2.0,1.0,0.0,0.0,1,0.0,1.0,1,1,2,0,0,1,0,1,1,0,0,1,0,2,0,0,0,1,0,0,0,2,8,10
201200049431,12,6,16,1,1,1,1.0,6.0,0.0,7.0,0.0,0.0,2.0,1.0,1,1,1.0,1.0,3.0,1.0,15.0,105.0,1,0.0,1.0,3,1,3,6,0,0,0,9,0,0,6,3,0,6,0,3,0,1,0,1,0,2,18,20
200700015123,7,3,23,1,2,1,1.0,2.0,0.0,7.0,0.0,0.0,2.0,2.0,1,-1,4.0,2.0,2.0,1.0,20.0,75.0,1,0.0,1.0,2,1,2,2,0,0,0,4,0,0,2,0,2,2,0,2,0,1,1,0,0,2,17,40
201700034650,17,11,22,1,2,1,1.0,3.0,2.0,7.0,0.0,0.0,2.0,1.0,1,1,9.0,2.0,1.0,0.0,0.0,0.0,1,0.0,1.0,2,2,4,2,0,0,2,4,0,4,0,0,2,2,2,2,0,1,1,0,0,2,8,30
200600064542,6,10,9,1,2,1,1.0,2.0,0.0,30.0,0.0,0.0,2.0,1.0,1,-1,9.0,1.0,1.0,1.0,0.0,50.0,1,0.0,1.0,2,2,2,4,0,0,2,4,0,4,2,0,0,0,2,2,2,1,1,0,0,2,15,25
201600006826,16,7,16,3,1,1,8.0,7.0,1.0,7.0,0.0,0.0,0.0,13.0,1,1,3.0,2.0,2.0,1.0,0.0,52.0,1,0.0,3.0,1,3,2,0,0,0,1,1,0,0,2,0,0,0,0,2,0,1,0,0,0,3,1,45
200600070808,6,11,30,5,1,1,1.0,2.0,0.0,32.0,0.0,0.0,2.0,2.0,1,2,1.0,1.0,3.0,1.0,0.0,105.0,1,0.0,1.0,2,2,4,0,0,0,0,4,0,0,0,0,4,4,0,0,0,1,1,0,0,2,20,5
201700004886,17,1,27,2,1,1,9.0,6.0,2.0,7.0,0.0,4.0,2.0,0.0,1,1,1.0,2.0,3.0,1.0,0.0,0.0,0,0.0,1.0,2,2,2,2,0,0,0,4,0,0,0,2,2,4,0,0,0,1,0,1,0,2,9,0
200600080024,6,12,10,3,1,1,1.0,6.0,0.0,7.0,0.0,0.0,1.0,1.0,1,1,1.0,3.0,2.0,1.0,15.0,100.0,1,0.0,1.0,1,1,2,0,0,1,0,1,1,0,0,0,1,0,1,1,0,1,0,0,0,4,8,0
201500015346,15,9,6,1,2,1,1.0,6.0,1.0,7.0,0.0,0.0,1.0,1.0,3,-1,4.0,1.0,0.0,1.0,0.0,0.0,1,0.0,1.0,1,2,1,0,0,1,0,0,0,1,0,0,0,1,0,0,0,0,0,0,0,2,15,0
201500035108,15,5,15,1,2,1,1.0,7.0,0.0,7.0,0.0,0.0,0.0,1.0,1,-1,4.0,2.0,2.0,1.0,0.0,64.0,1,0.0,1.0,2,3,4,0,0,0,0,4,0,0,2,2,0,2,0,2,0,1,0,0,0,3,10,30
201700045920,17,1,16,2,2,3,8.0,2.0,1.0,7.0,0.0,0.0,2.0,1.0,1,1,3.0,2.0,2.0,1.0,0.0,-1.0,1,0.0,1.0,2,1,4,6,2,0,4,4,10,0,0,0,0,4,2,4,0,1,1,0,0,3,17,0
201000047237,10,2,8,3,2,1,1.0,2.0,0.0,37.0,1.0,0.0,2.0,23.0,1,0,3.0,2.0,4.0,1.0,0.0,0.0,1,0.0,1.0,2,1,2,2,0,0,0,4,0,2,0,2,0,2,0,2,0,1,1,0,0,2,20,30
200600038165,6,7,25,1,2,1,1.0,6.0,0.0,34.0,0.0,0.0,1.0,0.0,1,2,4.0,0.0,0.0,1.0,0.0,0.0,1,0.0,0.0,1,1,2,0,0,1,0,1,0,2,0,0,0,1,0,1,0,1,0,0,0,2,18,0
200500010407,5,2,10,1,1,1,1.0,2.0,0.0,7.0,0.0,0.0,2.0,2.0,1,1,2.0,1.0,2.0,1.0,0.0,70.0,1,3.0,1.0,2,1,4,2,0,0,2,4,0,2,4,0,0,4,0,2,0,1,1,0,0,2,9,10
200600080155,6,12,19,5,2,1,1.0,6.0,0.0,7.0,0.0,1.0,0.0,21.0,1,-1,4.0,1.0,1.0,1.0,0.0,70.0,1,0.0,1.0,1,2,1,0,0,0,0,1,1,0,0,0,0,0,0,1,0,1,0,0,0,2,21,40
200600033281,6,6,27,1,2,1,1.0,3.0,0.0,7.0,0.0,0.0,0.0,20.0,1,1,4.0,2.0,2.0,1.0,0.0,70.0,1,0.0,1.0,2,1,2,2,0,0,0,4,0,0,0,0,4,2,0,2,0,1,0,1,0,2,7,50
200800065362,8,11,16,1,2,2,1.0,3.0,0.0,10.0,0.0,0.0,2.0,1.0,1,1,2.0,4.0,6.0,1.0,0.0,90.0,1,0.0,1.0,2,2,4,0,0,0,0,4,0,0,4,0,0,2,0,2,0,1,0,0,0,2,12,10
201100038383,11,6,21,1,2,1,1.0,7.0,0.0,33.0,0.0,0.0,2.0,17.0,1,2,3.0,2.0,2.0,1.0,0.0,60.0,1,0.0,1.0,1,3,1,0,0,0,0,1,0,0,1,0,0,1,0,0,0,1,0,0,0,3,16,10
201000002003,10,7,7,1,1,1,1.0,1.0,0.0,7.0,0.0,0.0,2.0,1.0,1,1,4.0,2.0,2.0,2.0,0.0,70.0,1,0.0,1.0,2,2,2,2,0,0,0,4,2,0,0,0,2,0,0,4,0,1,0,0,0,2,16,30
200800058813,8,10,26,1,2,1,1.0,6.0,0.0,7.0,0.0,8.0,0.0,2.0,1,1,4.0,1.0,2.0,1.0,0.0,0.0,1,0.0,1.0,1,2,0,1,0,0,0,1,1,0,0,0,0,0,0,0,1,0,0,0,1,2,12,50
200500019112,5,4,29,1,2,1,1.0,3.0,0.0,10.0,0.0,0.0,2.0,16.0,1,1,4.0,2.0,2.0,1.0,0.0,103.0,1,0.0,1.0,2,1,4,0,0,0,0,4,0,2,0,2,0,4,0,0,0,1,0,0,1,2,15,10
201300009947,13,6,19,1,2,1,1.0,2.0,0.0,30.0,0.0,0.0,2.0,2.0,1,2,4.0,2.0,2.0,1.0,0.0,80.0,1,0.0,1.0,2,3,4,0,0,0,0,4,0,2,0,2,0,2,0,2,0,1,1,0,0,3,16,25
201000028057,10,3,20,1,2,1,1.0,6.0,0.0,7.0,0.0,0.0,1.0,1.0,1,1,4.0,2.0,3.0,1.0,0.0,100.0,1,0.0,1.0,1,1,1,1,0,1,0,1,0,1,1,0,0,1,0,1,0,1,0,0,0,2,10,50
200500039052,5,6,20,1,1,1,7.0,1.0,0.0,7.0,0.0,0.0,2.0,13.0,1,1,4.0,2.0,2.0,3.0,0.0,50.0,1,0.0,1.0,2,1,4,0,0,0,0,4,2,0,0,0,2,2,0,2,0,1,0,0,0,2,17,45
200600052616,6,9,23,1,1,3,5.0,3.0,0.0,7.0,0.0,0.0,2.0,15.0,1,-1,3.0,1.0,1.0,1.0,0.0,240.0,1,0.0,1.0,2,2,2,2,0,0,0,4,2,0,0,0,2,0,0,4,0,1,0,1,0,2,9,0
200900060274,9,10,2,1,1,1,1.0,2.0,0.0,7.0,0.0,0.0,2.0,1.0,1,1,3.0,3.0,3.0,1.0,5.0,35.0,1,0.0,1.0,2,1,0,4,0,0,0,4,0,0,0,0,4,2,0,2,0,1,1,0,0,2,8,28
200900060913,9,7,13,1,1,1,1.0,7.0,0.0,7.0,0.0,14.0,0.0,0.0,1,1,1.0,3.0,4.0,0.0,20.0,70.0,1,0.0,1.0,1,2,1,0,0,0,0,1,0,0,0,1,0,1,0,0,0,0,0,0,0,2,18,0
201500053848,15,10,3,1,2,2,1.0,7.0,0.0,30.0,0.0,0.0,0.0,1.0,1,2,4.0,2.0,2.0,1.0,0.0,120.0,1,0.0,1.0,1,2,1,0,0,0,0,1,0,1,0,0,0,1,0,0,0,1,0,0,0,2,17,15
200800043803,8,8,5,1,1,6,1.0,6.0,0.0,15.0,0.0,0.0,2.0,16.0,1,1,3.0,1.0,2.0,1.0,0.0,92.0,1,0.0,1.0,2,1,2,2,0,0,0,4,0,0,2,2,0,4,0,0,0,1,0,1,0,4,14,40
201400052968,14,7,25,1,2,1,1.0,3.0,0.0,7.0,0.0,0.0,2.0,9.0,1,-1,4.0,1.0,1.0,1.0,0.0,80.0,1,0.0,1.0,2,1,4,0,0,0,0,4,0,0,0,2,2,0,0,4,0,1,0,0,0,2,15,10