Num_Acc,an,mois,jour,lum,agg,int,atm,col,senc,catv,occutc,obs,obsm,manv,catu,secu,catr,circ,nbv,prof,lartpc,larrout,surf,infra,situ,nb_veh,grav_simpl,Homme,Femme,Arrière,Autre_x,Avant,Conducteur,Autre_y,Inconnu,Loisirs,Professionnel,Travail,Adulte,Enfant,Jeune,Senior,choc_avant,choc_arriere,choc_lateral,choc_multiple,grav_order_max,heure,minute
200500016918,5,3,6,1,2,1,1.0,7.0,0.0,7.0,0.0,0.0,1.0,1.0,1,1,4.0,2.0,2.0,1.0,0.0,60.0,1,0.0,1.0,1,1,1,1,0,1,0,1,1,0,1,0,0,0,1,1,0,0,0,1,0,2,12,50
201100021884,11,11,24,5,2,2,1.0,3.0,0.0,7.0,0.0,0.0,2.0,2.0,1,1,4.0,2.0,2.0,1.0,0.0,80.0,1,0.0,1.0,2,1,4,0,0,0,0,4,0,0,2,0,2,2,0,2,0,1,1,0,0,2,6,30
201400019090,14,10,17,1,1,1,1.0,1.0,0.0,10.0,0.0,0.0,2.0,13.0,1,1,3.0,2.0,2.0,1.0,0.0,535.0,1,1.0,1.0,2,2,4,0,0,0,0,4,0,0,0,2,2,4,0,0,0,1,0,0,0,3,18,15
201600015464,16,9,2,5,2,1,1.0,3.0,1.0,7.0,0.0,0.0,2.0,19.0,1,1,4.0,2.0,3.0,1.0,0.0,90.0,1,0.0,1.0,2,2,4,2,2,0,0,4,0,0,4,0,2,4,0,0,2,1,0,1,0,2,5,30
200700040944,7,7,23,1,2,1,1.0,6.0,0.0,30.0,0.0,0.0,1.0,1.0,1,2,3.0,2.0,0.0,1.0,0.0,120.0,1,0.0,4.0,1,1,0,2,0,1,0,1,0,0,2,0,0,0,2,0,0,1,0,0,0,3,20,15
201400045636,14,2,21,5,2,3,1.0,3.0,0.0,10.0,0.0,0.0,2.0,1.0,1,1,4.0,3.0,2.0,1.0,0.0,-1.0,1,0.0,1.0,2,1,2,4,0,0,2,4,0,0,6,0,0,4,0,2,0,1,0,0,0,2,23,35
200700059951,7,10,19,1,2,1,1.0,3.0,0.0,7.0,0.0,0.0,2.0,15.0,1,1,3.0,3.0,3.0,1.0,0.0,0.0,1,0.0,1.0,2,1,4,0,0,0,0,4,4,0,0,0,0,0,0,2,2,1,0,1,0,3,15,30
200600078067,6,12,22,5,2,1,1.0,6.0,0.0,7.0,0.0,9.0,0.0,1.0,1,-1,4.0,1.0,1.0,1.0,0.0,30.0,1,0.0,1.0,1,2,0,1,0,0,0,1,0,0,1,0,0,1,0,0,0,1,0,0,0,2,0,10
201200036695,12,12,12,1,2,1,1.0,3.0,0.0,30.0,0.0,0.0,2.0,17.0,1,2,4.0,2.0,2.0,1.0,0.0,0.0,1,0.0,1.0,2,2,4,0,0,0,0,4,0,0,2,2,0,4,0,0,0,0,0,1,0,2,9,15
200600010939,6,2,24,1,2,2,1.0,2.0,0.0,7.0,0.0,0.0,2.0,1.0,1,1,4.0,2.0,2.0,1.0,0.0,70.0,1,0.0,1.0,2,2,6,2,2,0,2,4,0,4,0,4,0,6,0,2,0,1,0,0,0,2,15,40
200500006424,5,1,3,5,1,1,1.0,2.0,0.0,17.0,0.0,0.0,2.0,11.0,1,1,1.0,3.0,7.0,1.0,10.0,245.0,1,0.0,1.0,2,1,4,0,0,0,0,4,0,0,0,2,2,2,0,2,0,1,1,0,0,2,6,11
200700032096,7,6,21,1,1,1,1.0,1.0,0.0,2.0,0.0,0.0,2.0,13.0,1,2,4.0,2.0,1.0,1.0,0.0,30.0,1,0.0,1.0,2,2,4,0,0,0,0,4,0,0,0,0,4,2,0,2,0,1,0,1,0,2,17,45
200500026517,5,5,30,1,1,1,1.0,1.0,0.0,7.0,0.0,0.0,2.0,1.0,1,1,2.0,2.0,2.0,1.0,0.0,72.0,1,0.0,1.0,2,2,4,0,0,0,0,4,2,0,0,2,0,2,0,0,2,1,1,0,0,2,8,30
200500047205,5,7,27,1,2,1,1.0,6.0,0.0,7.0,0.0,0.0,1.0,4.0,1,-1,4.0,1.0,1.0,1.0,0.0,30.0,1,0.0,1.0,1,1,0,2,0,1,0,1,0,2,0,0,0,1,0,0,1,0,1,0,0,3,17,30
200500018942,5,4,18,1,2,2,1.0,3.0,0.0,99.0,0.0,15.0,2.0,1.0,1,-1,4.0,2.0,2.0,1.0,0.0,60.0,1,0.0,1.0,2,2,4,0,0,0,0,4,0,0,0,2,2,2,0,2,0,0,0,1,0,2,6,30
201100014595,11,10,12,2,2,6,2.0,3.0,0.0,7.0,0.0,0.0,2.0,1.0,1,1,3.0,0.0,0.0,0.0,0.0,66.0,1,5.0,1.0,2,2,4,0,0,0,0,4,0,4,0,0,0,4,0,0,0,1,0,0,0,2,8,15
201500050146,15,6,3,1,1,1,1.0,2.0,0.0,7.0,0.0,0.0,2.0,1.0,1,1,1.0,1.0,3.0,1.0,30.0,105.0,1,0.0,1.0,2,2,2,4,0,0,2,4,0,0,6,0,0,6,0,0,0,1,1,0,0,3,16,48
201200001496,12,12,18,3,1,1,2.0,1.0,0.0,7.0,0.0,0.0,2.0,15.0,1,1,3.0,2.0,2.0,2.0,0.0,73.0,1,0.0,1.0,2,1,4,0,0,0,0,4,0,0,4,0,0,2,0,2,0,1,0,1,0,3,18,0
200500026861,5,5,20,3,1,1,1.0,2.0,0.0,14.0,0.0,1.0,0.0,2.0,1,1,1.0,3.0,3.0,2.0,50.0,105.0,1,0.0,2.0,2,3,4,0,0,0,0,4,0,0,0,4,0,4,0,0,0,1,1,0,0,3,3,30
201300038426,13,7,9,1,2,1,1.0,3.0,0.0,31.0,0.0,1.0,2.0,1.0,1,2,3.0,2.0,2.0,1.0,0.0,0.0,1,0.0,1.0,2,3,2,2,0,0,0,4,0,0,2,0,2,0,0,4,0,1,0,0,0,3,15,20
201700004152,17,9,29,1,1,1,1.0,5.0,2.0,7.0,0.0,0.0,2.0,15.0,1,1,3.0,2.0,2.0,1.0,0.0,10.0,1,0.0,-1.0,3,1,9,9,0,3,6,9,12,0,6,0,0,3,6,0,9,1,0,1,0,4,17,10
201300043015,13,7,4,1,2,6,1.0,2.0,2.0,7.0,0.0,0.0,2.0,2.0,1,-1,4.0,2.0,2.0,1.0,0.0,0.0,1,0.0,1.0,2,1,2,2,0,0,0,4,0,4,0,0,0,2,0,2,0,1,1,0,0,2,17,0
201400033096,14,10,8,1,2,1,1.0,6.0,0.0,32.0,0.0,0.0,1.0,1.0,1,2,4.0,2.0,2.0,1.0,0.0,72.0,1,0.0,1.0,1,1,2,0,0,1,0,1,0,0,2,0,0,2,0,0,0,1,0,0,0,3,17,54
200900003764,9,1,16,1,1,1,1.0,1.0,0.0,7.0,0.0,0.0,2.0,13.0,1,1,3.0,2.0,2.0,1.0,0.0,50.0,1,0.0,1.0,2,3,4,0,0,0,0,4,2,0,0,0,2,4,0,0,0,1,0,0,0,3,11,45
201100048864,11,4,19,2,2,1,1.0,7.0,0.0,99.0,0.0,0.0,5.0,1.0,1,1,4.0,2.0,1.0,2.0,0.0,30.0,1,0.0,1.0,1,3,3,0,1,0,1,1,1,2,0,0,0,1,2,0,0,1,0,0,0,3,21,0
200800006115,8,2,15,2,1,2,1.0,3.0,0.0,15.0,0.0,0.0,2.0,15.0,1,1,3.0,2.0,2.0,3.0,0.0,230.0,1,0.0,1.0,2,1,4,0,0,0,0,4,0,0,2,2,0,2,0,2,0,1,0,1,0,3,19,15
200700047371,7,8,6,1,1,1,1.0,3.0,0.0,17.0,0.0,0.0,0.0,0.0,1,-1,3.0,2.0,0.0,1.0,0.0,52.0,1,0.0,1.0,2,3,4,0,0,0,0,4,2,0,0,0,2,2,0,2,0,1,0,0,0,3,19,45
201700006162,17,4,8,5,2,2,1.0,3.0,1.0,2.0,0.0,0.0,2.0,1.0,1,2,4.0,1.0,2.0,1.0,0.0,0.0,1,0.0,1.0,2,1,4,0,0,0,0,4,2,0,2,0,0,0,0,4,0,1,1,0,0,2,22,36
201300016427,13,4,12,1,2,1,1.0,3.0,0.0,10.0,0.0,0.0,2.0,15.0,1,1,4.0,2.0,2.0,0.0,0.0,0.0,1,0.0,1.0,2,1,4,0,0,0,0,4,0,2,0,0,2,2,2,0,0,0,0,0,0,3,12,30
200700021433,7,4,25,1,1,1,1.0,6.0,0.0,13.0,0.0,0.0,2.0,12.0,1,1,1.0,2.0,3.0,1.0,0.0,0.0,1,0.0,1.0,2,1,2,2,0,0,0,4,0,0,0,2,2,4,0,0,0,1,1,0,0,2,15,45
201600020751,16,4,6,1,2,1,1.0,6.0,2.0,7.0,0.0,0.0,1.0,1.0,1,1,4.0,1.0,2.0,1.0,0.0,62.0,1,0.0,1.0,1,1,1,1,0,1,0,1,0,1,1,0,0,1,0,0,1,1,0,0,0,3,14,35
200900001924,9,3,24,1,2,3,2.0,3.0,0.0,7.0,0.0,0.0,2.0,15.0,1,1,4.0,1.0,1.0,1.0,0.0,40.0,1,0.0,1.0,2,1,4,0,0,0,0,4,0,0,0,2,2,2,0,2,0,1,0,0,0,2,8,50
201500001748,15,9,19,2,1,1,1.0,2.0,0.0,30.0,0.0,0.0,0.0,2.0,1,2,3.0,2.0,2.0,1.0,61.0,0.0,1,0.0,1.0,2,3,4,0,0,0,0,4,0,0,4,0,0,2,0,2,0,1,1,0,0,3,20,30
201700009355,17,4,1,1,2,1,3.0,3.0,1.0,33.0,0.0,0.0,2.0,0.0,1,2,4.0,0.0,2.0,1.0,0.0,60.0,1,0.0,0.0,2,2,4,0,0,0,0,4,0,4,0,0,0,4,0,0,0,0,0,1,0,2,13,20
200700077316,7,12,10,1,2,2,1.0,5.0,0.0,7.0,0.0,0.0,2.0,1.0,1,1,9.0,2.0,2.0,1.0,0.0,0.0,1,0.0,1.0,3,1,6,3,0,0,0,9,0,6,0,0,3,6,0,3,0,1,1,0,0,2,13,20
200800013197,8,3,19,1,2,1,1.0,7.0,0.0,33.0,0.0,0.0,0.0,1.0,1,2,4.0,0.0,2.0,1.0,0.0,90.0,-1,0.0,1.0,1,2,1,0,0,0,0,1,0,0,0,1,0,1,0,0,0,0,0,1,0,2,8,48
201600040084,16,9,5,5,2,1,1.0,6.0,2.0,7.0,0.0,1.0,0.0,0.0,1,-1,4.0,1.0,1.0,1.0,0.0,0.0,1,0.0,1.0,1,1,4,0,2,0,1,1,0,4,0,0,0,0,0,4,0,0,1,0,0,3,21,10
200600067453,6,11,6,5,2,2,1.0,2.0,0.0,30.0,0.0,0.0,2.0,1.0,1,2,2.0,2.0,2.0,1.0,0.0,70.0,1,5.0,1.0,2,2,4,0,0,0,0,4,4,0,0,0,0,0,2,2,0,1,1,0,0,2,17,30
201200035625,12,7,9,1,2,2,1.0,3.0,0.0,7.0,0.0,0.0,2.0,15.0,1,1,4.0,2.0,4.0,1.0,80.0,40.0,1,4.0,1.0,2,1,4,0,0,0,0,4,0,0,4,0,0,2,0,2,0,1,0,1,0,2,17,55
201500011475,15,8,27,3,1,1,2.0,6.0,0.0,33.0,0.0,4.0,0.0,1.0,1,2,1.0,3.0,3.0,1.0,30.0,105.0,1,0.0,1.0,1,3,1,1,0,0,1,1,0,1,1,0,0,2,0,0,0,0,0,1,0,3,21,0
201300007778,13,7,23,1,2,1,1.0,2.0,0.0,2.0,0.0,0.0,2.0,1.0,1,2,3.0,2.0,0.0,2.0,0.0,53.0,1,0.0,1.0,2,3,4,0,0,0,0,4,0,2,0,2,0,2,2,0,0,1,1,0,0,3,11,30
200500032434,5,6,15,1,2,1,1.0,6.0,0.0,10.0,0.0,0.0,1.0,4.0,1,1,4.0,3.0,3.0,1.0,32.0,100.0,1,0.0,1.0,1,1,1,2,0,2,0,1,0,1,1,1,0,1,0,0,2,0,1,0,0,2,11,50
200800028248,8,5,28,1,2,1,1.0,3.0,0.0,7.0,0.0,0.0,2.0,15.0,1,1,3.0,2.0,2.0,0.0,60.0,0.0,1,0.0,1.0,2,1,4,0,0,0,0,4,0,4,0,0,0,2,0,0,2,1,0,0,0,3,15,0
200700016410,7,3,29,1,2,2,1.0,3.0,0.0,10.0,0.0,0.0,2.0,1.0,1,1,4.0,1.0,2.0,1.0,0.0,60.0,1,0.0,1.0,2,1,4,0,0,0,0,4,0,0,0,4,0,4,0,0,0,1,0,1,0,2,13,30
201600040851,16,10,3,5,2,1,1.0,6.0,1.0,7.0,0.0,1.0,0.0,1.0,1,-1,4.0,2.0,3.0,1.0,0.0,0.0,1,0.0,1.0,1,3,2,0,0,0,1,1,0,2,0,0,0,0,0,1,1,1,0,0,0,3,21,50
201600040199,16,12,26,5,2,2,2.0,5.0,0.0,7.0,0.0,0.0,2.0,1.0,1,1,4.0,2.0,2.0,1.0,0.0,0.0,1,5.0,1.0,3,1,9,0,0,0,3,6,0,9,0,0,0,9,0,0,0,1,0,0,0,2,6,30
201300056347,13,4,7,1,2,1,1.0,6.0,0.0,7.0,0.0,0.0,2.0,1.0,1,1,4.0,1.0,4.0,1.0,15.0,140.0,1,0.0,1.0,2,2,4,0,0,0,0,4,0,0,4,0,0,4,0,0,0,0,1,1,0,2,7,0
201200012465,12,9,2,1,1,1,1.0,7.0,0.0,7.0,0.0,13.0,0.0,1.0,1,1,1.0,3.0,2.0,1.0,10.0,90.0,1,0.0,3.0,1,3,0,1,0,0,0,1,1,0,0,0,0,0,0,1,0,1,0,0,0,3,17,15
201200009547,12,7,3,1,1,1,1.0,3.0,0.0,7.0,0.0,0.0,2.0,17.0,1,1,3.0,2.0,2.0,1.0,0.0,50.0,1,0.0,1.0,2,1,2,2,0,0,0,4,0,0,2,0,2,4,0,0,0,1,0,1,0,3,16,15
201500033176,15,12,15,1,2,1,1.0,6.0,0.0,7.0,0.0,0.0,1.0,1.0,1,1,4.0,2.0,2.0,1.0,20.0,51.0,1,0.0,1.0,1,1,1,1,0,1,0,1,1,1,0,0,0,1,0,0,1,1,0,0,0,3,18,35
201200018382,12,1,5,1,1,1,6.0,5.0,0.0,7.0,0.0,0.0,2.0,13.0,1,1,3.0,2.0,2.0,1.0,0.0,65.0,1,0.0,1.0,3,2,3,6,0,0,0,9,0,0,0,3,6,3,0,6,0,1,0,0,0,3,8,45
200900071906,9,9,25,1,1,1,1.0,1.0,0.0,7.0,0.0,0.0,9.0,1.0,2,1,3.0,2.0,2.0,1.0,0.0,67.0,1,0.0,1.0,2,1,6,0,0,0,2,4,0,2,4,0,0,0,0,4,2,1,0,0,0,4,17,30
200600066133,6,11,13,5,2,3,1.0,3.0,0.0,7.0,0.0,0.0,2.0,15.0,1,1,4.0,3.0,2.0,1.0,6.0,73.0,1,0.0,1.0,2,1,2,4,2,0,0,4,0,2,4,0,0,0,4,2,0,1,0,1,0,2,18,5
200900059707,9,9,13,1,1,1,1.0,7.0,0.0,33.0,0.0,0.0,0.0,1.0,1,2,3.0,1.0,2.0,1.0,18.0,60.0,1,0.0,1.0,1,3,1,0,0,0,0,1,0,0,1,0,0,1,0,0,0,0,0,1,0,3,16,30
200900012040,9,2,27,2,1,1,1.0,6.0,0.0,7.0,0.0,2.0,0.0,1.0,1,1,3.0,2.0,0.0,0.0,0.0,60.0,1,0.0,3.0,1,3,1,0,0,0,0,1,0,0,0,0,1,1,0,0,0,0,0,1,0,3,6,45
200700068475,7,11,23,5,2,1,1.0,2.0,0.0,7.0,0.0,0.0,2.0,2.0,1,-1,4.0,2.0,0.0,1.0,0.0,0.0,1,0.0,1.0,2,2,4,2,0,0,2,4,0,6,0,0,0,6,0,0,0,1,1,0,0,2,19,35
200900012771,9,7,24,1,2,2,2.0,2.0,0.0,32.0,0.0,0.0,2.0,2.0,1,2,4.0,2.0,1.0,1.0,0.0,140.0,1,0.0,1.0,2,2,4,0,0,0,0,4,0,2,0,2,0,2,0,2,0,0,1,1,0,2,18,10
200500037876,5,6,26,1,1,1,1.0,5.0,0.0,7.0,0.0,0.0,2.0,1.0,1,1,3.0,2.0,3.0,1.0,10.0,120.0,1,5.0,1.0,3,4,18,0,12,0,0,6,3,12,3,0,0,3,0,12,3,1,0,1,0,4,9,0
201000022013,10,9,23,1,2,1,1.0,6.0,1.0,7.0,0.0,0.0,1.0,4.0,3,-1,3.0,2.0,1.0,1.0,0.0,62.0,-1,0.0,1.0,1,2,1,0,0,1,0,0,1,0,0,0,0,0,0,0,1,0,1,0,0,2,16,40
201300035027,13,8,21,1,1,1,1.0,6.0,0.0,7.0,0.0,2.0,0.0,14.0,1,1,3.0,2.0,2.0,2.0,0.0,60.0,1,0.0,1.0,1,4,1,0,0,0,0,1,0,0,1,0,0,0,0,1,0,0,0,0,1,4,8,0
201500022267,15,7,24,1,1,1,1.0,3.0,0.0,7.0,0.0,4.0,2.0,13.0,1,1,1.0,1.0,3.0,1.0,15.0,135.0,1,0.0,1.0,2,2,12,6,10,0,4,4,0,14,4,0,0,8,10,0,0,1,0,1,0,3,11,30
201000010296,10,2,7,5,2,1,1.0,2.0,0.0,7.0,0.0,0.0,2.0,2.0,1,1,3.0,2.0,2.0,1.0,0.0,70.0,1,0.0,1.0,2,1,8,2,4,0,2,4,0,0,10,0,0,4,4,2,0,1,1,0,0,2,0,45
201200007972,12,6,16,1,1,1,1.0,3.0,0.0,33.0,0.0,0.0,2.0,1.0,1,2,3.0,2.0,3.0,1.0,0.0,118.0,1,5.0,1.0,2,3,2,2,0,0,0,4,0,0,0,0,4,2,0,2,0,1,0,0,0,3,7,45
201700022799,17,9,20,1,1,1,1.0,4.0,1.0,7.0,0.0,0.0,2.0,1.0,1,-1,3.0,2.0,2.0,1.0,0.0,0.0,1,0.0,1.0,3,2,6,6,0,0,3,9,0,9,3,0,0,12,0,0,0,1,1,0,0,2,12,2
200600022169,6,4,21,1,2,1,1.0,1.0,0.0,7.0,0.0,0.0,2.0,15.0,1,1,4.0,2.0,2.0,1.0,0.0,121.0,1,0.0,1.0,2,1,2,2,0,0,0,4,0,0,4,0,0,2,0,2,0,1,0,0,0,3,11,30
200700056055,7,9,15,1,2,1,1.0,6.0,0.0,1.0,0.0,0.0,1.0,0.0,1,-1,4.0,0.0,0.0,1.0,0.0,0.0,1,6.0,4.0,1,1,2,0,0,1,0,1,0,1,0,0,1,1,0,0,1,0,0,1,0,2,7,40
201400032856,14,4,14,1,2,3,1.0,6.0,0.0,7.0,0.0,0.0,1.0,1.0,1,1,4.0,3.0,2.0,1.0,0.0,67.0,1,0.0,1.0,1,1,1,1,0,1,0,1,0,0,2,0,0,1,0,0,1,1,0,0,0,3,18,15
200900039707,9,4,19,1,1,1,2.0,7.0,0.0,2.0,0.0,3.0,0.0,1.0,1,2,3.0,2.0,2.0,2.0,0.0,70.0,1,0.0,3.0,1,2,1,0,0,0,0,1,0,0,1,0,0,1,0,0,0,1,0,0,0,2,13,45
200500050408,5,8,1,1,2,1,1.0,3.0,0.0,5.0,0.0,0.0,2.0,0.0,1,2,4.0,1.0,2.0,1.0,0.0,80.0,1,5.0,1.0,2,2,0,4,0,0,0,4,0,2,2,0,0,4,0,0,0,1,0,1,0,2,15,20
200900071439,9,9,2,1,2,1,1.0,3.0,0.0,33.0,0.0,0.0,2.0,1.0,1,2,2.0,3.0,2.0,2.0,0.0,80.0,1,0.0,1.0,2,3,2,2,0,0,0,4,0,0,2,0,2,4,0,0,0,1,0,1,0,3,15,50
200800073021,8,12,2,1,2,3,1.0,3.0,0.0,7.0,0.0,0.0,2.0,1.0,1,1,4.0,2.0,2.0,1.0,0.0,50.0,1,0.0,1.0,2,1,2,2,0,0,0,4,0,0,4,0,0,2,0,2,0,1,0,0,0,2,9,40
200900065125,9,8,30,1,2,2,1.0,3.0,0.0,33.0,0.0,0.0,2.0,1.0,1,2,4.0,2.0,2.0,1.0,0.0,0.0,1,0.0,1.0,2,2,4,0,0,0,0,4,2,0,2,0,0,4,0,0,0,1,0,0,0,2,11,20
201200021486,12,2,22,1,2,3,1.0,3.0,0.0,7.0,0.0,0.0,2.0,16.0,1,1,4.0,2.0,2.0,2.0,0.0,60.0,1,0.0,0.0,2,1,2,4,0,0,2,4,0,0,6,0,0,4,0,2,0,1,0,1,0,2,15,20
201700002703,17,10,19,1,1,1,1.0,7.0,1.0,13.0,0.0,2.0,0.0,0.0,1,-1,3.0,2.0,2.0,2.0,0.0,0.0,1,0.0,0.0,1,4,1,0,0,0,0,1,0,0,0,0,1,0,0,1,0,0,0,0,0,4,8,0
201200024649,12,5,7,1,2,1,1.0,6.0,0.0,1.0,0.0,0.0,0.0,1.0,1,0,4.0,2.0,2.0,1.0,0.0,60.0,1,0.0,1.0,2,2,4,0,0,0,0,4,4,0,0,0,0,2,2,0,0,1,0,0,0,2,8,13
200800041151,8,7,19,1,2,1,1.0,6.0,0.0,99.0,0.0,0.0,1.0,0.0,1,-1,2.0,1.0,0.0,1.0,0.0,0.0,1,0.0,1.0,1,1,2,0,0,1,0,1,0,2,0,0,0,1,0,1,0,1,0,0,0,3,21,0
201200001054,12,8,5,1,1,1,2.0,1.0,0.0,10.0,0.0,0.0,2.0,13.0,1,1,3.0,2.0,2.0,1.0,0.0,70.0,1,0.0,1.0,2,4,4,0,0,0,0,4,0,0,2,0,2,2,0,0,2,1,0,0,0,4,7,30
200800070283,8,12,13,1,2,1,2.0,2.0,0.0,2.0,0.0,0.0,0.0,1.0,1,2,3.0,2.0,2.0,2.0,0.0,0.0,1,0.0,1.0,2,2,2,0,0,0,0,2,0,2,0,0,0,0,2,0,0,1,1,0,0,2,13,50
200500042538,5,7,19,1,1,1,1.0,3.0,0.0,2.0,0.0,0.0,2.0,17.0,1,2,3.0,2.0,0.0,0.0,0.0,56.0,1,0.0,1.0,2,3,4,0,0,0,0,4,0,0,0,0,4,0,2,0,2,1,1,0,0,3,7,45
200700044727,7,7,26,2,2,1,1.0,2.0,0.0,7.0,0.0,0.0,2.0,2.0,1,1,2.0,1.0,0.0,1.0,0.0,0.0,1,0.0,1.0,2,1,4,0,0,0,0,4,0,0,2,2,0,2,0,0,2,1,1,0,0,3,21,0
201600022619,16,10,5,2,2,1,7.0,2.0,0.0,2.0,0.0,0.0,2.0,3.0,1,2,4.0,0.0,0.0,1.0,0.0,54.0,1,0.0,1.0,2,3,2,2,0,0,0,4,2,0,0,2,0,2,2,0,0,1,1,0,0,3,7,45
200600078853,6,12,21,1,2,1,1.0,3.0,0.0,7.0,0.0,0.0,2.0,15.0,2,1,4.0,2.0,2.0,1.0,0.0,80.0,1,0.0,1.0,2,2,2,2,0,2,0,2,0,2,2,0,0,2,0,2,0,1,0,1,0,2,12,0
201700001402,17,1,1,1,1,1,1.0,7.0,1.0,3.0,0.0,2.0,0.0,1.0,1,1,3.0,2.0,2.0,1.0,0.0,0.0,1,0.0,1.0,1,3,2,0,0,0,1,1,0,1,1,0,0,0,2,0,0,1,0,0,0,3,19,30
200900064624,9,10,10,1,1,1,8.0,1.0,0.0,7.0,0.0,0.0,2.0,13.0,2,1,3.0,2.0,2.0,1.0,0.0,67.0,0,2.0,1.0,2,2,0,6,0,0,2,4,2,4,0,0,0,0,0,4,2,1,0,0,0,3,15,30
201400041934,14,4,1,2,2,2,1.0,3.0,0.0,7.0,0.0,0.0,0.0,0.0,1,-1,4.0,0.0,1.0,1.0,0.0,0.0,1,0.0,1.0,2,1,4,0,0,0,0,4,0,4,0,0,0,0,0,2,2,1,0,0,0,3,20,16
200500060430,5,9,18,5,1,1,1.0,6.0,0.0,7.0,0.0,8.0,0.0,13.0,1,0,2.0,0.0,4.0,4.0,0.0,66.0,1,0.0,3.0,1,4,1,0,0,0,0,1,0,0,1,0,0,1,0,0,0,0,1,0,0,4,5,15
201100061948,11,3,30,1,2,2,1.0,6.0,0.0,30.0,0.0,0.0,1.0,1.0,1,2,4.0,2.0,2.0,2.0,0.0,0.0,1,0.0,1.0,1,2,1,1,0,1,0,1,0,0,0,0,2,0,0,2,0,1,0,0,0,3,9,25
201500024385,15,12,19,5,2,1,1.0,7.0,0.0,7.0,0.0,2.0,0.0,1.0,1,0,4.0,2.0,2.0,1.0,0.0,57.0,1,0.0,3.0,1,4,1,0,0,0,0,1,0,1,0,0,0,0,0,1,0,0,1,0,0,4,6,50
201000030747,10,12,7,1,2,1,1.0,2.0,0.0,7.0,0.0,0.0,2.0,2.0,1,1,4.0,2.0,2.0,1.0,0.0,70.0,1,0.0,1.0,2,2,4,2,0,0,2,4,6,0,0,0,0,2,0,4,0,1,1,0,0,2,12,15
200800035483,8,6,9,1,2,1,1.0,7.0,0.0,1.0,0.0,0.0,0.0,7.0,1,0,4.0,2.0,2.0,2.0,0.0,70.0,1,0.0,1.0,1,2,1,0,0,0,0,1,0,0,0,0,1,0,0,1,0,0,0,0,0,2,9,25
201200005218,12,6,21,1,1,1,2.0,6.0,0.0,33.0,0.0,3.0,0.0,1.0,1,9,3.0,2.0,2.0,2.0,0.0,83.0,1,0.0,1.0,1,3,1,0,0,0,0,1,0,0,0,1,0,1,0,0,0,0,0,1,0,3,17,30
201300029541,13,6,7,1,2,1,1.0,6.0,0.0,7.0,0.0,0.0,1.0,4.0,1,1,4.0,2.0,1.0,1.0,0.0,63.0,1,0.0,1.0,1,1,2,0,0,1,0,1,2,0,0,0,0,2,0,0,0,0,1,0,0,2,21,30
201600000309,16,12,12,1,1,1,1.0,3.0,1.0,14.0,0.0,0.0,2.0,1.0,1,1,3.0,2.0,2.0,0.0,0.0,35.0,1,0.0,1.0,2,1,2,2,0,0,0,4,0,0,2,2,0,4,0,0,0,1,0,1,0,3,12,0
201000006030,10,7,8,1,2,1,1.0,7.0,0.0,33.0,0.0,13.0,0.0,1.0,1,2,4.0,2.0,1.0,1.0,0.0,49.0,1,0.0,3.0,1,3,1,0,0,0,0,1,0,0,0,0,1,1,0,0,0,1,0,0,0,3,8,45
201200036902,12,12,14,5,2,1,2.0,3.0,1.0,7.0,0.0,0.0,2.0,4.0,1,2,4.0,2.0,2.0,1.0,0.0,0.0,1,0.0,1.0,2,2,0,2,0,0,0,2,0,2,0,0,0,2,0,0,0,1,1,0,0,2,17,30
201700051537,17,12,26,4,1,1,2.0,2.0,2.0,7.0,0.0,4.0,2.0,1.0,1,1,2.0,3.0,6.0,1.0,10.0,210.0,1,0.0,1.0,2,2,6,4,4,0,2,4,2,6,2,0,0,6,4,0,0,1,0,0,0,2,18,15
200700019036,7,4,6,1,2,3,1.0,1.0,0.0,2.0,0.0,0.0,2.0,1.0,1,2,9.0,2.0,2.0,1.0,0.0,53.0,1,5.0,1.0,2,3,6,0,0,0,2,4,0,2,4,0,0,0,4,0,2,1,0,1,0,3,16,0
200900043976,9,9,30,1,2,1,1.0,3.0,0.0,10.0,0.0,0.0,2.0,1.0,1,1,4.0,2.0,2.0,1.0,0.0,58.0,1,0.0,1.0,2,1,4,0,0,0,0,4,0,0,2,0,2,2,2,0,0,1,0,1,0,3,17,40
201400035027,14,1,1,3,1,1,2.0,6.0,0.0,7.0,0.0,2.0,0.0,0.0,1,-1,3.0,2.0,2.0,2.0,0.0,60.0,1,0.0,3.0,1,4,0,1,0,0,0,1,0,0,1,0,0,0,0,1,0,1,0,0,0,4,1,0
200900029477,9,9,4,1,2,1,1.0,2.0,0.0,7.0,0.0,0.0,2.0,2.0,1,1,4.0,2.0,2.0,1.0,0.0,110.0,1,0.0,1.0,2,1,2,2,0,0,0,4,0,0,0,2,2,0,0,4,0,1,1,0,0,2,13,35
200800044164,8,8,22,1,2,2,2.0,3.0,0.0,13.0,0.0,0.0,2.0,1.0,1,1,4.0,2.0,3.0,1.0,0.0,89.0,1,0.0,1.0,2,1,4,0,0,0,0,4,0,2,0,2,0,0,2,2,0,1,0,1,0,3,8,45
201300054307,13,9,23,2,2,4,1.0,3.0,0.0,1.0,0.0,0.0,2.0,1.0,1,-1,4.0,1.0,2.0,2.0,0.0,0.0,1,0.0,1.0,2,2,2,2,0,0,0,4,0,2,2,0,0,2,0,0,2,1,0,0,0,2,19,35