Num_Acc,an,mois,jour,lum,agg,int,atm,col,senc,catv,occutc,obs,obsm,manv,catu,secu,catr,circ,nbv,prof,lartpc,larrout,surf,infra,situ,nb_veh,grav_simpl,Homme,Femme,Arrière,Autre_x,Avant,Conducteur,Autre_y,Inconnu,Loisirs,Professionnel,Travail,Adulte,Enfant,Jeune,Senior,choc_avant,choc_arriere,choc_lateral,choc_multiple,grav_order_max,heure,minute
201300002521,13,8,20,1,1,1,1.0,7.0,0.0,30.0,0.0,13.0,0.0,1.0,1,2,3.0,2.0,1.0,2.0,0.0,50.0,1,0.0,1.0,1,3,1,0,0,0,0,1,0,0,1,0,0,1,0,0,0,1,0,0,0,3,8,45
201700009341,17,3,30,1,2,1,1.0,6.0,2.0,7.0,0.0,0.0,2.0,2.0,1,-1,4.0,1.0,2.0,2.0,0.0,50.0,1,0.0,1.0,2,1,4,0,0,0,0,4,0,2,0,0,2,4,0,0,0,0,1,0,0,3,14,0
201100043380,11,6,12,1,2,1,1.0,6.0,0.0,10.0,0.0,0.0,1.0,0.0,1,1,4.0,1.0,0.0,1.0,0.0,0.0,1,0.0,1.0,1,1,1,1,0,1,0,1,0,2,0,0,0,0,1,1,0,1,0,0,0,3,14,20
200600017495,6,4,19,3,1,1,1.0,2.0,0.0,33.0,0.0,0.0,2.0,17.0,1,2,3.0,2.0,2.0,2.0,0.0,76.0,1,0.0,1.0,2,4,4,0,0,0,0,4,2,0,0,2,0,4,0,0,0,1,1,0,0,4,22,30
201000027341,10,11,15,1,2,3,1.0,3.0,0.0,1.0,0.0,0.0,2.0,1.0,1,2,3.0,0.0,3.0,2.0,0.0,0.0,1,0.0,0.0,2,2,2,2,0,0,0,4,2,0,2,0,0,2,0,0,2,1,1,0,0,2,16,30
201500027880,15,5,31,5,2,1,1.0,6.0,0.0,30.0,0.0,0.0,2.0,14.0,1,2,4.0,1.0,1.0,1.0,0.0,0.0,1,0.0,1.0,1,2,1,0,0,0,0,1,0,0,1,0,0,0,0,1,0,1,0,0,0,2,3,40
200900035580,9,4,11,1,2,1,1.0,2.0,0.0,7.0,0.0,0.0,2.0,1.0,1,1,4.0,2.0,2.0,1.0,0.0,0.0,1,0.0,1.0,2,1,4,0,0,0,0,4,0,2,2,0,0,0,0,4,0,1,1,0,0,3,11,35
201200010793,12,2,20,1,2,1,1.0,6.0,0.0,7.0,0.0,0.0,1.0,14.0,1,-1,4.0,2.0,2.0,2.0,0.0,0.0,1,0.0,4.0,1,1,2,0,0,1,0,1,1,0,1,0,0,1,1,0,0,1,0,0,0,2,11,50
200600060298,6,10,8,1,2,1,1.0,3.0,0.0,7.0,0.0,0.0,2.0,15.0,1,1,2.0,2.0,2.0,0.0,0.0,100.0,1,0.0,1.0,2,1,4,2,2,0,0,4,0,6,0,0,0,0,2,4,0,1,0,0,0,2,18,45
201100036250,11,9,11,5,2,2,1.0,3.0,0.0,33.0,0.0,0.0,2.0,1.0,1,2,4.0,2.0,2.0,1.0,0.0,70.0,1,0.0,1.0,2,3,4,0,0,0,0,4,0,0,4,0,0,2,0,2,0,1,0,0,0,3,1,45
201100056027,11,12,27,1,2,1,1.0,6.0,1.0,99.0,0.0,0.0,0.0,0.0,3,-1,4.0,1.0,1.0,1.0,0.0,0.0,1,0.0,1.0,1,2,1,0,0,1,0,0,0,1,0,0,0,1,0,0,0,0,0,0,0,2,15,40
200600036122,6,6,19,1,2,1,1.0,6.0,0.0,14.0,0.0,0.0,1.0,11.0,1,-1,4.0,3.0,3.0,2.0,20.0,105.0,1,0.0,1.0,1,1,1,1,0,1,0,1,1,0,0,1,0,1,0,0,1,1,0,0,0,4,16,2
201600044972,16,8,24,1,1,1,1.0,2.0,1.0,7.0,0.0,0.0,2.0,2.0,1,1,1.0,3.0,4.0,1.0,15.0,140.0,1,0.0,1.0,2,1,4,0,0,0,0,4,0,0,0,0,4,2,0,2,0,1,1,0,0,2,19,40
200500081726,5,12,18,1,2,1,4.0,3.0,0.0,7.0,0.0,0.0,2.0,1.0,1,1,4.0,2.0,2.0,1.0,0.0,50.0,0,0.0,1.0,2,2,6,4,4,0,2,4,0,6,4,0,0,0,4,6,0,1,0,0,0,2,11,0
201200002559,12,8,6,1,1,1,2.0,1.0,0.0,7.0,0.0,0.0,2.0,1.0,1,1,3.0,2.0,2.0,1.0,0.0,100.0,1,0.0,1.0,2,4,4,4,0,0,4,4,2,4,0,0,2,4,0,4,0,1,0,1,0,4,8,15
200900010886,9,3,2,1,2,1,2.0,6.0,0.0,7.0,0.0,1.0,0.0,1.0,1,1,4.0,1.0,2.0,2.0,0.0,40.0,1,0.0,1.0,2,1,6,0,0,2,0,4,2,0,2,2,0,0,0,2,4,1,0,0,0,3,10,10
200600044259,6,7,22,1,1,1,1.0,1.0,0.0,7.0,0.0,0.0,2.0,13.0,1,1,3.0,2.0,2.0,2.0,0.0,58.0,1,2.0,1.0,2,1,4,2,0,0,2,4,0,2,4,0,0,2,4,0,0,1,0,0,0,3,14,50
201000009389,10,7,26,1,2,1,1.0,3.0,0.0,10.0,0.0,0.0,2.0,9.0,1,1,3.0,0.0,2.0,1.0,0.0,140.0,1,0.0,1.0,2,1,4,0,0,0,0,4,0,0,2,2,0,2,0,0,2,1,0,1,0,3,10,30
201500052922,15,10,19,1,2,2,1.0,2.0,0.0,33.0,0.0,0.0,2.0,1.0,1,2,4.0,1.0,2.0,1.0,0.0,60.0,1,0.0,1.0,2,1,4,0,0,0,0,4,0,0,0,4,0,2,0,0,2,1,1,0,0,3,11,0
201600003112,16,6,21,1,2,1,7.0,3.0,0.0,31.0,0.0,0.0,2.0,1.0,1,2,3.0,2.0,0.0,2.0,0.0,0.0,1,0.0,2.0,2,3,2,2,0,0,0,4,2,0,0,0,2,0,0,4,0,1,0,0,0,3,9,0
200700080343,7,12,6,5,1,1,6.0,7.0,0.0,7.0,0.0,8.0,0.0,0.0,1,1,1.0,3.0,4.0,1.0,25.0,140.0,1,0.0,1.0,3,2,9,0,0,0,0,9,0,9,0,0,0,3,0,3,3,0,0,0,0,2,20,50
201300025248,13,6,17,1,2,1,1.0,6.0,1.0,7.0,0.0,0.0,1.0,4.0,3,-1,4.0,2.0,2.0,1.0,0.0,0.0,1,0.0,4.0,1,2,1,0,0,1,0,0,0,0,0,1,0,0,0,1,0,0,0,0,0,2,16,0
201300047725,13,9,15,1,1,1,1.0,6.0,0.0,7.0,0.0,4.0,0.0,0.0,1,1,2.0,1.0,2.0,1.0,15.0,70.0,1,0.0,0.0,1,2,2,0,0,0,1,1,0,2,0,0,0,0,0,2,0,0,0,0,1,2,7,8
200500018712,5,4,6,1,2,1,1.0,1.0,0.0,5.0,0.0,1.0,0.0,13.0,1,2,4.0,2.0,4.0,1.0,0.0,120.0,1,0.0,1.0,2,4,4,0,0,0,0,4,0,0,0,0,4,2,0,2,0,1,0,0,0,4,17,20
200500038052,5,6,16,1,1,1,2.0,3.0,0.0,7.0,0.0,0.0,2.0,1.0,1,1,3.0,2.0,2.0,0.0,0.0,70.0,1,0.0,1.0,2,1,4,0,0,0,0,4,4,0,0,0,0,2,0,2,0,1,0,1,0,2,13,0
200500016119,5,3,23,1,2,1,1.0,6.0,0.0,10.0,0.0,0.0,1.0,1.0,1,1,4.0,2.0,2.0,1.0,0.0,70.0,1,0.0,1.0,1,1,1,1,0,1,0,1,1,0,0,1,0,2,0,0,0,1,0,0,0,2,16,15
201500020964,15,1,22,2,1,1,1.0,1.0,0.0,10.0,0.0,0.0,2.0,15.0,1,1,3.0,2.0,2.0,1.0,0.0,0.0,1,4.0,0.0,2,2,4,0,0,0,0,4,2,0,0,0,2,2,0,2,0,1,1,0,0,3,18,0
200500049586,5,8,5,3,1,1,1.0,6.0,0.0,7.0,0.0,4.0,0.0,15.0,1,-1,3.0,2.0,2.0,2.0,0.0,65.0,1,0.0,1.0,1,2,3,1,2,0,1,1,0,3,1,0,0,0,1,3,0,1,0,0,0,3,23,0
201700002089,17,8,13,1,2,1,1.0,6.0,0.0,7.0,0.0,6.0,0.0,1.0,1,1,9.0,2.0,2.0,2.0,0.0,0.0,1,0.0,1.0,1,2,1,0,0,0,0,1,0,0,1,0,0,1,0,0,0,1,0,0,0,2,7,30
200600062630,6,10,16,1,2,1,1.0,2.0,0.0,7.0,0.0,0.0,2.0,1.0,1,1,4.0,3.0,5.0,1.0,15.0,150.0,1,0.0,1.0,2,1,0,4,0,0,0,4,2,0,2,0,0,4,0,0,0,1,1,0,0,2,16,20
200600024288,6,5,23,1,2,1,1.0,3.0,0.0,7.0,0.0,0.0,2.0,13.0,1,1,3.0,2.0,0.0,2.0,0.0,0.0,1,0.0,1.0,2,1,2,6,2,0,2,4,0,4,4,0,0,2,4,2,0,1,0,1,0,2,20,35
200600035115,6,6,6,1,2,1,1.0,2.0,0.0,7.0,0.0,0.0,2.0,2.0,1,1,4.0,2.0,2.0,1.0,0.0,60.0,1,0.0,1.0,2,1,4,0,0,0,0,4,0,0,2,2,0,4,0,0,0,1,1,0,0,2,18,10
200900028964,9,3,16,1,2,9,1.0,6.0,1.0,99.0,0.0,0.0,1.0,5.0,3,-1,9.0,1.0,1.0,1.0,0.0,46.0,1,0.0,1.0,1,2,1,0,0,1,0,0,0,0,0,1,0,1,0,0,0,1,0,0,0,2,14,15
200500005206,5,1,9,1,2,1,1.0,1.0,0.0,7.0,0.0,0.0,2.0,1.0,1,1,2.0,2.0,2.0,1.0,0.0,70.0,1,0.0,1.0,2,2,2,2,0,0,0,4,0,0,4,0,0,2,0,0,2,1,0,0,0,2,12,20
200500006656,5,1,20,1,2,1,1.0,6.0,0.0,7.0,0.0,0.0,1.0,4.0,1,1,4.0,1.0,2.0,1.0,0.0,68.0,1,0.0,1.0,1,1,0,2,0,1,0,1,1,0,0,1,0,1,0,0,1,0,1,0,0,2,11,45
201700004589,17,5,29,1,1,3,1.0,3.0,1.0,7.0,0.0,0.0,2.0,19.0,1,1,3.0,2.0,2.0,1.0,0.0,10.0,1,0.0,-1.0,2,1,4,2,0,0,2,4,0,0,6,0,0,4,0,2,0,1,0,1,0,2,17,45
200500020792,5,4,8,5,2,2,2.0,6.0,2.0,7.0,0.0,0.0,2.0,2.0,1,1,4.0,1.0,2.0,1.0,0.0,60.0,1,0.0,1.0,2,1,2,2,0,0,2,2,0,2,2,0,0,4,0,0,0,1,1,0,0,2,19,50
200800042401,8,7,11,1,2,3,1.0,3.0,0.0,30.0,0.0,0.0,2.0,1.0,1,2,4.0,2.0,2.0,1.0,0.0,0.0,1,0.0,0.0,2,2,2,2,0,0,0,4,0,0,0,0,4,2,0,2,0,1,0,0,0,2,8,15
201300024227,13,11,12,1,2,3,3.0,2.0,0.0,7.0,0.0,0.0,0.0,1.0,1,-1,4.0,2.0,2.0,1.0,0.0,0.0,1,0.0,1.0,2,1,2,4,0,0,2,4,0,0,6,0,0,4,0,0,2,1,1,0,0,3,9,45
200600065111,6,10,31,5,2,1,1.0,6.0,0.0,30.0,0.0,1.0,2.0,1.0,1,2,2.0,1.0,2.0,1.0,0.0,0.0,1,0.0,1.0,2,2,4,0,0,0,0,4,0,0,2,0,2,2,0,2,0,0,0,1,0,2,18,5
201200020526,12,8,31,1,1,1,1.0,7.0,0.0,33.0,0.0,13.0,0.0,1.0,1,2,3.0,2.0,0.0,2.0,0.0,0.0,1,0.0,3.0,1,4,1,0,0,0,0,1,0,1,0,0,0,1,0,0,0,1,0,0,0,4,16,15
201100060979,11,7,11,1,2,1,1.0,6.0,0.0,32.0,0.0,0.0,1.0,1.0,1,2,4.0,2.0,0.0,1.0,0.0,100.0,1,0.0,1.0,1,2,2,0,0,1,0,1,0,0,0,2,0,2,0,0,0,0,0,1,0,2,10,20
201300038216,13,5,30,1,2,1,1.0,1.0,0.0,7.0,0.0,0.0,2.0,1.0,1,1,4.0,2.0,2.0,1.0,40.0,40.0,1,0.0,1.0,2,2,0,2,0,0,0,2,0,2,0,0,0,0,0,2,0,1,0,0,0,2,19,0
200500078451,5,12,22,3,1,1,1.0,1.0,0.0,7.0,0.0,0.0,0.0,23.0,1,1,3.0,2.0,0.0,1.0,0.0,80.0,1,0.0,1.0,2,2,4,0,0,0,0,4,0,0,4,0,0,2,0,2,0,1,0,0,0,3,22,15
201200006754,12,9,9,1,1,1,1.0,3.0,0.0,33.0,0.0,0.0,2.0,0.0,1,2,3.0,2.0,2.0,2.0,0.0,70.0,1,0.0,1.0,2,3,4,0,0,0,0,4,0,0,4,0,0,4,0,0,0,1,0,1,0,3,11,15
200500064885,5,10,1,1,2,1,1.0,6.0,0.0,2.0,0.0,0.0,1.0,1.0,1,-1,4.0,1.0,2.0,1.0,0.0,0.0,1,0.0,0.0,1,1,1,1,0,1,0,1,0,1,1,0,0,1,0,1,0,1,0,0,0,2,15,15
201500045596,15,6,21,3,1,1,1.0,2.0,0.0,7.0,0.0,-1.0,2.0,1.0,1,1,1.0,3.0,6.0,1.0,0.0,-1.0,1,0.0,1.0,2,2,4,0,0,0,0,4,0,0,4,0,0,4,0,0,0,1,1,0,0,2,4,45
201200057459,12,3,10,1,2,7,1.0,6.0,0.0,7.0,0.0,0.0,1.0,1.0,1,-1,4.0,2.0,1.0,0.0,0.0,0.0,1,0.0,1.0,1,1,0,2,0,1,0,1,0,0,1,0,1,1,0,0,1,1,0,0,0,2,9,30
200500031720,5,5,29,1,2,3,1.0,3.0,0.0,7.0,0.0,0.0,2.0,15.0,1,-1,4.0,1.0,3.0,1.0,0.0,0.0,1,0.0,1.0,2,2,4,0,0,0,0,4,0,4,0,0,0,2,0,2,0,1,0,1,0,2,21,48
200800072677,8,12,11,2,2,1,1.0,3.0,0.0,7.0,0.0,0.0,2.0,0.0,1,1,4.0,2.0,2.0,1.0,40.0,40.0,1,0.0,1.0,2,1,4,2,0,0,2,4,0,4,2,0,0,2,0,4,0,1,0,0,0,2,19,30
201300032251,13,4,10,1,2,2,1.0,3.0,0.0,7.0,0.0,0.0,2.0,16.0,1,1,4.0,2.0,2.0,1.0,0.0,0.0,1,0.0,1.0,2,1,4,0,0,0,0,4,0,0,2,0,2,2,0,0,2,1,0,1,0,2,18,44
201000012284,10,5,23,1,1,1,1.0,7.0,0.0,33.0,0.0,6.0,0.0,1.0,1,2,3.0,2.0,2.0,2.0,0.0,70.0,1,0.0,1.0,1,3,1,0,0,0,0,1,0,0,1,0,0,1,0,0,0,1,0,0,0,3,17,0
200500023113,5,4,10,1,2,1,1.0,6.0,0.0,7.0,0.0,2.0,0.0,1.0,1,0,4.0,2.0,2.0,4.0,0.0,50.0,1,0.0,3.0,1,4,1,0,0,0,0,1,0,0,1,0,0,0,0,0,1,1,0,0,0,4,12,0
201700030580,17,9,26,1,2,1,1.0,6.0,2.0,7.0,0.0,0.0,1.0,1.0,3,-1,4.0,2.0,2.0,1.0,0.0,0.0,1,0.0,1.0,1,2,0,1,0,1,0,0,0,0,1,0,0,1,0,0,0,0,0,0,0,2,15,42
200500064554,5,10,5,1,1,1,1.0,4.0,0.0,7.0,0.0,0.0,2.0,0.0,1,-1,1.0,1.0,0.0,0.0,70.0,0.0,1,0.0,1.0,3,2,6,3,0,0,0,9,3,0,3,0,3,3,0,6,0,1,1,0,1,2,18,0
200500022088,5,4,13,4,2,2,1.0,3.0,0.0,2.0,0.0,0.0,2.0,16.0,1,2,2.0,2.0,2.0,1.0,0.0,80.0,1,0.0,1.0,2,2,4,0,0,0,0,4,0,4,0,0,0,2,0,2,0,1,0,0,0,2,22,15
200800065001,8,11,15,5,2,1,1.0,6.0,0.0,7.0,0.0,0.0,2.0,2.0,1,1,4.0,2.0,4.0,1.0,0.0,120.0,1,0.0,1.0,2,1,6,0,0,0,2,4,0,6,0,0,0,2,0,4,0,1,1,0,0,2,23,25
201000006559,10,3,17,1,2,1,1.0,7.0,0.0,33.0,0.0,0.0,0.0,0.0,1,2,3.0,2.0,2.0,0.0,5.0,60.0,1,0.0,1.0,1,3,1,0,0,0,0,1,1,0,0,0,0,0,0,1,0,0,0,0,0,3,10,30
200600011787,6,3,17,1,2,1,1.0,6.0,0.0,7.0,0.0,0.0,9.0,2.0,1,1,4.0,2.0,2.0,1.0,0.0,60.0,1,0.0,1.0,2,1,0,6,0,0,2,4,0,2,2,0,2,2,0,4,0,1,0,1,0,2,17,30
201500031192,15,12,4,5,2,3,1.0,3.0,0.0,30.0,0.0,0.0,2.0,1.0,1,2,3.0,2.0,2.0,1.0,0.0,120.0,1,0.0,1.0,2,3,2,2,0,0,0,4,0,0,2,0,2,2,0,0,2,1,0,1,0,3,17,30
201000051591,10,3,15,1,2,1,1.0,6.0,0.0,7.0,0.0,0.0,1.0,1.0,1,1,2.0,2.0,2.0,1.0,0.0,80.0,1,0.0,1.0,1,1,2,0,0,1,0,1,1,0,1,0,0,1,0,0,1,1,0,0,0,2,9,10
201400044639,14,2,26,5,2,1,1.0,2.0,0.0,31.0,0.0,14.0,2.0,17.0,1,2,3.0,3.0,2.0,1.0,42.0,32.0,1,0.0,1.0,2,2,4,0,0,0,0,4,0,0,4,0,0,2,0,2,0,1,1,0,0,2,23,22
200900005187,9,1,9,1,2,2,1.0,6.0,0.0,7.0,0.0,0.0,1.0,15.0,1,1,3.0,2.0,3.0,1.0,0.0,72.0,1,0.0,1.0,1,1,2,2,0,3,0,1,4,0,0,0,0,2,2,0,0,1,0,0,0,2,8,10
201100029907,11,3,23,1,1,4,1.0,3.0,0.0,7.0,0.0,0.0,2.0,15.0,1,1,4.0,2.0,2.0,1.0,0.0,68.0,1,0.0,1.0,2,1,4,0,0,0,0,4,0,0,0,2,2,2,0,2,0,0,1,0,0,2,7,55
200600041680,6,7,5,1,2,3,1.0,2.0,0.0,33.0,0.0,0.0,2.0,1.0,1,2,4.0,2.0,2.0,1.0,0.0,70.0,1,0.0,1.0,2,2,4,0,0,0,0,4,0,0,4,0,0,2,0,2,0,1,1,0,0,2,16,35
200800057278,8,10,24,5,2,2,1.0,6.0,0.0,7.0,0.0,1.0,2.0,1.0,1,1,4.0,1.0,1.0,1.0,0.0,30.0,1,0.0,1.0,2,1,6,2,2,2,0,4,0,4,4,0,0,2,0,6,0,1,0,1,0,2,23,15
201400014628,14,5,12,1,2,1,1.0,6.0,0.0,31.0,0.0,0.0,1.0,1.0,1,2,3.0,2.0,0.0,1.0,0.0,0.0,1,0.0,1.0,1,1,1,1,0,1,0,1,1,0,0,0,1,1,1,0,0,1,0,0,0,2,18,37
201100049445,11,3,3,1,2,1,1.0,6.0,1.0,7.0,0.0,0.0,1.0,1.0,3,-1,4.0,2.0,1.0,1.0,0.0,0.0,1,0.0,1.0,1,3,0,1,0,1,0,0,1,0,0,0,0,0,0,1,0,1,0,0,0,3,14,10
200800039010,8,7,9,1,2,2,1.0,3.0,0.0,7.0,0.0,0.0,2.0,0.0,1,0,9.0,0.0,2.0,1.0,0.0,80.0,1,0.0,1.0,2,2,2,2,0,0,0,4,0,4,0,0,0,2,0,2,0,1,0,1,0,2,18,27
200500060683,5,9,28,1,1,1,1.0,3.0,0.0,7.0,0.0,0.0,2.0,11.0,1,1,2.0,2.0,2.0,1.0,200.0,85.0,1,0.0,1.0,2,1,4,0,0,0,0,4,2,0,2,0,0,2,0,0,2,1,0,1,0,2,18,0
201700043224,17,10,13,1,2,1,1.0,6.0,1.0,7.0,0.0,0.0,1.0,2.0,1,0,4.0,1.0,2.0,1.0,0.0,0.0,1,0.0,1.0,1,1,2,0,0,1,0,1,0,1,1,0,0,0,1,1,0,1,0,0,0,2,15,20
201400010045,14,5,19,5,2,1,2.0,6.0,0.0,30.0,0.0,2.0,0.0,0.0,1,2,4.0,2.0,1.0,1.0,0.0,35.0,1,0.0,1.0,1,3,1,0,0,0,0,1,0,1,0,0,0,0,0,1,0,1,0,0,0,3,2,56
200500049827,5,8,8,2,1,1,1.0,1.0,0.0,7.0,0.0,0.0,2.0,13.0,1,1,3.0,2.0,2.0,2.0,0.0,62.0,1,0.0,1.0,2,3,4,0,0,0,0,4,0,0,2,2,0,0,0,4,0,1,0,0,0,3,6,30
201700012639,17,4,24,1,2,3,1.0,3.0,2.0,33.0,0.0,0.0,2.0,1.0,1,2,3.0,2.0,2.0,1.0,6.0,510.0,1,0.0,-1.0,2,3,4,2,0,0,2,4,0,4,0,0,2,0,0,4,2,1,0,0,0,3,13,25
200800048781,8,9,29,2,1,2,5.0,3.0,0.0,7.0,0.0,0.0,2.0,1.0,1,1,3.0,2.0,2.0,2.0,0.0,110.0,1,5.0,1.0,2,3,2,2,0,0,0,4,0,0,0,0,4,2,0,2,0,1,0,1,0,3,6,30
201400052687,14,10,4,1,2,5,1.0,3.0,0.0,33.0,0.0,0.0,2.0,1.0,1,2,4.0,2.0,0.0,1.0,0.0,140.0,1,0.0,2.0,2,2,4,0,0,0,0,4,0,0,2,0,2,4,0,0,0,1,0,0,0,2,15,30
200700071458,7,11,18,5,2,2,1.0,3.0,0.0,30.0,0.0,0.0,2.0,1.0,1,2,2.0,3.0,2.0,1.0,0.0,70.0,1,0.0,1.0,2,2,2,2,0,0,0,4,2,0,2,0,0,2,0,0,2,1,0,0,0,2,17,30
200900018377,9,1,8,1,2,1,1.0,3.0,0.0,10.0,0.0,0.0,2.0,2.0,1,1,2.0,1.0,3.0,2.0,0.0,0.0,1,0.0,1.0,2,1,2,2,0,0,0,4,0,0,0,2,2,2,0,2,0,0,1,0,0,3,9,0
200600036666,6,6,7,1,2,3,1.0,6.0,0.0,7.0,0.0,0.0,1.0,1.0,1,-1,4.0,1.0,1.0,1.0,0.0,0.0,1,0.0,1.0,1,1,2,0,0,1,0,1,0,1,0,0,1,0,1,1,0,0,0,1,0,2,19,30
201000020865,10,4,11,1,2,1,1.0,6.0,0.0,7.0,0.0,0.0,1.0,1.0,1,1,4.0,2.0,0.0,1.0,10.0,70.0,1,0.0,1.0,1,1,2,0,0,1,0,1,0,0,2,0,0,1,0,0,1,1,0,0,0,3,10,30
201400033378,14,7,24,1,2,1,1.0,6.0,0.0,7.0,0.0,0.0,1.0,1.0,1,1,4.0,2.0,2.0,1.0,0.0,45.0,1,0.0,1.0,1,1,1,1,0,1,0,1,0,0,2,0,0,1,0,0,1,1,0,0,0,3,18,52
200600065694,6,10,5,2,1,1,1.0,6.0,0.0,34.0,0.0,10.0,0.0,1.0,1,2,1.0,3.0,2.0,1.0,15.0,70.0,1,0.0,1.0,1,3,1,0,0,0,0,1,0,0,0,0,1,1,0,0,0,0,0,1,0,3,7,0
201200024439,12,10,15,5,1,1,1.0,6.0,0.0,7.0,0.0,4.0,0.0,1.0,1,1,1.0,3.0,2.0,1.0,0.0,106.0,1,3.0,1.0,1,2,1,0,0,0,0,1,0,0,0,0,1,1,0,0,0,0,0,0,1,2,5,45
200600038937,6,7,3,1,2,3,1.0,3.0,0.0,7.0,0.0,0.0,2.0,16.0,1,1,4.0,2.0,2.0,1.0,0.0,60.0,1,0.0,5.0,2,1,4,0,0,0,0,4,0,0,2,2,0,2,0,0,2,0,0,1,0,2,14,35
201000028663,10,9,24,1,1,1,1.0,1.0,0.0,7.0,0.0,0.0,2.0,1.0,1,1,3.0,2.0,2.0,1.0,0.0,70.0,0,0.0,1.0,2,3,2,2,0,0,0,4,0,0,2,2,0,2,0,0,2,1,0,0,0,3,17,40
201100025247,11,1,15,3,1,1,1.0,1.0,0.0,33.0,0.0,0.0,2.0,17.0,1,2,2.0,2.0,2.0,1.0,0.0,70.0,1,0.0,1.0,2,4,4,0,0,0,0,4,0,0,2,0,2,2,0,2,0,1,0,0,0,4,19,30
201500013564,15,12,31,5,2,1,1.0,6.0,0.0,7.0,0.0,0.0,2.0,12.0,1,1,4.0,3.0,6.0,1.0,0.0,150.0,1,0.0,1.0,2,1,4,4,2,0,2,4,0,8,0,0,0,0,2,6,0,1,0,0,0,2,23,40
201700018742,17,7,5,3,1,1,5.0,6.0,1.0,7.0,0.0,2.0,0.0,1.0,1,1,3.0,2.0,2.0,1.0,75.0,0.0,1,0.0,3.0,1,3,1,0,0,0,0,1,0,0,1,0,0,1,0,0,0,1,0,0,0,3,0,50
200800035284,8,6,5,1,2,3,1.0,2.0,0.0,2.0,0.0,0.0,2.0,2.0,1,2,4.0,2.0,4.0,2.0,0.0,270.0,1,0.0,1.0,2,2,4,2,2,0,0,4,0,2,2,2,0,2,0,4,0,1,1,0,0,2,16,0
200900061290,9,5,1,3,1,1,1.0,6.0,0.0,7.0,0.0,0.0,1.0,1.0,3,-1,3.0,2.0,2.0,1.0,0.0,58.0,1,0.0,1.0,1,3,1,1,0,1,0,1,0,0,2,0,0,0,0,0,2,0,0,1,0,3,22,45
201100014122,11,10,9,1,1,1,1.0,7.0,0.0,33.0,0.0,13.0,0.0,1.0,1,0,3.0,2.0,2.0,1.0,0.0,51.0,1,0.0,3.0,1,3,1,1,0,0,1,1,0,1,1,0,0,1,1,0,0,1,0,0,0,3,11,0
201700048266,17,12,26,4,1,1,2.0,7.0,2.0,33.0,0.0,0.0,0.0,0.0,1,2,1.0,1.0,4.0,2.0,15.0,140.0,1,0.0,1.0,1,1,1,1,0,0,1,1,0,2,0,0,0,2,0,0,0,0,0,1,0,2,21,15
200700022023,7,4,13,1,2,1,1.0,6.0,0.0,1.0,0.0,0.0,1.0,1.0,1,-1,4.0,2.0,3.0,1.0,0.0,0.0,1,0.0,1.0,1,1,2,0,0,1,0,1,1,1,0,0,0,0,0,1,1,1,0,0,0,2,10,50
200700068717,7,11,10,5,1,1,1.0,6.0,0.0,7.0,0.0,6.0,2.0,23.0,1,1,1.0,1.0,3.0,1.0,0.0,127.0,1,0.0,1.0,2,1,2,2,0,0,0,4,0,0,2,0,2,2,0,2,0,1,0,0,0,2,6,20
201200017807,12,7,3,1,2,1,1.0,1.0,0.0,10.0,0.0,0.0,2.0,15.0,1,1,9.0,2.0,2.0,2.0,10.0,91.0,1,0.0,1.0,2,1,4,0,0,0,0,4,2,0,0,0,2,2,0,0,2,1,0,0,0,3,18,45
201000045749,10,11,7,3,1,1,1.0,1.0,0.0,7.0,0.0,0.0,2.0,11.0,1,1,3.0,2.0,2.0,1.0,0.0,51.0,1,0.0,1.0,2,1,4,0,0,0,0,4,0,0,4,0,0,4,0,0,0,1,0,0,0,3,17,50
200700068913,7,11,23,1,2,1,1.0,3.0,0.0,3.0,0.0,0.0,2.0,16.0,1,-1,4.0,2.0,1.0,1.0,0.0,70.0,1,0.0,1.0,2,1,2,2,0,0,0,4,4,0,0,0,0,0,2,0,2,1,0,0,0,2,16,0
200600034182,6,6,11,1,2,2,1.0,6.0,0.0,31.0,0.0,0.0,2.0,1.0,1,2,4.0,1.0,2.0,1.0,0.0,0.0,1,0.0,1.0,2,2,4,0,0,0,0,4,0,0,4,0,0,0,0,4,0,1,0,1,0,2,11,45
201400000138,14,2,22,3,1,1,2.0,7.0,0.0,7.0,0.0,13.0,0.0,1.0,1,1,3.0,2.0,0.0,3.0,0.0,65.0,1,0.0,3.0,1,3,1,0,0,0,0,1,0,0,1,0,0,1,0,0,0,1,0,0,0,3,3,0
200700027283,7,5,20,5,2,1,1.0,2.0,0.0,7.0,0.0,0.0,2.0,2.0,1,1,4.0,1.0,1.0,2.0,0.0,0.0,1,0.0,1.0,2,2,2,4,0,0,2,4,0,2,4,0,0,2,0,4,0,1,1,0,0,2,22,15
201400005365,14,6,4,1,2,4,2.0,3.0,0.0,33.0,0.0,0.0,2.0,21.0,1,2,3.0,2.0,2.0,1.0,0.0,60.0,1,5.0,1.0,2,3,2,2,0,0,0,4,0,0,0,0,4,2,0,2,0,1,0,1,0,3,17,30
200900042900,9,5,2,5,2,4,1.0,3.0,1.0,7.0,0.0,0.0,2.0,13.0,1,2,4.0,2.0,2.0,2.0,0.0,58.0,1,0.0,1.0,2,2,2,0,0,0,0,2,0,0,0,0,2,2,0,0,0,1,0,1,0,2,4,0