Num_Acc,an,mois,jour,lum,agg,int,atm,col,senc,catv,occutc,obs,obsm,manv,catu,secu,catr,circ,nbv,prof,lartpc,larrout,surf,infra,situ,nb_veh,grav_simpl,Homme,Femme,Arrière,Autre_x,Avant,Conducteur,Autre_y,Inconnu,Loisirs,Professionnel,Travail,Adulte,Enfant,Jeune,Senior,choc_avant,choc_arriere,choc_lateral,choc_multiple,grav_order_max,heure,minute
201000030729,10,7,26,1,2,3,1.0,3.0,0.0,7.0,0.0,0.0,2.0,15.0,1,1,4.0,2.0,2.0,1.0,0.0,90.0,1,0.0,1.0,2,1,2,2,0,0,0,4,4,0,0,0,0,2,0,2,0,1,0,1,0,3,18,20
201100044908,11,9,4,5,2,1,1.0,7.0,0.0,7.0,0.0,8.0,0.0,1.0,1,1,4.0,2.0,2.0,1.0,0.0,0.0,1,0.0,1.0,1,2,1,0,0,0,0,1,0,0,1,0,0,1,0,0,0,1,0,0,0,2,6,45
200500029414,5,5,4,1,2,1,1.0,2.0,0.0,5.0,0.0,0.0,2.0,1.0,1,2,4.0,2.0,2.0,1.0,0.0,0.0,1,0.0,1.0,2,2,4,0,0,0,0,4,0,0,0,2,2,2,0,2,0,1,1,0,0,2,9,30
201100055815,11,3,9,1,2,1,1.0,6.0,1.0,30.0,0.0,0.0,1.0,1.0,3,-1,4.0,1.0,1.0,1.0,0.0,0.0,1,0.0,1.0,1,3,1,0,0,1,0,0,1,0,0,0,0,0,1,0,0,1,0,0,0,3,12,30
200500037898,5,6,11,1,2,1,1.0,3.0,0.0,7.0,0.0,0.0,2.0,15.0,1,1,9.0,2.0,2.0,2.0,0.0,50.0,1,0.0,1.0,2,1,6,0,0,0,2,4,0,2,4,0,0,0,2,4,0,1,1,0,0,3,18,45
200600005789,6,1,22,1,1,1,1.0,1.0,0.0,7.0,0.0,0.0,2.0,1.0,1,1,3.0,2.0,2.0,1.0,0.0,55.0,1,0.0,1.0,2,1,6,2,0,0,4,4,0,4,4,0,0,2,0,6,0,1,0,0,0,3,0,1
200800041004,8,7,28,1,2,1,1.0,6.0,0.0,37.0,0.0,0.0,1.0,15.0,1,-1,3.0,2.0,2.0,1.0,0.0,128.0,-1,0.0,1.0,1,1,1,1,0,1,0,1,0,0,1,1,0,2,0,0,0,1,0,0,0,2,16,50
201600053443,16,5,15,1,2,2,1.0,6.0,2.0,34.0,0.0,0.0,1.0,17.0,1,2,4.0,2.0,2.0,1.0,0.0,0.0,1,0.0,1.0,1,1,1,1,0,1,0,1,0,0,2,0,0,1,0,1,0,1,0,0,0,2,17,0
200500008509,5,2,14,5,2,1,1.0,2.0,0.0,2.0,0.0,6.0,2.0,2.0,1,2,2.0,2.0,2.0,1.0,0.0,900.0,1,0.0,1.0,2,3,2,2,0,0,0,4,4,0,0,0,0,2,2,0,0,1,1,0,0,3,6,40
201500020460,15,11,23,1,2,1,1.0,7.0,0.0,30.0,0.0,0.0,0.0,1.0,1,2,4.0,2.0,2.0,1.0,0.0,45.0,-1,0.0,1.0,1,2,1,0,0,0,0,1,0,1,0,0,0,0,1,0,0,0,0,0,0,2,16,0
200500043889,5,7,4,1,2,1,1.0,3.0,0.0,7.0,0.0,0.0,2.0,15.0,1,-1,4.0,2.0,0.0,1.0,0.0,95.0,1,0.0,1.0,2,1,4,0,0,0,0,4,2,0,0,2,0,2,0,2,0,1,0,0,0,2,17,0
201100064037,11,5,18,1,2,5,1.0,6.0,0.0,7.0,0.0,0.0,1.0,4.0,1,1,4.0,1.0,1.0,2.0,0.0,55.0,1,0.0,1.0,1,1,2,0,0,1,0,1,1,0,0,1,0,0,0,1,1,0,1,0,0,2,20,5
200800055679,8,10,23,3,1,1,1.0,7.0,0.0,7.0,0.0,13.0,0.0,1.0,1,1,3.0,2.0,2.0,1.0,0.0,52.0,1,0.0,1.0,1,3,1,0,0,0,0,1,0,0,1,0,0,0,0,1,0,1,0,0,0,3,19,45
201300055266,13,2,23,5,2,2,8.0,2.0,0.0,7.0,0.0,0.0,2.0,16.0,1,-1,4.0,1.0,2.0,1.0,0.0,0.0,1,0.0,1.0,2,1,4,4,0,4,0,4,2,4,0,2,0,4,0,0,4,1,1,0,0,2,18,30
200900063580,9,12,20,1,2,2,1.0,3.0,0.0,34.0,0.0,0.0,2.0,1.0,2,2,4.0,2.0,2.0,1.0,0.0,0.0,1,0.0,1.0,2,3,4,4,0,0,4,4,0,0,8,0,0,6,0,0,2,1,0,1,0,3,14,30
200600042806,6,7,30,1,2,1,1.0,1.0,0.0,7.0,0.0,0.0,2.0,13.0,1,1,3.0,2.0,0.0,1.0,0.0,62.0,1,0.0,1.0,2,1,4,0,0,0,0,4,0,0,4,0,0,2,0,2,0,1,0,0,0,3,9,45
201100012160,11,9,26,1,2,1,1.0,6.0,0.0,33.0,0.0,1.0,0.0,15.0,1,2,4.0,1.0,0.0,1.0,0.0,0.0,1,6.0,1.0,1,3,1,0,0,0,0,1,0,0,1,0,0,0,0,1,0,1,0,0,0,3,14,30
200600012368,6,3,17,1,2,1,1.0,6.0,0.0,5.0,0.0,0.0,0.0,0.0,1,2,4.0,2.0,2.0,0.0,0.0,60.0,1,0.0,1.0,1,2,1,0,0,0,0,1,0,1,0,0,0,1,0,0,0,0,0,1,0,2,13,0
200900005167,9,1,16,5,2,3,1.0,3.0,0.0,7.0,0.0,0.0,2.0,15.0,1,1,4.0,1.0,1.0,1.0,0.0,0.0,1,0.0,1.0,2,1,2,2,0,0,0,4,0,0,2,0,2,2,0,2,0,1,0,0,0,3,19,5
201300018604,13,7,11,1,1,1,1.0,1.0,0.0,32.0,0.0,0.0,2.0,13.0,1,2,3.0,2.0,2.0,2.0,0.0,0.0,1,0.0,1.0,2,3,4,4,0,0,4,4,2,4,2,0,0,4,0,0,4,1,0,0,0,3,9,15
200900064291,9,11,1,5,2,1,2.0,6.0,0.0,7.0,0.0,6.0,0.0,1.0,1,1,4.0,2.0,2.0,2.0,32.0,148.0,1,0.0,4.0,1,2,1,0,0,0,0,1,0,0,1,0,0,0,0,1,0,1,0,0,0,2,23,30
201100036771,11,12,7,5,2,2,1.0,3.0,1.0,7.0,0.0,0.0,2.0,0.0,1,-1,9.0,2.0,5.0,1.0,0.0,68.0,1,5.0,1.0,2,1,4,0,0,0,0,4,0,2,2,0,0,2,0,2,0,1,0,1,0,3,22,5
201000039009,10,6,2,1,2,2,1.0,6.0,0.0,1.0,0.0,0.0,2.0,0.0,1,0,4.0,1.0,1.0,1.0,0.0,0.0,1,0.0,1.0,1,2,1,0,0,0,0,1,0,0,1,0,0,0,1,0,0,1,0,0,0,2,15,10
200600029981,6,5,17,1,2,2,1.0,3.0,0.0,10.0,0.0,0.0,2.0,19.0,1,1,4.0,1.0,1.0,1.0,0.0,20.0,1,0.0,1.0,2,1,4,0,0,0,0,4,0,0,2,2,0,2,0,2,0,1,0,0,0,2,6,50
201200016541,12,11,22,5,2,1,1.0,1.0,0.0,7.0,0.0,0.0,0.0,15.0,1,1,3.0,0.0,2.0,1.0,50.0,80.0,1,0.0,1.0,2,1,4,0,0,0,2,2,0,0,4,0,0,0,0,4,0,1,0,0,0,2,20,25
201100040377,11,7,9,1,2,2,1.0,5.0,0.0,7.0,0.0,1.0,0.0,15.0,1,1,4.0,3.0,5.0,1.0,0.0,0.0,1,0.0,0.0,3,2,9,9,6,0,3,9,0,12,6,0,0,12,3,3,0,1,0,1,0,2,15,10
200800018729,8,4,9,1,2,1,2.0,4.0,0.0,7.0,0.0,0.0,2.0,2.0,1,1,4.0,2.0,3.0,1.0,0.0,0.0,1,0.0,1.0,3,1,9,3,0,0,3,9,0,3,9,0,0,3,0,0,9,1,1,0,0,2,15,30
200600037111,6,6,20,1,1,1,1.0,5.0,0.0,7.0,0.0,0.0,0.0,0.0,1,1,1.0,3.0,3.0,1.0,20.0,75.0,1,0.0,1.0,3,1,6,3,0,0,0,9,0,0,0,3,6,9,0,0,0,0,0,0,0,2,15,30
201600004183,16,10,30,1,1,1,1.0,6.0,2.0,7.0,0.0,13.0,0.0,1.0,1,1,3.0,2.0,2.0,2.0,0.0,70.0,1,0.0,3.0,1,3,1,0,0,0,0,1,0,0,1,0,0,0,0,0,1,1,0,0,0,3,12,0
200800058700,8,10,21,1,2,1,1.0,3.0,0.0,7.0,0.0,0.0,0.0,1.0,1,-1,4.0,2.0,2.0,1.0,0.0,60.0,1,0.0,1.0,2,1,0,4,0,0,0,4,2,2,0,0,0,2,0,2,0,1,0,1,0,2,16,30
201500002073,15,10,31,1,1,1,1.0,6.0,0.0,33.0,0.0,13.0,0.0,0.0,1,2,3.0,2.0,2.0,1.0,0.0,60.0,1,0.0,3.0,1,4,1,0,0,0,0,1,0,0,1,0,0,0,0,1,0,1,0,0,0,4,16,30
201200005574,12,8,11,1,1,9,1.0,3.0,0.0,33.0,0.0,0.0,2.0,17.0,1,2,3.0,2.0,2.0,2.0,0.0,77.0,1,0.0,1.0,2,4,2,2,0,0,0,4,0,0,4,0,0,2,0,2,0,1,0,1,0,4,16,15
201200026678,12,5,21,1,2,1,1.0,5.0,0.0,7.0,0.0,0.0,2.0,23.0,1,1,4.0,2.0,2.0,1.0,0.0,0.0,1,0.0,1.0,3,1,6,0,0,0,0,6,0,3,3,0,0,0,0,6,0,1,0,0,0,3,18,25
201100017210,11,7,23,1,2,1,1.0,6.0,0.0,7.0,0.0,0.0,1.0,16.0,1,1,4.0,2.0,2.0,1.0,0.0,0.0,1,0.0,1.0,1,1,1,1,0,1,0,1,2,0,0,0,0,0,0,1,1,1,0,0,0,3,9,0
201200012856,12,4,6,1,1,1,1.0,7.0,0.0,7.0,0.0,0.0,0.0,1.0,1,-1,2.0,3.0,2.0,1.0,0.0,80.0,1,0.0,1.0,1,1,1,1,0,0,1,1,0,1,1,0,0,1,0,0,1,0,0,1,0,3,18,25
200500012881,5,3,9,2,1,1,1.0,1.0,0.0,7.0,0.0,0.0,6.0,1.0,1,1,2.0,0.0,0.0,0.0,0.0,75.0,-1,0.0,0.0,2,1,4,0,0,0,0,4,0,0,2,2,0,2,0,2,0,1,0,0,0,4,18,45
201500003892,15,10,25,3,1,1,1.0,6.0,0.0,7.0,0.0,0.0,1.0,1.0,1,1,3.0,2.0,2.0,1.0,0.0,50.0,1,0.0,3.0,1,1,1,2,0,2,0,1,0,0,3,0,0,1,2,0,0,0,0,0,0,3,8,45
201600018521,16,6,16,1,2,1,1.0,6.0,0.0,10.0,0.0,0.0,1.0,4.0,1,1,4.0,2.0,2.0,1.0,0.0,63.0,1,0.0,1.0,1,1,0,2,0,1,0,1,0,0,1,1,0,0,0,1,1,0,1,0,0,3,14,0
200600071034,6,11,21,5,1,1,2.0,6.0,0.0,7.0,0.0,0.0,2.0,21.0,1,-1,1.0,0.0,6.0,1.0,20.0,210.0,1,0.0,1.0,2,1,2,2,0,0,0,4,0,0,4,0,0,0,0,4,0,1,0,0,0,2,19,50
200600007426,6,2,22,1,2,1,1.0,6.0,0.0,7.0,0.0,0.0,1.0,4.0,1,-1,4.0,1.0,1.0,2.0,0.0,60.0,1,0.0,1.0,1,1,1,1,0,1,0,1,0,1,1,0,0,1,0,0,1,0,1,0,0,3,10,5
200600044825,6,5,25,1,1,1,1.0,5.0,0.0,7.0,0.0,0.0,2.0,14.0,1,1,3.0,1.0,2.0,1.0,0.0,0.0,1,0.0,1.0,4,2,16,16,4,0,12,16,0,16,16,0,0,16,0,4,12,1,1,0,0,2,10,35
200500047760,5,7,2,5,2,1,1.0,6.0,0.0,7.0,0.0,8.0,0.0,1.0,1,1,4.0,2.0,3.0,1.0,0.0,82.0,1,0.0,1.0,1,2,1,0,0,0,0,1,0,0,1,0,0,1,0,0,0,1,0,0,0,2,23,30
200800073343,8,12,17,5,2,1,1.0,6.0,0.0,7.0,0.0,0.0,1.0,1.0,1,1,4.0,2.0,1.0,3.0,0.0,0.0,1,0.0,1.0,1,1,1,1,0,1,0,1,0,0,0,0,2,1,0,1,0,1,0,0,0,2,7,0
201500049432,15,3,2,1,2,1,1.0,2.0,0.0,7.0,0.0,0.0,2.0,2.0,1,-1,4.0,2.0,1.0,1.0,0.0,74.0,1,0.0,1.0,2,1,4,0,0,0,0,4,0,0,0,4,0,2,0,0,2,1,1,0,0,2,9,45
201600047726,16,8,26,3,1,1,1.0,3.0,2.0,7.0,0.0,0.0,2.0,1.0,1,1,1.0,3.0,4.0,1.0,15.0,140.0,1,0.0,1.0,2,1,8,2,2,0,4,4,0,10,0,0,0,4,0,4,2,0,0,1,0,2,0,26
201600053521,16,7,9,1,2,1,1.0,6.0,2.0,31.0,0.0,12.0,2.0,17.0,1,2,4.0,3.0,3.0,1.0,20.0,70.0,1,0.0,1.0,2,2,4,0,0,0,0,4,0,2,0,0,2,2,0,2,0,1,0,0,0,2,20,10
200700069976,7,11,7,1,1,1,1.0,1.0,0.0,7.0,0.0,0.0,2.0,13.0,1,1,3.0,2.0,2.0,4.0,0.0,110.0,1,0.0,1.0,2,1,2,4,0,0,2,4,4,2,0,0,0,4,0,2,0,1,0,1,0,2,12,50
200800014265,8,3,18,2,2,1,1.0,7.0,0.0,7.0,0.0,0.0,1.0,1.0,3,-1,4.0,2.0,2.0,1.0,0.0,78.0,1,0.0,1.0,1,2,2,1,0,2,0,1,2,1,0,0,0,1,0,2,0,1,0,0,0,2,8,0
200500073590,5,11,5,1,2,1,1.0,3.0,0.0,7.0,0.0,0.0,2.0,15.0,1,1,4.0,1.0,1.0,1.0,0.0,600.0,1,0.0,1.0,2,1,0,6,0,0,2,4,0,2,4,0,0,0,4,2,0,1,0,0,0,2,14,55
201100052916,11,3,16,2,1,1,1.0,3.0,0.0,7.0,0.0,0.0,2.0,11.0,1,1,1.0,3.0,4.0,2.0,25.0,330.0,1,0.0,1.0,2,1,2,2,0,0,0,4,0,0,2,0,2,0,0,2,2,1,1,0,0,2,7,30
201500026611,15,3,7,1,2,4,1.0,3.0,0.0,7.0,0.0,0.0,2.0,15.0,1,1,2.0,2.0,4.0,2.0,0.0,140.0,1,5.0,1.0,2,1,2,2,0,0,0,4,2,0,0,0,2,2,0,0,2,1,0,1,0,2,9,25
200700006259,7,2,14,1,1,1,8.0,5.0,0.0,10.0,0.0,0.0,2.0,1.0,1,1,3.0,2.0,2.0,1.0,0.0,51.0,1,0.0,1.0,3,3,9,0,0,0,0,9,0,0,3,6,0,9,0,0,0,1,0,1,0,3,10,35
200700014437,7,3,15,5,2,1,1.0,6.0,1.0,7.0,0.0,0.0,1.0,0.0,3,-1,4.0,2.0,2.0,1.0,0.0,52.0,1,0.0,4.0,1,2,1,0,0,1,0,0,1,0,0,0,0,0,0,1,0,0,0,0,0,2,22,30
201500021039,15,5,18,1,2,1,1.0,1.0,0.0,7.0,0.0,0.0,2.0,15.0,1,1,4.0,0.0,0.0,1.0,0.0,0.0,-1,0.0,0.0,2,1,4,0,0,0,0,4,0,4,0,0,0,2,0,2,0,1,0,0,0,2,8,50
200500028117,5,5,20,1,2,3,1.0,5.0,0.0,7.0,0.0,0.0,2.0,1.0,1,-1,9.0,2.0,2.0,1.0,0.0,0.0,1,0.0,1.0,3,1,3,6,0,0,0,9,0,9,0,0,0,9,0,0,0,1,1,0,0,2,8,50
201100057751,11,1,15,1,1,1,5.0,6.0,0.0,7.0,0.0,2.0,0.0,0.0,1,1,1.0,1.0,1.0,2.0,10.0,35.0,1,0.0,3.0,1,3,1,0,0,0,0,1,0,0,1,0,0,0,0,1,0,0,0,1,0,3,15,15
200900018704,9,4,17,5,1,1,1.0,6.0,0.0,7.0,0.0,7.0,0.0,1.0,2,1,9.0,2.0,2.0,1.0,0.0,0.0,1,0.0,3.0,1,2,3,0,1,0,1,1,0,0,3,0,0,0,2,1,0,1,0,0,0,2,21,20
201300030900,13,8,14,5,2,2,1.0,3.0,0.0,7.0,0.0,0.0,2.0,1.0,1,1,4.0,2.0,2.0,1.0,0.0,0.0,1,0.0,1.0,2,2,8,0,2,0,2,4,0,0,8,0,0,0,0,8,0,1,0,1,0,3,2,0
201000046158,10,3,20,1,2,1,2.0,6.0,0.0,30.0,0.0,16.0,0.0,2.0,1,2,4.0,2.0,2.0,1.0,0.0,60.0,1,0.0,1.0,1,2,1,0,0,0,0,1,0,0,1,0,0,0,0,1,0,0,0,1,0,2,16,27
200500011380,5,2,28,2,2,1,1.0,7.0,0.0,7.0,0.0,0.0,0.0,13.0,1,1,3.0,2.0,2.0,0.0,0.0,57.0,1,2.0,3.0,1,3,2,0,0,0,1,1,0,1,1,0,0,1,0,1,0,0,0,0,1,3,19,15
201400009875,14,1,7,1,1,1,8.0,1.0,0.0,7.0,0.0,0.0,2.0,13.0,1,1,3.0,2.0,2.0,1.0,0.0,78.0,1,0.0,1.0,2,2,4,0,0,0,0,4,2,0,0,0,2,2,0,2,0,1,0,0,0,2,17,15
201700022864,17,5,15,1,2,2,1.0,3.0,0.0,7.0,0.0,0.0,2.0,0.0,1,1,4.0,2.0,2.0,1.0,0.0,0.0,1,0.0,1.0,2,3,2,2,0,0,0,4,0,4,0,0,0,0,0,4,0,1,1,0,0,3,8,40
201400031170,14,12,2,5,2,1,2.0,6.0,0.0,7.0,0.0,0.0,1.0,0.0,1,1,4.0,2.0,2.0,1.0,0.0,0.0,1,0.0,1.0,1,1,2,0,0,1,0,1,0,2,0,0,0,0,1,1,0,1,0,0,0,2,17,0
200500079905,5,12,20,1,2,2,1.0,3.0,0.0,7.0,0.0,0.0,2.0,16.0,1,1,4.0,1.0,3.0,1.0,0.0,85.0,1,0.0,1.0,2,1,2,2,0,0,0,4,2,0,0,2,0,4,0,0,0,1,0,0,0,2,11,20
201600007350,16,10,25,2,1,1,5.0,7.0,2.0,7.0,0.0,0.0,0.0,1.0,1,1,3.0,2.0,0.0,1.0,0.0,0.0,1,0.0,3.0,1,3,1,0,0,0,0,1,0,0,0,0,1,0,0,1,0,0,0,0,1,3,7,45
200800061981,8,10,31,5,2,1,2.0,3.0,0.0,2.0,0.0,0.0,2.0,1.0,1,2,4.0,2.0,3.0,1.0,0.0,0.0,1,0.0,1.0,2,2,2,2,0,0,0,4,0,0,2,0,2,0,0,4,0,0,1,0,0,2,0,40
200900040025,9,8,26,1,1,1,1.0,7.0,0.0,2.0,0.0,2.0,0.0,0.0,1,2,3.0,2.0,2.0,2.0,0.0,51.0,1,0.0,1.0,1,4,1,0,0,0,0,1,0,0,1,0,0,1,0,0,0,0,0,0,0,4,16,30
201000031682,10,6,10,1,2,2,1.0,3.0,0.0,7.0,0.0,0.0,2.0,1.0,1,1,4.0,2.0,2.0,1.0,0.0,70.0,1,5.0,1.0,2,1,4,4,0,0,4,4,0,4,0,4,0,2,2,4,0,1,0,0,0,3,17,25
200500066563,5,10,29,1,2,6,1.0,2.0,0.0,2.0,0.0,0.0,2.0,1.0,1,2,4.0,1.0,2.0,1.0,0.0,30.0,1,0.0,1.0,2,2,6,0,0,0,2,4,4,2,0,0,0,0,4,0,2,1,0,1,0,2,10,50
200700047663,7,8,5,1,2,1,1.0,2.0,0.0,33.0,0.0,0.0,2.0,2.0,1,2,3.0,2.0,0.0,1.0,0.0,83.0,1,0.0,1.0,2,3,2,2,0,0,0,4,0,0,4,0,0,4,0,0,0,1,1,0,0,3,16,30
201500004325,15,7,3,3,1,1,1.0,6.0,0.0,7.0,0.0,2.0,0.0,13.0,1,-1,3.0,2.0,2.0,1.0,0.0,60.0,1,0.0,3.0,1,3,1,0,0,0,0,1,0,0,1,0,0,0,0,1,0,1,0,0,0,3,2,45
201500020320,15,11,19,3,2,9,1.0,3.0,0.0,7.0,0.0,0.0,2.0,1.0,1,1,1.0,3.0,5.0,1.0,0.0,0.0,1,3.0,1.0,2,1,6,0,0,0,2,4,0,2,4,0,0,4,0,0,2,1,0,1,0,3,2,50
201000012817,10,1,3,3,1,1,1.0,6.0,0.0,7.0,0.0,13.0,0.0,16.0,1,1,4.0,0.0,1.0,1.0,0.0,45.0,1,0.0,3.0,1,3,3,0,1,0,1,1,1,2,0,0,0,0,0,3,0,1,0,0,0,3,1,15
201300032387,13,10,25,5,2,1,1.0,7.0,0.0,2.0,0.0,0.0,2.0,1.0,1,2,4.0,2.0,2.0,1.0,0.0,0.0,1,0.0,1.0,2,2,2,2,0,0,0,4,0,0,4,0,0,0,0,4,0,0,0,0,0,2,23,17
201500006156,15,12,18,1,2,1,1.0,6.0,0.0,7.0,0.0,0.0,1.0,19.0,1,1,4.0,2.0,0.0,1.0,0.0,60.0,1,0.0,1.0,1,1,1,1,0,1,0,1,1,0,1,0,0,1,1,0,0,1,0,0,0,3,13,15
200800052799,8,9,19,1,2,1,1.0,2.0,0.0,7.0,0.0,0.0,2.0,2.0,1,1,4.0,2.0,2.0,2.0,0.0,0.0,1,0.0,0.0,2,1,4,0,0,0,0,4,0,2,2,0,0,4,0,0,0,1,1,0,0,2,17,10
201700057689,17,9,26,1,2,1,1.0,3.0,1.0,7.0,0.0,0.0,2.0,9.0,1,1,4.0,2.0,2.0,2.0,0.0,70.0,1,0.0,1.0,2,1,4,0,0,0,0,4,0,0,2,0,2,4,0,0,0,1,0,1,0,2,16,10
201100014654,11,5,30,1,2,3,1.0,6.0,0.0,7.0,0.0,0.0,1.0,1.0,1,1,4.0,-1.0,2.0,-1.0,0.0,-1.0,-1,0.0,-1.0,1,1,1,1,0,1,0,1,1,0,0,1,0,0,1,1,0,1,0,0,0,3,17,40
200800042989,8,8,25,5,2,1,2.0,6.0,0.0,7.0,0.0,4.0,2.0,13.0,1,1,4.0,3.0,3.0,1.0,15.0,105.0,1,0.0,1.0,2,2,4,2,0,0,2,4,0,2,2,2,0,4,0,2,0,1,0,1,0,2,3,25
200900033603,9,7,17,3,1,1,1.0,6.0,0.0,7.0,0.0,0.0,0.0,1.0,2,1,3.0,2.0,2.0,3.0,0.0,80.0,1,0.0,1.0,1,3,2,0,0,0,1,1,0,1,1,0,0,0,0,2,0,0,0,0,1,3,21,45
200800020488,8,4,26,1,2,1,1.0,6.0,0.0,7.0,0.0,0.0,1.0,1.0,2,1,4.0,1.0,1.0,2.0,0.0,35.0,1,0.0,1.0,1,1,2,1,0,1,1,1,0,1,2,0,0,0,1,0,2,1,0,0,0,2,20,30
201000048937,10,3,19,5,2,1,2.0,6.0,0.0,7.0,0.0,0.0,0.0,0.0,1,1,3.0,2.0,0.0,1.0,0.0,0.0,1,0.0,1.0,1,1,0,2,0,1,0,1,0,0,2,0,0,2,0,0,0,0,0,0,0,3,23,20
200800042637,8,7,1,1,2,1,1.0,3.0,0.0,32.0,0.0,0.0,0.0,3.0,1,2,4.0,1.0,4.0,1.0,15.0,140.0,1,0.0,1.0,2,2,4,0,0,0,0,4,0,0,0,4,0,4,0,0,0,0,1,1,0,2,14,50
201300018005,13,6,8,1,1,1,1.0,2.0,0.0,7.0,0.0,0.0,2.0,17.0,1,1,3.0,2.0,2.0,1.0,0.0,60.0,1,5.0,1.0,2,1,4,0,0,0,0,4,0,0,4,0,0,2,2,0,0,1,0,0,0,2,16,15
200500076737,5,11,28,1,2,2,2.0,6.0,0.0,2.0,0.0,0.0,1.0,1.0,1,2,2.0,2.0,4.0,1.0,0.0,0.0,1,0.0,1.0,1,1,1,1,0,1,0,1,2,0,0,0,0,1,1,0,0,1,0,0,0,2,9,55
200500028572,5,5,3,1,2,3,1.0,3.0,0.0,7.0,0.0,0.0,2.0,16.0,1,-1,4.0,1.0,1.0,1.0,0.0,50.0,1,3.0,1.0,2,2,4,2,0,0,2,4,0,6,0,0,0,4,0,2,0,1,0,0,0,2,13,50
200500070529,5,11,12,1,1,1,1.0,6.0,0.0,7.0,0.0,0.0,1.0,1.0,1,1,4.0,2.0,2.0,1.0,0.0,66.0,1,0.0,1.0,1,1,1,1,0,1,0,1,0,0,2,0,0,1,0,0,1,1,0,0,0,3,16,45
201600020636,16,8,5,5,2,1,1.0,6.0,1.0,7.0,0.0,0.0,1.0,0.0,3,-1,4.0,2.0,2.0,1.0,0.0,0.0,-1,0.0,1.0,1,2,1,0,0,1,0,0,0,1,0,0,0,0,1,0,0,1,0,0,0,2,2,50
200500045209,5,7,8,1,2,3,3.0,3.0,0.0,7.0,0.0,0.0,2.0,15.0,1,1,4.0,2.0,1.0,1.0,0.0,36.0,1,0.0,1.0,2,1,4,2,0,0,0,6,0,2,4,0,0,0,2,4,0,1,0,0,0,2,17,0
201400008536,14,12,6,3,1,1,1.0,5.0,0.0,7.0,0.0,0.0,2.0,21.0,1,1,3.0,2.0,2.0,1.0,0.0,131.0,1,0.0,1.0,3,1,6,3,0,0,0,9,3,0,3,0,3,9,0,0,0,1,0,1,0,3,14,45
201500039476,15,6,1,1,2,3,1.0,7.0,1.0,32.0,0.0,0.0,1.0,2.0,1,2,4.0,1.0,1.0,1.0,0.0,0.0,1,0.0,0.0,1,1,1,1,0,1,0,1,0,1,1,0,0,0,0,1,1,1,0,0,0,2,8,40
201500051990,15,6,24,1,2,1,1.0,3.0,0.0,2.0,0.0,0.0,2.0,1.0,1,2,4.0,1.0,2.0,1.0,0.0,0.0,1,0.0,1.0,2,2,4,0,0,0,0,4,2,2,0,0,0,0,0,4,0,0,0,1,0,2,12,0
200800023709,8,5,6,1,2,1,1.0,6.0,0.0,7.0,0.0,0.0,1.0,15.0,1,-1,4.0,0.0,2.0,0.0,0.0,0.0,1,0.0,1.0,1,2,0,2,0,1,0,1,0,0,1,0,1,0,0,0,2,1,0,0,0,3,9,25
201000039534,10,10,8,1,2,1,1.0,3.0,0.0,7.0,0.0,0.0,2.0,14.0,1,1,4.0,2.0,2.0,2.0,0.0,60.0,1,0.0,1.0,2,1,2,2,0,0,0,4,0,4,0,0,0,0,0,4,0,1,1,0,0,2,11,20
201200059047,12,3,16,5,2,1,1.0,3.0,0.0,7.0,0.0,0.0,2.0,22.0,1,1,4.0,1.0,1.0,2.0,0.0,70.0,1,0.0,1.0,2,1,4,0,0,0,0,4,0,2,0,2,0,2,0,2,0,0,1,1,0,2,20,10
201100035729,11,12,3,5,2,1,2.0,6.0,0.0,7.0,0.0,0.0,2.0,13.0,1,1,4.0,2.0,2.0,1.0,0.0,0.0,1,0.0,1.0,2,1,6,6,4,0,4,4,0,12,0,0,0,6,6,0,0,1,0,0,0,2,20,0
200500059017,5,9,1,1,2,2,1.0,6.0,0.0,7.0,0.0,0.0,2.0,15.0,1,1,4.0,2.0,2.0,1.0,0.0,57.0,1,0.0,1.0,2,1,2,2,0,0,0,4,4,0,0,0,0,0,2,0,2,1,0,0,0,2,14,15
201700008219,17,11,29,2,2,2,1.0,3.0,1.0,10.0,0.0,0.0,2.0,15.0,1,1,2.0,2.0,2.0,1.0,0.0,75.0,1,0.0,1.0,2,1,2,2,0,0,0,4,4,0,0,0,0,2,2,0,0,1,0,1,0,2,18,45
200600011651,6,3,17,1,2,3,1.0,3.0,0.0,2.0,0.0,0.0,0.0,0.0,1,-1,4.0,3.0,1.0,1.0,0.0,90.0,1,0.0,1.0,2,3,2,2,0,0,0,4,4,0,0,0,0,2,0,2,0,1,0,0,0,3,17,0
201300036248,13,10,19,1,2,3,1.0,3.0,0.0,2.0,0.0,0.0,2.0,1.0,1,2,4.0,2.0,2.0,1.0,0.0,86.0,1,0.0,1.0,2,3,0,6,0,0,2,4,0,0,6,0,0,0,4,2,0,1,0,0,0,3,14,25
201300001309,13,11,7,1,1,1,3.0,7.0,0.0,1.0,0.0,12.0,0.0,1.0,1,0,3.0,2.0,1.0,2.0,0.0,0.0,1,0.0,1.0,1,3,1,0,0,0,0,1,0,0,1,0,0,0,0,0,1,0,0,0,0,3,17,0