Num_Acc,an,mois,jour,lum,agg,int,atm,col,senc,catv,occutc,obs,obsm,manv,catu,secu,catr,circ,nbv,prof,lartpc,larrout,surf,infra,situ,nb_veh,grav_simpl,Homme,Femme,Arrière,Autre_x,Avant,Conducteur,Autre_y,Inconnu,Loisirs,Professionnel,Travail,Adulte,Enfant,Jeune,Senior,choc_avant,choc_arriere,choc_lateral,choc_multiple,grav_order_max,heure,minute
200500000748,5,1,12,1,2,1,1.0,3.0,0.0,7.0,0.0,0.0,2.0,1.0,1,1,4.0,4.0,1.0,1.0,0.0,80.0,1,0.0,1.0,2,1,4,0,0,0,0,4,0,2,0,2,0,2,0,0,2,1,0,0,0,3,13,45
200600045885,6,8,30,5,2,1,8.0,6.0,0.0,31.0,0.0,6.0,0.0,1.0,2,2,4.0,2.0,2.0,2.0,0.0,0.0,1,0.0,0.0,1,2,2,0,0,0,1,1,0,1,1,0,0,0,0,2,0,1,0,0,0,3,5,30
201500023458,15,5,22,1,2,2,1.0,3.0,0.0,7.0,0.0,0.0,0.0,1.0,1,1,4.0,2.0,4.0,1.0,0.0,0.0,1,0.0,1.0,2,3,6,2,0,0,4,4,2,0,6,0,0,6,2,0,0,1,0,1,0,3,13,30
200700076117,7,12,9,5,2,1,2.0,6.0,0.0,7.0,0.0,6.0,0.0,1.0,1,1,3.0,0.0,0.0,2.0,0.0,72.0,1,0.0,1.0,1,1,1,1,0,0,1,1,0,1,1,0,0,0,0,2,0,1,0,0,0,3,1,45
201100002689,11,10,20,1,1,1,1.0,2.0,0.0,7.0,0.0,0.0,2.0,1.0,1,1,3.0,2.0,2.0,2.0,0.0,50.0,1,0.0,1.0,2,1,2,2,0,0,0,4,0,0,2,0,2,0,0,2,2,1,1,0,0,3,9,15
200600069933,6,11,28,5,2,2,2.0,3.0,0.0,5.0,0.0,0.0,2.0,2.0,1,2,2.0,3.0,4.0,1.0,14.0,134.0,1,5.0,1.0,2,3,4,0,0,0,0,4,0,0,2,0,2,2,0,0,2,1,0,1,0,3,17,0
200800071123,8,12,12,5,2,1,1.0,2.0,0.0,7.0,0.0,0.0,2.0,1.0,1,1,4.0,2.0,4.0,1.0,20.0,137.0,1,0.0,1.0,2,1,2,4,0,0,2,4,0,2,2,0,2,6,0,0,0,1,1,0,0,2,20,41
200800028403,8,5,8,1,1,1,1.0,3.0,0.0,33.0,0.0,7.0,2.0,16.0,1,2,3.0,2.0,2.0,0.0,0.0,75.0,1,0.0,1.0,2,1,4,0,0,0,0,4,4,0,0,0,0,0,0,4,0,1,0,1,0,3,20,15
200500063341,5,10,11,1,1,1,1.0,5.0,0.0,17.0,0.0,0.0,2.0,2.0,1,1,2.0,2.0,2.0,1.0,0.0,73.0,1,0.0,1.0,4,1,12,8,0,0,4,16,0,4,8,8,0,16,0,4,0,1,1,1,0,3,15,0
201400018516,14,8,27,1,1,1,1.0,1.0,0.0,2.0,0.0,0.0,2.0,13.0,1,2,4.0,2.0,1.0,4.0,0.0,50.0,1,0.0,1.0,2,3,4,2,0,0,2,4,0,2,4,0,0,4,2,0,0,1,0,0,0,3,16,30
201700043257,17,12,1,1,2,1,2.0,6.0,2.0,37.0,0.0,15.0,0.0,14.0,1,1,4.0,2.0,2.0,1.0,0.0,0.0,1,0.0,1.0,1,1,3,1,0,3,0,1,3,0,0,1,0,0,0,1,3,1,0,0,0,2,10,45
200600066485,6,11,25,1,2,2,2.0,3.0,0.0,7.0,0.0,0.0,2.0,19.0,1,1,4.0,2.0,2.0,2.0,0.0,85.0,1,0.0,1.0,2,2,2,2,0,0,0,4,0,4,0,0,0,2,0,2,0,1,0,1,0,2,9,55
200500081240,5,12,8,1,2,1,1.0,6.0,0.0,7.0,0.0,1.0,0.0,14.0,1,1,4.0,2.0,2.0,0.0,0.0,0.0,1,0.0,4.0,2,3,4,0,0,0,0,4,2,0,2,0,0,0,0,0,4,1,1,0,0,3,11,0
201100033882,11,9,14,5,2,3,1.0,3.0,0.0,7.0,0.0,0.0,2.0,1.0,1,1,4.0,2.0,5.0,1.0,10.0,200.0,1,0.0,1.0,2,2,8,0,2,0,2,4,0,0,8,0,0,4,0,4,0,1,0,1,0,2,2,15
201500005479,15,9,24,1,1,1,1.0,3.0,0.0,7.0,0.0,0.0,2.0,13.0,1,1,2.0,2.0,3.0,0.0,0.0,0.0,1,0.0,0.0,2,3,4,2,0,0,2,4,2,4,0,0,0,2,0,0,4,0,0,1,0,3,15,30
200800048079,8,7,11,1,2,6,1.0,2.0,0.0,7.0,0.0,0.0,2.0,2.0,1,1,4.0,2.0,2.0,1.0,0.0,140.0,1,5.0,1.0,2,2,0,4,0,0,0,4,0,0,2,0,2,0,0,4,0,1,1,0,0,2,17,10
200600049665,6,8,24,1,2,3,2.0,3.0,0.0,7.0,0.0,0.0,2.0,1.0,1,1,4.0,2.0,2.0,1.0,0.0,0.0,1,0.0,1.0,2,1,4,2,0,0,2,4,0,2,2,0,2,2,0,0,4,1,0,0,0,2,11,30
201500003309,15,9,18,1,1,1,2.0,1.0,0.0,7.0,0.0,0.0,2.0,1.0,1,1,3.0,3.0,2.0,0.0,0.0,54.0,1,0.0,1.0,2,2,6,0,0,0,2,4,0,2,2,2,0,2,0,2,2,1,0,0,0,4,16,30
200900056042,9,6,17,1,2,1,1.0,2.0,0.0,2.0,0.0,0.0,2.0,2.0,1,2,3.0,2.0,2.0,1.0,0.0,47.0,1,0.0,0.0,2,3,4,0,0,0,0,4,2,0,0,2,0,0,2,2,0,1,1,0,0,3,12,20
201200040715,12,5,5,1,2,1,1.0,2.0,0.0,7.0,0.0,0.0,2.0,2.0,1,1,3.0,3.0,2.0,1.0,0.0,80.0,1,0.0,1.0,2,2,4,0,0,0,0,4,0,4,0,0,0,0,0,4,0,1,1,0,0,2,16,5
201700020816,17,8,1,1,2,3,1.0,3.0,0.0,10.0,0.0,0.0,2.0,1.0,1,-1,3.0,2.0,2.0,2.0,0.0,79.0,1,0.0,1.0,2,1,4,0,0,0,0,4,0,0,4,0,0,2,2,0,0,1,0,0,0,3,17,0
200700057737,7,9,29,5,2,1,1.0,6.0,0.0,7.0,0.0,15.0,0.0,1.0,1,1,4.0,2.0,2.0,1.0,0.0,0.0,1,0.0,3.0,2,1,6,0,0,0,2,4,0,2,4,0,0,2,0,4,0,1,0,1,0,2,2,5
201000060544,10,2,25,1,2,1,2.0,7.0,0.0,30.0,0.0,0.0,0.0,1.0,1,-1,4.0,1.0,2.0,1.0,550.0,70.0,1,0.0,1.0,1,2,1,0,0,0,0,1,0,1,0,0,0,0,0,1,0,0,0,0,0,2,12,10
200900010821,9,3,13,2,1,9,1.0,3.0,0.0,7.0,0.0,0.0,0.0,13.0,1,1,3.0,2.0,0.0,1.0,55.0,0.0,1,0.0,1.0,2,1,6,4,4,0,2,4,0,6,2,0,2,2,0,8,0,1,0,0,0,3,18,30
201400034999,14,11,26,5,2,1,1.0,1.0,0.0,7.0,0.0,0.0,2.0,11.0,1,1,3.0,2.0,2.0,1.0,0.0,142.0,1,0.0,1.0,2,1,4,0,0,0,0,4,0,0,4,0,0,0,0,4,0,1,0,0,0,3,20,37
201000013912,10,7,28,5,2,1,1.0,6.0,0.0,7.0,0.0,8.0,0.0,1.0,1,0,3.0,2.0,2.0,1.0,0.0,0.0,1,0.0,4.0,1,3,1,0,0,0,0,1,0,0,1,0,0,1,0,0,0,1,0,0,0,3,1,30
200800059287,8,10,18,5,2,2,1.0,3.0,0.0,7.0,0.0,0.0,2.0,1.0,1,-1,4.0,2.0,5.0,1.0,42.0,188.0,1,0.0,0.0,2,2,8,0,2,0,2,4,0,6,2,0,0,0,0,8,0,1,0,1,0,3,4,45
201000037288,10,7,16,1,2,2,1.0,6.0,0.0,7.0,0.0,0.0,2.0,15.0,1,1,4.0,1.0,1.0,1.0,0.0,0.0,1,0.0,1.0,2,1,2,2,0,0,0,4,0,4,0,0,0,0,0,2,2,1,0,0,0,2,20,0
201100058209,11,12,3,5,2,2,1.0,6.0,0.0,31.0,0.0,0.0,2.0,1.0,1,2,4.0,1.0,2.0,1.0,0.0,90.0,1,0.0,1.0,2,2,2,0,0,0,0,2,0,2,0,0,0,0,0,2,0,1,1,0,0,2,0,55
201100010605,11,4,30,1,2,1,1.0,1.0,0.0,7.0,0.0,0.0,2.0,19.0,1,1,4.0,2.0,2.0,1.0,0.0,35.0,1,0.0,1.0,2,1,2,2,0,0,0,4,0,0,4,0,0,0,2,2,0,1,0,1,0,3,16,45
201000014504,10,6,20,2,2,1,1.0,6.0,0.0,7.0,0.0,6.0,0.0,1.0,1,1,3.0,2.0,2.0,3.0,0.0,50.0,1,0.0,4.0,1,3,2,0,0,0,1,1,0,1,1,0,0,0,0,2,0,1,0,0,0,3,21,15
200700024741,7,4,20,1,1,1,1.0,4.0,0.0,7.0,0.0,0.0,2.0,2.0,2,1,1.0,0.0,5.0,1.0,15.0,350.0,1,0.0,1.0,3,2,3,9,0,0,3,9,0,3,3,0,6,12,0,0,0,1,1,0,0,2,17,40
201100031517,11,4,11,1,2,1,1.0,6.0,0.0,7.0,0.0,0.0,1.0,1.0,1,-1,4.0,2.0,2.0,1.0,0.0,70.0,1,0.0,1.0,1,1,2,0,0,1,0,1,1,0,0,0,1,1,1,0,0,1,0,0,0,3,13,35
200700050142,7,8,25,1,2,1,1.0,2.0,0.0,31.0,0.0,0.0,2.0,17.0,1,2,4.0,2.0,2.0,1.0,0.0,56.0,1,0.0,1.0,2,2,4,2,0,0,2,4,2,2,2,0,0,2,2,2,0,1,0,0,0,2,19,0
201200038552,12,3,31,1,2,3,1.0,3.0,0.0,7.0,0.0,0.0,2.0,1.0,1,1,4.0,1.0,2.0,1.0,0.0,80.0,1,0.0,1.0,2,2,0,4,0,0,0,4,0,0,4,0,0,4,0,0,0,1,1,0,0,2,18,10
200900040922,9,12,9,2,2,1,2.0,3.0,0.0,30.0,0.0,0.0,2.0,18.0,1,2,4.0,1.0,1.0,1.0,0.0,70.0,1,0.0,1.0,2,2,4,0,0,0,0,4,0,0,2,2,0,4,0,0,0,0,0,1,0,2,16,50
200700034462,7,6,4,1,2,1,1.0,7.0,0.0,2.0,0.0,0.0,0.0,1.0,1,2,4.0,2.0,2.0,2.0,0.0,64.0,0,0.0,1.0,1,2,1,0,0,0,0,1,0,0,0,0,1,1,0,0,0,0,0,1,0,2,6,45
201000042756,10,11,11,3,1,1,1.0,6.0,0.0,7.0,0.0,13.0,0.0,1.0,1,1,4.0,2.0,2.0,1.0,0.0,60.0,1,0.0,3.0,1,2,1,0,0,0,0,1,0,0,0,0,1,0,0,1,0,1,0,0,0,2,5,50
200600039149,6,7,7,2,1,4,1.0,1.0,0.0,15.0,0.0,0.0,2.0,1.0,1,1,2.0,2.0,1.0,1.0,0.0,64.0,1,3.0,1.0,2,1,2,2,0,0,0,4,0,0,2,2,0,2,0,2,0,1,0,0,0,2,21,30
201600033589,16,1,11,5,2,3,2.0,6.0,0.0,7.0,0.0,0.0,1.0,0.0,1,1,4.0,1.0,1.0,1.0,0.0,55.0,1,0.0,1.0,1,1,1,1,0,1,0,1,0,1,0,0,1,1,0,0,1,1,0,0,0,2,8,30
200900065248,9,11,19,5,2,2,1.0,3.0,0.0,7.0,0.0,0.0,2.0,1.0,2,-1,4.0,1.0,1.0,1.0,0.0,54.0,1,0.0,1.0,2,2,6,2,0,0,4,4,0,0,8,0,0,4,0,4,0,0,1,0,0,2,19,40
200600074872,6,12,28,1,1,1,8.0,6.0,0.0,14.0,0.0,3.0,0.0,1.0,1,1,1.0,3.0,3.0,1.0,0.0,0.0,1,0.0,3.0,1,1,2,0,0,0,1,1,0,1,0,1,0,1,0,1,0,1,0,0,0,3,12,30
200700062928,7,10,9,1,2,1,1.0,6.0,0.0,1.0,0.0,0.0,1.0,1.0,3,-1,9.0,2.0,2.0,1.0,0.0,0.0,1,0.0,1.0,1,3,1,1,0,1,0,1,0,2,0,0,0,1,0,1,0,1,0,0,0,3,17,15
201300003008,13,12,23,1,1,1,1.0,1.0,0.0,7.0,0.0,0.0,2.0,1.0,1,1,3.0,2.0,0.0,2.0,0.0,72.0,1,0.0,1.0,2,1,6,2,2,0,2,4,0,4,2,0,2,2,0,2,4,1,0,1,0,3,12,0
200900020101,9,2,16,1,2,2,1.0,3.0,0.0,31.0,0.0,0.0,2.0,9.0,1,2,4.0,2.0,2.0,3.0,0.0,100.0,1,0.0,1.0,2,2,4,0,0,0,0,4,0,2,0,0,2,0,0,4,0,1,0,0,0,2,15,0
200800044929,8,8,27,1,2,3,1.0,2.0,0.0,7.0,0.0,0.0,2.0,1.0,1,-1,4.0,2.0,2.0,1.0,0.0,0.0,1,0.0,1.0,2,1,2,4,2,0,0,4,0,6,0,0,0,4,2,0,0,1,1,0,0,2,16,45
201300051694,13,12,31,1,2,2,1.0,3.0,0.0,34.0,0.0,0.0,2.0,1.0,1,2,4.0,1.0,1.0,1.0,80.0,80.0,1,0.0,1.0,2,2,4,0,0,0,0,4,0,2,0,2,0,2,0,2,0,1,0,0,0,2,10,0
201100038818,11,3,8,1,2,1,1.0,2.0,0.0,7.0,0.0,0.0,2.0,1.0,1,1,4.0,2.0,3.0,1.0,0.0,100.0,1,0.0,1.0,2,1,2,2,0,0,0,4,0,0,4,0,0,0,0,2,2,1,1,0,0,2,8,5
201500012418,15,10,23,1,2,1,1.0,3.0,0.0,33.0,0.0,0.0,2.0,17.0,1,2,4.0,2.0,4.0,0.0,0.0,0.0,1,0.0,1.0,2,2,4,0,0,0,0,4,0,2,0,0,2,2,0,2,0,1,0,1,0,2,8,30
201100056742,11,10,19,1,1,1,2.0,2.0,0.0,7.0,0.0,0.0,2.0,2.0,1,1,1.0,3.0,4.0,1.0,10.0,144.0,1,0.0,1.0,2,2,2,2,0,0,0,4,0,0,0,2,2,2,0,0,2,1,1,0,0,2,15,25
201500050593,15,11,20,5,2,1,2.0,3.0,0.0,2.0,0.0,0.0,2.0,1.0,1,2,4.0,1.0,3.0,1.0,0.0,200.0,0,0.0,1.0,2,2,2,2,0,0,0,4,0,0,0,0,4,2,0,2,0,1,0,1,0,2,17,20
200900055996,9,11,26,1,2,1,1.0,6.0,0.0,7.0,0.0,0.0,1.0,0.0,1,-1,4.0,2.0,1.0,1.0,0.0,0.0,1,0.0,1.0,1,1,1,1,0,1,0,1,2,0,0,0,0,1,0,0,1,0,0,0,0,2,13,0
200500055709,5,9,7,1,1,1,8.0,3.0,0.0,10.0,0.0,0.0,2.0,1.0,1,1,3.0,0.0,2.0,1.0,0.0,80.0,1,0.0,1.0,2,2,2,2,0,0,0,4,0,0,2,2,0,0,0,4,0,1,0,1,0,4,16,0
201000037882,10,11,3,2,2,1,1.0,6.0,0.0,7.0,0.0,0.0,0.0,22.0,1,-1,4.0,1.0,1.0,1.0,0.0,0.0,1,0.0,1.0,1,1,2,0,0,1,0,1,2,0,0,0,0,1,1,0,0,1,0,0,0,2,17,10
201200027293,12,12,13,2,1,1,1.0,7.0,0.0,2.0,0.0,0.0,0.0,0.0,1,2,4.0,0.0,0.0,0.0,0.0,0.0,-1,3.0,0.0,1,2,1,0,0,0,0,1,0,1,0,0,0,0,1,0,0,0,0,0,0,2,7,50
200700034449,7,6,8,1,1,1,1.0,4.0,0.0,7.0,0.0,13.0,2.0,2.0,1,-1,2.0,3.0,2.0,1.0,0.0,70.0,1,0.0,1.0,3,1,6,3,0,0,0,9,0,0,9,0,0,3,0,6,0,1,1,0,0,2,14,25
201000019872,10,7,17,5,2,3,1.0,6.0,0.0,7.0,0.0,12.0,0.0,16.0,1,-1,4.0,0.0,0.0,0.0,0.0,0.0,-1,0.0,0.0,1,1,3,0,1,0,1,1,0,0,3,0,0,0,0,3,0,1,0,0,0,3,0,50
201100041856,11,12,8,1,2,6,2.0,2.0,0.0,7.0,0.0,0.0,2.0,2.0,1,1,3.0,1.0,3.0,1.0,0.0,120.0,1,5.0,1.0,2,1,6,2,2,0,2,4,0,4,0,0,4,6,0,2,0,1,1,0,0,2,12,40
201200006553,12,5,22,1,2,1,1.0,6.0,0.0,10.0,0.0,0.0,1.0,4.0,1,1,3.0,2.0,2.0,1.0,0.0,73.0,1,0.0,4.0,1,1,2,1,0,2,0,1,0,0,1,2,0,1,0,0,2,0,1,0,0,4,9,45
201500013980,15,1,24,5,2,1,1.0,2.0,0.0,7.0,0.0,0.0,2.0,2.0,1,1,2.0,1.0,0.0,1.0,0.0,0.0,1,0.0,1.0,2,2,2,2,0,0,0,4,4,0,0,0,0,2,0,2,0,1,0,0,0,2,17,25
201500001489,15,9,20,3,1,1,1.0,7.0,0.0,30.0,0.0,0.0,0.0,1.0,1,2,3.0,2.0,2.0,2.0,70.0,60.0,1,0.0,1.0,1,3,1,0,0,0,0,1,0,0,1,0,0,1,0,0,0,0,0,0,0,3,3,45
200500074174,5,11,18,5,1,1,1.0,7.0,0.0,2.0,0.0,0.0,0.0,1.0,1,2,9.0,2.0,2.0,2.0,0.0,0.0,1,0.0,1.0,1,2,1,0,0,0,0,1,0,1,0,0,0,0,0,1,0,0,0,1,0,2,22,10
200600025386,6,5,1,1,2,3,1.0,6.0,0.0,7.0,0.0,0.0,2.0,15.0,1,1,4.0,2.0,20.0,2.0,15.0,80.0,1,0.0,1.0,2,1,4,0,0,0,0,4,0,0,4,0,0,4,0,0,0,0,0,1,0,2,12,15
201300039585,13,12,16,5,2,1,1.0,6.0,0.0,7.0,0.0,0.0,2.0,1.0,1,1,3.0,2.0,4.0,1.0,5.0,120.0,1,0.0,1.0,2,1,4,0,0,0,0,4,0,0,2,0,2,4,0,0,0,0,0,1,0,2,20,25
201300022564,13,1,27,2,2,1,2.0,1.0,0.0,7.0,0.0,0.0,0.0,1.0,1,1,3.0,0.0,2.0,1.0,0.0,70.0,1,0.0,1.0,2,1,2,2,0,0,0,4,0,0,4,0,0,0,0,2,2,1,0,0,0,3,17,30
201200022066,12,12,27,1,1,6,1.0,3.0,0.0,7.0,0.0,0.0,2.0,9.0,1,0,2.0,1.0,2.0,2.0,0.0,0.0,1,5.0,1.0,2,1,4,0,0,0,0,4,2,0,2,0,0,0,2,0,2,0,0,0,0,2,17,10
201700015912,17,11,26,3,1,1,1.0,3.0,2.0,7.0,0.0,0.0,2.0,0.0,1,1,3.0,2.0,2.0,1.0,0.0,75.0,1,0.0,1.0,2,1,2,6,2,0,2,4,0,0,8,0,0,2,2,4,0,1,0,0,0,3,19,0
201600053124,16,7,5,1,2,7,1.0,6.0,1.0,33.0,0.0,0.0,1.0,17.0,1,2,4.0,2.0,2.0,2.0,0.0,130.0,1,0.0,1.0,1,1,2,0,0,1,0,1,1,0,1,0,0,1,0,1,0,1,0,0,0,2,17,35
201500026116,15,8,11,5,2,3,1.0,1.0,0.0,7.0,0.0,0.0,2.0,15.0,1,1,4.0,4.0,3.0,1.0,0.0,0.0,1,0.0,1.0,2,1,4,0,0,0,0,4,0,0,4,0,0,2,0,2,0,1,0,0,0,2,22,30
201200026945,12,11,30,3,2,1,6.0,6.0,0.0,7.0,0.0,0.0,0.0,1.0,1,-1,2.0,1.0,1.0,2.0,0.0,0.0,1,1.0,1.0,1,3,1,0,0,0,0,1,0,0,1,0,0,0,0,1,0,1,0,0,0,3,0,45
201700018390,17,10,31,1,1,1,1.0,1.0,2.0,7.0,0.0,0.0,2.0,13.0,1,1,3.0,2.0,2.0,1.0,0.0,0.0,1,0.0,1.0,2,4,2,2,0,0,0,4,0,0,4,0,0,0,0,0,4,1,0,0,0,4,15,30
201100025890,11,1,27,3,1,1,1.0,6.0,0.0,7.0,0.0,2.0,0.0,14.0,1,1,3.0,2.0,2.0,1.0,0.0,0.0,1,0.0,3.0,1,2,1,0,0,0,0,1,0,0,1,0,0,1,0,0,0,1,0,0,0,2,18,20
200700049963,7,8,21,1,2,3,1.0,3.0,0.0,30.0,0.0,0.0,2.0,1.0,1,2,4.0,2.0,2.0,1.0,0.0,55.0,1,0.0,1.0,2,3,2,2,0,0,0,4,0,0,0,0,4,0,2,2,0,1,0,0,0,3,8,40
201000038858,10,2,4,1,2,1,1.0,3.0,0.0,7.0,0.0,0.0,2.0,15.0,1,1,4.0,3.0,4.0,1.0,20.0,140.0,1,0.0,1.0,2,1,2,2,0,0,0,4,0,2,0,0,2,2,0,2,0,1,0,1,0,2,14,40
201100033660,11,3,8,1,2,1,1.0,2.0,0.0,7.0,0.0,0.0,2.0,0.0,1,1,4.0,0.0,0.0,1.0,0.0,0.0,-1,0.0,1.0,2,2,0,2,0,0,0,2,0,2,0,0,0,2,0,0,0,1,1,0,0,2,11,15
201300010225,13,10,2,1,2,3,1.0,3.0,0.0,7.0,0.0,0.0,2.0,1.0,1,1,4.0,1.0,2.0,0.0,0.0,0.0,1,0.0,1.0,2,1,2,2,0,0,0,4,0,0,0,0,4,2,0,2,0,1,0,0,0,2,8,10
201200048860,12,8,1,1,1,1,1.0,3.0,0.0,33.0,0.0,0.0,2.0,1.0,1,2,1.0,3.0,4.0,1.0,25.0,140.0,1,0.0,1.0,2,2,4,0,0,0,0,4,0,0,0,0,4,0,0,4,0,1,1,0,0,2,8,50
201500021361,15,9,5,1,1,1,1.0,3.0,0.0,7.0,0.0,0.0,2.0,17.0,1,1,2.0,3.0,4.0,1.0,35.0,75.0,1,0.0,1.0,2,2,4,8,6,0,2,4,0,8,4,0,0,2,6,2,2,0,0,1,0,2,19,45
200900065969,9,9,14,1,2,1,1.0,6.0,0.0,33.0,0.0,14.0,0.0,1.0,1,2,3.0,2.0,2.0,1.0,120.0,30.0,1,2.0,4.0,1,3,1,0,0,0,0,1,0,0,1,0,0,0,0,1,0,0,0,1,0,3,19,10
200800057215,8,10,22,1,2,1,2.0,6.0,0.0,30.0,0.0,0.0,1.0,1.0,1,-1,4.0,2.0,2.0,1.0,0.0,70.0,1,0.0,1.0,1,1,1,1,0,1,0,1,0,2,0,0,0,2,0,0,0,1,0,0,0,2,16,30
200600043020,6,7,20,1,1,1,1.0,6.0,0.0,7.0,0.0,0.0,1.0,19.0,1,1,3.0,2.0,2.0,1.0,0.0,61.0,1,0.0,1.0,1,1,1,1,0,1,0,1,0,1,0,1,0,1,1,0,0,1,0,0,0,3,12,15
200500039553,5,6,7,1,2,1,1.0,2.0,0.0,7.0,0.0,1.0,0.0,2.0,1,-1,6.0,0.0,1.0,1.0,0.0,31.0,1,0.0,1.0,2,1,0,4,0,0,0,4,4,0,0,0,0,4,0,0,0,1,1,0,0,2,10,45
201700002612,17,7,1,1,1,1,8.0,5.0,1.0,7.0,0.0,0.0,9.0,17.0,1,-1,3.0,2.0,2.0,1.0,0.0,71.0,1,0.0,1.0,3,1,9,3,0,0,3,9,0,3,9,0,0,6,0,0,6,0,0,1,0,3,11,20
200600066913,6,11,30,1,2,1,1.0,3.0,0.0,7.0,0.0,0.0,2.0,1.0,1,-1,4.0,1.0,2.0,1.0,0.0,68.0,1,0.0,1.0,2,2,2,2,0,0,0,4,0,0,2,2,0,2,0,0,2,1,1,0,0,2,11,55
200500000032,5,1,18,1,2,0,3.0,3.0,0.0,7.0,0.0,0.0,2.0,19.0,1,1,3.0,2.0,0.0,1.0,0.0,710.0,1,0.0,1.0,2,4,2,2,0,0,0,4,4,0,0,0,0,2,0,2,0,1,0,1,0,4,9,0
200500079379,5,12,24,3,1,1,5.0,7.0,0.0,7.0,0.0,13.0,0.0,1.0,1,1,3.0,2.0,2.0,1.0,0.0,58.0,1,0.0,1.0,1,1,1,1,0,0,1,1,0,1,1,0,0,2,0,0,0,1,0,0,0,3,0,30
201500010842,15,6,3,5,2,2,1.0,1.0,0.0,34.0,0.0,0.0,2.0,1.0,1,2,2.0,2.0,2.0,2.0,0.0,0.0,1,5.0,1.0,2,1,4,0,0,0,0,4,0,0,2,0,2,4,0,0,0,1,0,0,0,3,23,10
201700034135,17,6,19,4,2,2,1.0,3.0,1.0,7.0,0.0,1.0,2.0,1.0,1,1,4.0,3.0,5.0,1.0,80.0,180.0,1,0.0,1.0,2,2,6,0,0,0,2,4,0,0,6,0,0,2,0,4,0,1,0,0,0,3,1,40
201000035735,10,11,8,5,2,1,2.0,3.0,0.0,7.0,0.0,0.0,2.0,1.0,1,1,4.0,2.0,4.0,1.0,0.0,130.0,1,0.0,1.0,2,1,2,4,0,0,2,4,0,4,0,0,2,4,0,2,0,0,0,1,0,2,18,0
200700063056,7,10,15,1,1,1,1.0,5.0,0.0,7.0,0.0,0.0,2.0,1.0,1,1,1.0,1.0,5.0,1.0,0.0,170.0,1,0.0,1.0,4,1,12,4,0,0,0,16,0,8,4,4,0,12,0,4,0,1,1,0,0,2,15,5
201000023660,10,6,30,1,1,1,1.0,3.0,0.0,7.0,0.0,0.0,2.0,15.0,1,1,3.0,2.0,0.0,1.0,0.0,0.0,1,0.0,1.0,2,2,2,2,0,0,0,4,0,2,0,0,2,2,0,2,0,1,0,1,0,3,9,30
201300051298,13,2,5,5,2,1,1.0,6.0,0.0,32.0,0.0,14.0,0.0,14.0,1,2,4.0,1.0,3.0,1.0,0.0,0.0,1,0.0,1.0,1,2,1,0,0,0,0,1,0,0,1,0,0,1,0,0,0,1,0,0,0,2,21,30
200900069572,9,11,6,1,2,1,1.0,6.0,0.0,7.0,0.0,1.0,1.0,1.0,1,-1,6.0,2.0,1.0,1.0,0.0,0.0,1,0.0,1.0,1,1,2,0,0,1,0,1,1,1,0,0,0,1,1,0,0,0,1,0,0,3,13,45
200700038163,7,6,17,1,1,1,8.0,6.0,0.0,7.0,0.0,4.0,0.0,0.0,1,-1,1.0,3.0,2.0,1.0,15.0,30.0,1,3.0,1.0,1,2,1,0,0,0,0,1,0,1,0,0,0,1,0,0,0,1,0,0,0,2,21,34
200900003546,9,2,21,1,2,1,1.0,7.0,0.0,31.0,0.0,13.0,0.0,1.0,1,2,3.0,2.0,2.0,2.0,0.0,53.0,1,0.0,1.0,1,3,1,0,0,0,0,1,1,0,0,0,0,1,0,0,0,0,0,1,0,3,17,30
201100016672,11,8,7,1,1,1,1.0,3.0,0.0,30.0,0.0,0.0,0.0,1.0,1,2,3.0,2.0,1.0,1.0,0.0,0.0,1,0.0,1.0,2,3,2,2,0,0,0,4,0,0,2,0,2,0,2,0,2,1,0,0,0,3,20,45
201700018109,17,1,20,1,1,1,1.0,7.0,2.0,7.0,0.0,16.0,0.0,1.0,1,-1,3.0,2.0,2.0,1.0,0.0,79.0,1,0.0,3.0,1,3,1,0,0,0,0,1,0,0,0,0,1,1,0,0,0,0,0,0,1,3,17,0
200500083062,5,12,11,1,2,1,1.0,1.0,0.0,5.0,0.0,0.0,2.0,1.0,1,2,3.0,2.0,2.0,1.0,0.0,100.0,1,0.0,1.0,2,2,4,0,0,0,0,4,0,0,4,0,0,0,0,2,2,1,0,0,0,2,9,15
201100025228,11,1,12,5,1,1,1.0,3.0,0.0,7.0,0.0,0.0,2.0,19.0,1,1,3.0,2.0,0.0,1.0,78.0,0.0,1,0.0,1.0,2,2,4,0,0,0,0,4,0,0,2,0,2,0,0,2,2,1,0,0,0,3,17,45
200500006191,5,1,22,5,2,1,3.0,6.0,0.0,7.0,0.0,1.0,0.0,1.0,1,1,4.0,1.0,1.0,1.0,0.0,57.0,1,0.0,1.0,1,2,0,1,0,0,0,1,0,1,0,0,0,1,0,0,0,1,0,0,0,2,23,40
201000040499,10,1,18,5,2,3,2.0,6.0,1.0,7.0,0.0,0.0,0.0,1.0,1,-1,4.0,2.0,2.0,1.0,0.0,60.0,1,0.0,1.0,2,1,6,0,0,0,2,4,2,0,0,0,4,0,2,4,0,1,0,0,0,2,2,45