Num_Acc,an,mois,jour,lum,agg,int,atm,col,senc,catv,occutc,obs,obsm,manv,catu,secu,catr,circ,nbv,prof,lartpc,larrout,surf,infra,situ,nb_veh,grav_simpl,Homme,Femme,Arrière,Autre_x,Avant,Conducteur,Autre_y,Inconnu,Loisirs,Professionnel,Travail,Adulte,Enfant,Jeune,Senior,choc_avant,choc_arriere,choc_lateral,choc_multiple,grav_order_max,heure,minute
201200024790,12,1,18,1,2,3,1.0,3.0,0.0,2.0,0.0,0.0,2.0,1.0,1,2,4.0,2.0,2.0,1.0,0.0,0.0,1,0.0,1.0,2,2,4,2,0,0,2,4,0,6,0,0,0,2,2,2,0,1,0,1,0,2,14,15
201700043759,17,1,20,1,2,1,1.0,6.0,2.0,15.0,0.0,6.0,0.0,1.0,1,1,2.0,3.0,4.0,1.0,0.0,60.0,0,0.0,1.0,1,1,2,0,0,0,1,1,0,0,0,2,0,2,0,0,0,1,0,0,0,2,8,0
200700018177,7,3,25,1,1,1,3.0,2.0,0.0,7.0,0.0,0.0,2.0,17.0,1,1,1.0,3.0,6.0,1.0,10.0,270.0,1,0.0,1.0,2,1,6,8,6,0,4,4,2,12,0,0,0,6,4,0,4,0,1,0,0,2,12,30
200900040435,9,10,11,1,1,1,1.0,7.0,0.0,33.0,0.0,16.0,0.0,1.0,1,2,3.0,2.0,2.0,0.0,0.0,64.0,1,0.0,3.0,1,3,1,0,0,0,0,1,0,0,1,0,0,0,0,1,0,0,0,0,0,3,14,45
201500050589,15,11,15,1,2,2,1.0,2.0,0.0,7.0,0.0,8.0,2.0,17.0,1,1,4.0,1.0,6.0,1.0,222.0,162.0,1,0.0,1.0,2,1,6,0,0,0,2,4,0,0,6,0,0,0,0,6,0,1,0,0,0,2,15,40
201700003987,17,2,12,5,2,1,1.0,7.0,2.0,32.0,0.0,13.0,0.0,1.0,1,2,3.0,2.0,2.0,2.0,59.0,0.0,1,0.0,1.0,1,3,1,0,0,0,0,1,0,0,0,1,0,0,0,1,0,1,0,0,0,3,20,40
201100062964,11,6,17,1,2,1,1.0,6.0,0.0,7.0,0.0,15.0,9.0,14.0,1,1,4.0,3.0,1.0,1.0,0.0,0.0,1,0.0,3.0,1,2,1,0,0,0,0,1,0,1,0,0,0,0,0,0,1,1,0,0,0,2,7,0
201700040774,17,6,18,1,2,1,1.0,3.0,1.0,7.0,0.0,0.0,2.0,17.0,1,1,4.0,2.0,0.0,1.0,0.0,0.0,1,0.0,1.0,2,1,2,4,0,0,2,4,0,0,6,0,0,4,0,0,2,1,1,0,0,2,12,20
200900017653,9,6,28,1,2,3,1.0,3.0,0.0,33.0,0.0,0.0,2.0,1.0,1,2,4.0,2.0,2.0,1.0,0.0,56.0,1,0.0,1.0,2,3,4,2,0,0,2,4,0,0,6,0,0,2,0,4,0,1,0,0,0,3,18,10
201500036370,15,10,6,1,2,2,1.0,6.0,0.0,7.0,0.0,0.0,1.0,1.0,1,1,4.0,2.0,1.0,1.0,0.0,-1.0,1,5.0,1.0,1,1,0,2,0,1,0,1,1,1,0,0,0,1,1,0,0,1,0,0,0,2,18,6
200800018495,8,4,17,1,1,1,1.0,6.0,0.0,7.0,0.0,0.0,9.0,15.0,1,1,3.0,2.0,0.0,1.0,0.0,0.0,1,0.0,1.0,1,1,2,0,0,1,0,1,0,0,2,0,0,1,0,0,1,1,0,0,0,3,11,30
200600069661,6,11,22,5,2,1,1.0,3.0,0.0,7.0,0.0,0.0,2.0,1.0,1,1,2.0,3.0,4.0,1.0,0.0,90.0,1,5.0,1.0,2,2,4,0,0,0,0,4,0,0,4,0,0,0,0,4,0,1,0,0,0,2,21,25
200600009037,6,2,15,5,2,2,2.0,3.0,0.0,7.0,0.0,0.0,2.0,1.0,1,1,2.0,0.0,2.0,1.0,0.0,128.0,1,0.0,1.0,2,1,6,2,0,0,4,4,0,4,4,0,0,4,2,2,0,1,0,1,0,3,20,20
201300001036,13,10,6,1,2,6,1.0,6.0,0.0,7.0,0.0,0.0,2.0,0.0,1,1,3.0,4.0,2.0,1.0,0.0,0.0,1,0.0,1.0,1,1,0,2,0,0,1,1,1,0,1,0,0,0,0,0,2,0,1,0,0,3,11,45
200900013526,9,2,10,1,2,1,8.0,3.0,0.0,33.0,0.0,0.0,2.0,1.0,1,-1,4.0,2.0,2.0,1.0,0.0,0.0,1,0.0,1.0,2,2,4,0,0,0,0,4,0,0,0,2,2,2,0,2,0,0,0,1,0,2,8,40
200800003738,8,1,17,1,2,3,8.0,3.0,0.0,7.0,0.0,0.0,2.0,0.0,1,1,3.0,2.0,0.0,1.0,0.0,0.0,1,0.0,0.0,2,1,2,2,0,0,0,4,0,4,0,0,0,4,0,0,0,1,0,0,0,2,8,40
201100001407,11,11,14,1,1,1,7.0,1.0,0.0,33.0,0.0,0.0,2.0,1.0,1,2,3.0,2.0,2.0,1.0,0.0,70.0,1,0.0,1.0,2,4,2,2,0,0,0,4,0,0,4,0,0,4,0,0,0,1,0,1,0,4,15,0
200700034526,7,6,14,1,2,4,1.0,2.0,0.0,7.0,0.0,0.0,2.0,9.0,1,1,4.0,2.0,2.0,0.0,0.0,0.0,1,0.0,1.0,2,1,2,2,0,0,0,4,0,0,0,0,4,2,0,2,0,0,1,0,0,2,7,30
201500005894,15,11,8,1,2,1,1.0,1.0,0.0,2.0,0.0,0.0,2.0,1.0,1,2,4.0,2.0,1.0,1.0,0.0,120.0,1,0.0,1.0,2,2,4,0,0,0,0,4,0,0,4,0,0,0,4,0,0,1,0,0,0,3,14,55
200500067213,5,10,14,1,2,1,1.0,7.0,0.0,2.0,0.0,8.0,0.0,14.0,1,2,4.0,2.0,2.0,1.0,0.0,59.0,1,0.0,4.0,1,2,1,0,0,0,0,1,0,0,1,0,0,0,1,0,0,1,0,0,0,2,11,50
200800064512,8,11,10,1,2,1,1.0,3.0,0.0,33.0,0.0,0.0,2.0,0.0,1,2,3.0,2.0,2.0,2.0,21.0,77.0,1,0.0,1.0,2,2,8,0,2,0,2,4,2,4,2,0,0,2,0,6,0,1,0,1,0,2,16,45
201600031224,16,8,26,1,1,1,1.0,1.0,1.0,7.0,0.0,0.0,2.0,1.0,1,1,3.0,2.0,2.0,0.0,0.0,0.0,-1,0.0,1.0,2,1,2,2,0,0,0,4,0,0,0,0,4,2,0,2,0,1,0,0,0,3,7,40
200600069938,6,11,4,5,2,3,1.0,4.0,0.0,7.0,0.0,0.0,0.0,0.0,1,1,4.0,3.0,2.0,0.0,0.0,0.0,1,0.0,1.0,3,1,6,6,0,0,3,9,0,12,0,0,0,3,0,3,6,1,1,0,0,2,19,5
201000002484,10,4,23,3,2,9,1.0,3.0,0.0,7.0,0.0,0.0,2.0,15.0,1,1,3.0,2.0,0.0,2.0,0.0,65.0,1,0.0,1.0,2,1,4,0,0,0,0,4,0,0,4,0,0,2,0,2,0,1,0,0,0,3,22,30
201700029779,17,12,22,2,2,1,2.0,3.0,0.0,2.0,0.0,0.0,2.0,1.0,1,2,4.0,2.0,2.0,2.0,0.0,0.0,1,0.0,1.0,2,2,4,0,0,0,0,4,4,0,0,0,0,0,4,0,0,1,0,0,0,2,8,40
201400022372,14,1,6,1,2,1,1.0,2.0,0.0,7.0,0.0,0.0,2.0,1.0,1,1,3.0,1.0,2.0,1.0,0.0,0.0,1,0.0,0.0,2,1,2,8,4,0,2,4,0,10,0,0,0,2,2,6,0,1,1,0,0,2,17,8
200700070762,7,11,30,5,2,3,1.0,6.0,0.0,7.0,0.0,0.0,2.0,0.0,1,-1,4.0,2.0,2.0,0.0,0.0,0.0,1,0.0,1.0,2,1,4,0,0,0,0,4,0,0,0,2,2,4,0,0,0,1,0,0,0,3,2,50
200700063552,7,10,11,1,2,1,1.0,6.0,0.0,7.0,0.0,0.0,1.0,0.0,1,1,3.0,2.0,2.0,1.0,0.0,59.0,1,0.0,1.0,1,1,1,1,0,1,0,1,0,0,1,1,0,1,0,1,0,0,0,1,0,2,14,45
200600016776,6,3,20,1,2,1,3.0,6.0,0.0,7.0,0.0,0.0,1.0,19.0,1,1,3.0,2.0,2.0,2.0,0.0,65.0,0,0.0,1.0,1,1,0,3,1,1,0,1,0,1,2,0,0,1,1,0,1,1,0,0,0,4,17,15
200900048062,9,4,7,1,1,1,1.0,7.0,0.0,7.0,0.0,3.0,0.0,14.0,2,1,2.0,3.0,4.0,1.0,0.0,74.0,1,0.0,3.0,1,3,1,1,0,0,1,1,0,1,1,0,0,0,0,0,2,1,0,0,0,4,14,0
201000027316,10,10,2,2,1,1,3.0,7.0,0.0,7.0,0.0,2.0,0.0,1.0,1,1,3.0,2.0,2.0,4.0,0.0,0.0,1,0.0,1.0,1,2,0,1,0,0,0,1,0,1,0,0,0,1,0,0,0,0,0,0,1,2,18,35
201000049761,10,10,29,1,2,3,1.0,2.0,0.0,10.0,0.0,0.0,2.0,4.0,1,1,4.0,1.0,1.0,1.0,0.0,0.0,1,5.0,1.0,2,1,2,2,0,0,0,4,0,0,0,2,2,4,0,0,0,1,1,0,0,2,13,40
200800070501,8,12,25,5,2,1,1.0,6.0,0.0,7.0,0.0,0.0,1.0,0.0,3,-1,2.0,2.0,2.0,1.0,0.0,70.0,1,0.0,1.0,1,2,1,1,0,1,0,1,0,0,2,0,0,0,0,1,1,0,0,1,0,2,18,40
200500042863,5,7,29,1,1,1,1.0,5.0,0.0,7.0,0.0,0.0,2.0,17.0,1,1,2.0,2.0,2.0,3.0,0.0,84.0,1,0.0,1.0,3,3,12,15,15,0,0,12,0,18,6,0,3,9,12,0,6,1,0,0,0,3,12,30
201600018631,16,3,5,3,1,1,1.0,7.0,1.0,7.0,0.0,5.0,0.0,1.0,1,-1,3.0,2.0,2.0,1.0,0.0,-1.0,1,0.0,1.0,1,1,3,0,1,0,1,1,0,0,3,0,0,1,0,2,0,0,0,0,1,2,4,0
201300049470,13,9,14,1,1,1,1.0,2.0,0.0,7.0,0.0,0.0,0.0,2.0,1,1,3.0,1.0,3.0,1.0,15.0,105.0,1,2.0,1.0,2,1,4,10,4,4,2,4,0,0,14,0,0,4,6,4,0,1,1,0,0,2,18,17
201700009257,17,3,19,5,2,2,1.0,5.0,1.0,7.0,0.0,0.0,2.0,1.0,1,1,4.0,3.0,4.0,1.0,100.0,140.0,1,0.0,1.0,3,1,9,3,3,0,0,9,0,12,0,0,0,6,0,6,0,1,0,0,0,2,3,36
200500046105,5,7,15,1,2,3,1.0,6.0,1.0,7.0,0.0,0.0,2.0,0.0,1,2,4.0,1.0,2.0,1.0,0.0,60.0,1,0.0,1.0,2,2,2,0,0,0,0,2,0,0,2,0,0,2,0,0,0,1,0,0,0,2,14,47
201100044646,11,12,17,5,1,1,2.0,6.0,0.0,33.0,0.0,0.0,1.0,4.0,1,2,6.0,0.0,0.0,0.0,0.0,25.0,1,0.0,0.0,1,1,0,2,0,1,0,1,0,2,0,0,0,2,0,0,0,0,1,0,0,2,18,0
201100063994,11,4,19,5,2,1,1.0,4.0,0.0,7.0,0.0,0.0,2.0,23.0,1,1,4.0,1.0,3.0,1.0,0.0,78.0,1,0.0,1.0,3,1,9,0,0,0,0,9,0,0,6,0,3,3,0,6,0,1,1,1,0,3,22,40
200500011014,5,2,6,1,1,1,1.0,1.0,0.0,7.0,0.0,2.0,2.0,13.0,1,1,2.0,2.0,2.0,1.0,0.0,52.0,1,0.0,1.0,2,3,2,2,0,0,0,4,0,0,2,0,2,0,0,4,0,1,0,1,0,3,7,15
200600016820,6,3,21,1,2,1,1.0,6.0,0.0,31.0,0.0,15.0,0.0,1.0,1,-1,4.0,2.0,0.0,4.0,73.0,0.0,1,2.0,1.0,1,3,1,0,0,0,0,1,1,0,0,0,0,0,0,0,1,1,0,0,0,3,17,0
200600048322,6,8,22,1,2,1,1.0,6.0,0.0,7.0,0.0,0.0,0.0,1.0,1,1,4.0,3.0,4.0,1.0,18.0,68.0,1,0.0,1.0,1,2,0,1,0,0,0,1,1,0,0,0,0,0,0,1,0,0,0,0,1,2,18,42
200700066980,7,10,16,5,2,1,1.0,6.0,1.0,30.0,0.0,8.0,1.0,5.0,2,-1,9.0,1.0,0.0,2.0,0.0,100.0,1,0.0,4.0,1,2,2,0,0,1,1,0,0,1,1,0,0,0,2,0,0,0,0,0,0,2,19,40
200900069305,9,9,4,1,2,2,2.0,3.0,0.0,7.0,0.0,8.0,0.0,1.0,1,1,3.0,2.0,4.0,1.0,0.0,30.0,1,0.0,1.0,2,1,0,6,0,0,2,4,2,4,0,0,0,6,0,0,0,1,0,1,0,2,9,30
200900014092,9,1,13,2,2,1,1.0,7.0,0.0,33.0,0.0,11.0,0.0,0.0,1,2,4.0,2.0,2.0,1.0,0.0,0.0,0,0.0,1.0,1,3,1,0,0,0,0,1,0,0,0,0,1,1,0,0,0,1,0,0,0,3,7,35
200900066125,9,9,15,5,2,2,8.0,2.0,0.0,10.0,0.0,0.0,2.0,1.0,1,-1,2.0,3.0,6.0,1.0,10.0,180.0,1,0.0,1.0,2,1,2,2,0,0,0,4,0,0,0,2,2,4,0,0,0,1,1,0,0,2,6,0
201100016744,11,2,6,3,1,1,8.0,6.0,0.0,7.0,0.0,13.0,0.0,1.0,1,1,1.0,3.0,3.0,1.0,45.0,115.0,1,0.0,3.0,1,1,4,0,2,0,1,1,0,3,1,0,0,0,0,4,0,1,0,0,0,3,5,30
200800013684,8,3,8,1,2,1,1.0,6.0,0.0,3.0,0.0,0.0,1.0,2.0,3,-1,4.0,0.0,2.0,1.0,0.0,66.0,0,0.0,0.0,1,3,0,2,0,1,0,1,0,0,2,0,0,1,1,0,0,1,0,0,0,3,14,55
201000058393,10,12,7,5,2,1,1.0,6.0,0.0,31.0,0.0,0.0,2.0,1.0,1,2,4.0,2.0,2.0,1.0,0.0,70.0,1,0.0,1.0,2,2,2,2,0,0,0,4,0,0,0,0,4,2,0,2,0,1,0,0,0,2,18,20
201100010155,11,7,9,1,2,1,1.0,6.0,0.0,2.0,0.0,8.0,0.0,1.0,1,2,3.0,2.0,2.0,1.0,0.0,70.0,1,0.0,1.0,1,3,1,0,0,0,0,1,0,0,1,0,0,0,0,1,0,1,0,0,0,3,14,45
201600037864,16,9,29,1,2,6,1.0,2.0,0.0,7.0,0.0,0.0,2.0,2.0,1,1,3.0,2.0,3.0,2.0,0.0,0.0,1,5.0,1.0,2,1,2,2,0,0,0,4,0,4,0,0,0,2,0,0,2,1,1,0,0,2,13,10
201600043853,16,12,4,5,2,1,1.0,6.0,0.0,3.0,0.0,1.0,0.0,1.0,1,1,3.0,1.0,1.0,1.0,0.0,0.0,1,0.0,1.0,1,2,1,0,0,0,0,1,0,1,0,0,0,0,0,1,0,0,0,0,1,2,22,10
201100008091,11,6,27,1,2,2,1.0,1.0,0.0,7.0,0.0,0.0,9.0,19.0,1,1,4.0,0.0,0.0,1.0,0.0,0.0,1,0.0,5.0,2,1,2,2,0,0,0,4,0,0,4,0,0,4,0,0,0,1,0,1,0,3,12,0
201600040718,16,8,25,1,2,1,1.0,6.0,0.0,7.0,0.0,0.0,1.0,1.0,1,1,4.0,2.0,2.0,1.0,0.0,60.0,1,0.0,1.0,1,1,1,1,0,1,0,1,2,0,0,0,0,0,0,0,2,1,0,0,0,2,8,10
200600047932,6,8,11,5,2,2,1.0,3.0,0.0,7.0,0.0,0.0,2.0,1.0,1,1,4.0,3.0,4.0,1.0,0.0,109.0,1,0.0,1.0,2,2,6,2,0,0,4,4,0,4,2,2,0,4,0,4,0,1,0,0,0,2,3,55
201400014737,14,5,14,1,2,2,1.0,3.0,0.0,7.0,0.0,0.0,2.0,15.0,1,-1,4.0,2.0,0.0,1.0,0.0,0.0,1,0.0,1.0,2,1,0,4,0,0,0,4,4,0,0,0,0,0,0,2,2,1,1,0,0,2,16,10
201700017427,17,5,5,1,2,4,1.0,1.0,1.0,7.0,0.0,0.0,2.0,15.0,1,-1,3.0,2.0,2.0,4.0,0.0,58.0,1,0.0,1.0,2,1,4,0,0,0,0,4,0,0,4,0,0,0,0,0,4,1,0,0,0,3,15,40
200700007702,7,2,7,5,2,1,1.0,7.0,0.0,34.0,0.0,0.0,0.0,0.0,1,2,4.0,0.0,0.0,1.0,0.0,0.0,1,0.0,0.0,1,2,1,0,0,0,0,1,0,1,0,0,0,0,0,1,0,0,0,0,0,2,18,30
200700006401,7,2,18,3,1,1,1.0,1.0,0.0,7.0,0.0,0.0,2.0,13.0,1,1,2.0,2.0,2.0,1.0,0.0,73.0,1,0.0,1.0,2,1,4,4,2,0,2,4,0,4,4,0,0,0,0,8,0,1,0,0,0,4,4,45
200900017021,9,1,26,1,2,1,2.0,5.0,0.0,10.0,0.0,0.0,2.0,1.0,1,1,4.0,2.0,2.0,1.0,0.0,70.0,1,0.0,1.0,3,2,9,0,0,0,0,9,0,0,0,6,3,6,0,3,0,1,1,0,0,2,14,20
200900042550,9,5,27,1,2,1,1.0,3.0,0.0,14.0,0.0,0.0,2.0,1.0,1,-1,3.0,2.0,2.0,2.0,0.0,0.0,1,2.0,1.0,2,1,4,0,0,0,0,4,0,0,0,2,2,4,0,0,0,1,0,1,0,2,9,40
201500017943,15,9,26,1,2,2,1.0,3.0,0.0,7.0,0.0,0.0,2.0,1.0,1,1,3.0,2.0,2.0,1.0,0.0,76.0,1,5.0,1.0,2,1,2,4,0,0,2,4,0,4,2,0,0,2,4,0,0,1,0,1,0,3,15,30
201300029217,13,10,18,3,2,1,1.0,2.0,0.0,2.0,0.0,0.0,2.0,1.0,1,2,4.0,2.0,2.0,0.0,0.0,0.0,1,0.0,1.0,2,2,4,0,0,0,0,4,0,0,4,0,0,0,4,0,0,1,1,0,0,2,21,20
200700080684,7,12,3,1,2,1,1.0,6.0,0.0,31.0,0.0,0.0,1.0,0.0,3,-1,4.0,1.0,1.0,1.0,0.0,32.0,1,0.0,1.0,1,2,1,1,0,1,0,1,1,1,0,0,0,0,0,1,1,0,0,0,0,2,10,35
200900017587,9,7,12,1,1,1,1.0,2.0,0.0,7.0,0.0,0.0,2.0,1.0,2,1,2.0,3.0,2.0,1.0,18.0,75.0,1,0.0,1.0,2,1,8,2,2,0,4,4,0,6,4,0,0,0,2,8,0,1,1,0,0,3,16,0
200900043519,9,4,24,1,2,1,1.0,3.0,0.0,99.0,0.0,0.0,0.0,15.0,1,1,4.0,2.0,2.0,0.0,0.0,0.0,1,0.0,1.0,2,1,4,0,0,0,0,4,2,0,2,0,0,4,0,0,0,1,0,1,0,3,17,0
200600029666,6,5,8,3,1,1,2.0,6.0,0.0,7.0,0.0,2.0,0.0,17.0,1,1,1.0,3.0,4.0,1.0,10.0,140.0,1,0.0,0.0,1,2,1,0,0,0,0,1,0,1,0,0,0,0,0,1,0,1,0,0,0,2,5,37
201100007094,11,9,16,1,2,1,1.0,3.0,0.0,1.0,0.0,0.0,0.0,15.0,1,0,4.0,2.0,1.0,2.0,0.0,50.0,1,0.0,1.0,2,3,2,2,0,0,0,4,0,0,4,0,0,0,2,0,2,1,0,1,0,3,17,30
201500002612,15,7,27,1,1,1,1.0,5.0,0.0,14.0,0.0,0.0,2.0,13.0,1,1,3.0,2.0,2.0,3.0,119.0,0.0,1,0.0,0.0,3,2,9,9,3,0,6,9,0,9,6,3,0,9,0,0,9,1,0,1,0,3,9,15
201000025358,10,3,26,1,2,2,1.0,3.0,0.0,33.0,0.0,0.0,2.0,1.0,1,2,4.0,2.0,2.0,1.0,0.0,80.0,1,5.0,1.0,2,3,2,2,0,0,0,4,0,0,4,0,0,2,0,0,2,1,0,1,0,3,18,2
200900062709,9,7,21,1,1,1,1.0,2.0,0.0,7.0,0.0,0.0,2.0,2.0,1,1,1.0,3.0,2.0,1.0,10.0,70.0,1,0.0,1.0,2,1,4,0,0,0,0,4,0,0,0,2,2,2,0,0,2,1,1,0,0,2,7,40
200800006096,8,2,22,5,2,2,1.0,3.0,0.0,30.0,0.0,0.0,2.0,1.0,1,2,3.0,2.0,2.0,1.0,0.0,60.0,1,0.0,1.0,2,3,4,0,0,0,0,4,0,4,0,0,0,2,0,0,2,1,0,0,0,3,20,0
200800032297,8,6,6,5,2,1,1.0,6.0,0.0,7.0,0.0,0.0,1.0,1.0,1,1,4.0,2.0,2.0,1.0,0.0,56.0,1,0.0,1.0,1,1,2,0,0,1,0,1,0,0,2,0,0,2,0,0,0,1,0,0,0,3,22,45
200900033085,9,9,21,1,1,3,5.0,3.0,0.0,10.0,0.0,0.0,2.0,17.0,2,1,4.0,2.0,2.0,2.0,0.0,130.0,1,5.0,1.0,2,2,8,0,2,0,2,4,0,0,0,6,2,4,0,4,0,1,0,0,0,2,7,55
200600050865,6,9,3,2,1,1,2.0,1.0,0.0,7.0,0.0,0.0,0.0,13.0,1,1,4.0,2.0,2.0,2.0,0.0,40.0,1,0.0,1.0,2,2,4,2,0,0,2,4,0,2,4,0,0,0,0,6,0,1,0,0,0,2,20,0
201600049361,16,8,14,5,2,2,1.0,3.0,2.0,7.0,0.0,0.0,2.0,0.0,1,1,4.0,2.0,0.0,1.0,0.0,73.0,1,0.0,1.0,2,2,4,4,2,0,2,4,0,4,4,0,0,6,0,2,0,1,0,1,0,2,1,0
201700023855,17,1,31,1,1,1,1.0,1.0,2.0,14.0,0.0,0.0,2.0,1.0,1,1,3.0,2.0,2.0,1.0,0.0,60.0,0,0.0,1.0,2,2,4,0,0,0,0,4,0,0,0,4,0,4,0,0,0,1,0,0,0,4,13,10
200700027575,7,5,19,1,2,1,1.0,3.0,0.0,7.0,0.0,0.0,0.0,16.0,1,1,4.0,2.0,0.0,1.0,0.0,0.0,-1,0.0,1.0,2,1,6,0,2,0,0,4,2,2,2,0,0,4,0,0,2,1,0,0,0,3,10,15
201500029008,15,7,19,1,2,1,2.0,7.0,0.0,7.0,0.0,12.0,0.0,0.0,1,1,9.0,2.0,2.0,0.0,0.0,0.0,1,0.0,1.0,1,2,0,1,0,0,0,1,0,1,0,0,0,0,0,1,0,0,0,0,0,2,17,47
200700023795,7,4,29,1,2,1,1.0,3.0,0.0,7.0,0.0,0.0,2.0,15.0,1,1,2.0,2.0,4.0,1.0,0.0,130.0,1,0.0,1.0,2,1,4,0,0,0,0,4,4,0,0,0,0,2,0,2,0,1,0,0,0,3,17,55
201300053509,13,8,17,1,2,1,1.0,6.0,0.0,7.0,0.0,0.0,1.0,1.0,1,1,4.0,1.0,1.0,2.0,0.0,30.0,1,0.0,1.0,1,1,0,2,0,1,0,1,0,0,2,0,0,1,1,0,0,1,0,0,0,2,18,55
201300054587,13,4,25,1,2,1,1.0,6.0,0.0,7.0,0.0,0.0,1.0,4.0,1,1,4.0,3.0,1.0,1.0,0.0,0.0,1,0.0,1.0,1,1,2,0,0,1,0,1,0,0,0,1,1,2,0,0,0,0,1,0,0,2,18,50
200900030920,9,8,29,5,2,1,1.0,2.0,0.0,7.0,0.0,3.0,0.0,2.0,1,-1,4.0,1.0,0.0,1.0,0.0,60.0,1,0.0,1.0,2,2,8,2,2,0,4,4,0,0,8,2,0,2,0,2,6,1,1,0,0,2,1,45
201000016355,10,2,14,4,2,2,1.0,3.0,0.0,7.0,0.0,0.0,2.0,1.0,1,1,4.0,1.0,3.0,1.0,0.0,90.0,1,0.0,1.0,2,1,4,0,0,0,0,4,0,0,4,0,0,0,0,4,0,1,0,0,0,3,5,10
200500023674,5,4,22,1,1,1,1.0,3.0,0.0,7.0,0.0,0.0,2.0,0.0,1,1,2.0,2.0,0.0,2.0,0.0,70.0,1,5.0,1.0,2,3,8,2,4,0,2,4,0,8,0,2,0,6,0,2,2,1,0,0,0,3,10,30
201500042768,15,11,27,1,2,3,8.0,1.0,0.0,7.0,0.0,0.0,2.0,9.0,1,1,4.0,2.0,0.0,1.0,0.0,0.0,1,0.0,1.0,2,1,4,0,0,0,0,4,2,0,0,0,2,4,0,0,0,1,0,0,0,2,16,20
201200029794,12,11,19,1,1,1,1.0,4.0,0.0,7.0,0.0,0.0,2.0,1.0,1,1,3.0,1.0,2.0,1.0,0.0,60.0,1,0.0,1.0,4,1,4,12,0,0,0,16,0,0,12,0,4,8,0,0,8,1,1,0,0,2,15,0
200500078250,5,12,12,5,2,1,9.0,6.0,0.0,7.0,0.0,0.0,1.0,1.0,1,1,3.0,0.0,2.0,1.0,20.0,70.0,1,6.0,1.0,1,2,2,0,0,1,0,1,0,0,1,0,1,2,0,0,0,1,0,0,0,3,19,15
200700010250,7,2,27,1,2,1,1.0,4.0,0.0,7.0,0.0,0.0,2.0,1.0,1,1,9.0,2.0,2.0,1.0,0.0,0.0,1,0.0,1.0,3,2,12,0,0,0,3,9,0,3,3,0,6,0,0,6,6,1,1,0,0,2,14,0
201600013045,16,10,31,1,1,3,1.0,2.0,1.0,7.0,0.0,0.0,9.0,2.0,1,-1,3.0,2.0,2.0,1.0,0.0,10.0,1,0.0,1.0,2,1,2,2,0,0,0,4,2,0,2,0,0,0,2,0,2,1,0,0,0,3,11,0
200900041955,9,7,27,1,2,1,1.0,3.0,0.0,10.0,0.0,0.0,2.0,1.0,1,1,4.0,4.0,5.0,1.0,0.0,149.0,1,0.0,1.0,2,1,4,0,0,0,0,4,0,0,4,0,0,2,0,2,0,1,1,0,0,2,14,20
201300055677,13,7,22,1,2,1,1.0,6.0,1.0,1.0,0.0,0.0,1.0,5.0,3,-1,4.0,0.0,1.0,2.0,0.0,100.0,1,0.0,1.0,1,2,0,1,0,1,0,0,0,0,1,0,0,1,0,0,0,1,0,0,0,2,20,25
200700024997,7,4,17,1,1,1,1.0,3.0,0.0,7.0,0.0,0.0,2.0,11.0,1,1,2.0,3.0,6.0,1.0,10.0,210.0,1,0.0,1.0,2,1,4,6,4,0,2,4,0,6,2,2,0,2,2,4,2,1,1,0,0,2,12,0
200600045733,6,8,7,1,2,1,1.0,6.0,0.0,15.0,0.0,0.0,1.0,1.0,1,1,2.0,2.0,2.0,1.0,0.0,67.0,1,0.0,1.0,1,1,2,0,0,1,0,1,0,0,1,1,0,1,0,0,1,0,0,1,0,4,15,0
200800022706,8,3,29,1,2,1,1.0,3.0,0.0,7.0,0.0,0.0,2.0,15.0,1,1,3.0,2.0,2.0,1.0,0.0,58.0,1,0.0,1.0,2,1,2,2,0,0,0,4,0,2,2,0,0,2,0,2,0,1,0,0,0,3,18,38
200700064774,7,10,16,1,1,1,1.0,3.0,0.0,7.0,0.0,0.0,2.0,10.0,1,1,3.0,2.0,2.0,1.0,0.0,120.0,1,3.0,1.0,2,3,4,0,0,0,0,4,0,0,0,0,4,2,0,2,0,1,0,0,0,3,18,20
200500006248,5,1,19,1,2,1,2.0,3.0,0.0,7.0,0.0,0.0,2.0,16.0,1,1,4.0,3.0,3.0,1.0,35.0,99.0,1,0.0,1.0,2,2,0,4,0,0,0,4,0,0,0,0,4,4,0,0,0,1,0,0,0,2,8,17
200500035228,5,6,9,5,2,1,1.0,6.0,1.0,5.0,0.0,0.0,1.0,0.0,3,-1,4.0,1.0,2.0,1.0,0.0,60.0,1,0.0,1.0,1,2,0,1,0,1,0,0,0,0,1,0,0,1,0,0,0,1,0,0,0,2,22,5
200600026407,6,5,19,1,2,1,1.0,3.0,0.0,5.0,0.0,0.0,2.0,0.0,1,-1,4.0,1.0,1.0,1.0,0.0,70.0,1,0.0,1.0,2,2,2,2,0,0,0,4,0,2,0,2,0,4,0,0,0,1,0,0,1,2,8,40
201300026336,13,10,14,1,1,1,2.0,4.0,0.0,7.0,0.0,0.0,2.0,1.0,1,1,1.0,1.0,3.0,1.0,0.0,0.0,1,3.0,1.0,3,2,6,3,0,0,0,9,0,3,0,3,3,9,0,0,0,1,1,0,0,2,12,30
201700042836,17,8,22,1,2,1,1.0,6.0,1.0,31.0,0.0,0.0,1.0,7.0,1,2,3.0,2.0,4.0,1.0,0.0,0.0,1,0.0,1.0,1,1,2,0,0,1,0,1,0,0,1,1,0,1,1,0,0,1,0,0,0,2,17,40