Num_Acc,an,mois,jour,lum,agg,int,atm,col,senc,catv,occutc,obs,obsm,manv,catu,secu,catr,circ,nbv,prof,lartpc,larrout,surf,infra,situ,nb_veh,grav_simpl,Homme,Femme,Arrière,Autre_x,Avant,Conducteur,Autre_y,Inconnu,Loisirs,Professionnel,Travail,Adulte,Enfant,Jeune,Senior,choc_avant,choc_arriere,choc_lateral,choc_multiple,grav_order_max,heure,minute
201700033398,17,6,7,1,1,1,1.0,2.0,0.0,7.0,0.0,0.0,0.0,0.0,1,1,4.0,2.0,2.0,1.0,0.0,0.0,1,0.0,1.0,2,2,2,2,0,0,0,4,0,4,0,0,0,4,0,0,0,1,0,0,0,2,8,25
201200056817,12,4,16,1,2,2,1.0,3.0,0.0,30.0,0.0,0.0,2.0,12.0,1,2,4.0,2.0,3.0,1.0,0.0,150.0,1,0.0,1.0,2,2,4,0,0,0,0,4,0,2,0,0,2,4,0,0,0,1,1,0,0,2,20,15
200600034950,6,6,5,1,2,1,1.0,7.0,0.0,33.0,0.0,0.0,0.0,0.0,1,2,4.0,2.0,2.0,1.0,0.0,60.0,1,2.0,4.0,1,3,1,0,0,0,0,1,0,1,0,0,0,1,0,0,0,0,0,0,0,3,20,5
200900023895,9,5,24,1,1,1,1.0,7.0,0.0,14.0,0.0,0.0,0.0,1.0,1,1,3.0,2.0,2.0,1.0,0.0,65.0,1,0.0,1.0,1,3,0,1,0,0,0,1,0,0,1,0,0,1,0,0,0,0,0,0,1,3,19,45
201600056703,16,12,7,1,2,2,1.0,6.0,0.0,10.0,0.0,0.0,1.0,9.0,1,1,4.0,0.0,0.0,3.0,0.0,80.0,1,0.0,4.0,1,1,1,1,0,1,0,1,0,0,0,1,1,2,0,0,0,1,0,0,0,2,8,30
200700026091,7,5,21,1,2,1,1.0,1.0,0.0,10.0,0.0,0.0,2.0,13.0,1,1,3.0,2.0,2.0,1.0,0.0,64.0,1,0.0,1.0,2,3,4,2,0,0,2,4,0,4,0,2,0,2,2,2,0,1,0,0,0,3,17,0
201600004768,16,4,17,1,1,1,2.0,6.0,1.0,7.0,0.0,2.0,0.0,14.0,1,-1,3.0,2.0,2.0,1.0,0.0,54.0,1,0.0,3.0,1,3,1,0,0,0,0,1,0,0,1,0,0,0,0,1,0,0,0,1,0,3,10,30
201700031435,17,7,30,1,2,1,1.0,3.0,1.0,31.0,0.0,0.0,2.0,14.0,1,2,4.0,2.0,2.0,1.0,0.0,60.0,1,0.0,1.0,2,2,2,2,0,0,0,4,0,0,2,0,2,0,2,0,2,1,1,0,0,2,18,20
201300038692,13,2,6,1,2,2,2.0,7.0,0.0,31.0,0.0,0.0,0.0,1.0,1,2,3.0,3.0,4.0,1.0,0.0,0.0,1,0.0,1.0,1,2,0,1,0,0,0,1,0,0,0,0,1,1,0,0,0,0,0,1,0,2,9,0
200900071114,9,11,25,5,2,2,8.0,3.0,0.0,7.0,0.0,0.0,2.0,1.0,1,-1,2.0,2.0,2.0,1.0,0.0,120.0,1,0.0,1.0,2,1,4,0,0,0,0,4,0,0,4,0,0,0,0,4,0,1,0,0,0,2,21,35
201700002447,17,10,11,3,1,2,5.0,3.0,0.0,2.0,0.0,0.0,2.0,1.0,1,2,3.0,2.0,2.0,1.0,6.0,15.0,1,0.0,-1.0,2,3,2,2,0,0,0,4,4,0,0,0,0,2,2,0,0,1,0,0,0,3,7,20
200500027510,5,5,7,1,1,1,1.0,6.0,0.0,7.0,0.0,15.0,0.0,14.0,1,1,1.0,1.0,3.0,1.0,0.0,120.0,1,3.0,3.0,1,4,1,0,0,0,0,1,0,1,0,0,0,0,0,0,1,1,0,0,0,4,16,40
200700067844,7,11,30,5,2,9,1.0,6.0,2.0,7.0,0.0,1.0,2.0,1.0,2,-1,4.0,2.0,2.0,1.0,0.0,0.0,1,0.0,0.0,2,1,4,2,0,2,2,2,0,6,0,0,0,2,0,4,0,1,0,0,1,2,0,50
200900001112,9,1,18,1,2,1,1.0,1.0,0.0,30.0,0.0,0.0,2.0,1.0,1,2,4.0,2.0,0.0,1.0,0.0,0.0,1,0.0,1.0,2,2,4,0,0,0,0,4,2,0,2,0,0,0,0,2,2,1,0,0,0,2,18,0
201200040486,12,6,24,1,2,1,1.0,7.0,0.0,31.0,0.0,0.0,0.0,1.0,1,2,3.0,2.0,2.0,1.0,0.0,0.0,-1,0.0,1.0,1,2,1,0,0,0,0,1,0,1,0,0,0,0,0,0,1,0,0,0,0,2,11,50
201600055868,16,5,10,1,2,5,3.0,6.0,2.0,7.0,0.0,0.0,1.0,1.0,1,1,4.0,1.0,2.0,0.0,0.0,0.0,1,0.0,1.0,1,1,2,0,0,1,0,1,0,2,0,0,0,1,0,0,1,1,0,0,0,3,16,7
200800004368,8,1,19,1,2,2,1.0,3.0,0.0,7.0,0.0,0.0,2.0,15.0,1,1,4.0,2.0,3.0,1.0,0.0,0.0,1,0.0,0.0,2,1,2,2,0,0,0,4,0,0,4,0,0,0,2,2,0,1,0,1,0,2,13,0
200800018510,8,4,24,1,2,1,1.0,6.0,0.0,33.0,0.0,1.0,0.0,0.0,1,2,4.0,0.0,4.0,1.0,0.0,0.0,1,0.0,1.0,1,3,1,0,0,0,0,1,0,0,1,0,0,1,0,0,0,1,0,0,0,3,14,0
201100040139,11,4,1,1,1,1,1.0,5.0,0.0,7.0,0.0,0.0,2.0,1.0,1,1,3.0,2.0,2.0,1.0,0.0,80.0,1,2.0,1.0,5,1,20,10,0,0,5,25,10,0,20,0,0,15,0,5,10,1,1,0,0,4,16,30
201100030615,11,11,12,1,2,1,1.0,1.0,0.0,30.0,0.0,0.0,2.0,13.0,1,0,3.0,2.0,2.0,1.0,0.0,50.0,1,0.0,1.0,2,3,2,2,0,0,0,4,0,0,2,2,0,2,0,2,0,1,0,0,0,3,14,50
200600010120,6,2,20,4,1,1,3.0,6.0,0.0,7.0,0.0,2.0,0.0,1.0,1,1,3.0,2.0,2.0,1.0,0.0,70.0,1,0.0,3.0,1,2,1,0,0,0,0,1,0,0,1,0,0,0,0,1,0,1,0,0,0,2,19,11
200800047775,8,8,28,4,2,1,1.0,6.0,0.0,7.0,0.0,8.0,0.0,15.0,1,0,3.0,0.0,2.0,1.0,0.0,80.0,1,0.0,4.0,1,3,1,0,0,0,0,1,1,0,0,0,0,0,0,1,0,1,0,0,0,3,14,30
201600024011,16,7,2,1,2,3,1.0,3.0,1.0,32.0,0.0,0.0,0.0,1.0,1,-1,4.0,1.0,1.0,1.0,0.0,0.0,1,0.0,1.0,2,2,4,2,0,0,2,4,6,0,0,0,0,2,2,2,0,1,0,1,0,2,18,40
200500077754,5,12,9,1,2,1,9.0,1.0,0.0,1.0,0.0,0.0,2.0,23.0,1,-1,9.0,2.0,2.0,1.0,0.0,71.0,1,0.0,1.0,2,2,4,0,0,0,0,4,0,0,0,0,4,4,0,0,0,1,0,0,0,2,13,0
201200060169,12,8,17,1,2,1,1.0,4.0,0.0,7.0,0.0,0.0,2.0,2.0,1,1,4.0,1.0,4.0,1.0,15.0,140.0,1,0.0,0.0,3,1,6,6,3,0,0,9,0,0,12,0,0,6,0,3,3,1,1,0,0,2,16,45
200600075680,6,12,15,1,2,1,1.0,6.0,0.0,7.0,0.0,0.0,1.0,1.0,1,-1,4.0,2.0,2.0,1.0,0.0,70.0,1,0.0,1.0,1,1,0,2,0,1,0,1,1,1,0,0,0,0,1,0,1,1,0,0,0,2,16,20
201300046986,13,6,13,1,1,1,2.0,7.0,0.0,34.0,0.0,3.0,0.0,0.0,1,2,2.0,3.0,2.0,1.0,15.0,70.0,1,0.0,1.0,1,2,1,0,0,0,0,1,0,0,1,0,0,1,0,0,0,1,0,0,0,2,15,20
201300004490,13,6,2,1,1,2,1.0,3.0,0.0,7.0,0.0,0.0,2.0,1.0,1,1,3.0,2.0,2.0,1.0,0.0,134.0,1,0.0,1.0,2,3,2,4,0,0,0,6,0,0,6,0,0,0,0,6,0,1,0,0,0,3,19,0
200700021858,7,4,8,1,2,3,1.0,1.0,2.0,7.0,0.0,0.0,2.0,5.0,1,1,4.0,2.0,2.0,1.0,0.0,60.0,1,0.0,1.0,2,2,2,2,0,0,2,2,0,2,2,0,0,0,0,4,0,1,0,0,0,2,18,50
201200058047,12,4,23,1,2,7,1.0,6.0,0.0,30.0,0.0,0.0,1.0,1.0,1,2,4.0,1.0,1.0,1.0,0.0,0.0,1,0.0,1.0,1,1,1,1,0,1,0,1,0,1,1,0,0,1,0,1,0,1,0,0,0,2,15,30
200800014800,8,3,5,5,2,2,1.0,3.0,0.0,32.0,0.0,0.0,0.0,15.0,1,2,4.0,2.0,2.0,1.0,0.0,120.0,1,0.0,1.0,2,1,2,2,0,0,0,4,0,4,0,0,0,4,0,0,0,0,1,0,0,2,0,15
201000031733,10,6,29,1,2,1,1.0,6.0,0.0,10.0,0.0,0.0,2.0,22.0,1,1,4.0,2.0,2.0,1.0,0.0,100.0,1,0.0,1.0,2,1,6,0,0,0,2,4,0,0,2,0,4,6,0,0,0,0,0,1,0,3,18,20
201000058928,10,4,16,1,2,5,1.0,3.0,0.0,7.0,0.0,12.0,2.0,15.0,1,1,4.0,3.0,4.0,1.0,64.0,64.0,1,0.0,1.0,2,2,4,0,0,0,0,4,0,0,2,0,2,0,0,2,2,1,0,0,0,2,9,10
200900070362,9,10,30,3,1,1,1.0,2.0,0.0,7.0,0.0,0.0,2.0,23.0,2,1,1.0,3.0,4.0,2.0,364.0,340.0,1,0.0,1.0,2,2,4,4,2,0,2,4,0,4,4,0,0,4,4,0,0,1,1,0,0,2,18,35
200800012238,8,3,19,1,2,1,1.0,3.0,0.0,7.0,0.0,0.0,2.0,1.0,1,1,4.0,2.0,2.0,1.0,0.0,0.0,1,0.0,1.0,2,3,2,2,0,0,0,4,0,0,2,2,0,4,0,0,0,1,0,0,0,3,7,30
201200024928,12,3,21,5,2,1,1.0,6.0,0.0,7.0,0.0,1.0,0.0,0.0,1,-1,4.0,1.0,1.0,1.0,0.0,0.0,1,0.0,1.0,1,2,1,0,0,0,0,1,0,1,0,0,0,1,0,0,0,0,0,0,1,2,1,50
201100044387,11,3,3,1,2,1,1.0,2.0,0.0,7.0,0.0,0.0,2.0,2.0,1,1,3.0,2.0,2.0,1.0,0.0,0.0,1,0.0,1.0,2,2,0,6,2,0,0,4,0,4,2,0,0,2,2,2,0,1,1,0,0,2,13,58
200700032023,7,6,20,1,1,1,1.0,3.0,0.0,7.0,0.0,0.0,2.0,21.0,1,1,3.0,2.0,1.0,1.0,57.0,0.0,1,0.0,1.0,2,1,4,0,0,0,0,4,2,0,0,0,2,2,0,2,0,0,0,1,0,2,18,15
200500050818,5,8,27,1,1,1,1.0,3.0,0.0,7.0,0.0,0.0,2.0,0.0,1,1,3.0,2.0,0.0,1.0,0.0,0.0,1,0.0,1.0,2,2,0,4,0,0,0,4,0,0,4,0,0,2,0,2,0,0,0,0,0,2,16,50
200600019093,6,4,8,5,2,1,1.0,4.0,0.0,7.0,1.0,14.0,0.0,2.0,1,1,4.0,1.0,4.0,1.0,0.0,0.0,1,0.0,1.0,3,1,12,0,0,0,3,9,0,3,9,0,0,3,3,6,0,1,1,0,0,2,23,0
201700013289,17,1,11,1,1,1,1.0,6.0,0.0,7.0,0.0,13.0,0.0,1.0,1,1,3.0,2.0,2.0,1.0,0.0,0.0,1,0.0,3.0,1,2,0,1,0,0,0,1,0,0,1,0,0,0,0,0,1,1,0,0,0,2,15,0
201300006538,13,4,21,1,2,2,1.0,3.0,0.0,33.0,0.0,8.0,2.0,1.0,1,2,3.0,2.0,2.0,1.0,0.0,68.0,1,0.0,1.0,2,4,4,0,0,0,0,4,0,0,4,0,0,2,0,0,2,1,0,0,0,4,20,0
201200046255,12,7,29,5,2,1,1.0,6.0,0.0,7.0,0.0,0.0,1.0,15.0,1,1,2.0,2.0,1.0,1.0,0.0,0.0,1,0.0,1.0,1,1,1,1,0,1,0,1,0,1,1,0,0,1,0,1,0,1,0,0,0,2,1,30
201500014070,15,5,6,1,1,1,1.0,2.0,0.0,7.0,0.0,0.0,2.0,2.0,1,-1,4.0,1.0,3.0,1.0,0.0,0.0,1,0.0,1.0,2,2,4,0,0,0,0,4,4,0,0,0,0,2,0,2,0,1,1,0,0,2,9,10
200800035860,8,6,6,1,2,1,1.0,6.0,0.0,2.0,0.0,12.0,0.0,1.0,1,2,4.0,1.0,4.0,1.0,15.0,140.0,1,0.0,1.0,1,2,1,0,0,0,0,1,0,0,1,0,0,0,0,1,0,0,0,1,0,2,16,35
200700004002,7,1,16,5,2,2,2.0,6.0,0.0,1.0,0.0,0.0,1.0,7.0,1,-1,4.0,2.0,2.0,1.0,0.0,60.0,1,0.0,1.0,1,1,2,0,0,1,0,1,0,0,1,1,0,2,0,0,0,1,0,0,0,2,23,5
200900064924,9,10,5,1,1,1,1.0,7.0,0.0,2.0,0.0,0.0,0.0,1.0,1,2,3.0,2.0,0.0,0.0,0.0,0.0,1,0.0,1.0,1,3,1,0,0,0,0,1,0,0,1,0,0,0,0,1,0,0,0,0,0,3,11,0
201200024191,12,4,19,1,1,1,1.0,4.0,0.0,7.0,0.0,0.0,2.0,1.0,1,-1,1.0,4.0,3.0,1.0,0.0,115.0,1,0.0,1.0,3,2,3,6,0,0,0,9,0,9,0,0,0,6,0,3,0,1,1,0,0,2,17,34
201500048874,15,10,31,1,2,2,1.0,3.0,0.0,30.0,0.0,0.0,2.0,19.0,1,2,4.0,2.0,2.0,1.0,0.0,0.0,1,0.0,1.0,2,2,4,0,0,0,0,4,0,0,0,2,2,0,0,4,0,1,0,0,0,2,13,50
201300005888,13,9,13,1,1,1,1.0,2.0,0.0,33.0,0.0,0.0,2.0,17.0,1,2,3.0,2.0,0.0,1.0,0.0,77.0,1,0.0,1.0,2,3,4,0,0,0,0,4,0,0,2,0,2,2,0,2,0,1,1,0,0,3,17,30
201000020107,10,5,29,5,2,6,1.0,7.0,0.0,2.0,0.0,0.0,0.0,1.0,1,2,3.0,1.0,2.0,1.0,0.0,50.0,1,5.0,1.0,1,2,1,1,0,0,1,1,0,0,2,0,0,0,1,1,0,0,0,1,0,2,22,30
201700014513,17,11,18,5,1,1,1.0,6.0,1.0,7.0,0.0,4.0,0.0,1.0,1,0,2.0,2.0,2.0,1.0,0.0,70.0,1,0.0,3.0,1,3,1,0,0,0,0,1,0,0,1,0,0,1,0,0,0,0,0,1,0,3,1,0
201300045401,13,4,17,1,1,1,1.0,3.0,0.0,32.0,0.0,0.0,2.0,1.0,1,2,1.0,3.0,3.0,1.0,20.0,105.0,1,0.0,1.0,2,2,2,2,0,0,0,4,2,0,2,0,0,2,0,2,0,0,0,1,0,2,13,40
201600013922,16,1,16,5,2,1,1.0,2.0,1.0,7.0,0.0,0.0,2.0,2.0,1,1,4.0,1.0,0.0,0.0,0.0,40.0,1,0.0,1.0,2,3,8,0,2,0,2,4,0,2,0,6,0,8,0,0,0,1,1,0,0,3,19,0
200900065261,9,11,24,1,2,6,1.0,7.0,0.0,33.0,0.0,14.0,0.0,2.0,1,2,3.0,1.0,2.0,1.0,10.0,80.0,-1,5.0,1.0,2,2,2,0,0,0,0,2,0,2,0,0,0,0,0,2,0,0,0,0,0,2,12,43
200600032267,6,6,22,1,2,1,1.0,1.0,0.0,31.0,0.0,0.0,9.0,1.0,1,2,4.0,2.0,0.0,1.0,50.0,0.0,1,0.0,1.0,2,3,4,0,0,0,0,4,0,2,0,0,2,2,2,0,0,1,0,1,0,3,14,30
200700030511,7,5,19,5,2,9,1.0,3.0,0.0,7.0,0.0,0.0,2.0,10.0,1,-1,2.0,2.0,4.0,1.0,0.0,140.0,1,0.0,1.0,2,1,4,0,0,0,0,4,0,0,4,0,0,0,0,4,0,1,0,0,0,3,22,30
201700002728,17,11,19,3,1,1,1.0,3.0,2.0,7.0,0.0,0.0,2.0,13.0,1,1,3.0,2.0,2.0,2.0,0.0,70.0,1,0.0,1.0,2,1,8,2,6,0,0,4,0,0,10,0,0,2,6,2,0,1,0,0,0,3,20,45
201000048552,10,10,11,5,2,3,1.0,3.0,0.0,7.0,0.0,0.0,2.0,15.0,1,-1,4.0,2.0,2.0,2.0,0.0,0.0,1,0.0,0.0,2,1,4,0,0,0,0,4,0,0,0,2,2,4,0,0,0,1,0,0,0,3,6,35
200800022483,8,4,15,3,1,1,1.0,7.0,0.0,33.0,0.0,0.0,0.0,2.0,1,2,2.0,3.0,4.0,1.0,15.0,140.0,1,0.0,1.0,1,2,1,0,0,0,0,1,0,0,1,0,0,0,0,1,0,0,0,1,0,2,20,45
201200040511,12,8,25,1,2,2,2.0,1.0,0.0,7.0,0.0,0.0,2.0,11.0,1,1,3.0,2.0,0.0,1.0,0.0,0.0,1,0.0,1.0,2,1,2,2,0,0,0,4,0,4,0,0,0,2,0,0,2,1,0,0,0,2,18,46
200900039046,9,8,24,3,1,1,1.0,1.0,0.0,7.0,0.0,0.0,2.0,1.0,1,1,3.0,2.0,1.0,0.0,0.0,0.0,1,0.0,1.0,2,1,2,2,0,0,0,4,0,0,4,0,0,4,0,0,0,1,0,0,0,2,0,15
201000061009,10,11,13,5,2,5,2.0,3.0,0.0,7.0,0.0,0.0,2.0,15.0,1,-1,4.0,2.0,2.0,2.0,40.0,40.0,1,0.0,1.0,2,1,4,0,0,0,0,4,0,4,0,0,0,0,0,4,0,1,0,0,0,3,1,1
200600016557,6,3,21,1,1,1,2.0,1.0,0.0,7.0,0.0,0.0,2.0,1.0,1,1,3.0,2.0,2.0,1.0,0.0,65.0,1,0.0,1.0,2,3,4,2,0,0,2,4,0,2,4,0,0,0,2,4,0,1,0,0,0,3,10,0
201200010307,12,6,22,1,2,1,1.0,7.0,0.0,7.0,0.0,8.0,1.0,0.0,1,-1,4.0,1.0,3.0,1.0,0.0,0.0,1,0.0,4.0,1,3,2,0,0,1,0,1,0,2,0,0,0,1,0,1,0,1,0,0,0,3,8,22
200900009518,9,1,12,3,1,1,9.0,6.0,0.0,10.0,0.0,13.0,0.0,2.0,1,-1,3.0,2.0,2.0,1.0,0.0,51.0,0,0.0,3.0,1,4,1,0,0,0,0,1,1,0,0,0,0,1,0,0,0,0,0,0,1,4,2,0
201000047629,10,9,22,1,2,3,1.0,1.0,0.0,7.0,0.0,0.0,2.0,1.0,1,1,3.0,2.0,2.0,1.0,0.0,0.0,1,0.0,1.0,2,1,2,2,0,0,0,4,0,0,0,0,4,4,0,0,0,1,0,0,0,2,7,30
201200055368,12,7,6,2,2,1,1.0,6.0,0.0,7.0,0.0,11.0,0.0,1.0,1,1,4.0,2.0,4.0,1.0,0.0,100.0,1,0.0,1.0,1,2,1,2,1,0,1,1,1,1,1,0,0,0,0,3,0,1,0,0,0,2,6,0
200600030407,6,6,4,3,2,1,1.0,6.0,0.0,2.0,0.0,0.0,1.0,1.0,1,2,4.0,2.0,2.0,1.0,0.0,61.0,1,0.0,1.0,1,1,2,0,0,1,0,1,0,0,2,0,0,1,0,1,0,1,0,0,0,3,2,15
200700043344,7,7,3,1,2,2,2.0,3.0,0.0,2.0,0.0,0.0,2.0,1.0,1,2,4.0,2.0,2.0,1.0,0.0,0.0,1,0.0,1.0,2,2,4,0,0,0,0,4,0,0,2,0,2,2,2,0,0,1,0,0,0,2,10,0
201100014941,11,3,3,5,2,6,1.0,3.0,0.0,30.0,0.0,0.0,2.0,0.0,1,2,4.0,2.0,2.0,1.0,0.0,0.0,1,5.0,1.0,2,3,4,0,0,0,0,4,0,2,2,0,0,0,0,2,2,1,0,0,0,3,19,10
200800011939,8,3,13,1,2,1,8.0,2.0,0.0,7.0,0.0,0.0,2.0,24.0,1,0,4.0,2.0,3.0,1.0,0.0,100.0,1,0.0,1.0,2,2,4,0,0,0,0,4,0,0,2,2,0,2,0,0,2,0,1,1,0,2,16,41
201200059586,12,7,5,5,2,2,1.0,6.0,1.0,7.0,0.0,0.0,1.0,14.0,3,-1,4.0,2.0,4.0,1.0,0.0,160.0,1,0.0,1.0,1,3,0,1,0,1,0,0,0,0,1,0,0,0,0,0,1,1,0,0,0,3,22,40
201200058068,12,5,7,1,2,1,1.0,7.0,0.0,33.0,0.0,0.0,0.0,1.0,1,2,4.0,1.0,2.0,1.0,0.0,0.0,1,3.0,1.0,1,2,0,1,0,0,0,1,0,0,0,0,1,0,0,1,0,0,0,0,0,2,8,57
201500027159,15,10,31,1,2,1,1.0,2.0,0.0,7.0,0.0,0.0,2.0,2.0,1,1,3.0,2.0,2.0,1.0,0.0,72.0,1,0.0,1.0,2,1,4,0,0,0,0,4,4,0,0,0,0,4,0,0,0,1,1,0,0,2,11,18
200700028596,7,5,7,1,2,1,1.0,2.0,0.0,30.0,0.0,0.0,2.0,0.0,1,0,4.0,2.0,2.0,1.0,0.0,70.0,1,0.0,1.0,2,3,2,2,0,0,0,4,0,2,2,0,0,0,2,0,2,1,0,0,0,3,11,47
200500080398,5,12,21,1,2,1,1.0,2.0,0.0,7.0,0.0,0.0,2.0,1.0,1,1,4.0,2.0,2.0,2.0,0.0,72.0,1,0.0,1.0,2,1,4,0,0,0,0,4,0,2,2,0,0,2,2,0,0,1,1,0,0,2,15,35
200600053570,6,9,11,1,1,1,1.0,3.0,0.0,1.0,0.0,0.0,9.0,13.0,1,-1,9.0,2.0,2.0,1.0,0.0,0.0,1,0.0,1.0,2,3,2,2,0,0,0,4,0,0,4,0,0,0,0,4,0,0,1,0,0,3,16,41
200500014371,5,3,3,1,2,1,1.0,1.0,0.0,7.0,0.0,0.0,2.0,21.0,1,-1,9.0,3.0,0.0,2.0,0.0,750.0,1,0.0,1.0,2,3,4,2,0,0,2,4,4,2,0,0,0,2,0,4,0,1,0,0,0,3,10,15
200500054558,5,9,14,1,2,1,1.0,6.0,0.0,2.0,0.0,6.0,0.0,1.0,1,2,3.0,2.0,0.0,0.0,0.0,46.0,1,0.0,0.0,1,3,1,0,0,0,0,1,1,0,0,0,0,0,0,0,1,1,0,0,0,3,12,15
200800014757,8,3,5,1,1,1,1.0,7.0,0.0,7.0,0.0,0.0,0.0,1.0,1,1,1.0,1.0,3.0,1.0,10.0,105.0,1,0.0,2.0,1,2,0,1,0,0,0,1,0,0,0,0,1,0,0,1,0,0,0,0,1,2,16,0
201500037993,15,1,23,5,2,2,1.0,7.0,0.0,33.0,0.0,12.0,0.0,1.0,1,2,4.0,2.0,0.0,1.0,0.0,0.0,1,0.0,1.0,1,2,1,1,0,0,1,1,0,0,2,0,0,0,0,2,0,0,0,1,0,2,22,45
200700028774,7,5,10,1,2,3,1.0,6.0,0.0,7.0,0.0,0.0,1.0,1.0,1,1,4.0,2.0,2.0,1.0,0.0,50.0,1,0.0,1.0,1,1,1,1,0,1,0,1,0,0,2,0,0,0,1,1,0,0,0,1,0,2,17,0
201400044643,14,3,13,1,2,1,1.0,2.0,0.0,10.0,0.0,0.0,2.0,1.0,1,1,4.0,1.0,1.0,1.0,0.0,0.0,1,0.0,1.0,2,1,4,0,0,0,0,4,0,0,2,2,0,2,0,0,2,1,1,0,0,2,16,50
200800065960,8,11,23,5,2,1,2.0,7.0,0.0,30.0,0.0,0.0,0.0,1.0,1,2,4.0,1.0,1.0,2.0,0.0,60.0,1,0.0,1.0,1,2,0,1,0,0,0,1,0,0,0,1,0,0,0,1,0,0,0,1,0,2,21,20
200900046682,9,9,11,1,2,1,1.0,7.0,0.0,7.0,0.0,0.0,1.0,4.0,3,-1,6.0,1.0,1.0,1.0,0.0,60.0,1,0.0,1.0,1,3,1,1,0,1,0,1,1,1,0,0,0,1,0,0,1,0,1,0,0,3,18,20
201300013010,13,7,12,3,1,1,1.0,7.0,0.0,7.0,0.0,0.0,0.0,0.0,1,1,3.0,0.0,1.0,1.0,0.0,20.0,1,0.0,0.0,1,2,1,0,0,0,0,1,0,1,0,0,0,0,0,1,0,0,0,0,0,2,1,26
201400006427,14,2,3,1,2,1,1.0,2.0,0.0,7.0,0.0,0.0,9.0,1.0,1,1,3.0,2.0,0.0,1.0,0.0,0.0,1,0.0,1.0,2,1,2,2,0,0,0,4,0,0,2,0,2,2,2,0,0,1,1,0,0,3,12,30
200900031862,9,6,30,1,2,1,1.0,2.0,0.0,7.0,0.0,0.0,2.0,4.0,1,1,4.0,1.0,1.0,1.0,0.0,0.0,1,0.0,1.0,2,1,4,0,0,0,0,4,0,0,2,2,0,0,0,4,0,0,1,1,0,2,13,5
200600054601,6,9,6,1,2,1,1.0,6.0,0.0,10.0,0.0,1.0,0.0,1.0,1,-1,4.0,2.0,2.0,2.0,0.0,37.0,1,0.0,1.0,2,1,4,0,0,0,0,4,0,0,0,4,0,0,0,4,0,1,0,0,0,2,14,40
201100033209,11,2,16,1,2,1,1.0,7.0,0.0,7.0,0.0,0.0,1.0,20.0,1,1,4.0,1.0,1.0,1.0,0.0,50.0,1,0.0,1.0,1,1,1,1,0,1,0,1,0,0,1,1,0,1,0,0,1,1,0,0,0,2,10,15
200600076168,6,12,24,1,2,1,1.0,6.0,0.0,7.0,0.0,0.0,1.0,4.0,1,-1,4.0,1.0,2.0,1.0,0.0,70.0,1,0.0,1.0,1,1,1,1,0,1,0,1,0,0,2,0,0,1,0,0,1,0,1,0,0,3,11,25
200900003451,9,1,12,1,1,1,1.0,1.0,0.0,7.0,0.0,0.0,2.0,13.0,1,1,3.0,2.0,3.0,2.0,0.0,0.0,1,0.0,1.0,2,3,4,0,0,0,0,4,4,0,0,0,0,2,0,0,2,1,0,1,0,3,15,30
201500017482,15,9,24,1,1,1,1.0,1.0,0.0,7.0,0.0,0.0,2.0,1.0,1,1,4.0,2.0,2.0,1.0,0.0,0.0,1,0.0,1.0,2,1,2,2,0,0,0,4,0,0,2,0,2,0,2,0,2,1,0,0,0,2,18,25
201500051466,15,8,21,1,2,3,1.0,6.0,0.0,37.0,0.0,0.0,1.0,1.0,1,1,4.0,1.0,2.0,1.0,0.0,90.0,1,0.0,1.0,1,1,2,0,0,1,0,1,0,1,0,1,0,2,0,0,0,1,0,0,0,2,9,50
200900071283,9,12,30,5,2,1,2.0,6.0,0.0,7.0,0.0,2.0,0.0,1.0,1,-1,3.0,2.0,2.0,1.0,0.0,80.0,1,0.0,1.0,1,3,1,0,0,0,0,1,0,0,1,0,0,1,0,0,0,1,0,0,0,3,4,40
200500057692,5,9,1,1,2,1,1.0,3.0,0.0,15.0,0.0,2.0,2.0,13.0,1,1,4.0,2.0,2.0,1.0,0.0,50.0,1,0.0,1.0,2,2,4,0,0,0,0,4,2,0,0,2,0,2,0,0,2,1,0,0,0,2,14,27
200500013640,5,3,13,3,2,1,1.0,6.0,0.0,7.0,0.0,6.0,0.0,1.0,1,1,3.0,2.0,2.0,1.0,0.0,50.0,1,0.0,1.0,1,1,2,0,0,0,1,1,0,1,1,0,0,0,0,2,0,0,0,1,0,3,2,45
201200050090,12,4,21,5,1,1,1.0,6.0,0.0,33.0,0.0,4.0,0.0,1.0,1,2,1.0,1.0,2.0,1.0,0.0,36.0,1,0.0,1.0,1,3,2,0,0,0,1,1,0,0,2,0,0,1,0,1,0,1,0,0,0,4,3,5
201400037296,14,3,21,5,2,1,1.0,6.0,0.0,34.0,0.0,1.0,0.0,1.0,1,2,3.0,2.0,2.0,1.0,0.0,70.0,1,0.0,4.0,1,3,1,0,0,0,0,1,1,0,0,0,0,1,0,0,0,1,0,0,0,3,2,40
200900002782,9,4,8,1,2,1,2.0,7.0,0.0,32.0,0.0,0.0,0.0,1.0,1,2,4.0,1.0,3.0,1.0,0.0,0.0,1,0.0,1.0,1,2,1,0,0,0,0,1,0,0,0,0,1,1,0,0,0,0,0,0,0,2,10,5