Num_Acc,an,mois,jour,lum,agg,int,atm,col,senc,catv,occutc,obs,obsm,manv,catu,secu,catr,circ,nbv,prof,lartpc,larrout,surf,infra,situ,nb_veh,grav_simpl,Homme,Femme,Arrière,Autre_x,Avant,Conducteur,Autre_y,Inconnu,Loisirs,Professionnel,Travail,Adulte,Enfant,Jeune,Senior,choc_avant,choc_arriere,choc_lateral,choc_multiple,grav_order_max,heure,minute
201600041948,16,11,12,2,2,1,2.0,3.0,2.0,7.0,0.0,0.0,2.0,1.0,1,1,2.0,3.0,2.0,1.0,0.0,0.0,1,0.0,1.0,2,2,0,4,0,0,0,4,0,0,4,0,0,2,0,2,0,1,0,0,1,2,16,50
201300040207,13,2,6,2,2,1,1.0,6.0,1.0,32.0,0.0,0.0,1.0,0.0,3,-1,3.0,3.0,2.0,1.0,0.0,0.0,1,0.0,1.0,1,3,1,0,0,1,0,0,0,1,0,0,0,0,0,1,0,1,0,0,0,3,17,50
201400028912,14,11,29,5,2,1,1.0,7.0,0.0,3.0,0.0,0.0,1.0,1.0,1,1,4.0,2.0,2.0,1.0,0.0,0.0,1,0.0,1.0,1,1,2,0,0,1,0,1,0,0,2,0,0,0,2,0,0,1,0,0,0,3,0,35
201700049436,17,9,7,1,1,1,1.0,2.0,1.0,31.0,0.0,0.0,2.0,1.0,1,2,1.0,3.0,6.0,1.0,15.0,210.0,1,0.0,1.0,2,2,4,0,0,0,0,4,0,0,0,0,4,2,0,2,0,1,1,0,0,2,19,30
200600052581,6,9,6,1,1,1,1.0,6.0,0.0,7.0,0.0,13.0,0.0,1.0,1,1,3.0,2.0,0.0,0.0,0.0,0.0,1,0.0,3.0,1,2,1,2,1,0,1,1,1,2,0,0,0,1,1,1,0,1,0,0,0,2,17,45
201600005343,16,12,16,3,1,1,1.0,5.0,1.0,7.0,0.0,0.0,2.0,1.0,1,1,3.0,2.0,0.0,0.0,0.0,0.0,1,0.0,1.0,3,1,12,0,0,0,3,9,0,3,9,0,0,3,0,9,0,1,0,0,0,3,20,0
200800055867,8,10,8,2,2,1,3.0,6.0,0.0,7.0,0.0,0.0,1.0,1.0,1,1,4.0,2.0,2.0,1.0,0.0,70.0,1,0.0,1.0,1,1,0,2,0,1,0,1,0,0,1,0,1,0,1,1,0,0,0,1,0,3,19,30
201500029999,15,2,19,5,2,1,1.0,3.0,0.0,7.0,0.0,0.0,2.0,15.0,1,1,4.0,0.0,0.0,1.0,0.0,0.0,1,0.0,0.0,2,1,6,0,0,0,2,4,0,6,0,0,0,2,2,2,0,1,0,0,0,3,18,15
200500024324,5,4,24,1,1,1,1.0,6.0,0.0,7.0,0.0,0.0,1.0,4.0,1,-1,4.0,2.0,0.0,1.0,0.0,0.0,1,0.0,4.0,1,1,1,1,0,1,0,1,0,2,0,0,0,2,0,0,0,1,0,0,0,3,9,30
201600007865,16,4,1,1,1,9,1.0,5.0,1.0,7.0,0.0,0.0,2.0,9.0,1,1,1.0,3.0,3.0,1.0,15.0,170.0,1,3.0,1.0,6,1,42,12,0,0,18,36,0,18,18,18,0,30,0,12,12,1,0,0,0,3,11,30
201200052757,12,11,4,3,1,1,2.0,7.0,0.0,7.0,0.0,4.0,0.0,1.0,1,1,1.0,3.0,2.0,3.0,20.0,70.0,1,0.0,1.0,1,3,0,1,0,0,0,1,0,0,1,0,0,0,0,1,0,1,0,0,0,3,23,10
200900067538,9,9,18,1,2,1,1.0,2.0,0.0,2.0,0.0,0.0,2.0,2.0,1,2,4.0,3.0,7.0,1.0,0.0,80.0,1,0.0,1.0,2,2,4,0,0,0,0,4,0,4,0,0,0,2,0,2,0,1,1,0,0,2,7,51
200500069305,5,10,30,1,2,3,1.0,3.0,0.0,7.0,0.0,0.0,2.0,15.0,1,1,3.0,2.0,2.0,1.0,0.0,180.0,1,0.0,1.0,2,1,4,0,0,0,0,4,0,2,2,0,0,0,2,2,0,1,0,1,0,2,16,50
200600041734,6,7,11,1,1,1,1.0,6.0,0.0,33.0,0.0,0.0,2.0,1.0,1,2,2.0,2.0,4.0,1.0,19.0,140.0,1,0.0,1.0,3,4,6,0,0,0,0,6,3,3,0,0,0,6,0,0,0,1,1,0,0,4,14,5
200600064710,6,10,15,5,2,6,1.0,6.0,0.0,7.0,0.0,0.0,9.0,9.0,1,-1,4.0,1.0,2.0,1.0,100.0,100.0,1,0.0,1.0,2,1,2,2,0,0,0,4,0,4,0,0,0,2,0,2,0,1,0,0,0,2,21,40
200900059079,9,8,8,1,2,3,1.0,3.0,0.0,7.0,0.0,0.0,2.0,16.0,1,1,4.0,2.0,4.0,1.0,0.0,0.0,1,0.0,1.0,2,1,2,2,0,0,0,4,0,0,4,0,0,0,0,2,2,1,0,1,0,2,12,15
201000050288,10,6,25,1,2,6,1.0,2.0,0.0,33.0,0.0,0.0,0.0,9.0,1,2,2.0,0.0,2.0,0.0,0.0,0.0,1,0.0,1.0,2,2,4,0,0,0,0,4,0,2,0,2,0,4,0,0,0,0,1,0,0,2,13,20
200900043193,9,7,3,5,2,1,1.0,6.0,0.0,30.0,0.0,12.0,0.0,0.0,1,2,2.0,2.0,4.0,1.0,30.0,120.0,1,0.0,1.0,1,2,1,0,0,0,0,1,0,0,1,0,0,1,0,0,0,1,0,0,0,2,3,15
201600045669,16,5,4,1,1,1,1.0,4.0,2.0,7.0,0.0,0.0,2.0,2.0,1,1,2.0,3.0,4.0,1.0,0.0,-1.0,1,0.0,1.0,3,1,6,3,0,0,0,9,0,0,6,0,3,6,0,3,0,1,1,0,0,2,18,15
201100020949,11,10,13,1,2,2,1.0,3.0,0.0,33.0,0.0,0.0,2.0,2.0,1,2,4.0,1.0,1.0,1.0,0.0,75.0,1,0.0,1.0,2,3,4,0,0,0,0,4,0,0,4,0,0,2,0,2,0,1,0,0,0,3,17,0
200500015540,5,3,25,1,2,1,1.0,3.0,0.0,5.0,0.0,0.0,2.0,17.0,1,2,4.0,2.0,3.0,1.0,0.0,0.0,1,0.0,1.0,2,2,4,0,0,0,0,4,0,0,4,0,0,2,0,2,0,1,0,1,0,2,19,10
200700057835,7,9,26,1,2,5,1.0,1.0,0.0,7.0,0.0,0.0,2.0,15.0,1,1,3.0,2.0,0.0,1.0,0.0,88.0,1,5.0,1.0,2,2,2,2,0,0,0,4,2,2,0,0,0,0,2,0,2,1,0,0,0,3,12,20
201300050894,13,11,9,5,2,2,1.0,6.0,0.0,32.0,0.0,14.0,0.0,14.0,1,2,4.0,2.0,0.0,2.0,5.0,137.0,1,0.0,1.0,1,2,1,0,0,0,0,1,0,0,1,0,0,1,0,0,0,1,0,0,0,2,21,44
200600006436,6,2,3,1,2,1,1.0,1.0,0.0,7.0,0.0,0.0,2.0,1.0,1,1,4.0,2.0,2.0,1.0,0.0,63.0,1,0.0,1.0,2,1,2,2,0,0,0,4,0,0,2,0,2,2,2,0,0,1,0,0,0,2,12,30
201300012100,13,7,5,1,1,1,1.0,7.0,0.0,14.0,0.0,0.0,0.0,1.0,1,1,2.0,2.0,2.0,1.0,30.0,30.0,1,0.0,3.0,1,2,1,0,0,0,0,1,0,0,0,1,0,0,0,1,0,0,0,1,0,2,16,0
201300001750,13,7,23,1,1,1,2.0,1.0,0.0,7.0,0.0,0.0,2.0,1.0,1,1,3.0,2.0,0.0,1.0,0.0,60.0,1,0.0,1.0,2,4,2,2,0,0,0,4,2,0,0,2,0,2,0,2,0,1,0,1,0,4,9,0
201400008930,14,12,21,1,1,1,1.0,5.0,0.0,7.0,0.0,3.0,0.0,1.0,1,1,3.0,2.0,2.0,0.0,0.0,59.0,1,0.0,1.0,3,1,6,0,0,0,0,6,0,0,6,0,0,6,0,0,0,1,0,1,0,4,16,30
200800067582,8,11,18,5,1,1,1.0,3.0,0.0,34.0,0.0,0.0,2.0,11.0,1,2,1.0,3.0,5.0,1.0,15.0,150.0,1,0.0,2.0,2,2,2,2,0,0,0,4,0,0,0,0,4,4,0,0,0,1,0,0,0,2,18,35
200600031686,6,6,23,1,2,1,1.0,1.0,0.0,7.0,0.0,0.0,9.0,1.0,1,1,4.0,2.0,0.0,1.0,0.0,0.0,1,0.0,0.0,2,1,4,0,0,0,0,4,2,0,2,0,0,2,2,0,0,1,0,0,0,3,17,15
201000045259,10,6,21,1,2,3,1.0,3.0,0.0,7.0,0.0,0.0,2.0,15.0,1,-1,4.0,2.0,2.0,2.0,0.0,43.0,1,5.0,1.0,2,1,0,4,0,0,0,4,2,2,0,0,0,2,2,0,0,1,0,0,0,3,18,0
200900037187,9,7,24,5,2,1,9.0,6.0,0.0,7.0,0.0,1.0,0.0,1.0,1,-1,9.0,2.0,0.0,0.0,0.0,0.0,-1,0.0,1.0,1,2,1,0,0,0,0,1,1,0,0,0,0,1,0,0,0,1,0,0,0,2,5,0
200600066157,6,11,8,1,2,1,1.0,6.0,0.0,7.0,0.0,0.0,1.0,1.0,1,1,4.0,2.0,2.0,1.0,0.0,84.0,1,0.0,1.0,1,1,1,1,0,1,0,1,0,1,1,0,0,0,0,0,2,1,0,0,0,3,15,30
201500028123,15,11,8,5,2,1,1.0,6.0,0.0,7.0,0.0,0.0,1.0,0.0,1,1,4.0,2.0,2.0,1.0,0.0,70.0,1,0.0,1.0,1,1,0,3,0,1,1,1,0,0,0,0,3,2,0,1,0,1,0,0,0,3,0,4
201300011689,13,5,10,1,1,1,1.0,6.0,0.0,10.0,0.0,3.0,0.0,1.0,1,1,1.0,1.0,3.0,1.0,10.0,35.0,1,0.0,2.0,1,3,1,0,0,0,0,1,0,0,0,0,1,1,0,0,0,0,0,0,1,3,7,45
201700011438,17,12,8,3,1,1,4.0,6.0,1.0,7.0,0.0,2.0,0.0,1.0,1,1,3.0,2.0,2.0,2.0,0.0,63.0,0,0.0,3.0,1,2,1,0,0,0,0,1,0,0,1,0,0,0,0,1,0,1,0,0,0,2,23,45
201400008862,14,3,24,1,1,1,1.0,3.0,0.0,17.0,0.0,0.0,2.0,1.0,1,1,3.0,2.0,2.0,1.0,0.0,65.0,1,0.0,1.0,2,2,2,2,0,0,0,4,0,0,2,2,0,2,0,0,2,1,1,0,0,3,11,15
201400036971,14,9,17,1,2,1,1.0,6.0,0.0,7.0,0.0,0.0,1.0,2.0,1,1,4.0,1.0,1.0,1.0,0.0,30.0,1,0.0,4.0,1,1,1,1,0,1,0,1,1,1,0,0,0,1,0,0,1,1,0,0,0,3,13,5
200900020720,9,9,18,1,2,1,8.0,2.0,0.0,2.0,0.0,0.0,2.0,2.0,1,2,4.0,2.0,1.0,2.0,0.0,90.0,1,0.0,1.0,2,2,4,0,0,0,0,4,0,0,2,2,0,0,0,4,0,1,1,0,0,2,13,50
200500069860,5,10,27,1,1,1,1.0,3.0,0.0,7.0,0.0,0.0,2.0,2.0,1,1,1.0,3.0,5.0,1.0,15.0,190.0,1,3.0,1.0,2,1,6,0,0,0,2,4,0,2,0,0,4,2,0,4,0,1,1,0,0,2,16,50
201600043834,16,9,12,1,2,2,1.0,3.0,0.0,7.0,0.0,0.0,2.0,15.0,1,1,3.0,2.0,2.0,1.0,0.0,0.0,1,5.0,1.0,2,1,4,0,0,0,0,4,0,0,0,2,2,4,0,0,0,1,0,0,0,2,9,0
200800072425,8,12,17,5,2,9,8.0,6.0,0.0,7.0,0.0,0.0,1.0,15.0,1,1,3.0,2.0,2.0,1.0,0.0,90.0,1,5.0,1.0,1,1,1,1,0,1,0,1,0,0,1,0,1,1,0,1,0,1,0,0,0,2,20,15
200600059219,6,10,15,1,1,1,1.0,7.0,0.0,33.0,0.0,3.0,0.0,1.0,1,2,3.0,0.0,2.0,2.0,0.0,60.0,1,0.0,3.0,1,3,1,0,0,0,0,1,0,0,1,0,0,1,0,0,0,0,0,1,0,3,18,15
201300044259,13,1,14,1,2,1,1.0,3.0,0.0,7.0,0.0,0.0,2.0,2.0,1,1,4.0,2.0,2.0,1.0,0.0,60.0,1,0.0,1.0,2,2,2,2,0,0,0,4,2,0,0,0,2,4,0,0,0,1,0,0,0,2,13,40
201200026804,12,8,30,1,2,2,8.0,2.0,0.0,1.0,0.0,1.0,2.0,1.0,1,-1,4.0,3.0,2.0,1.0,0.0,0.0,1,5.0,1.0,2,2,2,2,0,0,0,4,0,0,4,0,0,4,0,0,0,0,1,0,0,2,16,15
200700070608,7,11,14,1,2,1,1.0,6.0,0.0,7.0,0.0,0.0,2.0,1.0,1,1,2.0,2.0,50.0,0.0,0.0,80.0,1,0.0,1.0,1,2,0,1,0,0,0,1,0,0,1,0,0,0,0,1,0,0,0,0,1,2,8,30
200600052970,6,5,22,1,1,1,1.0,4.0,0.0,7.0,0.0,0.0,2.0,2.0,1,1,1.0,1.0,3.0,1.0,8.0,105.0,1,0.0,1.0,3,2,3,6,0,0,3,6,0,6,0,3,0,6,0,3,0,1,1,0,0,2,7,20
201100057738,11,12,17,3,1,1,1.0,6.0,0.0,7.0,0.0,4.0,0.0,1.0,1,1,1.0,1.0,2.0,1.0,0.0,105.0,1,0.0,1.0,1,2,1,0,0,0,0,1,0,0,1,0,0,0,0,1,0,1,0,0,0,2,0,40
200600061121,6,10,26,5,2,2,1.0,6.0,0.0,7.0,0.0,0.0,2.0,15.0,1,1,2.0,2.0,4.0,1.0,0.0,0.0,1,0.0,1.0,2,1,4,0,0,0,0,4,2,0,2,0,0,0,2,2,0,1,0,0,0,2,20,35
201000049092,10,5,18,1,2,1,1.0,3.0,0.0,34.0,0.0,0.0,2.0,1.0,1,2,4.0,2.0,3.0,2.0,0.0,105.0,1,0.0,0.0,2,2,4,0,0,0,0,4,0,0,0,0,4,2,0,2,0,0,0,1,0,2,19,10
200600008720,6,2,21,1,2,1,1.0,3.0,0.0,10.0,0.0,0.0,2.0,20.0,1,1,4.0,2.0,4.0,1.0,0.0,140.0,1,0.0,1.0,2,1,4,4,0,4,0,4,0,4,0,4,0,6,0,0,2,1,0,1,0,2,9,20
200500077082,5,11,16,2,1,1,2.0,5.0,0.0,5.0,0.0,0.0,0.0,0.0,1,2,1.0,3.0,4.0,1.0,15.0,35.0,1,0.0,1.0,4,2,8,8,0,0,0,16,8,8,0,0,0,8,0,8,0,0,0,0,0,2,8,15
200700016600,7,3,2,1,2,2,1.0,3.0,0.0,5.0,0.0,0.0,2.0,1.0,1,2,4.0,2.0,2.0,1.0,0.0,60.0,1,0.0,1.0,2,2,4,0,0,0,0,4,0,0,2,2,0,2,0,2,0,1,0,1,0,2,15,40
201300049526,13,11,6,1,1,1,1.0,6.0,0.0,7.0,0.0,6.0,0.0,0.0,1,1,1.0,1.0,4.0,1.0,0.0,100.0,1,7.0,1.0,1,2,0,1,0,0,0,1,0,0,1,0,0,1,0,0,0,1,0,0,0,2,12,15
201700036291,17,3,29,1,1,1,1.0,7.0,1.0,7.0,0.0,13.0,0.0,12.0,1,1,3.0,3.0,4.0,1.0,30.0,60.0,1,0.0,1.0,1,3,2,0,0,0,1,1,0,2,0,0,0,2,0,0,0,1,0,0,0,3,19,20
200600022681,6,4,25,1,2,1,1.0,2.0,0.0,2.0,0.0,0.0,2.0,2.0,1,2,2.0,2.0,4.0,1.0,0.0,895.0,1,0.0,1.0,2,2,4,0,0,0,0,4,0,4,0,0,0,2,0,2,0,1,1,0,0,2,17,10
201700052276,17,5,22,1,1,1,1.0,4.0,1.0,7.0,0.0,0.0,2.0,2.0,1,1,1.0,3.0,2.0,1.0,15.0,25.0,1,0.0,1.0,3,2,9,0,0,0,0,9,0,0,3,0,6,9,0,0,0,1,1,0,1,2,7,45
201600012856,16,9,7,1,1,9,1.0,6.0,2.0,17.0,0.0,2.0,0.0,12.0,1,1,1.0,1.0,2.0,1.0,15.0,35.0,1,3.0,1.0,1,1,2,0,0,0,1,1,0,1,0,1,0,2,0,0,0,1,0,0,0,3,8,0
201500043764,15,11,16,1,2,4,1.0,6.0,0.0,7.0,0.0,0.0,2.0,17.0,1,1,4.0,2.0,2.0,1.0,0.0,80.0,1,0.0,1.0,2,1,4,0,0,0,0,4,0,2,0,2,0,2,0,2,0,1,0,0,0,3,13,45
200500021413,5,4,5,1,2,1,1.0,6.0,0.0,7.0,0.0,0.0,1.0,4.0,1,1,4.0,0.0,0.0,1.0,0.0,0.0,1,6.0,1.0,1,1,1,1,0,1,0,1,0,2,0,0,0,0,0,1,1,0,1,0,0,3,12,50
200500041480,5,7,9,1,1,1,1.0,1.0,0.0,7.0,0.0,0.0,2.0,1.0,1,1,3.0,2.0,0.0,0.0,0.0,70.0,1,0.0,1.0,2,3,4,4,0,0,4,4,2,4,2,0,0,6,2,0,0,1,0,1,0,3,19,0
201500029489,15,10,27,1,2,1,1.0,7.0,0.0,2.0,0.0,0.0,0.0,0.0,1,2,4.0,2.0,2.0,1.0,0.0,0.0,1,0.0,1.0,1,3,1,0,0,0,0,1,1,0,0,0,0,1,0,0,0,0,0,0,0,3,16,30
200900064678,9,10,6,1,2,2,2.0,3.0,0.0,7.0,0.0,0.0,2.0,1.0,1,1,4.0,3.0,4.0,1.0,0.0,0.0,1,0.0,1.0,2,2,2,4,0,0,2,4,0,0,2,0,4,2,0,4,0,1,0,1,0,2,17,50
200700041819,7,7,7,1,2,2,1.0,6.0,0.0,7.0,0.0,0.0,1.0,15.0,1,1,4.0,1.0,3.0,1.0,0.0,0.0,1,0.0,1.0,1,1,0,2,0,1,0,1,0,1,1,0,0,0,0,1,1,0,0,0,0,2,17,50
200600001552,6,1,2,5,2,1,1.0,2.0,0.0,7.0,0.0,0.0,2.0,1.0,1,1,4.0,1.0,1.0,1.0,0.0,39.0,1,0.0,1.0,2,1,4,2,0,0,2,4,0,2,4,0,0,6,0,0,0,1,1,0,0,3,18,3
200900023244,9,4,20,1,2,1,1.0,6.0,0.0,7.0,0.0,0.0,1.0,0.0,1,1,4.0,2.0,2.0,1.0,0.0,0.0,1,0.0,1.0,1,1,1,1,0,1,0,1,0,2,0,0,0,0,0,1,1,1,0,0,0,2,14,35
201100035463,11,5,31,5,2,1,1.0,6.0,0.0,7.0,0.0,7.0,0.0,2.0,1,1,4.0,2.0,2.0,1.0,0.0,0.0,1,3.0,1.0,1,2,2,0,0,0,1,1,0,2,0,0,0,2,0,0,0,1,0,0,0,2,22,30
200700054531,7,9,8,1,2,1,1.0,6.0,0.0,30.0,0.0,8.0,0.0,14.0,1,2,4.0,2.0,0.0,1.0,0.0,45.0,1,0.0,3.0,1,2,2,0,0,0,1,1,0,1,1,0,0,0,2,0,0,0,0,1,0,3,19,0
200500046343,5,7,30,1,2,1,1.0,7.0,0.0,18.0,0.0,0.0,0.0,21.0,1,-1,4.0,1.0,2.0,1.0,0.0,60.0,1,0.0,1.0,1,1,0,2,1,0,0,1,0,1,0,1,0,0,0,1,1,1,0,0,0,2,17,15
200600043505,6,7,4,1,1,1,1.0,6.0,0.0,7.0,0.0,13.0,0.0,1.0,1,1,3.0,2.0,2.0,1.0,0.0,50.0,1,0.0,3.0,1,3,0,1,0,0,0,1,0,0,1,0,0,0,0,0,1,1,0,0,0,3,11,45
200500058303,5,9,22,1,1,2,1.0,3.0,0.0,2.0,0.0,0.0,2.0,1.0,1,-1,3.0,2.0,5.0,1.0,70.0,150.0,1,5.0,5.0,2,3,4,2,0,0,2,4,0,2,4,0,0,0,2,4,0,1,0,0,0,3,15,10
201000055813,10,8,18,1,1,1,1.0,4.0,0.0,10.0,0.0,0.0,2.0,0.0,1,1,1.0,3.0,7.0,0.0,15.0,245.0,1,3.0,1.0,4,2,16,0,0,0,0,16,0,0,8,8,0,12,0,4,0,1,1,1,0,2,11,0
201400022354,14,8,17,1,1,1,1.0,6.0,0.0,7.0,0.0,4.0,0.0,1.0,1,1,1.0,0.0,3.0,1.0,25.0,100.0,1,0.0,1.0,1,3,5,1,4,0,1,1,0,5,1,0,0,2,3,0,1,1,0,0,0,3,7,45
201500008962,15,11,10,2,2,4,1.0,6.0,0.0,7.0,0.0,0.0,1.0,16.0,1,1,3.0,2.0,2.0,2.0,0.0,73.0,1,5.0,1.0,1,1,1,1,0,1,0,1,0,0,2,0,0,1,0,1,0,1,0,0,0,2,18,22
200600027842,6,5,5,1,2,3,1.0,3.0,0.0,7.0,0.0,0.0,2.0,1.0,1,1,4.0,1.0,1.0,1.0,0.0,30.0,1,0.0,1.0,2,1,4,0,0,0,0,4,0,0,2,2,0,4,0,0,0,1,0,0,0,2,17,55
200500057533,5,9,10,5,2,1,1.0,3.0,0.0,7.0,0.0,0.0,0.0,14.0,1,1,9.0,2.0,3.0,2.0,0.0,0.0,1,0.0,1.0,2,1,4,0,0,0,0,4,0,2,0,0,2,4,0,0,0,1,0,0,0,2,6,0
201000046445,10,11,1,1,1,1,1.0,6.0,0.0,7.0,0.0,13.0,2.0,2.0,1,1,3.0,2.0,2.0,1.0,0.0,60.0,1,0.0,3.0,1,2,1,0,0,0,0,1,0,0,1,0,0,0,0,1,0,1,0,0,0,2,15,23
201300035577,13,6,11,1,2,1,1.0,6.0,0.0,2.0,0.0,0.0,2.0,21.0,1,2,4.0,2.0,2.0,2.0,0.0,0.0,1,0.0,1.0,3,3,9,0,0,0,0,9,0,9,0,0,0,6,0,3,0,1,0,1,0,3,14,50
201300022142,13,8,20,3,2,1,1.0,7.0,0.0,7.0,0.0,7.0,0.0,1.0,1,-1,3.0,3.0,3.0,2.0,0.0,0.0,1,0.0,3.0,1,2,2,0,0,0,1,1,0,0,2,0,0,0,0,2,0,1,0,0,0,2,1,42
201500007935,15,4,1,1,1,1,1.0,2.0,0.0,7.0,0.0,0.0,2.0,2.0,1,1,3.0,2.0,2.0,1.0,0.0,0.0,1,0.0,1.0,2,1,4,0,0,0,0,4,0,0,2,2,0,2,0,0,2,1,1,0,0,2,22,15
201400037275,14,2,18,5,2,1,1.0,6.0,0.0,7.0,0.0,6.0,0.0,0.0,1,1,3.0,2.0,2.0,2.0,0.0,60.0,1,0.0,0.0,1,2,0,1,0,0,0,1,0,1,0,0,0,0,0,0,1,0,0,1,0,2,2,40
201700000587,17,4,8,3,1,1,5.0,1.0,1.0,7.0,0.0,6.0,2.0,23.0,1,1,3.0,2.0,2.0,1.0,0.0,65.0,1,0.0,1.0,2,2,6,0,0,0,2,4,0,0,6,0,0,6,0,0,0,1,0,0,0,3,4,15
201300008864,13,7,28,3,2,1,1.0,3.0,0.0,7.0,0.0,0.0,2.0,13.0,1,1,3.0,2.0,0.0,3.0,0.0,0.0,1,0.0,1.0,2,2,2,6,2,0,2,4,0,4,4,0,0,0,0,8,0,1,0,1,0,3,0,30
200700047492,7,8,25,1,1,1,1.0,2.0,0.0,7.0,0.0,0.0,0.0,15.0,1,1,3.0,2.0,2.0,1.0,0.0,71.0,1,0.0,1.0,2,3,2,2,0,0,0,4,0,0,2,0,2,0,0,4,0,1,1,0,0,3,13,30
201300035686,13,7,20,1,2,1,1.0,6.0,0.0,7.0,0.0,0.0,1.0,1.0,1,1,4.0,2.0,2.0,1.0,0.0,69.0,1,0.0,1.0,1,1,2,0,0,1,0,1,0,0,2,0,0,0,0,0,2,1,0,0,0,2,10,15
201200052002,12,1,21,3,1,1,2.0,6.0,0.0,7.0,0.0,0.0,1.0,1.0,1,1,1.0,3.0,3.0,1.0,25.0,140.0,1,0.0,1.0,2,2,2,8,2,2,2,4,0,0,10,0,0,0,0,10,0,1,0,0,0,4,2,55
201300049240,13,1,18,4,1,1,9.0,3.0,0.0,7.0,0.0,0.0,0.0,14.0,1,1,1.0,3.0,3.0,1.0,25.0,110.0,0,0.0,1.0,2,1,4,0,0,0,0,4,0,0,4,0,0,2,0,2,0,1,0,1,0,2,23,20
201600006111,16,8,24,1,2,1,1.0,3.0,1.0,33.0,0.0,0.0,2.0,1.0,1,2,3.0,2.0,0.0,1.0,0.0,70.0,1,5.0,1.0,2,3,4,0,0,0,0,4,0,0,2,0,2,2,0,2,0,1,1,0,0,3,17,45
200700034435,7,6,26,1,2,1,1.0,7.0,0.0,33.0,0.0,0.0,0.0,1.0,1,2,4.0,2.0,0.0,0.0,20.0,100.0,-1,0.0,1.0,1,2,1,0,0,0,0,1,0,1,0,0,0,0,0,1,0,1,0,0,0,2,9,42
201500043423,15,11,30,1,2,2,1.0,3.0,0.0,31.0,0.0,0.0,2.0,1.0,1,2,3.0,2.0,0.0,0.0,0.0,0.0,1,0.0,1.0,2,2,2,2,0,0,0,4,2,0,2,0,0,2,0,2,0,1,0,0,0,2,12,40
201200033414,12,11,7,5,2,3,1.0,3.0,0.0,7.0,0.0,0.0,0.0,15.0,1,1,4.0,2.0,2.0,1.0,0.0,0.0,1,0.0,1.0,2,1,2,2,0,0,0,4,0,4,0,0,0,0,2,2,0,1,0,1,0,3,18,50
200600054289,6,9,29,5,2,3,1.0,3.0,0.0,7.0,0.0,0.0,2.0,4.0,1,-1,4.0,2.0,2.0,1.0,0.0,0.0,1,0.0,1.0,2,1,4,2,0,0,2,4,0,6,0,0,0,6,0,0,0,1,1,0,0,2,21,40
201700028165,17,6,12,1,2,1,1.0,3.0,1.0,7.0,0.0,0.0,9.0,15.0,1,1,4.0,2.0,2.0,1.0,0.0,90.0,1,0.0,1.0,2,1,4,0,0,0,0,4,0,0,2,0,2,2,0,0,2,1,0,0,0,3,7,30
200800064461,8,11,6,5,2,6,8.0,7.0,0.0,33.0,0.0,11.0,0.0,0.0,1,2,4.0,1.0,2.0,1.0,233.0,93.0,1,0.0,1.0,1,3,1,0,0,0,0,1,0,0,1,0,0,0,0,1,0,0,0,0,1,3,0,1
201100041664,11,5,30,1,2,1,1.0,7.0,0.0,30.0,0.0,0.0,0.0,0.0,1,2,4.0,2.0,2.0,1.0,0.0,30.0,1,0.0,1.0,1,2,1,0,0,0,0,1,0,1,0,0,0,1,0,0,0,1,0,0,0,2,17,35
201700026497,17,3,1,1,2,1,8.0,6.0,0.0,7.0,0.0,0.0,1.0,1.0,1,1,4.0,1.0,1.0,2.0,0.0,0.0,1,0.0,1.0,1,1,1,1,0,1,0,1,0,2,0,0,0,1,1,0,0,1,0,0,0,3,12,15
201700034589,17,10,30,1,2,1,1.0,6.0,1.0,7.0,0.0,0.0,1.0,13.0,1,-1,4.0,2.0,2.0,1.0,0.0,63.0,1,0.0,1.0,1,1,1,1,0,1,0,1,0,0,1,0,1,2,0,0,0,1,0,0,0,3,16,50
200800049627,8,9,8,1,2,1,1.0,7.0,0.0,33.0,0.0,15.0,0.0,1.0,1,2,9.0,2.0,0.0,1.0,0.0,0.0,1,0.0,1.0,1,3,1,0,0,0,0,1,0,0,1,0,0,0,0,1,0,0,0,1,0,3,18,45
200700035431,7,6,28,5,2,1,1.0,7.0,0.0,7.0,0.0,15.0,0.0,13.0,1,1,4.0,2.0,2.0,1.0,0.0,70.0,1,0.0,3.0,1,2,1,0,0,0,0,1,0,0,1,0,0,0,0,0,1,1,0,0,0,2,14,55
201100051018,11,4,13,1,2,1,1.0,5.0,0.0,7.0,0.0,0.0,2.0,1.0,1,1,3.0,3.0,4.0,1.0,0.0,0.0,1,0.0,1.0,3,1,9,3,3,0,0,9,0,0,0,0,12,9,0,3,0,1,1,0,0,2,8,0
200600016172,6,3,15,5,2,1,1.0,3.0,0.0,7.0,0.0,0.0,2.0,15.0,1,1,4.0,2.0,0.0,2.0,0.0,0.0,1,0.0,1.0,2,1,4,0,0,0,0,4,0,0,2,0,2,2,2,0,0,1,0,0,0,3,19,30
200900027958,9,7,16,1,2,1,1.0,7.0,0.0,14.0,0.0,0.0,0.0,0.0,1,1,3.0,2.0,0.0,3.0,0.0,0.0,1,0.0,1.0,1,3,1,0,0,0,0,1,0,0,0,0,1,1,0,0,0,0,0,0,0,3,11,0
200600034827,6,6,18,1,2,2,1.0,3.0,0.0,34.0,0.0,0.0,2.0,1.0,1,2,4.0,2.0,2.0,1.0,0.0,66.0,1,0.0,1.0,2,2,4,0,0,0,0,4,0,0,4,0,0,2,0,2,0,1,0,0,0,2,13,0