Num_Acc,an,mois,jour,lum,agg,int,atm,col,senc,catv,occutc,obs,obsm,manv,catu,secu,catr,circ,nbv,prof,lartpc,larrout,surf,infra,situ,nb_veh,grav_simpl,Homme,Femme,Arrière,Autre_x,Avant,Conducteur,Autre_y,Inconnu,Loisirs,Professionnel,Travail,Adulte,Enfant,Jeune,Senior,choc_avant,choc_arriere,choc_lateral,choc_multiple,grav_order_max,heure,minute
201300022273,13,9,19,1,2,3,1.0,2.0,0.0,7.0,0.0,0.0,0.0,2.0,1,1,3.0,2.0,2.0,1.0,0.0,60.0,1,0.0,0.0,2,2,2,2,0,0,0,4,0,0,2,0,2,4,0,0,0,1,1,0,0,2,17,5
200700035754,7,6,22,1,1,1,1.0,7.0,0.0,7.0,0.0,0.0,9.0,17.0,1,1,2.0,1.0,0.0,1.0,0.0,73.0,1,0.0,0.0,2,2,4,2,0,0,2,4,0,2,2,2,0,4,0,0,2,1,0,0,0,2,6,40
201000053847,10,7,13,1,2,1,1.0,6.0,0.0,7.0,0.0,0.0,1.0,1.0,1,1,2.0,2.0,4.0,1.0,0.0,127.0,1,0.0,1.0,1,1,2,0,0,1,0,1,0,0,0,0,2,2,0,0,0,1,0,0,0,2,12,35
200600034193,6,6,15,5,1,2,1.0,6.0,0.0,7.0,0.0,0.0,2.0,1.0,1,1,4.0,2.0,3.0,1.0,0.0,0.0,1,0.0,1.0,3,1,3,9,0,0,3,9,0,3,6,3,0,6,3,0,3,1,1,0,0,2,22,55
201300003157,13,7,1,1,1,2,1.0,3.0,0.0,7.0,0.0,0.0,2.0,1.0,1,1,3.0,2.0,2.0,1.0,0.0,49.0,1,0.0,1.0,2,2,0,6,0,0,2,4,0,0,4,0,2,4,0,0,2,1,0,1,0,2,13,45
201500002235,15,8,2,3,1,1,1.0,6.0,0.0,7.0,0.0,8.0,0.0,14.0,1,1,3.0,2.0,0.0,3.0,0.0,54.0,1,0.0,3.0,1,4,2,0,0,0,1,1,0,1,1,0,0,0,0,2,0,1,0,0,0,4,4,15
200600070995,6,11,13,1,1,1,1.0,6.0,0.0,5.0,0.0,0.0,0.0,3.0,1,2,1.0,3.0,4.0,1.0,60.0,140.0,1,3.0,1.0,1,2,1,0,0,0,0,1,0,0,0,0,1,0,0,1,0,0,0,0,0,2,8,35
201100041586,11,6,5,5,2,3,1.0,6.0,0.0,7.0,0.0,6.0,0.0,1.0,1,-1,3.0,2.0,2.0,1.0,10.0,34.0,1,5.0,0.0,1,3,2,2,2,0,1,1,0,0,4,0,0,3,0,0,1,1,0,0,0,4,1,10
201500044693,15,6,5,3,1,1,1.0,2.0,0.0,7.0,0.0,15.0,2.0,2.0,1,1,1.0,3.0,3.0,0.0,0.0,0.0,-1,0.0,2.0,2,1,4,6,4,0,2,4,0,6,2,0,2,2,0,4,4,1,1,0,0,3,0,45
201500012899,15,8,20,1,1,6,1.0,3.0,0.0,17.0,0.0,0.0,2.0,16.0,1,1,2.0,1.0,0.0,1.0,0.0,71.0,1,5.0,1.0,2,1,2,2,0,0,0,4,0,0,2,2,0,4,0,0,0,1,0,0,0,3,11,30
200800017823,8,4,27,1,1,1,1.0,7.0,0.0,7.0,0.0,13.0,0.0,0.0,1,-1,6.0,0.0,0.0,2.0,0.0,0.0,1,0.0,0.0,1,3,1,0,0,0,0,1,0,0,1,0,0,0,0,1,0,1,0,0,0,3,10,45
201100043571,11,6,11,5,1,1,1.0,6.0,0.0,7.0,0.0,0.0,2.0,14.0,1,1,2.0,3.0,4.0,1.0,0.0,0.0,1,0.0,1.0,2,2,4,2,0,0,2,4,0,0,4,2,0,2,0,4,0,0,0,1,0,2,2,50
201300007619,13,9,12,1,1,1,1.0,3.0,0.0,33.0,0.0,0.0,2.0,1.0,1,2,3.0,2.0,2.0,0.0,0.0,70.0,1,0.0,1.0,2,3,2,2,0,0,0,4,2,2,0,0,0,4,0,0,0,1,0,0,0,3,8,30
200900072049,9,5,9,1,1,1,1.0,1.0,0.0,7.0,0.0,0.0,0.0,13.0,1,1,2.0,2.0,2.0,1.0,0.0,0.0,1,0.0,1.0,2,1,2,2,0,0,0,4,0,0,2,0,2,4,0,0,0,1,0,0,0,3,11,55
201500001758,15,1,5,1,1,2,1.0,1.0,0.0,10.0,0.0,0.0,2.0,15.0,1,1,3.0,2.0,2.0,1.0,0.0,0.0,1,0.0,0.0,2,1,4,0,0,0,0,4,0,0,0,0,4,4,0,0,0,1,0,0,0,3,8,0
201200017058,12,6,20,1,2,3,2.0,3.0,0.0,7.0,0.0,0.0,2.0,1.0,1,1,3.0,2.0,2.0,2.0,0.0,70.0,1,0.0,1.0,2,2,4,0,0,0,0,4,2,0,2,0,0,2,0,0,2,1,0,1,0,2,8,30
200900048437,9,8,24,1,1,1,1.0,3.0,0.0,30.0,0.0,0.0,2.0,17.0,1,2,2.0,3.0,4.0,1.0,100.0,90.0,1,0.0,1.0,2,3,4,0,0,0,0,4,0,0,2,2,0,4,0,0,0,1,0,1,0,3,15,0
200900059123,9,12,1,5,1,1,1.0,5.0,0.0,7.0,0.0,0.0,2.0,2.0,1,1,3.0,2.0,2.0,1.0,0.0,60.0,1,0.0,1.0,3,2,6,3,0,0,0,9,0,0,9,0,0,3,0,0,6,1,1,0,0,2,18,48
201000064140,10,1,6,5,2,2,1.0,3.0,0.0,7.0,0.0,0.0,2.0,1.0,1,1,4.0,2.0,4.0,1.0,0.0,0.0,1,0.0,1.0,2,1,4,0,0,0,0,4,0,2,0,2,0,0,0,4,0,1,0,0,0,2,6,30
201200032835,12,9,3,1,2,4,2.0,3.0,0.0,32.0,0.0,0.0,2.0,1.0,1,2,4.0,2.0,2.0,1.0,0.0,0.0,1,0.0,1.0,2,3,4,0,0,0,0,4,2,0,0,0,2,4,0,0,0,1,0,0,0,3,9,0
201700036495,17,6,17,1,2,1,7.0,3.0,1.0,1.0,0.0,0.0,2.0,19.0,1,2,3.0,3.0,2.0,1.0,0.0,0.0,1,0.0,1.0,2,2,2,0,0,0,0,2,2,0,0,0,0,2,0,0,0,1,0,0,0,2,19,0
200500016142,5,3,4,5,1,9,1.0,6.0,0.0,7.0,0.0,3.0,0.0,16.0,1,-1,1.0,1.0,1.0,2.0,32.0,74.0,1,3.0,0.0,1,3,1,0,0,0,0,1,0,1,0,0,0,0,0,1,0,1,0,0,0,3,23,30
201200006195,12,1,10,1,1,1,1.0,7.0,0.0,7.0,0.0,8.0,0.0,1.0,1,1,3.0,2.0,1.0,1.0,0.0,0.0,1,2.0,1.0,1,3,0,1,0,0,0,1,0,0,0,0,1,1,0,0,0,1,0,0,0,3,13,15
201400025182,14,5,11,1,2,1,1.0,3.0,0.0,32.0,0.0,0.0,2.0,1.0,1,2,4.0,2.0,2.0,1.0,0.0,53.0,1,0.0,1.0,2,3,2,2,0,0,0,4,0,0,4,0,0,0,0,2,2,1,0,0,0,3,15,15
201300016945,13,6,10,1,1,1,1.0,1.0,0.0,7.0,0.0,0.0,0.0,1.0,1,1,3.0,2.0,0.0,0.0,0.0,58.0,1,0.0,1.0,2,1,4,0,0,0,0,4,0,0,2,0,2,0,0,2,2,1,0,0,0,3,16,30
201500004533,15,11,27,1,1,2,1.0,3.0,0.0,33.0,0.0,0.0,2.0,1.0,1,2,3.0,2.0,2.0,2.0,0.0,0.0,1,0.0,1.0,2,3,2,2,0,0,0,4,0,0,2,0,2,0,0,2,2,1,0,0,0,3,13,15
201000023427,10,8,26,1,2,2,8.0,3.0,0.0,7.0,0.0,0.0,2.0,14.0,1,1,4.0,1.0,2.0,1.0,0.0,60.0,1,0.0,0.0,2,1,2,2,0,0,0,4,0,0,2,0,2,0,0,2,2,1,0,0,0,2,9,15
201000004817,10,6,16,1,1,1,2.0,6.0,0.0,7.0,0.0,16.0,0.0,1.0,1,1,3.0,2.0,2.0,2.0,0.0,71.0,1,0.0,3.0,1,2,1,1,1,0,0,1,1,1,0,0,0,1,1,0,0,1,0,0,0,3,13,45
200900059719,9,10,1,1,2,1,1.0,6.0,0.0,7.0,0.0,0.0,2.0,24.0,1,0,4.0,2.0,2.0,1.0,0.0,70.0,1,0.0,1.0,4,1,16,0,0,0,0,16,8,0,4,4,0,0,0,12,4,1,1,0,1,4,18,15
200700076865,7,12,3,1,2,1,1.0,2.0,0.0,7.0,0.0,0.0,2.0,1.0,1,1,4.0,1.0,0.0,1.0,15.0,30.0,1,0.0,1.0,2,2,4,0,0,0,0,4,0,0,0,2,2,2,0,2,0,1,1,0,0,2,13,45
200900060644,9,11,10,5,2,1,1.0,2.0,0.0,7.0,0.0,0.0,0.0,23.0,2,1,3.0,3.0,2.0,1.0,0.0,0.0,1,0.0,1.0,2,3,2,4,0,0,2,4,4,2,0,0,0,0,0,4,2,1,1,0,0,3,17,52
200900006128,9,3,11,1,1,1,1.0,2.0,0.0,1.0,0.0,0.0,2.0,13.0,1,0,3.0,2.0,2.0,2.0,0.0,69.0,1,0.0,1.0,2,3,4,0,0,0,0,4,0,2,2,0,0,0,0,2,2,1,1,0,0,3,16,30
200700041698,7,7,5,1,2,3,1.0,3.0,0.0,32.0,0.0,0.0,2.0,1.0,1,2,3.0,2.0,2.0,1.0,0.0,71.0,1,5.0,1.0,2,2,2,2,0,0,0,4,0,0,4,0,0,2,0,0,2,1,0,1,0,2,11,15
200900050898,9,4,7,1,1,1,1.0,4.0,0.0,7.0,0.0,0.0,2.0,2.0,2,3,3.0,2.0,2.0,1.0,0.0,115.0,1,0.0,1.0,3,2,6,6,3,0,0,9,0,0,9,0,3,6,3,3,0,1,1,0,0,2,17,40
201100014481,11,10,7,1,2,1,1.0,3.0,0.0,7.0,0.0,0.0,9.0,1.0,1,1,4.0,2.0,2.0,1.0,0.0,0.0,1,0.0,1.0,2,1,4,0,0,0,0,4,0,0,2,0,2,2,2,0,0,0,1,0,0,3,17,30
201500053708,15,3,30,1,2,3,1.0,6.0,0.0,7.0,0.0,0.0,1.0,4.0,1,1,4.0,1.0,2.0,1.0,0.0,80.0,1,0.0,1.0,1,1,1,1,0,1,0,1,1,0,0,1,0,1,0,0,1,0,1,0,0,2,10,20
200900035435,9,10,7,1,2,1,1.0,7.0,0.0,33.0,0.0,0.0,2.0,1.0,1,2,4.0,2.0,2.0,1.0,0.0,55.0,1,0.0,1.0,2,3,2,2,0,0,0,4,0,2,0,0,2,4,0,0,0,1,0,0,0,3,15,40
201300022461,13,8,27,1,2,1,1.0,3.0,0.0,33.0,0.0,0.0,2.0,1.0,1,2,3.0,2.0,2.0,2.0,0.0,79.0,1,0.0,1.0,2,4,4,0,0,0,0,4,0,0,2,0,2,0,0,2,2,1,0,0,0,4,15,29
200600013475,6,3,9,5,2,3,2.0,6.0,0.0,7.0,0.0,0.0,1.0,1.0,1,-1,4.0,1.0,4.0,1.0,0.0,120.0,1,0.0,1.0,1,1,2,0,0,1,0,1,0,0,1,1,0,2,0,0,0,1,0,0,0,2,1,15
201400044953,14,2,17,1,2,2,1.0,3.0,0.0,7.0,0.0,0.0,2.0,1.0,1,1,4.0,1.0,1.0,1.0,0.0,0.0,1,0.0,1.0,2,1,2,2,0,0,0,4,0,0,0,0,4,4,0,0,0,1,0,1,0,2,8,50
200500042798,5,7,30,1,1,1,1.0,3.0,0.0,10.0,0.0,0.0,2.0,1.0,1,1,3.0,2.0,2.0,1.0,0.0,70.0,1,0.0,1.0,2,1,6,4,2,2,2,4,0,6,0,2,2,2,6,2,0,1,0,1,0,2,17,30
201000032829,10,5,28,5,2,1,1.0,1.0,0.0,30.0,0.0,0.0,2.0,15.0,1,2,4.0,2.0,2.0,1.0,0.0,62.0,1,0.0,1.0,2,2,6,0,2,0,0,4,0,2,4,0,0,2,0,4,0,1,0,0,0,2,23,10
201300003578,13,11,3,3,1,1,3.0,7.0,0.0,14.0,0.0,13.0,0.0,1.0,1,1,3.0,2.0,2.0,1.0,0.0,60.0,1,0.0,3.0,1,1,2,2,2,0,1,1,0,3,1,0,0,1,0,0,3,1,0,0,0,3,2,0
201200028307,12,6,23,1,2,1,1.0,2.0,0.0,33.0,0.0,0.0,2.0,2.0,1,2,4.0,2.0,2.0,1.0,0.0,86.0,1,0.0,1.0,2,3,4,0,0,0,0,4,0,0,2,0,2,2,0,2,0,0,1,1,0,3,10,50
200900054528,9,10,25,5,2,7,2.0,6.0,0.0,7.0,0.0,6.0,0.0,1.0,1,1,3.0,2.0,2.0,1.0,0.0,0.0,1,0.0,1.0,1,3,1,0,0,0,0,1,0,0,1,0,0,0,0,1,0,0,1,0,0,3,0,45
201200037016,12,8,15,1,2,1,1.0,3.0,0.0,7.0,0.0,0.0,9.0,20.0,1,1,4.0,2.0,2.0,1.0,0.0,0.0,1,0.0,1.0,2,1,4,2,0,0,2,4,0,0,6,0,0,0,0,4,2,1,0,0,0,2,18,45
200700012594,7,3,26,1,1,1,1.0,2.0,0.0,7.0,0.0,0.0,2.0,1.0,1,1,3.0,2.0,0.0,1.0,0.0,75.0,1,0.0,1.0,2,1,2,6,2,0,2,4,4,4,0,0,0,4,2,2,0,1,1,0,0,3,10,0
200600001190,6,1,30,1,2,1,7.0,3.0,0.0,7.0,0.0,0.0,2.0,9.0,1,-1,4.0,2.0,2.0,1.0,0.0,60.0,1,0.0,1.0,2,1,2,2,0,0,0,4,0,0,2,2,0,4,0,0,0,1,0,1,0,2,9,55
201700027289,17,7,12,1,2,2,1.0,3.0,1.0,1.0,0.0,0.0,4.0,16.0,1,0,9.0,4.0,0.0,1.0,0.0,65.0,1,0.0,1.0,2,3,4,0,0,0,0,4,2,0,0,2,0,0,2,2,0,1,0,0,0,3,8,5
201600047480,16,4,11,1,1,1,1.0,2.0,2.0,7.0,0.0,0.0,2.0,11.0,1,1,1.0,3.0,4.0,1.0,15.0,140.0,1,0.0,1.0,2,1,4,0,0,0,0,4,0,4,0,0,0,2,0,2,0,1,1,0,0,2,18,27
201500020257,15,4,23,1,1,1,1.0,6.0,0.0,7.0,0.0,0.0,1.0,11.0,1,-1,3.0,1.0,3.0,1.0,0.0,93.0,1,0.0,1.0,1,1,1,1,0,1,0,1,0,2,0,0,0,1,0,1,0,1,0,0,0,3,15,35
201500049399,15,11,12,1,1,1,1.0,2.0,0.0,7.0,0.0,0.0,2.0,2.0,1,-1,1.0,3.0,2.0,4.0,30.0,140.0,1,0.0,1.0,2,1,0,4,0,0,0,4,0,2,0,0,2,4,0,0,0,1,1,0,0,2,9,5
200900063818,9,10,24,1,2,2,2.0,5.0,0.0,7.0,0.0,0.0,2.0,23.0,1,1,3.0,2.0,3.0,1.0,0.0,105.0,1,0.0,1.0,3,1,9,12,6,0,6,9,3,3,15,0,0,6,6,9,0,1,0,1,0,2,14,0
200500062398,5,7,25,1,1,1,2.0,7.0,0.0,7.0,0.0,13.0,0.0,13.0,1,1,9.0,1.0,1.0,1.0,0.0,35.0,1,3.0,1.0,1,1,0,2,1,0,0,1,1,1,0,0,0,0,1,1,0,0,0,1,0,2,14,0
201000007199,10,7,26,1,1,1,1.0,3.0,0.0,2.0,0.0,0.0,2.0,1.0,1,2,4.0,0.0,0.0,1.0,0.0,52.0,1,0.0,1.0,2,3,4,2,0,0,2,4,0,2,2,0,2,0,2,4,0,1,0,1,0,3,17,15
201400043049,14,3,16,1,2,2,1.0,3.0,0.0,7.0,0.0,0.0,2.0,1.0,1,1,4.0,2.0,2.0,2.0,0.0,60.0,1,0.0,1.0,2,2,2,2,0,0,0,4,0,2,2,0,0,0,0,0,4,1,0,1,0,2,13,0
200800015901,8,3,30,3,1,1,1.0,6.0,0.0,10.0,0.0,2.0,0.0,1.0,1,1,4.0,2.0,0.0,0.0,0.0,31.0,1,0.0,3.0,1,1,2,1,1,0,1,1,0,2,1,0,0,0,0,3,0,1,0,0,0,3,11,15
200500055358,5,9,27,1,1,1,1.0,7.0,0.0,7.0,0.0,13.0,0.0,1.0,1,0,2.0,1.0,1.0,1.0,133.0,100.0,1,0.0,0.0,1,4,0,1,0,0,0,1,0,0,1,0,0,1,0,0,0,1,0,0,0,4,17,30
200900037114,9,6,27,1,1,1,1.0,6.0,0.0,7.0,0.0,6.0,0.0,1.0,1,1,3.0,2.0,2.0,2.0,0.0,70.0,1,0.0,3.0,1,4,0,1,0,0,0,1,1,0,0,0,0,0,0,0,1,1,0,0,0,4,10,15
201100044360,11,12,10,5,2,2,2.0,3.0,0.0,7.0,0.0,0.0,2.0,1.0,1,1,4.0,2.0,2.0,1.0,0.0,250.0,1,0.0,1.0,2,1,4,2,0,0,2,4,0,6,0,0,0,2,0,4,0,1,0,0,0,3,0,30
200600075955,6,12,5,5,2,1,1.0,3.0,0.0,7.0,0.0,0.0,2.0,0.0,1,1,4.0,2.0,2.0,0.0,0.0,0.0,-1,0.0,0.0,2,1,8,0,2,0,2,4,0,8,0,0,0,0,0,8,0,1,0,1,0,2,23,25
201600027467,16,2,17,1,2,4,1.0,6.0,0.0,7.0,0.0,0.0,1.0,1.0,1,1,4.0,2.0,2.0,1.0,0.0,36.0,1,0.0,1.0,1,1,0,2,0,1,0,1,0,0,2,0,0,0,0,1,1,1,0,0,0,2,10,27
200800058601,8,10,12,1,1,2,1.0,3.0,0.0,7.0,0.0,0.0,2.0,1.0,1,1,3.0,2.0,2.0,1.0,0.0,0.0,1,0.0,1.0,2,1,2,2,0,0,0,4,0,0,4,0,0,0,0,0,4,1,0,0,0,2,11,10
201700007158,17,6,21,1,1,1,1.0,1.0,1.0,17.0,0.0,0.0,2.0,1.0,1,1,2.0,2.0,2.0,1.0,0.0,75.0,1,0.0,1.0,2,2,2,2,0,0,0,4,0,0,2,2,0,2,0,0,2,1,0,0,0,3,11,41
201700043930,17,11,10,5,2,1,1.0,6.0,1.0,31.0,0.0,0.0,1.0,0.0,1,2,3.0,3.0,2.0,1.0,0.0,0.0,1,0.0,1.0,1,1,1,1,0,1,1,0,0,0,2,0,0,0,0,2,0,0,0,0,0,2,19,20
201000051093,10,1,11,5,2,1,1.0,2.0,0.0,7.0,0.0,0.0,2.0,2.0,1,1,3.0,1.0,1.0,2.0,0.0,0.0,1,0.0,1.0,2,1,2,4,0,0,2,4,4,0,2,0,0,2,0,4,0,1,1,0,0,2,23,50
201000058376,10,8,27,1,2,1,1.0,6.0,0.0,7.0,0.0,13.0,0.0,1.0,1,1,4.0,2.0,2.0,3.0,0.0,88.0,1,0.0,1.0,1,3,0,1,0,0,0,1,0,1,0,0,0,0,0,0,1,1,0,0,0,3,11,45
200600041716,6,7,14,5,2,1,1.0,7.0,0.0,32.0,0.0,0.0,1.0,1.0,1,2,4.0,2.0,2.0,1.0,0.0,60.0,1,0.0,1.0,1,1,2,0,0,1,0,1,0,0,2,0,0,0,1,1,0,1,0,0,0,2,23,15
200900051389,9,6,13,2,1,1,1.0,6.0,0.0,7.0,0.0,13.0,0.0,1.0,2,1,1.0,3.0,4.0,1.0,0.0,0.0,1,3.0,3.0,1,3,2,0,0,0,1,1,0,1,1,0,0,0,0,2,0,1,0,0,0,3,6,45
201100040685,11,10,21,5,2,1,1.0,1.0,0.0,7.0,0.0,0.0,2.0,15.0,1,1,4.0,2.0,3.0,3.0,0.0,130.0,1,0.0,1.0,2,1,4,2,0,0,2,4,0,0,6,0,0,4,0,2,0,1,0,0,0,2,19,50
200500029493,5,5,6,1,2,1,1.0,3.0,0.0,7.0,0.0,0.0,2.0,15.0,1,1,4.0,1.0,3.0,2.0,0.0,100.0,1,0.0,1.0,2,1,2,2,0,0,0,4,2,2,0,0,0,2,0,2,0,1,0,0,0,3,9,55
200600041016,6,7,5,1,2,2,2.0,3.0,0.0,7.0,0.0,0.0,2.0,9.0,1,1,4.0,2.0,2.0,1.0,0.0,80.0,1,0.0,1.0,2,1,2,2,0,0,0,4,0,0,4,0,0,2,0,2,0,1,0,1,0,2,13,25
200600071843,6,11,30,1,1,1,5.0,1.0,0.0,7.0,0.0,0.0,2.0,9.0,1,-1,3.0,2.0,2.0,1.0,0.0,54.0,1,0.0,1.0,2,2,2,2,0,0,0,4,2,0,0,0,2,2,0,2,0,1,0,0,0,2,8,0
201300022362,13,4,13,1,2,1,1.0,1.0,0.0,7.0,0.0,0.0,2.0,0.0,1,-1,4.0,2.0,2.0,1.0,0.0,132.0,1,0.0,1.0,2,1,4,2,0,0,2,4,0,6,0,0,0,2,2,2,0,0,0,0,0,2,0,45
200600042651,6,7,8,1,1,1,1.0,6.0,0.0,33.0,0.0,4.0,0.0,15.0,1,0,3.0,2.0,2.0,1.0,0.0,60.0,1,0.0,1.0,1,3,1,0,0,0,0,1,0,0,1,0,0,1,0,0,0,1,0,0,0,3,20,15
201000034340,10,6,14,1,2,1,1.0,7.0,0.0,1.0,0.0,12.0,0.0,1.0,1,-1,4.0,2.0,2.0,1.0,0.0,60.0,1,0.0,1.0,1,2,0,1,0,0,0,1,0,1,0,0,0,0,0,1,0,0,0,0,0,2,17,50
200500072269,5,11,13,3,1,1,1.0,1.0,0.0,7.0,0.0,0.0,2.0,1.0,1,1,2.0,2.0,2.0,1.0,0.0,70.0,1,0.0,1.0,2,2,6,6,2,0,6,4,0,8,4,0,0,2,4,6,0,1,0,0,0,2,20,20
200900040894,9,12,14,5,2,2,1.0,6.0,0.0,7.0,0.0,0.0,1.0,16.0,3,-1,4.0,2.0,1.0,1.0,0.0,117.0,1,0.0,1.0,1,2,1,1,0,1,0,1,0,0,1,1,0,2,0,0,0,1,0,0,0,2,17,5
201700007253,17,2,15,1,1,1,1.0,1.0,2.0,17.0,0.0,0.0,2.0,1.0,1,1,3.0,2.0,2.0,1.0,0.0,84.0,1,0.0,1.0,2,3,4,0,0,0,0,4,0,0,0,2,2,2,0,2,0,1,0,0,0,4,16,42
201600057249,16,6,5,5,2,1,2.0,2.0,1.0,7.0,0.0,0.0,2.0,2.0,1,1,4.0,1.0,4.0,1.0,15.0,140.0,1,0.0,1.0,2,3,4,0,0,0,0,4,0,0,4,0,0,2,0,2,0,1,1,0,0,3,3,10
200900064415,9,8,24,1,2,1,1.0,4.0,0.0,7.0,0.0,0.0,2.0,2.0,1,1,4.0,2.0,3.0,1.0,0.0,60.0,1,0.0,1.0,3,1,9,3,0,0,3,9,0,0,9,0,3,6,0,6,0,1,1,0,0,2,17,35
201200038080,12,5,31,1,1,1,1.0,2.0,0.0,7.0,0.0,0.0,2.0,23.0,1,-1,2.0,3.0,4.0,1.0,20.0,140.0,1,0.0,1.0,2,1,4,2,0,0,2,4,0,0,6,0,0,4,0,2,0,1,1,0,0,2,20,47
200500030988,5,5,19,1,2,1,1.0,6.0,0.0,2.0,0.0,1.0,0.0,1.0,1,2,4.0,1.0,3.0,1.0,0.0,90.0,1,0.0,1.0,1,2,0,1,0,0,0,1,0,0,1,0,0,0,1,0,0,1,0,0,0,2,19,0
201500049321,15,11,24,3,1,1,8.0,4.0,0.0,7.0,0.0,0.0,2.0,2.0,1,1,1.0,3.0,3.0,1.0,20.0,105.0,1,0.0,1.0,4,1,8,12,0,0,4,16,4,0,4,4,8,8,0,8,4,1,1,0,0,3,18,0
200900050306,9,4,9,1,2,1,1.0,7.0,0.0,33.0,0.0,4.0,0.0,1.0,1,2,4.0,2.0,2.0,2.0,40.0,60.0,1,0.0,3.0,1,2,1,0,0,0,0,1,0,0,1,0,0,0,0,1,0,1,0,0,0,2,19,10
200700037314,7,6,7,1,2,1,1.0,1.0,0.0,7.0,0.0,0.0,2.0,15.0,1,1,4.0,2.0,2.0,0.0,30.0,60.0,1,0.0,1.0,2,1,2,2,0,0,0,4,0,4,0,0,0,2,0,2,0,1,0,0,0,2,18,30
201200013627,12,7,9,1,2,1,1.0,7.0,0.0,30.0,0.0,0.0,9.0,1.0,1,2,4.0,2.0,2.0,1.0,0.0,0.0,1,0.0,1.0,1,2,1,1,0,0,1,1,0,1,1,0,0,1,0,1,0,0,0,0,0,2,16,39
200500018632,5,4,27,1,2,1,1.0,3.0,0.0,7.0,0.0,0.0,2.0,24.0,1,0,4.0,2.0,2.0,1.0,0.0,100.0,1,0.0,1.0,2,1,2,2,0,0,0,4,0,0,4,0,0,2,0,0,2,1,0,0,1,3,14,30
201700041994,17,6,21,2,2,1,1.0,7.0,2.0,99.0,0.0,0.0,0.0,2.0,1,0,4.0,2.0,2.0,1.0,0.0,0.0,1,0.0,1.0,1,4,1,0,0,0,0,1,0,0,1,0,0,0,0,1,0,0,0,0,0,4,21,25
201100031284,11,10,22,5,2,1,1.0,6.0,0.0,7.0,0.0,0.0,1.0,1.0,1,1,4.0,3.0,2.0,1.0,0.0,0.0,1,0.0,1.0,1,1,2,0,0,1,0,1,0,1,1,0,0,0,0,2,0,1,0,0,0,2,23,42
201500027212,15,2,11,1,2,1,7.0,6.0,0.0,7.0,0.0,0.0,1.0,9.0,1,1,4.0,2.0,2.0,1.0,21.0,101.0,1,0.0,1.0,1,1,2,1,0,2,0,1,0,0,3,0,0,1,0,0,2,1,0,0,0,4,16,10
200800016486,8,3,14,1,1,1,1.0,1.0,0.0,2.0,0.0,0.0,2.0,13.0,1,2,3.0,2.0,2.0,1.0,0.0,60.0,1,0.0,1.0,2,3,4,0,0,0,0,4,2,0,0,2,0,2,0,2,0,1,0,1,0,3,14,0
200600030719,6,6,14,1,2,1,1.0,3.0,0.0,2.0,0.0,1.0,0.0,19.0,1,2,3.0,2.0,2.0,1.0,0.0,51.0,1,0.0,1.0,2,3,2,2,0,0,0,4,0,0,2,2,0,0,2,2,0,1,0,0,0,3,17,15
201000037302,10,7,27,1,2,1,1.0,6.0,0.0,7.0,0.0,0.0,1.0,20.0,1,1,4.0,1.0,1.0,1.0,0.0,0.0,1,0.0,1.0,1,1,0,2,0,1,0,1,0,2,0,0,0,0,0,1,1,0,1,0,0,2,18,45
201500051401,15,4,23,1,2,1,1.0,3.0,0.0,33.0,0.0,0.0,2.0,17.0,1,2,4.0,2.0,6.0,1.0,0.0,0.0,1,0.0,1.0,2,2,4,0,0,0,0,4,0,0,0,2,2,2,0,0,2,1,0,1,0,2,21,0
201200029048,12,11,29,1,2,1,1.0,4.0,0.0,7.0,0.0,0.0,2.0,1.0,1,-1,4.0,2.0,2.0,1.0,0.0,0.0,1,0.0,1.0,3,1,6,6,0,0,3,9,0,6,6,0,0,9,0,3,0,1,1,0,0,2,13,25
200500015223,5,3,3,1,2,2,1.0,3.0,0.0,10.0,0.0,0.0,2.0,16.0,1,1,2.0,3.0,0.0,2.0,0.0,0.0,1,0.0,1.0,2,1,4,2,2,0,0,4,0,2,2,2,0,0,0,6,0,1,0,0,0,3,15,5
201700001045,17,12,31,3,1,1,9.0,3.0,2.0,7.0,0.0,0.0,2.0,17.0,1,1,3.0,2.0,2.0,1.0,0.0,61.0,1,0.0,1.0,2,1,4,6,0,2,4,4,0,0,10,0,0,0,2,8,0,1,0,1,0,2,19,10
201600024679,16,5,26,1,2,1,1.0,1.0,1.0,10.0,0.0,0.0,2.0,17.0,1,1,4.0,2.0,2.0,2.0,0.0,70.0,1,0.0,1.0,2,1,4,0,0,0,0,4,0,2,0,2,0,0,0,4,0,1,0,0,0,4,10,15
201700051926,17,1,17,2,1,1,1.0,4.0,1.0,10.0,0.0,0.0,2.0,23.0,1,1,1.0,3.0,3.0,1.0,20.0,105.0,1,0.0,1.0,3,2,6,3,0,0,0,9,6,0,0,0,3,6,0,3,0,1,1,0,0,2,7,40
201600028560,16,11,10,5,2,3,1.0,3.0,2.0,7.0,0.0,0.0,9.0,0.0,1,1,4.0,0.0,2.0,1.0,0.0,0.0,1,0.0,1.0,2,1,2,2,0,0,0,4,0,4,0,0,0,0,0,4,0,1,0,0,0,3,18,25
201600026850,16,1,29,1,2,3,1.0,2.0,0.0,1.0,0.0,0.0,2.0,0.0,1,0,4.0,2.0,2.0,1.0,0.0,0.0,1,0.0,1.0,2,3,2,2,0,0,0,4,0,4,0,0,0,2,0,0,2,0,0,0,0,3,13,10