Num_Acc,an,mois,jour,lum,agg,int,atm,col,senc,catv,occutc,obs,obsm,manv,catu,secu,catr,circ,nbv,prof,lartpc,larrout,surf,infra,situ,nb_veh,grav_simpl,Homme,Femme,Arrière,Autre_x,Avant,Conducteur,Autre_y,Inconnu,Loisirs,Professionnel,Travail,Adulte,Enfant,Jeune,Senior,choc_avant,choc_arriere,choc_lateral,choc_multiple,grav_order_max,heure,minute
200500054409,5,9,1,1,1,1,1.0,4.0,0.0,17.0,0.0,0.0,0.0,24.0,1,-1,2.0,3.0,4.0,1.0,25.0,144.0,1,0.0,2.0,3,1,12,3,0,0,6,9,0,6,3,6,0,12,0,3,0,1,1,0,0,4,14,15
201000014832,10,12,13,5,1,1,1.0,7.0,0.0,7.0,0.0,2.0,0.0,1.0,1,0,3.0,2.0,2.0,1.0,0.0,0.0,-1,0.0,1.0,1,3,0,1,0,0,0,1,1,0,0,0,0,0,0,0,1,1,0,0,0,3,18,0
201200008588,12,12,24,3,2,1,1.0,6.0,0.0,7.0,0.0,0.0,1.0,1.0,1,1,4.0,2.0,0.0,1.0,0.0,0.0,1,6.0,1.0,1,1,1,1,0,1,0,1,1,0,1,0,0,1,0,0,1,1,0,0,0,3,17,45
201200046516,12,4,27,1,2,1,1.0,6.0,0.0,7.0,0.0,0.0,1.0,4.0,1,1,4.0,2.0,2.0,1.0,0.0,60.0,1,0.0,1.0,1,1,2,0,0,1,0,1,0,0,2,0,0,1,0,0,1,0,1,0,0,2,14,10
201700033529,17,7,21,1,2,2,2.0,3.0,2.0,7.0,0.0,0.0,2.0,19.0,1,1,3.0,2.0,2.0,1.0,0.0,0.0,1,0.0,1.0,2,1,0,6,0,0,2,4,0,0,6,0,0,0,0,4,2,1,0,1,0,2,20,45
200600046185,6,8,1,1,1,1,1.0,3.0,0.0,7.0,0.0,0.0,2.0,19.0,1,1,3.0,2.0,2.0,2.0,0.0,77.0,1,0.0,1.0,2,2,2,2,0,0,0,4,0,0,2,2,0,2,0,0,2,1,0,0,0,2,16,45
201600049771,16,6,17,1,1,1,2.0,4.0,2.0,7.0,0.0,0.0,2.0,2.0,1,1,1.0,3.0,6.0,1.0,10.0,210.0,1,0.0,1.0,3,1,12,9,9,0,3,9,15,3,0,3,0,9,12,0,0,1,1,0,0,2,8,10
201100020384,11,5,11,1,2,1,1.0,6.0,0.0,7.0,0.0,0.0,1.0,1.0,1,1,4.0,2.0,1.0,1.0,0.0,20.0,1,0.0,1.0,1,1,1,1,0,1,0,1,2,0,0,0,0,0,1,0,1,1,0,0,0,2,9,55
200600050213,6,8,23,1,2,1,1.0,7.0,0.0,7.0,0.0,0.0,0.0,1.0,1,1,3.0,2.0,0.0,1.0,0.0,0.0,1,0.0,1.0,1,2,1,0,0,0,0,1,0,1,0,0,0,0,0,0,1,0,0,1,0,2,10,30
200800028181,8,5,15,1,1,1,1.0,1.0,0.0,33.0,0.0,0.0,2.0,1.0,1,2,3.0,2.0,2.0,1.0,0.0,0.0,1,0.0,1.0,2,3,4,0,0,0,0,4,0,4,0,0,0,2,0,2,0,1,0,0,0,3,19,15
201700033091,17,2,3,1,2,1,2.0,6.0,0.0,7.0,0.0,0.0,1.0,1.0,1,1,4.0,2.0,2.0,1.0,0.0,77.0,1,0.0,1.0,1,1,2,0,0,1,0,1,2,0,0,0,0,0,0,1,1,1,0,0,0,2,16,45
201100042481,11,4,7,1,2,1,1.0,6.0,0.0,7.0,0.0,15.0,0.0,0.0,1,1,3.0,2.0,2.0,2.0,0.0,90.0,1,0.0,1.0,1,2,1,0,0,0,0,1,1,0,0,0,0,0,0,0,1,1,0,0,0,2,16,15
201500011749,15,9,22,1,1,1,1.0,5.0,0.0,37.0,0.0,0.0,0.0,1.0,1,1,3.0,2.0,2.0,4.0,0.0,35.0,1,0.0,1.0,3,1,3,6,0,0,0,9,3,0,0,3,3,6,0,3,0,1,1,0,0,2,7,0
201300053077,13,4,17,5,2,1,1.0,3.0,0.0,7.0,0.0,0.0,2.0,11.0,1,1,4.0,3.0,0.0,1.0,20.0,160.0,1,0.0,1.0,2,1,2,2,0,0,0,4,0,2,2,0,0,2,0,2,0,0,0,1,0,2,20,30
200700014812,7,3,14,5,2,1,1.0,3.0,0.0,7.0,0.0,0.0,2.0,16.0,1,1,4.0,3.0,2.0,1.0,0.0,60.0,1,0.0,1.0,2,1,2,2,0,0,0,4,0,2,2,0,0,0,0,4,0,1,0,1,0,2,20,25
200800069788,8,12,9,1,1,1,3.0,5.0,0.0,10.0,0.0,0.0,2.0,12.0,1,1,1.0,3.0,2.0,4.0,10.0,70.0,1,0.0,1.0,3,2,9,3,0,0,3,9,0,3,3,6,0,6,0,6,0,1,1,1,0,2,10,30
200700054113,7,9,27,1,1,1,1.0,2.0,0.0,7.0,0.0,13.0,2.0,17.0,1,1,3.0,2.0,2.0,2.0,0.0,45.0,1,0.0,1.0,2,2,4,0,0,0,0,4,0,0,0,2,2,2,0,2,0,1,1,0,0,2,17,0
200600044368,6,7,1,1,1,1,1.0,3.0,0.0,7.0,0.0,0.0,2.0,19.0,1,1,2.0,3.0,0.0,0.0,0.0,0.0,1,5.0,1.0,2,1,8,6,4,2,4,4,0,10,4,0,0,4,6,0,4,1,0,0,0,3,19,35
201000023562,10,7,12,1,2,2,1.0,3.0,0.0,7.0,0.0,0.0,2.0,1.0,1,1,9.0,1.0,1.0,1.0,0.0,0.0,1,0.0,1.0,2,1,4,4,2,0,2,4,0,0,8,0,0,4,0,2,2,0,0,1,0,2,16,5
200700060772,7,10,24,1,1,1,1.0,6.0,0.0,7.0,0.0,1.0,0.0,1.0,1,1,3.0,2.0,2.0,1.0,0.0,78.0,1,0.0,1.0,1,3,0,1,0,0,0,1,0,1,0,0,0,0,0,0,1,1,0,0,0,3,17,30
200800022338,8,4,10,1,1,1,2.0,5.0,0.0,7.0,0.0,0.0,2.0,1.0,1,1,1.0,3.0,4.0,1.0,20.0,130.0,1,3.0,1.0,5,1,10,20,5,0,0,25,0,5,20,5,0,15,5,5,5,1,1,1,0,2,10,45
201200054726,12,6,10,1,2,2,1.0,6.0,1.0,7.0,0.0,0.0,1.0,4.0,3,-1,4.0,1.0,1.0,1.0,0.0,80.0,1,0.0,1.0,1,2,0,1,0,1,0,0,0,0,1,0,0,0,0,0,1,0,1,0,0,2,11,35
201400021471,14,12,8,1,2,6,1.0,6.0,0.0,7.0,0.0,0.0,1.0,1.0,1,1,4.0,3.0,2.0,1.0,0.0,85.0,1,0.0,1.0,1,1,0,2,0,1,0,1,1,1,0,0,0,2,0,0,0,1,0,0,0,2,9,40
200500003370,5,1,18,1,2,9,2.0,5.0,0.0,7.0,0.0,0.0,2.0,9.0,1,1,2.0,3.0,4.0,1.0,6.0,140.0,1,3.0,1.0,3,1,6,3,0,0,0,9,3,0,0,6,0,6,0,3,0,1,0,0,0,2,12,30
200700076097,7,12,27,3,1,1,1.0,5.0,0.0,7.0,0.0,3.0,2.0,1.0,1,1,1.0,3.0,3.0,1.0,0.0,0.0,1,0.0,1.0,3,3,6,3,0,0,0,9,0,0,9,0,0,6,0,3,0,1,1,0,0,3,10,30
200500065987,5,10,26,1,2,1,1.0,6.0,0.0,7.0,0.0,0.0,1.0,1.0,1,1,4.0,2.0,4.0,1.0,0.0,80.0,1,0.0,1.0,1,1,0,2,0,1,0,1,0,1,1,0,0,0,0,1,1,1,0,0,0,2,17,30
200500025359,5,5,12,1,2,1,1.0,1.0,0.0,7.0,0.0,0.0,2.0,5.0,1,1,3.0,2.0,0.0,4.0,50.0,0.0,1,0.0,1.0,2,2,2,2,0,0,0,4,0,2,2,0,0,0,0,2,2,1,0,0,0,2,12,30
200800055218,8,10,10,1,1,1,1.0,6.0,0.0,7.0,0.0,0.0,1.0,1.0,1,1,3.0,2.0,0.0,1.0,0.0,55.0,1,0.0,3.0,1,1,1,2,0,1,1,1,2,1,0,0,0,0,0,2,1,1,0,0,0,3,16,15
200900026106,9,8,25,1,2,1,2.0,7.0,0.0,30.0,0.0,0.0,0.0,0.0,1,2,3.0,2.0,0.0,1.0,0.0,41.0,1,0.0,1.0,1,2,0,1,0,0,0,1,0,0,0,0,1,0,0,1,0,0,0,0,0,2,11,0
201000034287,10,4,28,1,2,1,1.0,1.0,0.0,1.0,0.0,0.0,2.0,9.0,1,0,4.0,2.0,2.0,1.0,0.0,39.0,1,0.0,1.0,2,1,4,2,0,0,2,4,0,0,4,0,2,2,4,0,0,1,0,0,0,2,17,54
201000064345,10,5,23,1,2,1,1.0,2.0,0.0,2.0,0.0,0.0,2.0,23.0,1,-1,4.0,0.0,0.0,1.0,0.0,0.0,1,0.0,1.0,2,2,4,0,0,0,0,4,0,0,4,0,0,0,0,4,0,1,1,0,0,2,19,20
201600000193,16,11,15,2,1,1,5.0,1.0,2.0,38.0,0.0,0.0,2.0,1.0,1,-1,2.0,2.0,0.0,1.0,0.0,73.0,1,0.0,1.0,2,4,10,18,12,0,12,4,0,24,0,4,0,4,24,0,0,1,0,0,0,4,7,45
201000050014,10,4,27,1,2,1,1.0,6.0,0.0,7.0,0.0,0.0,1.0,0.0,1,1,4.0,1.0,1.0,1.0,0.0,30.0,1,0.0,1.0,1,1,1,1,0,1,0,1,0,2,0,0,0,2,0,0,0,0,0,1,0,2,19,50
201000049212,10,4,26,1,2,1,1.0,5.0,0.0,7.0,0.0,0.0,2.0,2.0,1,1,2.0,1.0,4.0,1.0,0.0,0.0,1,0.0,1.0,3,1,6,3,0,0,0,9,0,3,3,3,0,9,0,0,0,1,1,0,0,3,11,50
201100032528,11,7,4,1,2,6,1.0,2.0,0.0,7.0,0.0,0.0,2.0,0.0,1,1,4.0,2.0,2.0,1.0,0.0,60.0,1,0.0,1.0,2,1,2,4,0,0,2,4,0,4,2,0,0,2,0,0,4,1,1,0,0,2,20,0
200700044335,7,7,25,1,2,6,1.0,6.0,0.0,7.0,0.0,0.0,2.0,9.0,1,1,4.0,0.0,2.0,1.0,0.0,80.0,1,5.0,1.0,2,1,4,2,0,0,2,4,0,2,4,0,0,2,0,4,0,1,0,1,0,3,17,50
200700031991,7,6,10,2,2,1,5.0,6.0,0.0,7.0,0.0,2.0,0.0,5.0,1,1,3.0,2.0,2.0,1.0,0.0,70.0,1,0.0,3.0,1,3,1,0,0,0,0,1,1,0,0,0,0,0,0,1,0,1,0,0,0,3,5,0
200600007055,6,2,5,3,1,1,1.0,1.0,0.0,7.0,0.0,0.0,2.0,13.0,1,1,3.0,2.0,0.0,0.0,0.0,63.0,1,0.0,1.0,2,3,4,0,0,0,0,4,0,0,4,0,0,4,0,0,0,1,0,0,0,3,20,45
200700052446,7,7,16,1,2,1,1.0,1.0,0.0,30.0,0.0,0.0,2.0,15.0,1,2,4.0,2.0,0.0,2.0,0.0,0.0,1,0.0,0.0,2,3,2,2,0,0,0,4,0,4,0,0,0,2,0,2,0,1,0,0,0,3,13,15
200700038381,7,6,17,1,1,1,1.0,7.0,0.0,7.0,0.0,3.0,0.0,2.0,1,1,1.0,3.0,6.0,1.0,15.0,210.0,1,0.0,1.0,1,2,1,0,0,0,0,1,0,0,1,0,0,0,0,0,1,1,0,0,0,2,12,20
201300048626,13,4,24,1,1,1,1.0,6.0,0.0,7.0,0.0,0.0,2.0,0.0,1,1,1.0,3.0,6.0,1.0,10.0,180.0,1,0.0,1.0,3,1,3,9,0,0,3,9,0,9,0,0,3,9,3,0,0,0,1,1,0,2,16,35
201500038017,15,3,9,1,2,3,1.0,3.0,0.0,7.0,0.0,0.0,2.0,0.0,1,1,4.0,2.0,0.0,1.0,0.0,0.0,1,0.0,1.0,2,1,2,2,0,0,0,4,2,0,0,2,0,2,0,2,0,1,0,0,0,2,15,25
201600033333,16,10,3,1,2,3,1.0,3.0,0.0,33.0,0.0,0.0,2.0,1.0,1,2,4.0,2.0,3.0,2.0,0.0,0.0,1,0.0,1.0,2,2,4,0,0,0,0,4,0,0,4,0,0,0,0,2,2,1,1,0,0,2,16,5
201200000603,12,2,29,1,1,1,1.0,1.0,0.0,7.0,0.0,0.0,2.0,1.0,1,1,3.0,2.0,2.0,1.0,0.0,57.0,1,0.0,1.0,2,3,6,0,0,0,2,4,0,2,4,0,0,4,0,0,2,1,0,0,0,3,18,0
200700048995,7,8,17,1,2,1,1.0,6.0,0.0,1.0,0.0,0.0,0.0,11.0,1,-1,9.0,0.0,0.0,2.0,0.0,60.0,1,6.0,4.0,1,1,0,2,0,1,0,1,0,1,0,0,1,1,0,1,0,0,0,0,0,2,9,0
200700009546,7,2,13,5,2,3,1.0,3.0,0.0,7.0,0.0,0.0,2.0,15.0,1,1,3.0,2.0,2.0,1.0,0.0,91.0,1,0.0,1.0,2,1,4,0,0,0,0,4,0,0,4,0,0,2,0,2,0,1,0,0,0,2,20,0
200800047585,8,8,24,1,2,1,1.0,3.0,0.0,7.0,0.0,0.0,2.0,1.0,1,1,4.0,0.0,2.0,1.0,0.0,0.0,1,5.0,1.0,2,1,4,0,0,0,0,4,0,2,0,0,2,4,0,0,0,1,0,1,0,2,16,30
200600060138,6,10,29,3,1,1,1.0,4.0,0.0,7.0,0.0,0.0,2.0,2.0,1,1,2.0,3.0,2.0,1.0,70.0,75.0,1,0.0,1.0,5,1,30,10,5,0,10,25,0,20,20,0,0,30,5,0,5,1,1,1,0,4,0,15
200900000933,9,2,19,5,2,2,1.0,3.0,0.0,7.0,0.0,0.0,2.0,1.0,1,-1,4.0,2.0,4.0,1.0,210.0,170.0,1,0.0,1.0,2,1,4,0,0,0,0,4,0,0,2,2,0,2,0,2,0,0,0,1,0,2,1,20
201500041645,15,11,2,1,2,1,1.0,1.0,0.0,7.0,0.0,0.0,2.0,9.0,1,-1,4.0,2.0,1.0,1.0,0.0,0.0,1,0.0,1.0,2,1,4,0,0,0,0,4,2,0,0,2,0,2,0,2,0,1,0,0,0,3,12,13
200800061530,8,10,23,1,2,1,1.0,6.0,0.0,1.0,0.0,0.0,1.0,1.0,3,-1,4.0,1.0,1.0,1.0,5.0,77.0,1,0.0,5.0,1,1,1,1,0,1,0,1,0,0,0,1,1,2,0,0,0,1,0,0,0,2,16,55
200500028514,5,5,20,1,2,1,1.0,6.0,0.0,7.0,0.0,0.0,1.0,16.0,1,-1,4.0,0.0,1.0,1.0,0.0,30.0,1,0.0,1.0,1,1,1,1,0,1,0,1,0,0,2,0,0,0,1,0,1,0,0,1,0,3,18,25
200700043913,7,7,19,1,2,1,1.0,7.0,0.0,33.0,0.0,0.0,9.0,2.0,1,2,4.0,2.0,2.0,1.0,60.0,40.0,-1,0.0,1.0,1,2,1,0,0,0,0,1,0,0,1,0,0,1,0,0,0,0,0,1,0,2,17,15
200800046401,8,8,24,1,1,6,1.0,2.0,0.0,7.0,0.0,0.0,0.0,1.0,1,1,2.0,0.0,0.0,1.0,0.0,0.0,1,0.0,1.0,2,2,2,2,0,0,0,4,0,0,4,0,0,2,0,0,2,1,1,0,0,3,11,15
201400009587,14,4,5,5,2,4,1.0,6.0,0.0,7.0,0.0,2.0,0.0,15.0,1,1,3.0,2.0,2.0,1.0,0.0,70.0,1,0.0,3.0,1,3,1,0,0,0,0,1,0,0,1,0,0,1,0,0,0,1,0,0,0,3,21,15
201500012018,15,9,2,5,1,1,1.0,7.0,0.0,32.0,0.0,0.0,9.0,1.0,1,2,1.0,1.0,1.0,2.0,0.0,35.0,-1,3.0,1.0,1,3,2,0,0,0,1,1,0,1,1,0,0,0,0,2,0,0,0,1,0,3,21,30
200900003768,9,1,15,1,2,1,1.0,3.0,0.0,10.0,0.0,0.0,2.0,1.0,2,1,4.0,2.0,2.0,1.0,0.0,80.0,1,0.0,1.0,2,1,6,0,0,0,2,4,0,2,2,2,0,6,0,0,0,1,0,0,0,3,11,15
201600044193,16,6,18,1,2,1,1.0,2.0,1.0,7.0,0.0,0.0,2.0,1.0,1,1,3.0,3.0,2.0,1.0,0.0,-1.0,1,0.0,1.0,2,1,2,2,0,0,0,4,0,0,4,0,0,0,0,4,0,1,1,0,0,2,16,55
200900043369,9,9,24,2,1,1,1.0,2.0,0.0,7.0,0.0,0.0,2.0,2.0,1,1,3.0,3.0,3.0,1.0,20.0,105.0,1,0.0,1.0,2,2,0,4,0,0,0,4,0,0,2,0,2,4,0,0,0,1,1,0,0,2,19,45
200800055597,8,10,24,3,1,1,1.0,6.0,0.0,7.0,0.0,2.0,0.0,1.0,1,1,3.0,2.0,2.0,2.0,0.0,81.0,1,0.0,3.0,1,3,0,1,0,0,0,1,0,0,1,0,0,0,0,1,0,0,0,1,0,3,23,0
201000049888,10,6,16,1,2,2,1.0,3.0,0.0,33.0,0.0,0.0,9.0,1.0,1,2,4.0,1.0,1.0,1.0,0.0,80.0,1,0.0,1.0,2,3,0,4,0,0,2,2,0,0,0,0,4,4,0,0,0,1,1,0,0,3,8,15
201200027982,12,8,13,1,2,2,7.0,6.0,0.0,7.0,0.0,0.0,1.0,16.0,1,1,3.0,2.0,3.0,1.0,0.0,95.0,1,5.0,1.0,1,1,3,0,0,1,1,1,0,0,3,0,0,0,0,2,1,1,0,0,0,3,10,50
200800059952,8,10,21,1,1,1,2.0,3.0,0.0,7.0,0.0,0.0,2.0,2.0,1,1,2.0,2.0,2.0,1.0,0.0,70.0,1,0.0,1.0,2,2,2,2,0,0,0,4,0,0,2,2,0,4,0,0,0,0,1,1,0,2,14,35
201500043365,15,9,21,3,2,2,8.0,2.0,0.0,7.0,0.0,0.0,0.0,1.0,1,-1,4.0,1.0,2.0,1.0,0.0,0.0,1,0.0,1.0,2,1,4,2,0,0,2,4,0,0,6,0,0,2,4,0,0,1,1,0,0,2,22,45
201500000886,15,11,5,3,1,1,2.0,6.0,0.0,3.0,0.0,13.0,0.0,1.0,1,-1,3.0,2.0,2.0,1.0,0.0,76.0,1,0.0,1.0,1,3,1,0,0,0,0,1,0,0,0,0,1,1,0,0,0,0,0,0,1,3,23,15
200500049553,5,8,29,1,2,1,1.0,3.0,0.0,7.0,0.0,0.0,2.0,10.0,1,1,3.0,2.0,0.0,1.0,66.0,0.0,1,0.0,1.0,2,1,4,2,0,0,2,4,0,2,4,0,0,4,0,0,2,1,0,1,0,3,16,0
200600031565,6,6,4,1,1,1,1.0,3.0,0.0,2.0,0.0,0.0,2.0,17.0,1,2,3.0,2.0,2.0,2.0,0.0,0.0,1,0.0,1.0,2,3,4,0,0,0,0,4,0,0,4,0,0,2,0,2,0,1,0,0,0,3,18,30
201400002991,14,6,8,1,1,1,1.0,2.0,0.0,7.0,0.0,0.0,2.0,1.0,1,1,3.0,2.0,2.0,1.0,16.0,93.0,1,5.0,1.0,2,1,2,2,0,0,0,4,0,0,4,0,0,2,0,0,2,1,1,0,0,3,8,15
200800016619,8,3,1,3,1,1,6.0,6.0,0.0,30.0,0.0,8.0,0.0,1.0,1,2,3.0,2.0,1.0,0.0,0.0,55.0,1,0.0,3.0,1,3,2,0,0,0,1,1,0,1,1,0,0,0,1,1,0,1,0,0,0,3,20,45
200900039874,9,7,3,1,2,1,1.0,6.0,0.0,1.0,0.0,0.0,2.0,1.0,1,-1,4.0,1.0,2.0,1.0,0.0,0.0,1,0.0,1.0,2,2,4,0,0,0,0,4,2,0,2,0,0,2,0,2,0,0,0,0,0,2,16,58
200800068362,8,11,19,1,2,1,1.0,6.0,0.0,7.0,0.0,0.0,1.0,7.0,1,1,4.0,2.0,3.0,0.0,0.0,0.0,1,5.0,1.0,1,1,1,1,0,1,0,1,1,0,0,1,0,0,1,1,0,1,0,0,0,2,12,0
201000031072,10,9,7,1,1,1,2.0,4.0,0.0,7.0,0.0,0.0,2.0,2.0,1,-1,2.0,3.0,4.0,1.0,0.0,0.0,1,0.0,1.0,3,1,3,6,0,0,0,9,0,3,3,3,0,6,0,3,0,1,1,0,0,2,16,50
200500028382,5,5,20,1,2,1,1.0,1.0,0.0,14.0,0.0,0.0,2.0,16.0,1,9,4.0,3.0,2.0,1.0,19.0,122.0,1,0.0,5.0,2,1,4,0,0,0,0,4,0,0,0,4,0,0,0,2,2,1,0,0,0,2,12,50
201000034707,10,12,22,1,2,4,2.0,3.0,0.0,7.0,0.0,0.0,2.0,5.0,1,1,4.0,1.0,1.0,1.0,0.0,0.0,1,0.0,1.0,2,1,2,4,0,0,2,4,0,0,6,0,0,4,0,0,2,1,0,0,0,3,15,30
201300047702,13,9,3,3,1,1,1.0,6.0,1.0,10.0,0.0,0.0,2.0,14.0,1,1,1.0,3.0,6.0,1.0,15.0,210.0,1,0.0,1.0,2,2,2,0,0,0,0,2,0,2,0,0,0,0,0,2,0,1,1,0,0,2,1,30
200500067749,5,10,3,1,2,2,1.0,3.0,0.0,7.0,0.0,0.0,2.0,12.0,1,1,4.0,1.0,4.0,1.0,0.0,120.0,1,0.0,1.0,2,1,4,0,0,0,0,4,0,0,2,2,0,2,0,0,2,1,0,0,0,2,15,40
200600069094,6,11,26,5,2,1,1.0,4.0,0.0,5.0,0.0,0.0,2.0,18.0,1,2,4.0,3.0,3.0,1.0,15.0,90.0,1,0.0,1.0,4,2,12,4,0,0,0,16,4,0,8,0,4,16,0,0,0,1,1,1,0,2,20,10
201000049362,10,10,10,1,2,1,1.0,6.0,0.0,7.0,0.0,0.0,1.0,4.0,1,1,4.0,2.0,2.0,2.0,0.0,60.0,1,0.0,1.0,1,1,2,0,0,1,0,1,0,0,2,0,0,2,0,0,0,0,1,0,0,2,11,55
201600029077,16,9,8,1,2,1,1.0,6.0,1.0,7.0,0.0,0.0,1.0,1.0,1,1,9.0,2.0,2.0,1.0,0.0,60.0,1,0.0,1.0,1,1,2,0,0,1,0,1,1,0,0,0,1,1,0,1,0,1,0,0,0,3,8,15
201000021686,10,7,23,1,2,1,1.0,6.0,0.0,7.0,0.0,0.0,1.0,1.0,1,1,4.0,4.0,0.0,0.0,0.0,0.0,-1,0.0,1.0,1,1,1,1,0,1,0,1,0,2,0,0,0,1,0,0,1,1,0,0,0,2,17,0
200600057084,6,9,13,2,2,1,1.0,3.0,0.0,7.0,0.0,0.0,2.0,22.0,1,0,3.0,2.0,2.0,1.0,0.0,80.0,1,0.0,1.0,2,1,0,4,0,0,0,4,0,0,0,0,4,2,0,2,0,1,0,1,0,2,8,5
201700033828,17,8,6,1,1,1,1.0,6.0,2.0,7.0,0.0,13.0,0.0,21.0,1,1,1.0,3.0,4.0,1.0,12.0,72.0,1,0.0,3.0,1,3,1,0,0,0,0,1,0,0,1,0,0,1,0,0,0,1,0,0,0,3,11,45
200900018162,9,6,11,1,2,2,1.0,7.0,0.0,7.0,0.0,13.0,0.0,17.0,2,1,4.0,2.0,2.0,1.0,0.0,59.0,1,0.0,1.0,1,1,2,0,0,0,1,1,0,0,2,0,0,0,0,2,0,1,0,0,0,2,8,50
201500048112,15,10,2,1,2,1,1.0,3.0,0.0,33.0,0.0,0.0,2.0,21.0,1,2,4.0,2.0,3.0,1.0,0.0,105.0,1,0.0,1.0,2,2,2,4,0,0,2,4,0,6,0,0,0,4,0,2,0,1,0,1,0,2,16,30
201000025926,10,6,4,5,2,2,1.0,3.0,0.0,7.0,0.0,0.0,2.0,2.0,1,1,4.0,1.0,1.0,1.0,0.0,55.0,1,0.0,1.0,2,1,4,0,0,0,0,4,0,0,4,0,0,0,2,2,0,1,0,0,0,3,22,0
201100045922,11,11,21,5,2,3,1.0,3.0,0.0,33.0,0.0,0.0,2.0,18.0,1,2,4.0,2.0,2.0,1.0,0.0,0.0,1,0.0,1.0,2,2,4,0,0,0,0,4,0,0,2,0,2,2,0,2,0,1,0,0,0,2,19,55
200600011476,6,3,11,1,2,1,1.0,3.0,0.0,5.0,0.0,0.0,2.0,0.0,1,2,4.0,3.0,3.0,1.0,31.0,92.0,1,5.0,1.0,2,3,2,2,0,0,0,4,0,0,2,0,2,2,0,2,0,1,0,0,0,3,8,0
201200010581,12,1,19,1,2,1,1.0,6.0,0.0,30.0,0.0,0.0,2.0,0.0,1,-1,4.0,2.0,4.0,2.0,0.0,130.0,-1,0.0,1.0,2,3,2,2,0,0,0,4,0,4,0,0,0,2,0,0,2,1,0,1,0,3,16,59
201500018636,15,5,11,1,1,1,1.0,6.0,0.0,7.0,0.0,0.0,1.0,4.0,1,-1,3.0,2.0,2.0,1.0,0.0,0.0,1,0.0,3.0,1,1,2,0,0,1,0,1,1,0,0,0,1,1,0,1,0,0,1,0,0,3,7,45
200900014502,9,5,30,1,2,1,1.0,4.0,0.0,7.0,0.0,0.0,2.0,0.0,1,1,3.0,0.0,2.0,1.0,0.0,60.0,1,0.0,1.0,3,1,6,6,3,0,0,9,0,0,12,0,0,6,3,3,0,1,1,0,0,2,17,0
200600009306,6,2,4,1,2,1,1.0,7.0,0.0,5.0,0.0,0.0,0.0,21.0,1,2,4.0,2.0,2.0,1.0,0.0,60.0,1,0.0,1.0,1,1,1,1,0,0,1,1,0,1,1,0,0,2,0,0,0,0,0,0,0,2,16,5
200800047027,8,8,10,1,1,1,1.0,6.0,0.0,7.0,0.0,13.0,0.0,1.0,1,1,3.0,2.0,2.0,2.0,0.0,0.0,1,0.0,0.0,1,3,1,2,1,0,1,1,0,2,1,0,0,0,0,0,3,1,0,0,0,4,11,0
200600064750,6,10,10,1,2,3,1.0,2.0,0.0,7.0,0.0,0.0,0.0,1.0,1,-1,4.0,2.0,2.0,4.0,0.0,59.0,1,0.0,1.0,2,1,2,2,0,0,0,4,0,2,0,0,2,2,0,2,0,1,1,0,0,3,14,0
201400031079,14,8,14,1,2,1,1.0,3.0,0.0,7.0,0.0,0.0,2.0,1.0,1,1,4.0,2.0,2.0,1.0,0.0,0.0,1,0.0,1.0,2,1,2,2,0,0,0,4,0,0,4,0,0,0,2,2,0,1,0,1,0,3,16,50
200600012315,6,3,2,1,2,1,1.0,6.0,0.0,18.0,0.0,0.0,1.0,1.0,1,-1,4.0,2.0,5.0,1.0,0.0,150.0,1,0.0,1.0,1,1,2,0,0,1,0,1,0,0,1,1,0,1,0,1,0,0,0,1,0,2,14,30
201500049940,15,1,13,5,1,1,1.0,3.0,0.0,1.0,0.0,0.0,2.0,1.0,1,2,1.0,1.0,3.0,1.0,15.0,105.0,1,0.0,1.0,2,3,2,2,0,0,0,4,0,0,0,0,4,4,0,0,0,0,0,1,0,3,7,45
201100052744,11,8,27,1,2,3,1.0,3.0,0.0,33.0,0.0,0.0,2.0,1.0,1,2,3.0,1.0,2.0,1.0,0.0,70.0,1,0.0,1.0,2,2,4,2,0,0,2,4,0,2,4,0,0,4,0,0,2,1,0,0,0,3,11,10
201600025541,16,6,10,1,2,3,1.0,3.0,0.0,7.0,0.0,0.0,2.0,19.0,1,1,4.0,0.0,2.0,1.0,0.0,0.0,1,0.0,1.0,2,1,4,0,0,0,0,4,2,0,0,2,0,2,0,2,0,1,1,0,0,3,17,35
200900069683,9,12,10,1,2,1,8.0,7.0,0.0,33.0,0.0,0.0,0.0,1.0,1,2,4.0,2.0,2.0,2.0,0.0,60.0,1,0.0,1.0,1,3,1,0,0,0,0,1,0,0,1,0,0,0,0,1,0,0,0,1,0,3,16,35
200900061807,9,5,31,2,1,5,1.0,3.0,0.0,7.0,0.0,0.0,2.0,1.0,2,1,3.0,2.0,2.0,1.0,0.0,0.0,1,5.0,1.0,2,2,2,4,0,0,2,4,0,2,4,0,0,0,0,0,6,1,0,1,0,3,22,0
201600038549,16,3,12,1,2,1,1.0,7.0,0.0,7.0,0.0,0.0,1.0,9.0,1,1,4.0,0.0,1.0,1.0,0.0,65.0,1,0.0,4.0,1,1,1,1,0,1,0,1,0,0,2,0,0,1,1,0,0,1,0,0,0,2,11,15
201200042139,12,8,29,1,2,3,1.0,3.0,0.0,33.0,0.0,0.0,2.0,0.0,1,2,3.0,2.0,0.0,1.0,0.0,0.0,1,0.0,1.0,2,2,4,0,0,0,0,4,0,4,0,0,0,4,0,0,0,1,0,0,0,2,15,0