Num_Acc,an,mois,jour,lum,agg,int,atm,col,senc,catv,occutc,obs,obsm,manv,catu,secu,catr,circ,nbv,prof,lartpc,larrout,surf,infra,situ,nb_veh,grav_simpl,Homme,Femme,Arrière,Autre_x,Avant,Conducteur,Autre_y,Inconnu,Loisirs,Professionnel,Travail,Adulte,Enfant,Jeune,Senior,choc_avant,choc_arriere,choc_lateral,choc_multiple,grav_order_max,heure,minute
200500082166,5,12,13,5,2,1,1.0,3.0,0.0,7.0,0.0,0.0,2.0,17.0,1,1,3.0,3.0,2.0,1.0,40.0,122.0,1,0.0,1.0,2,1,4,0,0,0,0,4,0,0,2,2,0,0,0,4,0,1,0,1,0,3,17,45
201700004781,17,6,13,1,2,1,1.0,6.0,1.0,7.0,0.0,0.0,1.0,15.0,1,1,4.0,1.0,1.0,1.0,0.0,40.0,1,0.0,1.0,1,1,0,2,0,1,0,1,0,1,1,0,0,2,0,0,0,1,0,0,0,2,18,30
200500067873,5,10,8,5,2,1,1.0,2.0,0.0,7.0,0.0,0.0,2.0,1.0,1,1,4.0,2.0,2.0,1.0,0.0,60.0,1,0.0,1.0,2,1,2,2,0,0,0,4,0,0,4,0,0,2,0,2,0,1,1,0,0,2,20,55
201100017274,11,1,21,1,1,1,1.0,4.0,0.0,7.0,0.0,0.0,2.0,12.0,1,1,1.0,3.0,2.0,1.0,0.0,78.0,1,3.0,1.0,4,2,4,12,0,0,0,16,0,4,0,4,8,8,0,8,0,1,1,0,0,2,17,15
201400009265,14,1,9,3,1,1,8.0,6.0,0.0,7.0,0.0,2.0,0.0,1.0,1,1,4.0,2.0,2.0,2.0,0.0,46.0,1,0.0,3.0,1,4,1,0,0,0,0,1,1,0,0,0,0,0,0,1,0,0,0,1,0,4,18,30
200900031500,9,6,17,1,2,9,1.0,1.0,0.0,7.0,0.0,0.0,2.0,1.0,2,-1,4.0,2.0,2.0,1.0,0.0,75.0,-1,0.0,0.0,2,1,4,2,0,0,2,4,2,2,2,0,0,6,0,0,0,1,0,0,0,2,20,0
201700044303,17,2,27,1,2,1,1.0,6.0,0.0,7.0,0.0,0.0,1.0,2.0,1,1,4.0,0.0,2.0,0.0,0.0,60.0,1,0.0,0.0,1,1,1,1,0,1,0,1,0,2,0,0,0,1,0,1,0,1,0,0,0,2,15,15
200700041166,7,7,15,1,2,1,1.0,1.0,0.0,7.0,0.0,0.0,0.0,1.0,1,1,3.0,2.0,2.0,0.0,0.0,0.0,1,0.0,1.0,2,1,4,0,0,0,0,4,2,0,2,0,0,4,0,0,0,1,1,0,0,2,11,0
201300036021,13,8,28,1,2,1,1.0,2.0,0.0,14.0,0.0,0.0,2.0,1.0,1,1,2.0,2.0,2.0,1.0,0.0,0.0,1,0.0,1.0,2,1,4,0,0,0,0,4,0,4,0,0,0,2,0,0,2,1,0,1,0,3,10,45
201300025901,13,6,23,1,2,6,1.0,3.0,0.0,7.0,0.0,0.0,2.0,1.0,1,1,4.0,2.0,2.0,1.0,0.0,60.0,1,0.0,1.0,2,1,0,4,0,0,0,4,0,4,0,0,0,4,0,0,0,1,1,0,0,3,19,15
200800044972,8,8,6,1,1,2,1.0,7.0,0.0,33.0,0.0,0.0,0.0,0.0,1,2,2.0,2.0,2.0,1.0,80.0,80.0,1,0.0,1.0,1,2,2,0,0,0,0,2,0,2,0,0,0,1,0,1,0,0,0,0,0,2,19,35
201300056666,13,10,14,1,2,1,1.0,3.0,0.0,31.0,0.0,0.0,2.0,3.0,1,2,4.0,1.0,4.0,1.0,15.0,140.0,1,0.0,1.0,2,2,4,0,0,0,0,4,0,0,2,0,2,0,0,4,0,1,0,0,0,2,13,50
201200030205,12,12,11,5,2,2,1.0,7.0,0.0,7.0,0.0,0.0,1.0,1.0,1,1,3.0,4.0,4.0,1.0,0.0,0.0,1,5.0,1.0,1,1,2,0,0,1,0,1,1,0,0,1,0,1,1,0,0,1,0,0,0,2,18,5
200700037890,7,6,6,1,2,1,1.0,6.0,0.0,7.0,0.0,0.0,1.0,0.0,1,1,9.0,0.0,1.0,1.0,0.0,50.0,1,0.0,1.0,1,1,1,1,0,1,0,1,1,0,1,0,0,1,0,1,0,0,1,0,0,2,17,50
200700074182,7,11,5,3,1,1,1.0,1.0,0.0,2.0,0.0,0.0,2.0,15.0,1,2,2.0,0.0,0.0,1.0,0.0,70.0,1,0.0,1.0,2,3,2,2,0,0,0,4,2,0,2,0,0,0,2,2,0,1,0,1,0,3,18,15
200700043886,7,7,10,1,2,2,2.0,3.0,0.0,7.0,0.0,0.0,2.0,1.0,1,1,4.0,2.0,2.0,1.0,0.0,60.0,1,0.0,1.0,2,1,4,2,0,0,2,4,0,2,4,0,0,0,2,2,2,1,0,1,0,2,14,30
200500062273,5,9,22,2,2,1,1.0,6.0,1.0,5.0,0.0,0.0,1.0,0.0,3,-1,2.0,1.0,0.0,0.0,0.0,0.0,-1,0.0,0.0,1,3,1,0,0,1,0,0,0,1,0,0,0,0,0,1,0,0,0,0,0,3,19,40
201000027604,10,1,22,1,2,1,1.0,7.0,0.0,33.0,0.0,0.0,0.0,15.0,1,2,4.0,1.0,2.0,1.0,0.0,76.0,1,0.0,1.0,1,2,1,0,0,0,0,1,0,1,0,0,0,1,0,0,0,0,0,0,0,2,17,25
200900049423,9,9,16,1,2,1,1.0,6.0,0.0,31.0,0.0,8.0,0.0,1.0,1,2,4.0,1.0,0.0,1.0,0.0,35.0,-1,0.0,1.0,1,4,1,0,0,0,0,1,0,0,0,0,1,0,0,1,0,1,0,0,0,4,12,0
200700026242,7,5,25,2,2,1,1.0,6.0,0.0,31.0,0.0,0.0,2.0,1.0,1,2,4.0,2.0,0.0,0.0,0.0,69.0,1,0.0,1.0,1,3,2,0,0,0,1,1,0,1,1,0,0,2,0,0,0,1,0,0,0,3,21,0
201000061262,10,1,8,5,2,1,8.0,6.0,0.0,10.0,0.0,0.0,1.0,4.0,1,1,4.0,2.0,4.0,1.0,1.0,50.0,1,0.0,1.0,1,1,2,0,0,1,0,1,0,0,1,1,0,1,0,0,1,0,1,0,0,2,19,30
200700012960,7,3,27,1,1,1,1.0,3.0,0.0,7.0,0.0,0.0,2.0,15.0,1,1,3.0,2.0,2.0,0.0,0.0,68.0,1,0.0,1.0,2,2,2,4,0,0,2,4,0,2,2,0,2,4,0,2,0,1,0,1,0,4,11,45
201300005278,13,4,2,1,2,1,1.0,1.0,0.0,7.0,0.0,0.0,2.0,13.0,1,1,3.0,2.0,2.0,1.0,0.0,60.0,1,0.0,1.0,2,3,2,8,4,0,2,4,2,6,2,0,0,4,6,0,0,1,0,0,0,3,17,15
200800072192,8,12,8,3,2,1,1.0,6.0,0.0,7.0,0.0,0.0,2.0,10.0,1,1,4.0,2.0,2.0,1.0,0.0,160.0,1,0.0,1.0,2,1,4,0,0,0,0,4,0,0,0,2,2,2,0,2,0,1,0,1,0,2,17,20
200600055171,6,9,19,1,2,1,1.0,4.0,0.0,7.0,0.0,0.0,2.0,2.0,1,-1,4.0,2.0,2.0,1.0,0.0,0.0,1,0.0,1.0,3,1,9,0,0,0,0,9,9,0,0,0,0,6,0,0,3,1,0,0,1,3,10,10
200500046602,5,7,5,1,2,2,1.0,3.0,0.0,7.0,0.0,0.0,2.0,9.0,1,1,4.0,2.0,2.0,1.0,0.0,50.0,1,0.0,1.0,2,3,4,0,0,0,0,4,0,0,2,2,0,0,0,2,2,1,1,0,0,3,15,20
201300017653,13,12,26,1,1,1,2.0,7.0,0.0,7.0,0.0,0.0,0.0,1.0,1,1,3.0,2.0,2.0,1.0,0.0,0.0,1,0.0,1.0,1,3,0,1,0,0,0,1,0,0,1,0,0,0,0,0,1,1,0,0,0,3,14,15
200700039659,7,7,15,3,1,1,1.0,5.0,0.0,7.0,0.0,0.0,2.0,1.0,1,1,3.0,2.0,2.0,1.0,0.0,0.0,1,0.0,1.0,3,2,12,21,12,3,9,9,0,24,9,0,0,12,3,18,0,1,0,1,0,3,0,45
201400010757,14,1,25,5,1,1,1.0,1.0,0.0,30.0,0.0,0.0,2.0,5.0,1,2,3.0,2.0,2.0,1.0,0.0,0.0,1,0.0,1.0,2,2,2,2,0,0,0,4,0,0,2,0,2,4,0,0,0,1,0,0,0,2,0,5
201500039970,15,2,8,5,2,1,2.0,4.0,0.0,7.0,0.0,1.0,0.0,2.0,1,1,3.0,2.0,2.0,1.0,0.0,0.0,1,0.0,1.0,3,2,9,0,0,0,0,9,0,9,0,0,0,6,0,0,3,1,1,0,0,2,2,40
201400022558,14,10,3,5,2,6,1.0,3.0,0.0,7.0,0.0,0.0,2.0,1.0,1,1,4.0,0.0,2.0,1.0,0.0,0.0,1,0.0,0.0,2,2,0,2,0,0,0,2,0,2,0,0,0,2,0,0,0,0,0,1,0,2,1,0
200700003710,7,1,3,1,2,2,1.0,3.0,0.0,7.0,0.0,0.0,2.0,15.0,1,1,2.0,3.0,6.0,1.0,45.0,80.0,1,5.0,1.0,2,1,0,4,0,0,0,4,0,0,4,0,0,0,2,2,0,1,1,0,0,2,13,55
201400026215,14,6,28,5,2,1,1.0,6.0,0.0,7.0,0.0,1.0,0.0,1.0,1,-1,4.0,1.0,1.0,1.0,0.0,62.0,1,0.0,1.0,1,2,2,0,0,0,1,1,0,0,2,0,0,2,0,0,0,0,0,1,0,2,3,0
200900049675,9,11,6,2,2,1,2.0,6.0,0.0,33.0,0.0,0.0,2.0,15.0,1,2,4.0,2.0,4.0,1.0,0.0,0.0,1,0.0,1.0,2,1,2,2,0,0,0,4,2,0,0,0,2,4,0,0,0,1,0,1,0,2,16,45
201200023439,12,6,23,5,2,1,2.0,7.0,0.0,32.0,0.0,0.0,0.0,1.0,1,2,4.0,2.0,2.0,1.0,0.0,0.0,-1,0.0,0.0,1,2,1,0,0,0,0,1,0,1,0,0,0,0,0,1,0,0,0,0,0,2,22,3
201400037702,14,8,23,1,1,1,3.0,4.0,0.0,7.0,0.0,0.0,2.0,23.0,1,1,1.0,3.0,5.0,0.0,0.0,150.0,1,0.0,1.0,4,2,12,12,4,0,4,16,0,0,24,0,0,8,4,8,4,1,1,0,0,2,11,42
200800005410,8,1,11,5,2,1,2.0,6.0,0.0,7.0,0.0,0.0,1.0,1.0,1,-1,9.0,3.0,1.0,1.0,0.0,140.0,1,0.0,0.0,1,1,1,1,0,1,0,1,0,0,1,0,1,1,0,0,1,1,0,0,0,2,17,45
200800060088,8,10,21,1,2,1,1.0,7.0,0.0,33.0,0.0,0.0,0.0,1.0,1,2,4.0,2.0,2.0,1.0,0.0,0.0,1,0.0,1.0,1,2,1,0,0,0,0,1,0,1,0,0,0,0,0,1,0,0,0,1,0,2,10,10
201100005024,11,10,31,1,2,1,1.0,1.0,0.0,10.0,0.0,0.0,2.0,13.0,1,1,3.0,2.0,2.0,1.0,0.0,157.0,1,0.0,1.0,2,1,4,2,0,0,2,4,0,2,4,0,0,0,0,0,6,1,0,1,0,3,17,0
200600002796,6,1,24,5,2,4,1.0,3.0,0.0,7.0,0.0,0.0,2.0,16.0,1,1,4.0,1.0,2.0,1.0,0.0,60.0,1,3.0,1.0,2,1,4,0,0,0,0,4,0,0,4,0,0,2,0,2,0,1,0,1,0,2,1,0
201700033361,17,12,15,1,2,1,2.0,6.0,1.0,7.0,0.0,0.0,1.0,15.0,1,1,4.0,2.0,2.0,0.0,0.0,112.0,1,0.0,1.0,1,1,0,2,0,1,0,1,1,1,0,0,0,0,0,0,2,1,0,0,0,2,15,39
200500019409,5,4,28,5,1,1,1.0,6.0,0.0,7.0,0.0,6.0,0.0,1.0,1,-1,1.0,1.0,3.0,1.0,15.0,138.0,1,0.0,1.0,1,3,1,0,0,0,0,1,0,0,1,0,0,0,0,1,0,0,0,0,1,3,1,30
201500037509,15,11,12,1,2,3,5.0,6.0,0.0,7.0,0.0,0.0,1.0,1.0,1,1,4.0,2.0,1.0,1.0,60.0,60.0,1,0.0,0.0,1,1,1,1,0,1,0,1,0,1,1,0,0,1,1,0,0,1,0,0,0,2,8,1
201600008901,16,1,23,1,1,1,1.0,6.0,2.0,7.0,0.0,2.0,0.0,1.0,1,1,3.0,2.0,0.0,1.0,0.0,0.0,1,0.0,3.0,1,1,2,0,0,0,1,1,0,1,1,0,0,2,0,0,0,1,0,0,0,3,17,30
200800045460,8,8,29,1,2,1,1.0,1.0,0.0,7.0,0.0,0.0,2.0,13.0,1,1,4.0,2.0,1.0,2.0,0.0,50.0,1,0.0,1.0,2,2,12,2,6,0,4,4,0,14,0,0,0,0,2,12,0,1,0,0,0,2,20,5
201100029315,11,5,25,1,2,1,1.0,6.0,0.0,7.0,0.0,15.0,0.0,1.0,1,1,4.0,2.0,2.0,1.0,0.0,60.0,1,0.0,1.0,1,2,0,3,2,0,0,1,0,0,3,0,0,1,2,0,0,1,0,0,0,2,13,30
201100026771,11,8,12,1,2,1,1.0,3.0,0.0,7.0,0.0,0.0,2.0,1.0,1,1,4.0,1.0,2.0,1.0,0.0,75.0,1,0.0,1.0,2,1,0,4,0,0,0,4,0,4,0,0,0,0,0,2,2,1,1,0,0,2,18,45
200600010423,6,2,16,5,2,1,8.0,6.0,0.0,7.0,0.0,14.0,1.0,1.0,1,1,4.0,3.0,2.0,1.0,20.0,100.0,1,6.0,1.0,1,1,1,1,0,1,0,1,0,0,0,0,2,0,0,2,0,1,0,0,0,3,7,0
201100029623,11,6,12,1,2,1,2.0,2.0,0.0,7.0,0.0,0.0,2.0,1.0,1,1,4.0,2.0,2.0,1.0,0.0,0.0,1,0.0,1.0,2,1,4,2,0,0,2,4,0,0,6,0,0,4,0,2,0,1,1,0,0,2,20,15
201500002251,15,3,9,1,1,1,1.0,1.0,0.0,7.0,0.0,0.0,2.0,13.0,1,1,3.0,2.0,2.0,2.0,0.0,70.0,1,0.0,1.0,2,3,4,0,0,0,0,4,0,0,2,2,0,0,0,0,4,1,0,0,0,3,16,30
201000058446,10,4,4,5,1,1,1.0,3.0,0.0,7.0,0.0,0.0,0.0,1.0,1,1,1.0,3.0,6.0,1.0,5.0,210.0,1,0.0,1.0,2,2,6,0,0,0,2,4,0,2,4,0,0,0,0,6,0,1,1,0,0,2,4,45
200600035304,6,6,15,1,2,3,1.0,6.0,0.0,7.0,0.0,0.0,2.0,16.0,1,1,4.0,2.0,4.0,1.0,0.0,120.0,1,0.0,1.0,1,1,1,1,0,1,0,1,0,0,1,1,0,2,0,0,0,1,0,0,0,2,18,0
200600066666,6,11,3,1,2,9,1.0,2.0,0.0,32.0,0.0,0.0,2.0,1.0,1,2,2.0,2.0,2.0,1.0,0.0,82.0,1,0.0,1.0,2,2,4,0,0,0,0,4,0,0,4,0,0,2,0,2,0,1,1,0,0,2,12,30
201700011415,17,12,21,2,1,1,1.0,7.0,2.0,17.0,0.0,0.0,2.0,1.0,1,-1,2.0,2.0,2.0,2.0,0.0,0.0,1,0.0,1.0,2,2,4,0,0,0,0,4,0,0,0,2,2,2,0,0,2,1,0,0,0,2,7,20
201000007529,10,10,23,1,2,1,1.0,7.0,0.0,30.0,0.0,12.0,0.0,1.0,1,2,3.0,2.0,2.0,2.0,0.0,60.0,1,0.0,1.0,1,3,1,0,0,0,0,1,0,0,1,0,0,1,0,0,0,1,0,0,0,3,17,0
201000048281,10,4,12,1,2,1,1.0,5.0,0.0,13.0,0.0,0.0,2.0,16.0,1,-1,3.0,1.0,3.0,1.0,0.0,0.0,1,0.0,1.0,3,1,9,0,0,0,0,9,0,3,0,6,0,3,0,6,0,1,1,0,0,3,8,45
201000033760,10,2,21,5,2,1,1.0,1.0,0.0,7.0,0.0,0.0,2.0,1.0,1,1,4.0,2.0,2.0,1.0,0.0,50.0,1,2.0,1.0,2,1,2,2,0,0,0,4,0,0,4,0,0,2,0,2,0,1,0,0,0,2,19,30
201000040374,10,8,10,1,2,1,1.0,2.0,0.0,10.0,0.0,0.0,2.0,16.0,1,1,4.0,3.0,4.0,1.0,30.0,180.0,1,0.0,1.0,2,1,4,2,0,0,2,4,0,0,2,4,0,2,0,4,0,1,1,0,0,2,19,45
201300029980,13,10,30,5,2,1,1.0,2.0,0.0,2.0,0.0,0.0,2.0,1.0,1,2,4.0,2.0,2.0,1.0,0.0,100.0,-1,0.0,1.0,2,2,2,2,0,0,0,4,0,2,2,0,0,2,0,2,0,1,1,0,0,2,18,50
201500033166,15,6,11,1,2,1,1.0,6.0,0.0,7.0,0.0,0.0,1.0,0.0,1,1,4.0,2.0,2.0,1.0,0.0,68.0,-1,0.0,1.0,1,1,2,1,0,2,0,1,2,0,1,0,0,0,0,0,3,1,0,0,0,3,16,20
200600019213,6,4,14,1,2,3,1.0,3.0,0.0,7.0,0.0,0.0,0.0,0.0,1,-1,4.0,2.0,2.0,1.0,0.0,58.0,1,0.0,0.0,2,1,2,4,0,2,0,4,0,4,0,2,0,0,0,6,0,1,0,0,0,3,18,50
201100039185,11,11,16,1,2,1,1.0,6.0,0.0,1.0,0.0,0.0,1.0,1.0,1,-1,4.0,2.0,2.0,1.0,120.0,65.0,1,0.0,5.0,1,1,1,1,0,1,0,1,2,0,0,0,0,0,0,1,1,1,0,0,0,2,11,30
201000033680,10,4,30,1,2,1,1.0,4.0,0.0,30.0,0.0,0.0,2.0,0.0,1,2,4.0,2.0,2.0,1.0,0.0,0.0,1,0.0,1.0,3,2,6,3,0,0,0,9,0,9,0,0,0,3,0,6,0,1,1,0,0,2,12,50
201400041094,14,12,18,1,2,1,1.0,6.0,0.0,30.0,0.0,0.0,1.0,1.0,1,2,3.0,2.0,2.0,2.0,0.0,100.0,1,0.0,1.0,1,1,1,1,0,1,0,1,0,0,2,0,0,0,0,1,1,1,0,0,0,3,9,25
201000050887,10,11,17,1,2,1,1.0,3.0,0.0,7.0,0.0,0.0,0.0,11.0,1,-1,4.0,2.0,1.0,2.0,0.0,0.0,1,0.0,1.0,2,1,2,2,0,0,0,4,0,4,0,0,0,4,0,0,0,1,0,0,0,3,11,30
200800003866,8,1,1,5,2,3,1.0,3.0,0.0,2.0,0.0,0.0,2.0,1.0,1,0,4.0,2.0,2.0,1.0,0.0,70.0,1,0.0,1.0,2,2,6,0,0,0,2,4,0,2,4,0,0,2,0,4,0,1,0,1,0,2,0,30
200600065117,6,10,10,1,2,2,1.0,3.0,0.0,7.0,0.0,8.0,2.0,1.0,1,1,4.0,2.0,2.0,1.0,0.0,80.0,1,0.0,1.0,2,2,2,2,0,0,0,4,0,0,2,0,2,4,0,0,0,1,0,0,0,2,9,30
201200058261,12,10,11,1,2,1,8.0,7.0,0.0,2.0,0.0,0.0,0.0,21.0,1,2,4.0,2.0,6.0,1.0,0.0,0.0,1,0.0,1.0,1,2,1,0,0,0,0,1,0,0,0,0,1,0,0,1,0,0,0,0,0,2,15,50
200500063555,5,10,2,3,1,1,2.0,7.0,0.0,7.0,0.0,3.0,0.0,1.0,1,1,3.0,2.0,2.0,1.0,0.0,80.0,1,0.0,3.0,1,2,1,0,0,0,0,1,0,0,1,0,0,0,0,1,0,0,0,0,1,2,2,30
200700003038,7,1,13,1,2,1,1.0,3.0,0.0,7.0,0.0,0.0,2.0,9.0,1,1,4.0,2.0,2.0,1.0,0.0,60.0,1,0.0,1.0,2,1,2,2,0,0,0,4,0,0,4,0,0,0,0,4,0,1,0,0,0,2,12,15
201600020121,16,4,20,1,2,2,1.0,1.0,1.0,7.0,0.0,0.0,2.0,15.0,1,1,4.0,1.0,1.0,1.0,0.0,60.0,1,5.0,1.0,2,1,4,0,0,0,0,4,0,0,4,0,0,2,0,2,0,1,0,1,0,2,14,15
201400008896,14,6,29,1,2,4,1.0,1.0,0.0,7.0,0.0,0.0,2.0,15.0,1,1,2.0,2.0,2.0,2.0,0.0,67.0,1,0.0,1.0,2,1,2,2,0,0,0,4,0,0,4,0,0,2,0,0,2,1,0,0,0,3,14,30
201400047651,14,10,9,1,1,1,1.0,3.0,0.0,14.0,0.0,0.0,0.0,0.0,1,1,1.0,1.0,2.0,0.0,15.0,70.0,1,0.0,0.0,2,1,2,2,0,0,0,4,0,0,0,4,0,2,0,2,0,0,0,0,0,2,10,45
200900010984,9,4,25,1,1,3,1.0,3.0,0.0,7.0,0.0,0.0,2.0,15.0,2,1,4.0,2.0,2.0,1.0,0.0,57.0,1,0.0,1.0,2,1,2,4,0,0,2,4,0,2,4,0,0,4,0,2,0,1,0,0,0,3,10,45
201200007105,12,9,15,1,1,1,1.0,7.0,0.0,7.0,0.0,13.0,0.0,1.0,1,1,3.0,2.0,1.0,2.0,0.0,70.0,1,0.0,3.0,1,3,1,0,0,0,0,1,0,0,1,0,0,0,0,0,1,1,0,0,0,3,11,15
201200008846,12,3,19,1,1,1,2.0,2.0,0.0,7.0,0.0,1.0,0.0,1.0,1,1,3.0,2.0,3.0,1.0,0.0,70.0,1,0.0,1.0,2,3,2,2,0,0,0,4,2,0,0,2,0,2,0,0,2,1,1,0,0,3,11,45
200800002900,8,1,11,1,2,2,2.0,3.0,0.0,33.0,0.0,0.0,2.0,15.0,1,2,4.0,1.0,4.0,1.0,0.0,42.0,1,0.0,1.0,2,2,2,2,0,0,0,4,0,2,0,2,0,4,0,0,0,1,0,0,0,2,14,50
200900040441,9,10,19,1,2,1,1.0,6.0,0.0,7.0,0.0,6.0,0.0,1.0,1,1,3.0,2.0,2.0,2.0,0.0,61.0,1,0.0,4.0,1,2,1,0,0,0,0,1,1,0,0,0,0,1,0,0,0,1,0,0,0,2,13,15
200900003433,9,2,19,1,2,2,1.0,3.0,0.0,7.0,0.0,0.0,2.0,1.0,1,1,4.0,2.0,1.0,1.0,0.0,25.0,1,0.0,1.0,2,1,2,2,0,0,0,4,0,0,2,0,2,2,0,2,0,1,0,1,0,2,12,30
201500019141,15,4,11,2,2,1,1.0,6.0,0.0,7.0,0.0,2.0,0.0,1.0,1,1,3.0,2.0,0.0,1.0,0.0,0.0,1,0.0,3.0,1,3,1,0,0,0,0,1,0,0,0,0,1,1,0,0,0,1,0,0,0,3,6,45
200900044602,9,5,18,1,2,2,1.0,3.0,0.0,7.0,0.0,0.0,2.0,1.0,1,-1,4.0,1.0,1.0,1.0,0.0,30.0,1,0.0,1.0,2,1,6,0,0,0,2,4,0,6,0,0,0,2,0,4,0,1,0,0,0,2,12,30
200600018111,6,4,14,1,1,1,1.0,3.0,0.0,7.0,0.0,0.0,2.0,15.0,1,1,3.0,2.0,2.0,1.0,0.0,75.0,1,3.0,1.0,2,3,2,2,0,0,0,4,0,0,2,2,0,2,0,0,2,1,0,1,0,3,9,45
201300005946,13,10,9,1,2,1,1.0,6.0,0.0,7.0,0.0,0.0,1.0,1.0,1,1,4.0,1.0,1.0,1.0,0.0,40.0,1,0.0,1.0,1,1,1,1,0,1,0,1,0,0,2,0,0,2,0,0,0,1,0,0,0,3,15,30
201000046853,10,2,10,1,2,1,1.0,6.0,0.0,7.0,0.0,0.0,1.0,0.0,1,1,3.0,2.0,2.0,0.0,0.0,25.0,-1,0.0,1.0,1,1,2,0,0,1,0,1,0,2,0,0,0,1,0,1,0,0,0,0,0,2,17,0
201200010857,12,7,9,1,2,3,1.0,3.0,0.0,33.0,0.0,0.0,2.0,1.0,1,2,4.0,2.0,2.0,0.0,0.0,0.0,-1,0.0,0.0,2,2,2,2,0,0,0,4,0,4,0,0,0,4,0,0,0,1,0,0,0,2,18,25
200700024583,7,4,6,1,2,1,1.0,6.0,0.0,7.0,0.0,0.0,1.0,0.0,1,1,4.0,2.0,2.0,1.0,0.0,0.0,1,0.0,1.0,1,1,0,2,0,1,0,1,0,0,1,0,1,2,0,0,0,0,0,0,0,2,15,0
200700027106,7,5,9,1,2,1,1.0,3.0,0.0,7.0,0.0,0.0,2.0,10.0,1,1,4.0,3.0,2.0,1.0,0.0,0.0,1,0.0,1.0,2,1,2,4,0,0,2,4,0,4,2,0,0,2,0,4,0,1,0,1,0,3,13,30
201000012491,10,4,29,1,2,1,1.0,6.0,0.0,13.0,0.0,0.0,1.0,15.0,1,1,4.0,1.0,1.0,1.0,0.0,0.0,1,0.0,1.0,1,1,1,1,0,1,0,1,0,0,1,1,0,1,0,0,1,1,0,0,0,3,12,15
200900006779,9,3,12,1,2,1,1.0,6.0,0.0,31.0,0.0,0.0,1.0,0.0,1,2,4.0,2.0,2.0,1.0,0.0,0.0,1,0.0,1.0,2,2,4,0,0,0,0,4,0,0,4,0,0,0,0,4,0,1,0,0,0,2,12,17
201500008195,15,2,15,1,1,6,2.0,1.0,0.0,7.0,0.0,0.0,2.0,1.0,1,1,3.0,2.0,2.0,0.0,0.0,0.0,1,0.0,1.0,2,1,4,4,0,0,4,4,0,4,4,0,0,2,0,6,0,1,0,0,0,2,16,30
200700078515,7,12,22,5,2,1,1.0,1.0,1.0,7.0,0.0,0.0,2.0,5.0,1,2,3.0,2.0,2.0,2.0,0.0,70.0,1,0.0,1.0,2,3,4,0,0,0,2,2,0,2,2,0,0,0,0,4,0,1,0,0,0,3,2,30
201300051110,13,2,16,5,2,2,1.0,3.0,0.0,30.0,0.0,0.0,2.0,1.0,1,2,4.0,1.0,1.0,1.0,0.0,30.0,1,0.0,1.0,2,2,4,0,0,0,0,4,0,0,2,2,0,0,2,0,2,0,0,1,0,2,20,20
201700030226,17,9,18,1,2,3,1.0,3.0,1.0,10.0,0.0,0.0,2.0,15.0,1,-1,4.0,-1.0,2.0,-1.0,0.0,-1.0,-1,0.0,-1.0,2,1,4,0,0,0,0,4,0,0,2,2,0,2,0,2,0,1,0,0,0,3,12,20
200700047207,7,8,21,1,1,1,8.0,5.0,0.0,10.0,0.0,0.0,2.0,17.0,1,1,2.0,2.0,2.0,0.0,0.0,76.0,1,0.0,1.0,4,3,8,12,0,0,4,16,0,4,8,4,4,16,0,4,0,1,0,0,0,3,13,15
201100022920,11,10,11,1,2,1,1.0,2.0,0.0,2.0,0.0,0.0,2.0,1.0,1,2,4.0,2.0,2.0,1.0,0.0,0.0,1,0.0,1.0,2,2,2,2,0,0,0,4,4,0,0,0,0,2,0,2,0,1,1,0,0,2,8,6
200500005066,5,1,28,5,2,5,2.0,3.0,0.0,7.0,0.0,0.0,2.0,15.0,1,1,4.0,2.0,2.0,1.0,0.0,60.0,1,0.0,1.0,2,1,4,0,0,0,0,4,0,0,2,2,0,4,0,0,0,1,0,0,0,2,18,5
200700068143,7,11,22,1,2,1,1.0,1.0,0.0,7.0,0.0,0.0,2.0,3.0,1,1,4.0,2.0,2.0,0.0,0.0,80.0,1,0.0,1.0,2,1,2,2,0,0,0,4,0,4,0,0,0,2,0,2,0,1,0,0,0,3,13,40
201700041977,17,6,7,1,2,2,1.0,3.0,1.0,7.0,0.0,0.0,2.0,15.0,1,-1,3.0,2.0,2.0,1.0,0.0,0.0,1,0.0,1.0,2,1,2,8,2,0,4,4,4,0,6,0,0,4,4,2,0,1,0,1,0,2,19,10
200800000513,8,1,18,5,2,1,2.0,6.0,0.0,7.0,0.0,14.0,0.0,1.0,1,1,3.0,2.0,0.0,1.0,0.0,80.0,1,0.0,1.0,1,1,2,0,0,1,0,1,0,2,0,0,0,0,0,0,2,1,0,0,0,4,19,15
200700069554,7,11,8,5,2,1,2.0,4.0,0.0,7.0,0.0,0.0,2.0,2.0,1,1,3.0,2.0,2.0,1.0,0.0,82.0,1,0.0,1.0,3,1,6,6,0,0,3,9,0,3,3,6,0,9,0,3,0,1,1,0,0,2,17,15
201100023507,11,1,31,3,1,1,8.0,2.0,0.0,7.0,0.0,0.0,2.0,2.0,1,1,1.0,3.0,2.0,1.0,20.0,70.0,1,0.0,1.0,2,1,4,0,0,0,0,4,0,0,0,0,4,2,0,2,0,1,0,0,0,3,1,45