Num_Acc,an,mois,jour,lum,agg,int,atm,col,senc,catv,occutc,obs,obsm,manv,catu,secu,catr,circ,nbv,prof,lartpc,larrout,surf,infra,situ,nb_veh,grav_simpl,Homme,Femme,Arrière,Autre_x,Avant,Conducteur,Autre_y,Inconnu,Loisirs,Professionnel,Travail,Adulte,Enfant,Jeune,Senior,choc_avant,choc_arriere,choc_lateral,choc_multiple,grav_order_max,heure,minute
201300012912,13,6,4,1,2,1,1.0,6.0,0.0,30.0,0.0,0.0,1.0,1.0,1,2,4.0,2.0,2.0,1.0,0.0,30.0,1,0.0,1.0,1,1,2,0,0,1,0,1,0,0,2,0,0,0,2,0,0,0,0,1,0,3,17,12
201500048516,15,4,18,1,2,2,1.0,6.0,0.0,7.0,0.0,0.0,1.0,15.0,1,1,4.0,1.0,1.0,1.0,0.0,0.0,1,0.0,1.0,1,1,1,1,0,1,0,1,1,1,0,0,0,1,0,1,0,1,0,0,0,2,12,30
200600020610,6,4,28,1,2,2,1.0,5.0,0.0,7.0,0.0,0.0,2.0,1.0,1,1,9.0,2.0,2.0,1.0,0.0,0.0,1,0.0,1.0,3,1,9,3,0,0,3,9,0,9,0,3,0,3,0,9,0,1,0,1,0,2,19,0
200600017250,6,4,14,3,1,1,2.0,7.0,0.0,7.0,0.0,8.0,0.0,0.0,1,1,3.0,2.0,2.0,1.0,0.0,0.0,1,0.0,3.0,1,1,1,1,1,0,0,1,0,1,1,0,0,0,0,2,0,1,0,0,0,3,3,15
200800047650,8,8,26,1,2,1,1.0,6.0,0.0,7.0,0.0,0.0,1.0,1.0,1,1,3.0,2.0,0.0,1.0,0.0,0.0,1,0.0,1.0,1,1,2,1,0,2,0,1,0,0,3,0,0,0,2,0,1,1,0,0,0,2,16,15
201400043517,14,9,13,1,2,1,1.0,6.0,0.0,7.0,0.0,0.0,1.0,0.0,1,1,4.0,0.0,2.0,0.0,0.0,0.0,1,0.0,1.0,1,1,1,1,0,1,0,1,0,0,2,0,0,0,1,0,1,1,0,0,0,3,9,10
200800053836,8,9,7,2,2,2,2.0,3.0,0.0,7.0,0.0,0.0,2.0,15.0,1,-1,4.0,2.0,2.0,1.0,25.0,80.0,1,5.0,1.0,2,1,4,0,0,0,0,4,0,0,0,0,4,2,0,2,0,1,0,0,0,3,5,10
201000013075,10,9,14,1,1,1,1.0,1.0,0.0,7.0,0.0,0.0,2.0,13.0,1,-1,3.0,2.0,2.0,2.0,0.0,70.0,1,0.0,1.0,2,4,2,2,0,0,0,4,2,0,0,2,0,2,0,0,2,1,0,0,0,4,13,15
200500060912,5,9,26,1,2,1,1.0,6.0,0.0,2.0,0.0,16.0,0.0,1.0,1,2,4.0,2.0,2.0,1.0,0.0,63.0,1,0.0,3.0,1,3,1,0,0,0,0,1,0,0,1,0,0,0,0,1,0,0,0,0,0,3,14,52
200500037661,5,6,7,1,1,1,1.0,6.0,0.0,7.0,0.0,13.0,0.0,13.0,1,1,3.0,2.0,2.0,2.0,0.0,65.0,1,0.0,1.0,1,3,1,0,0,0,0,1,0,0,0,0,1,0,0,1,0,1,0,0,0,3,14,0
201600012487,16,4,9,3,1,1,3.0,6.0,1.0,7.0,0.0,5.0,0.0,13.0,1,-1,1.0,3.0,2.0,0.0,0.0,0.0,1,0.0,1.0,1,4,1,0,0,0,0,1,0,0,1,0,0,0,0,1,0,1,0,0,0,4,6,15
200600001876,6,1,18,5,1,1,1.0,7.0,0.0,7.0,0.0,16.0,0.0,1.0,1,1,2.0,1.0,2.0,0.0,0.0,98.0,1,0.0,3.0,1,4,1,0,0,0,0,1,0,1,0,0,0,0,0,0,1,0,0,0,1,4,20,0
200700060983,7,10,11,1,1,1,1.0,6.0,0.0,7.0,0.0,2.0,0.0,1.0,1,1,3.0,2.0,0.0,1.0,0.0,70.0,1,0.0,3.0,1,2,0,1,0,0,0,1,0,0,0,0,1,1,0,0,0,1,0,0,0,2,17,30
200900015382,9,6,1,1,1,1,1.0,7.0,0.0,33.0,0.0,0.0,0.0,1.0,1,2,3.0,2.0,2.0,1.0,0.0,58.0,1,0.0,1.0,1,2,2,0,0,0,1,1,0,0,2,0,0,1,0,1,0,0,0,1,0,3,14,28
200800055897,8,10,27,2,1,1,3.0,7.0,0.0,7.0,0.0,0.0,0.0,1.0,1,1,3.0,0.0,0.0,2.0,0.0,64.0,1,0.0,3.0,1,3,0,1,0,0,0,1,0,0,1,0,0,0,0,0,1,1,0,0,0,3,17,0
201200048735,12,4,19,1,1,1,1.0,5.0,0.0,17.0,0.0,0.0,2.0,1.0,1,1,1.0,1.0,4.0,2.0,0.0,140.0,1,0.0,1.0,3,1,9,0,0,0,0,9,3,0,0,3,3,9,0,0,0,0,1,1,0,3,18,55
201200051463,12,2,16,1,2,2,1.0,3.0,0.0,33.0,0.0,0.0,2.0,1.0,1,2,4.0,0.0,3.0,1.0,0.0,0.0,1,0.0,1.0,2,2,4,0,0,0,0,4,0,2,2,0,0,0,0,4,0,1,0,1,0,2,15,55
201300036758,13,9,8,5,2,2,1.0,3.0,2.0,7.0,0.0,0.0,2.0,9.0,1,1,4.0,2.0,2.0,1.0,0.0,60.0,1,0.0,1.0,2,3,6,0,2,0,0,4,4,0,0,2,0,4,0,0,2,1,0,0,0,3,6,1
200600001477,6,1,16,5,2,6,1.0,3.0,0.0,7.0,0.0,0.0,2.0,1.0,1,1,4.0,1.0,1.0,1.0,0.0,77.0,1,0.0,1.0,2,1,2,2,0,0,0,4,0,0,0,0,4,4,0,0,0,1,0,0,0,2,7,21
200500056563,5,8,25,1,2,1,1.0,3.0,0.0,7.0,0.0,0.0,2.0,19.0,1,-1,4.0,2.0,0.0,1.0,0.0,0.0,1,0.0,1.0,2,1,4,0,0,0,0,4,0,0,2,0,2,4,0,0,0,1,0,0,0,3,10,30
200700077477,7,12,16,5,1,1,5.0,6.0,0.0,7.0,0.0,5.0,0.0,1.0,1,1,1.0,1.0,3.0,1.0,0.0,85.0,0,0.0,1.0,1,2,1,1,0,0,0,2,0,1,1,0,0,0,0,2,0,0,0,0,1,2,21,50
200800046253,8,8,5,1,1,1,1.0,6.0,0.0,33.0,0.0,6.0,0.0,1.0,1,2,3.0,2.0,0.0,0.0,0.0,76.0,1,0.0,1.0,1,3,1,1,0,0,1,1,0,1,1,0,0,0,0,2,0,1,0,0,0,3,20,0
201200013970,12,1,4,1,2,1,1.0,7.0,0.0,7.0,0.0,0.0,1.0,2.0,1,1,3.0,1.0,1.0,1.0,0.0,35.0,1,0.0,1.0,1,1,2,1,0,2,0,1,0,1,1,1,0,2,0,0,1,1,0,0,0,3,8,55
200600078768,6,12,17,5,1,2,1.0,3.0,0.0,7.0,0.0,0.0,2.0,15.0,1,1,3.0,2.0,2.0,1.0,0.0,40.0,1,0.0,1.0,2,1,4,0,0,0,0,4,0,0,4,0,0,0,0,4,0,1,0,0,0,2,17,35
200700009811,7,2,10,5,2,1,2.0,6.0,0.0,5.0,0.0,11.0,0.0,1.0,1,2,4.0,2.0,2.0,1.0,0.0,60.0,1,0.0,1.0,1,2,1,0,0,0,0,1,0,0,1,0,0,1,0,0,0,1,0,0,0,2,4,22
200900033354,9,6,4,1,2,1,1.0,6.0,0.0,7.0,0.0,0.0,1.0,1.0,1,-1,3.0,2.0,0.0,1.0,0.0,75.0,1,0.0,1.0,1,1,1,1,0,1,0,1,0,0,1,1,0,1,0,0,1,0,0,0,0,3,9,0
200600010053,6,2,27,1,2,1,1.0,2.0,0.0,20.0,0.0,0.0,2.0,4.0,1,1,4.0,2.0,2.0,1.0,0.0,80.0,1,0.0,1.0,2,1,4,0,0,0,0,4,0,0,0,2,2,4,0,0,0,1,0,0,0,2,9,5
201400052114,14,4,2,1,2,2,1.0,3.0,0.0,37.0,29.0,0.0,2.0,17.0,1,-1,4.0,1.0,0.0,1.0,0.0,95.0,1,0.0,1.0,2,1,2,2,0,0,0,4,0,2,0,2,0,0,0,4,0,0,0,0,0,2,10,20
200800003034,8,1,28,1,2,1,1.0,3.0,0.0,1.0,0.0,0.0,2.0,1.0,1,-1,4.0,2.0,4.0,1.0,0.0,120.0,1,0.0,1.0,2,2,2,2,0,0,0,4,0,0,4,0,0,2,0,2,0,1,0,0,0,2,9,0
201600015527,16,9,15,1,2,1,1.0,3.0,1.0,7.0,0.0,0.0,2.0,2.0,1,1,4.0,2.0,2.0,2.0,0.0,60.0,1,0.0,1.0,2,1,2,2,0,0,0,4,2,2,0,0,0,4,0,0,0,1,1,0,0,2,17,0
201200033399,12,9,8,1,2,1,1.0,5.0,0.0,7.0,0.0,0.0,2.0,5.0,1,1,4.0,0.0,0.0,1.0,0.0,0.0,1,0.0,1.0,3,3,3,9,0,0,3,9,0,12,0,0,0,9,0,0,3,1,0,0,0,3,15,10
201400052158,14,7,9,5,2,2,1.0,2.0,0.0,7.0,0.0,0.0,2.0,23.0,1,-1,4.0,1.0,4.0,1.0,0.0,100.0,1,0.0,1.0,2,1,4,2,2,0,0,4,0,4,0,2,0,6,0,0,0,1,1,0,0,2,0,10
201000062449,10,7,18,5,2,3,1.0,6.0,1.0,7.0,0.0,0.0,1.0,1.0,3,-1,4.0,2.0,0.0,1.0,0.0,0.0,1,6.0,1.0,1,2,0,1,0,1,0,0,0,0,1,0,0,0,0,1,0,1,0,0,0,2,3,40
200600014005,6,3,20,1,1,2,1.0,3.0,0.0,7.0,0.0,0.0,2.0,1.0,1,1,2.0,2.0,0.0,1.0,0.0,0.0,1,5.0,1.0,2,1,2,4,0,0,2,4,0,2,4,0,0,0,0,0,6,1,1,0,0,2,17,5
201300051741,13,4,2,1,2,5,1.0,3.0,0.0,31.0,0.0,0.0,2.0,1.0,1,2,4.0,1.0,1.0,1.0,0.0,90.0,1,0.0,1.0,2,2,4,0,0,0,0,4,0,0,2,2,0,2,0,0,2,1,0,0,0,2,17,30
201100052559,11,3,29,3,1,6,2.0,1.0,0.0,17.0,0.0,0.0,2.0,1.0,1,1,3.0,2.0,2.0,1.0,0.0,140.0,1,0.0,1.0,2,1,4,0,0,0,0,4,0,0,2,2,0,4,0,0,0,1,0,0,1,3,21,30
200700074849,7,12,7,1,1,9,1.0,1.0,0.0,7.0,0.0,0.0,2.0,13.0,1,1,3.0,2.0,0.0,1.0,0.0,70.0,1,0.0,1.0,2,3,4,0,0,0,0,4,0,0,2,2,0,2,0,0,2,1,0,0,0,3,14,0
201500042106,15,5,4,5,2,2,2.0,3.0,0.0,7.0,0.0,0.0,2.0,1.0,1,-1,2.0,2.0,2.0,1.0,0.0,0.0,1,0.0,1.0,2,1,0,6,0,0,2,4,0,6,0,0,0,2,0,4,0,1,0,1,0,3,20,40
201500042139,15,12,8,2,2,3,2.0,6.0,0.0,7.0,0.0,0.0,1.0,0.0,1,-1,2.0,1.0,1.0,1.0,0.0,95.0,1,0.0,0.0,1,1,0,2,0,1,0,1,0,2,0,0,0,0,0,0,2,1,0,0,0,3,17,20
201400044372,14,3,31,1,2,3,1.0,1.0,0.0,10.0,0.0,0.0,2.0,15.0,1,1,3.0,2.0,2.0,1.0,0.0,0.0,1,5.0,1.0,2,1,4,0,0,0,0,4,0,0,0,0,4,4,0,0,0,1,0,0,0,3,8,15
201000061301,10,2,18,5,2,2,2.0,6.0,0.0,7.0,0.0,0.0,1.0,1.0,1,-1,4.0,2.0,2.0,2.0,0.0,80.0,1,0.0,1.0,1,1,1,1,0,1,0,1,0,0,0,0,2,2,0,0,0,1,0,0,0,2,19,30
201100053203,11,10,7,1,1,1,1.0,3.0,0.0,7.0,0.0,0.0,0.0,12.0,1,1,1.0,3.0,2.0,1.0,0.0,0.0,1,0.0,1.0,2,1,4,0,0,0,0,4,0,0,0,0,4,4,0,0,0,1,0,1,0,3,17,40
200500013626,5,3,16,1,2,1,1.0,3.0,0.0,7.0,0.0,0.0,2.0,9.0,1,1,9.0,2.0,2.0,2.0,0.0,0.0,-1,0.0,1.0,2,1,4,6,4,0,2,4,0,6,2,0,2,2,0,0,8,1,0,0,0,2,11,30
201100011954,11,2,9,1,1,1,5.0,1.0,0.0,7.0,0.0,0.0,2.0,1.0,1,1,3.0,2.0,2.0,1.0,0.0,54.0,-1,0.0,1.0,2,3,2,4,0,0,2,4,2,2,2,0,0,0,0,2,4,1,0,0,0,3,9,45
201400040319,14,2,7,1,2,1,1.0,1.0,0.0,7.0,0.0,0.0,2.0,1.0,1,1,4.0,2.0,2.0,1.0,0.0,60.0,1,0.0,1.0,2,1,2,2,0,0,0,4,2,2,0,0,0,2,0,0,2,1,0,0,0,2,12,0
201100018951,11,12,1,1,1,1,2.0,3.0,0.0,7.0,0.0,1.0,0.0,11.0,1,1,3.0,1.0,2.0,1.0,0.0,0.0,1,3.0,1.0,2,1,2,2,0,0,0,4,0,0,2,0,2,2,0,0,2,1,0,0,0,2,15,35
201100015968,11,6,14,5,2,1,1.0,7.0,0.0,31.0,0.0,11.0,0.0,0.0,1,2,4.0,3.0,2.0,1.0,0.0,0.0,-1,0.0,1.0,1,3,0,1,0,0,0,1,0,1,0,0,0,1,0,0,0,0,0,0,0,3,3,45
201100043500,11,10,8,1,1,1,1.0,3.0,0.0,7.0,0.0,0.0,2.0,15.0,1,1,4.0,2.0,2.0,2.0,0.0,50.0,1,0.0,1.0,2,1,2,4,0,0,2,4,0,0,6,0,0,2,4,0,0,1,0,0,0,2,18,45
201700004871,17,10,31,1,2,6,1.0,3.0,1.0,7.0,0.0,0.0,2.0,1.0,1,1,2.0,4.0,2.0,1.0,0.0,0.0,1,5.0,1.0,2,2,2,2,0,0,0,4,2,0,2,0,0,2,0,0,2,1,1,0,0,2,13,40
201400049503,14,7,27,3,1,1,1.0,7.0,0.0,7.0,0.0,0.0,0.0,0.0,1,1,1.0,3.0,4.0,0.0,25.0,140.0,-1,0.0,2.0,1,1,1,1,0,0,1,1,0,2,0,0,0,0,0,2,0,0,0,0,0,3,4,50
201100005122,11,11,19,1,1,1,1.0,1.0,0.0,10.0,0.0,0.0,2.0,24.0,1,1,9.0,2.0,2.0,1.0,0.0,37.0,1,0.0,1.0,2,1,4,0,0,0,0,4,0,0,4,0,0,2,0,0,2,1,1,0,0,3,10,45
201300055096,13,9,6,5,2,1,1.0,6.0,0.0,7.0,0.0,0.0,1.0,9.0,1,-1,4.0,1.0,1.0,1.0,10.0,50.0,1,0.0,1.0,1,1,1,1,0,1,0,1,2,0,0,0,0,1,0,1,0,1,0,0,0,2,20,35
200600035485,6,6,17,1,2,2,1.0,3.0,0.0,2.0,0.0,0.0,2.0,17.0,1,2,4.0,2.0,6.0,1.0,0.0,180.0,1,0.0,1.0,2,2,4,0,0,0,0,4,0,0,4,0,0,2,2,0,0,1,1,0,0,2,21,6
200500018721,5,4,7,2,2,1,1.0,3.0,0.0,7.0,0.0,1.0,2.0,9.0,1,-1,2.0,2.0,2.0,1.0,0.0,84.0,1,0.0,1.0,2,1,8,0,0,0,4,4,0,4,4,0,0,4,0,4,0,1,0,0,0,3,17,15
201000046904,10,9,25,5,2,1,1.0,2.0,0.0,7.0,0.0,0.0,2.0,1.0,1,1,3.0,1.0,2.0,1.0,0.0,0.0,1,0.0,1.0,2,1,2,2,0,0,0,4,2,2,0,0,0,2,0,0,2,1,0,0,0,3,20,10
201000040986,10,11,17,5,2,2,1.0,6.0,0.0,7.0,0.0,0.0,1.0,15.0,1,1,4.0,2.0,2.0,1.0,0.0,80.0,1,0.0,1.0,1,1,1,1,0,1,0,1,0,1,1,0,0,2,0,0,0,1,0,0,0,2,17,25
201700024655,17,4,7,5,2,2,1.0,3.0,2.0,10.0,0.0,0.0,2.0,15.0,1,1,4.0,2.0,0.0,1.0,0.0,0.0,1,0.0,1.0,2,1,4,0,0,0,0,4,0,0,2,2,0,2,0,2,0,1,0,0,1,2,0,30
200700075805,7,12,9,5,2,1,2.0,6.0,0.0,7.0,0.0,8.0,0.0,1.0,1,-1,4.0,2.0,2.0,0.0,0.0,62.0,1,0.0,3.0,1,3,0,1,0,0,0,1,0,0,1,0,0,0,0,1,0,1,0,0,0,3,2,0
200500022165,5,4,29,1,2,6,1.0,6.0,0.0,1.0,0.0,1.0,0.0,16.0,1,0,4.0,2.0,2.0,1.0,0.0,0.0,1,0.0,1.0,1,2,1,0,0,0,0,1,0,1,0,0,0,1,0,0,0,0,1,0,0,2,17,30
201100032614,11,9,18,1,2,1,1.0,1.0,0.0,30.0,0.0,0.0,2.0,1.0,1,2,4.0,2.0,2.0,1.0,0.0,90.0,1,0.0,1.0,2,2,2,2,0,0,0,4,0,2,2,0,0,2,2,0,0,1,0,0,0,2,16,52
200500083146,5,12,7,2,2,1,1.0,3.0,0.0,1.0,0.0,0.0,2.0,18.0,1,-1,4.0,3.0,4.0,1.0,0.0,110.0,1,0.0,1.0,2,2,2,2,0,0,0,4,0,2,2,0,0,4,0,0,0,1,0,0,0,2,16,15
201000011954,10,11,4,1,1,1,1.0,6.0,0.0,7.0,0.0,14.0,0.0,6.0,1,1,2.0,2.0,0.0,0.0,0.0,48.0,1,5.0,1.0,1,1,2,0,0,1,0,1,2,0,0,0,0,2,0,0,0,1,0,0,0,3,10,45
201000066374,10,6,29,1,2,1,1.0,3.0,0.0,7.0,0.0,0.0,0.0,22.0,1,-1,4.0,2.0,2.0,2.0,0.0,0.0,1,0.0,1.0,2,1,2,2,0,0,0,4,0,2,0,0,2,2,0,2,0,1,0,1,0,2,9,0
201700049631,17,11,29,1,1,1,1.0,2.0,1.0,33.0,0.0,0.0,2.0,3.0,1,2,2.0,3.0,4.0,1.0,15.0,140.0,1,0.0,1.0,2,2,4,0,0,0,0,4,4,0,0,0,0,2,0,2,0,1,1,0,0,2,9,10
200800022687,8,2,13,1,2,1,1.0,6.0,0.0,7.0,0.0,0.0,1.0,2.0,1,-1,3.0,0.0,2.0,1.0,0.0,94.0,1,0.0,1.0,1,1,0,2,0,1,0,1,0,0,0,0,2,2,0,0,0,1,0,0,0,2,10,25
200800023350,8,5,5,1,2,6,1.0,3.0,1.0,7.0,0.0,0.0,2.0,1.0,1,2,4.0,1.0,3.0,1.0,0.0,110.0,1,5.0,1.0,2,2,2,0,0,0,0,2,0,2,0,0,0,0,2,0,0,1,0,0,0,2,17,55
200900008632,9,3,17,1,2,1,1.0,1.0,0.0,31.0,0.0,0.0,2.0,1.0,1,2,3.0,2.0,2.0,1.0,0.0,71.0,1,0.0,1.0,2,3,4,0,0,0,0,4,0,0,0,2,2,0,2,2,0,1,0,1,0,3,14,15
201600001870,16,11,22,5,2,1,1.0,6.0,1.0,7.0,0.0,0.0,1.0,1.0,1,1,3.0,2.0,2.0,1.0,0.0,0.0,1,0.0,1.0,1,1,1,2,0,2,0,1,0,0,2,0,1,1,1,1,0,1,0,0,0,3,18,15
201100052506,11,3,17,1,1,1,1.0,3.0,0.0,31.0,0.0,0.0,2.0,1.0,1,2,3.0,2.0,2.0,1.0,0.0,125.0,1,0.0,1.0,2,2,4,0,0,0,0,4,0,0,0,0,4,4,0,0,0,1,0,0,0,2,9,15
201600047854,16,10,15,3,1,1,2.0,6.0,1.0,7.0,0.0,3.0,0.0,14.0,1,1,2.0,3.0,6.0,1.0,15.0,210.0,1,0.0,1.0,1,2,1,0,0,0,0,1,0,0,1,0,0,0,0,1,0,1,0,0,0,2,0,22
201100026809,11,9,10,1,2,1,1.0,3.0,0.0,7.0,0.0,0.0,2.0,15.0,1,1,4.0,2.0,2.0,1.0,0.0,95.0,1,0.0,1.0,2,1,4,2,0,0,2,4,0,4,2,0,0,0,0,2,4,1,0,1,0,2,9,55
201200043706,12,1,31,1,2,1,1.0,3.0,0.0,32.0,0.0,0.0,2.0,14.0,1,2,4.0,2.0,2.0,1.0,0.0,120.0,1,0.0,1.0,2,1,4,0,0,0,0,4,2,0,0,0,2,4,0,0,0,1,0,1,0,3,16,5
201200032512,12,10,29,1,2,1,3.0,5.0,0.0,7.0,0.0,0.0,2.0,1.0,1,1,4.0,2.0,2.0,1.0,0.0,0.0,1,0.0,1.0,3,1,12,3,3,0,3,9,0,15,0,0,0,3,3,6,3,1,1,0,0,2,15,45
200600005538,6,1,14,1,1,1,1.0,6.0,0.0,5.0,0.0,5.0,0.0,1.0,1,2,3.0,2.0,0.0,0.0,0.0,0.0,1,0.0,1.0,1,3,1,0,0,0,0,1,0,0,0,0,1,1,0,0,0,1,0,0,0,3,16,0
201300050002,13,10,22,1,1,1,1.0,2.0,0.0,10.0,0.0,0.0,2.0,2.0,1,1,4.0,1.0,2.0,1.0,12.0,70.0,1,1.0,1.0,2,2,2,2,0,0,0,4,0,0,0,4,0,4,0,0,0,1,1,0,0,2,12,35
201500036469,15,2,27,1,2,1,1.0,3.0,0.0,7.0,0.0,0.0,2.0,17.0,1,1,4.0,2.0,2.0,1.0,0.0,0.0,1,0.0,1.0,2,1,2,2,0,0,0,4,0,2,2,0,0,4,0,0,0,0,0,1,0,2,14,35
201400010447,14,9,24,1,2,1,1.0,7.0,0.0,33.0,0.0,0.0,1.0,1.0,1,2,4.0,2.0,2.0,1.0,0.0,70.0,1,0.0,1.0,1,3,1,1,0,1,0,1,0,0,1,0,1,1,0,0,1,1,0,0,0,3,7,35
201400045643,14,3,6,1,2,4,1.0,6.0,0.0,7.0,0.0,0.0,1.0,15.0,1,1,4.0,2.0,2.0,1.0,0.0,-1.0,1,0.0,1.0,1,1,0,2,0,1,0,1,0,0,2,0,0,1,0,0,1,1,0,0,0,3,8,25
201000032810,10,12,7,1,2,1,1.0,2.0,0.0,7.0,0.0,0.0,2.0,1.0,1,1,4.0,2.0,2.0,1.0,0.0,102.0,1,0.0,1.0,2,1,2,2,0,0,0,4,0,0,4,0,0,0,0,2,2,1,1,0,0,3,13,40
200600005138,6,1,24,1,2,1,1.0,7.0,0.0,2.0,0.0,0.0,0.0,0.0,1,2,9.0,1.0,2.0,1.0,0.0,0.0,1,0.0,1.0,1,4,1,0,0,0,0,1,1,0,0,0,0,1,0,0,0,1,0,0,0,4,16,0
201400018402,14,2,28,3,1,3,8.0,3.0,0.0,7.0,0.0,0.0,2.0,15.0,1,1,1.0,1.0,1.0,2.0,0.0,40.0,1,3.0,0.0,2,1,4,2,0,0,2,4,0,0,6,0,0,4,0,2,0,1,0,1,0,2,22,15
201500028077,15,12,27,1,1,1,1.0,7.0,0.0,1.0,0.0,16.0,0.0,1.0,1,2,3.0,2.0,2.0,2.0,0.0,80.0,1,0.0,1.0,1,2,1,0,0,0,0,1,0,0,1,0,0,0,0,0,1,0,0,1,0,2,12,0
200700040342,7,7,13,1,1,1,1.0,1.0,0.0,7.0,0.0,0.0,9.0,17.0,1,-1,3.0,2.0,2.0,2.0,0.0,0.0,1,0.0,1.0,2,1,4,0,0,0,0,4,0,0,4,0,0,0,0,0,4,0,0,1,0,3,11,0
201600025950,16,9,10,1,2,1,1.0,6.0,1.0,7.0,0.0,0.0,2.0,1.0,1,1,4.0,2.0,2.0,1.0,0.0,0.0,1,0.0,1.0,2,1,4,0,0,0,0,4,0,0,4,0,0,2,0,2,0,1,0,1,0,2,17,30
200600000697,6,1,31,1,2,1,8.0,7.0,0.0,7.0,0.0,0.0,1.0,1.0,1,1,4.0,0.0,2.0,1.0,0.0,0.0,1,0.0,1.0,1,1,0,2,0,1,0,1,2,0,0,0,0,1,0,0,1,1,0,0,0,2,17,40
201200017247,12,12,21,3,1,1,8.0,2.0,0.0,7.0,0.0,0.0,2.0,12.0,1,1,1.0,3.0,6.0,1.0,20.0,105.0,1,0.0,1.0,2,3,4,0,0,0,0,4,0,0,2,0,2,2,0,2,0,0,1,1,0,3,18,30
201500013771,15,1,17,5,2,1,1.0,6.0,0.0,7.0,0.0,0.0,2.0,1.0,1,1,4.0,2.0,0.0,1.0,0.0,0.0,1,0.0,1.0,2,2,2,2,0,0,0,4,0,0,4,0,0,0,0,0,4,1,0,0,0,2,17,30
201300011728,13,11,6,2,1,1,3.0,7.0,0.0,7.0,0.0,4.0,0.0,0.0,1,1,1.0,3.0,3.0,1.0,10.0,130.0,1,0.0,2.0,1,4,0,1,0,0,0,1,0,0,0,0,1,0,0,1,0,1,0,0,0,4,7,45
201400043937,14,10,10,5,2,1,1.0,6.0,0.0,7.0,0.0,0.0,1.0,1.0,1,1,4.0,1.0,3.0,1.0,0.0,105.0,1,0.0,1.0,1,1,2,1,0,1,1,1,0,0,3,0,0,1,0,2,0,1,0,0,0,2,21,20
201000013246,10,9,16,1,1,1,1.0,1.0,0.0,7.0,0.0,0.0,2.0,17.0,1,1,2.0,2.0,2.0,1.0,0.0,70.0,1,0.0,1.0,2,1,4,0,0,0,0,4,0,0,4,0,0,2,0,2,0,1,0,0,0,2,12,30
200800010173,8,2,15,1,2,2,1.0,3.0,0.0,7.0,0.0,0.0,2.0,15.0,1,-1,2.0,3.0,6.0,2.0,10.0,150.0,1,5.0,1.0,2,1,4,0,0,0,0,4,0,2,0,2,0,2,0,2,0,1,0,0,0,2,11,20
201600013391,16,2,25,1,1,2,1.0,6.0,1.0,7.0,0.0,0.0,1.0,9.0,1,1,3.0,2.0,1.0,1.0,0.0,30.0,1,0.0,1.0,1,1,1,1,0,1,0,1,0,2,0,0,0,0,0,2,0,1,0,0,0,3,14,20
201200038327,12,12,9,3,2,2,3.0,3.0,0.0,7.0,0.0,0.0,2.0,1.0,1,1,4.0,2.0,2.0,1.0,0.0,40.0,1,0.0,1.0,2,3,0,6,0,0,2,4,0,6,0,0,0,4,0,0,2,1,0,0,0,3,18,30
201700015596,17,8,6,1,1,1,1.0,6.0,1.0,7.0,0.0,0.0,0.0,19.0,1,1,3.0,2.0,2.0,2.0,0.0,0.0,1,0.0,3.0,1,3,1,0,0,0,0,1,0,0,1,0,0,0,0,1,0,1,0,0,0,3,9,40
201400006425,14,8,18,1,1,1,1.0,2.0,0.0,7.0,0.0,0.0,0.0,1.0,1,1,3.0,2.0,1.0,2.0,0.0,60.0,1,0.0,1.0,2,1,2,2,0,0,0,4,0,0,4,0,0,4,0,0,0,1,1,0,0,3,16,0
200500033178,5,6,15,1,1,2,3.0,3.0,0.0,7.0,0.0,0.0,2.0,1.0,1,1,3.0,2.0,2.0,1.0,0.0,74.0,1,0.0,1.0,2,2,4,0,0,0,0,4,2,0,0,0,2,2,0,2,0,1,1,0,0,2,12,47
201000030630,10,11,15,1,2,1,2.0,3.0,0.0,1.0,0.0,0.0,2.0,17.0,1,-1,4.0,2.0,2.0,2.0,0.0,60.0,1,0.0,1.0,2,2,4,0,0,0,0,4,2,0,0,0,2,2,2,0,0,0,1,1,0,2,8,0
201200031120,12,7,2,1,2,1,8.0,7.0,0.0,37.0,1.0,0.0,1.0,1.0,1,1,4.0,2.0,2.0,1.0,0.0,0.0,1,0.0,1.0,1,1,2,0,0,1,0,1,0,1,0,1,0,1,1,0,0,0,0,0,0,2,17,5
200600028838,6,5,31,1,2,1,8.0,3.0,0.0,2.0,0.0,0.0,2.0,1.0,1,2,9.0,2.0,3.0,1.0,0.0,87.0,1,0.0,1.0,2,2,2,4,0,0,2,4,0,2,2,0,2,0,0,6,0,1,0,0,0,2,17,0
201500010045,15,10,3,5,2,1,1.0,2.0,0.0,7.0,0.0,0.0,2.0,2.0,1,1,4.0,3.0,4.0,1.0,0.0,0.0,1,0.0,1.0,2,2,4,0,0,0,0,4,0,0,2,0,2,2,0,2,0,1,1,0,0,2,6,0
200900059110,9,4,30,1,2,1,1.0,3.0,0.0,1.0,0.0,0.0,2.0,15.0,1,-1,4.0,2.0,2.0,1.0,0.0,64.0,1,0.0,1.0,2,1,4,0,0,0,0,4,0,2,2,0,0,0,2,2,0,1,0,1,0,2,19,20
200800068175,8,11,23,5,2,1,1.0,6.0,0.0,7.0,0.0,0.0,1.0,1.0,1,1,4.0,1.0,3.0,1.0,4.0,97.0,1,0.0,1.0,1,1,2,0,0,1,0,1,0,0,2,0,0,1,0,1,0,1,0,0,0,3,4,0