Num_Acc,an,mois,jour,lum,agg,int,atm,col,senc,catv,occutc,obs,obsm,manv,catu,secu,catr,circ,nbv,prof,lartpc,larrout,surf,infra,situ,nb_veh,grav_simpl,Homme,Femme,Arrière,Autre_x,Avant,Conducteur,Autre_y,Inconnu,Loisirs,Professionnel,Travail,Adulte,Enfant,Jeune,Senior,choc_avant,choc_arriere,choc_lateral,choc_multiple,grav_order_max,heure,minute
200600006977,6,2,9,1,1,1,6.0,3.0,0.0,7.0,0.0,0.0,2.0,17.0,1,1,3.0,2.0,2.0,2.0,0.0,55.0,1,0.0,1.0,2,2,2,4,0,0,2,4,0,2,4,0,0,0,0,4,2,0,0,1,0,2,15,30
200700020793,7,4,20,1,2,2,1.0,1.0,0.0,31.0,0.0,0.0,2.0,1.0,1,2,4.0,2.0,4.0,1.0,150.0,120.0,1,0.0,1.0,2,3,4,6,4,0,2,4,0,10,0,0,0,2,4,4,0,1,0,1,0,3,15,30
200500022730,5,4,1,1,2,1,1.0,1.0,0.0,2.0,0.0,0.0,2.0,1.0,1,2,4.0,2.0,2.0,1.0,0.0,49.0,1,0.0,1.0,2,3,4,0,0,0,0,4,2,0,2,0,0,0,2,2,0,1,0,0,0,3,16,30
200900026103,9,8,8,1,1,1,1.0,6.0,0.0,33.0,0.0,13.0,0.0,1.0,1,2,3.0,2.0,2.0,2.0,0.0,59.0,1,0.0,3.0,1,4,1,0,0,0,0,1,0,0,1,0,0,1,0,0,0,1,0,0,0,4,14,45
200600023397,6,5,28,1,2,9,1.0,7.0,0.0,33.0,0.0,0.0,0.0,1.0,1,-1,3.0,3.0,2.0,0.0,0.0,53.0,1,0.0,1.0,1,2,1,0,0,0,0,1,0,0,1,0,0,1,0,0,0,0,0,0,0,2,19,0
200700042671,7,7,2,1,2,1,1.0,6.0,0.0,7.0,0.0,0.0,1.0,1.0,1,-1,4.0,2.0,2.0,1.0,0.0,60.0,1,0.0,1.0,1,1,2,0,0,1,0,1,0,1,1,0,0,0,1,1,0,0,0,1,0,3,21,0
201100018149,11,1,14,1,2,1,1.0,6.0,0.0,7.0,0.0,0.0,1.0,1.0,1,1,4.0,2.0,2.0,1.0,80.0,50.0,1,0.0,1.0,1,1,0,2,0,1,0,1,0,0,1,0,1,1,0,0,1,1,0,0,0,2,9,55
200700075353,7,12,16,1,1,1,1.0,6.0,0.0,7.0,0.0,16.0,0.0,0.0,1,0,3.0,2.0,2.0,1.0,0.0,0.0,1,0.0,1.0,1,3,1,0,0,0,0,1,0,0,1,0,0,0,0,1,0,0,0,0,1,3,16,0
201500028495,15,4,27,1,1,1,1.0,3.0,0.0,7.0,0.0,3.0,2.0,1.0,1,1,1.0,3.0,6.0,1.0,0.0,0.0,1,0.0,1.0,2,2,2,0,0,0,0,2,0,0,0,0,2,0,0,2,0,0,0,1,0,2,17,15
201200018785,12,4,8,1,1,1,1.0,6.0,0.0,7.0,0.0,6.0,0.0,14.0,1,-1,3.0,0.0,0.0,2.0,0.0,55.0,1,0.0,3.0,1,4,1,0,0,0,0,1,0,0,1,0,0,0,0,1,0,0,0,1,0,4,12,45
201400021622,14,3,20,1,2,1,1.0,6.0,0.0,7.0,0.0,0.0,1.0,17.0,1,1,4.0,2.0,1.0,1.0,0.0,57.0,1,0.0,1.0,1,1,1,1,0,1,0,1,0,0,2,0,0,0,0,2,0,1,0,0,0,3,9,55
201200043426,12,2,21,5,2,1,1.0,2.0,0.0,7.0,0.0,0.0,2.0,12.0,1,-1,3.0,3.0,4.0,1.0,0.0,158.0,1,0.0,1.0,2,1,4,0,0,0,0,4,0,0,4,0,0,2,0,0,2,1,1,0,0,2,19,10
201400037429,14,10,6,1,1,1,2.0,2.0,0.0,7.0,0.0,0.0,2.0,2.0,1,1,4.0,2.0,2.0,1.0,0.0,60.0,1,0.0,1.0,2,1,4,0,0,0,0,4,0,2,0,2,0,4,0,0,0,1,1,0,0,2,13,5
200700011152,7,2,28,1,2,2,1.0,7.0,0.0,33.0,0.0,0.0,2.0,1.0,1,2,4.0,2.0,2.0,0.0,0.0,0.0,-1,0.0,1.0,2,2,4,0,0,0,0,4,0,2,0,0,2,4,0,0,0,0,0,0,0,2,13,15
200700023582,7,4,16,1,1,2,1.0,3.0,0.0,7.0,0.0,0.0,2.0,1.0,1,1,3.0,2.0,3.0,1.0,0.0,0.0,1,0.0,1.0,2,2,2,6,2,0,2,4,0,6,0,2,0,0,2,6,0,1,0,0,0,2,20,15
200700032925,7,6,28,1,1,1,1.0,2.0,0.0,33.0,0.0,0.0,2.0,2.0,1,2,3.0,4.0,0.0,1.0,0.0,62.0,1,0.0,1.0,2,4,4,0,0,0,0,4,2,0,2,0,0,2,0,0,2,1,1,0,0,4,12,0
201600016386,16,3,21,1,1,6,1.0,2.0,1.0,10.0,0.0,0.0,2.0,1.0,1,1,3.0,1.0,2.0,1.0,30.0,70.0,1,0.0,1.0,2,1,4,0,0,0,0,4,0,0,2,0,2,0,0,2,2,1,1,0,0,2,11,15
201300035990,13,7,4,1,2,1,1.0,2.0,0.0,7.0,0.0,0.0,2.0,1.0,1,1,4.0,2.0,2.0,1.0,0.0,0.0,1,0.0,1.0,2,1,2,2,0,0,0,4,0,0,4,0,0,2,0,2,0,1,1,0,0,2,9,45
201300018742,13,4,17,1,1,1,1.0,7.0,0.0,7.0,0.0,2.0,0.0,1.0,1,1,3.0,2.0,0.0,2.0,0.0,70.0,1,0.0,1.0,1,3,1,0,0,0,0,1,0,0,1,0,0,0,0,1,0,1,0,0,0,3,19,30
200600023109,6,4,21,5,2,2,1.0,3.0,0.0,10.0,0.0,0.0,2.0,1.0,1,1,4.0,2.0,3.0,1.0,0.0,90.0,1,0.0,1.0,2,2,10,0,2,0,4,4,0,6,0,4,0,8,0,2,0,0,0,1,0,2,23,30
201400026721,14,11,21,1,2,2,1.0,7.0,0.0,7.0,0.0,0.0,1.0,15.0,1,1,9.0,3.0,2.0,1.0,0.0,73.0,1,0.0,0.0,1,1,0,2,0,1,0,1,0,0,2,0,0,1,0,0,1,1,0,0,0,3,14,35
200700006557,7,2,4,3,1,1,1.0,1.0,0.0,7.0,0.0,0.0,2.0,1.0,2,1,2.0,2.0,2.0,1.0,0.0,71.0,1,0.0,1.0,2,3,6,0,0,0,2,4,0,4,2,0,0,6,0,0,0,1,0,0,0,3,22,15
200500047697,5,7,23,1,2,2,1.0,3.0,0.0,7.0,0.0,0.0,2.0,1.0,1,1,4.0,1.0,1.0,1.0,0.0,0.0,1,0.0,1.0,2,2,2,4,0,0,2,4,0,2,4,0,0,2,0,4,0,1,0,1,0,2,15,25
201400016753,14,11,28,2,1,1,1.0,3.0,0.0,38.0,26.0,0.0,2.0,1.0,1,1,3.0,2.0,0.0,1.0,0.0,64.0,1,3.0,1.0,2,1,0,6,0,0,2,4,0,2,0,2,2,4,2,0,0,1,0,1,0,2,7,15
200600075788,6,12,14,3,1,1,9.0,6.0,0.0,7.0,0.0,13.0,0.0,1.0,1,1,3.0,2.0,2.0,4.0,0.0,71.0,0,0.0,3.0,1,2,0,2,0,0,1,1,1,1,0,0,0,1,1,0,0,1,0,0,0,2,18,55
201000006331,10,4,16,3,1,1,1.0,7.0,0.0,7.0,0.0,0.0,0.0,16.0,1,1,3.0,2.0,2.0,0.0,0.0,43.0,1,0.0,3.0,1,3,2,2,2,0,1,1,0,3,1,0,0,1,2,1,0,0,0,0,0,3,21,45
200500031928,5,5,13,1,2,1,1.0,3.0,0.0,7.0,0.0,0.0,2.0,11.0,1,-1,4.0,1.0,2.0,1.0,0.0,0.0,1,0.0,1.0,2,2,2,2,0,0,0,4,0,0,0,4,0,4,0,0,0,1,0,1,0,2,15,25
201100008078,11,1,12,1,1,1,1.0,6.0,0.0,7.0,0.0,2.0,0.0,13.0,1,1,3.0,2.0,1.0,1.0,0.0,0.0,1,0.0,3.0,1,3,0,1,0,0,0,1,0,0,0,0,1,0,0,1,0,0,0,0,1,3,12,0
200600039050,6,7,28,5,2,6,1.0,6.0,0.0,7.0,0.0,14.0,0.0,1.0,1,1,4.0,2.0,2.0,1.0,0.0,119.0,1,0.0,1.0,1,2,1,0,0,0,0,1,1,0,0,0,0,1,0,0,0,1,0,0,0,2,22,30
201000058657,10,11,17,1,2,1,1.0,7.0,0.0,7.0,0.0,0.0,1.0,0.0,1,1,4.0,2.0,2.0,1.0,0.0,72.0,1,0.0,1.0,1,1,0,2,0,1,0,1,1,0,1,0,0,0,1,0,1,1,0,0,0,2,12,15
201000065113,10,12,23,5,2,5,3.0,6.0,0.0,7.0,0.0,1.0,2.0,3.0,1,-1,4.0,2.0,3.0,1.0,0.0,0.0,1,5.0,1.0,3,2,9,0,0,0,0,9,0,0,0,9,0,9,0,0,0,1,1,1,0,2,18,30
200600009804,6,2,2,5,2,1,8.0,3.0,0.0,7.0,0.0,0.0,2.0,1.0,1,1,3.0,2.0,2.0,1.0,0.0,70.0,0,0.0,1.0,2,2,2,2,0,0,0,4,0,0,2,2,0,2,0,2,0,1,0,1,0,2,18,30
200800036340,8,7,20,1,1,2,1.0,1.0,0.0,1.0,0.0,0.0,2.0,1.0,1,-1,3.0,2.0,1.0,2.0,0.0,48.0,1,0.0,1.0,2,3,4,0,0,0,0,4,0,0,2,0,2,0,2,0,2,1,0,0,0,3,8,45
201700004416,17,1,26,3,2,1,1.0,1.0,0.0,7.0,0.0,0.0,2.0,13.0,1,-1,3.0,2.0,2.0,1.0,0.0,52.0,1,0.0,1.0,2,3,4,0,0,0,0,4,0,0,0,0,4,4,0,0,0,1,0,0,0,3,0,30
200800045452,8,8,18,1,1,1,1.0,7.0,0.0,16.0,0.0,5.0,0.0,1.0,1,-1,2.0,1.0,2.0,1.0,0.0,60.0,1,0.0,1.0,1,2,0,1,0,0,0,1,0,0,0,1,0,1,0,0,0,0,0,1,0,2,16,30
201200012850,12,11,26,1,1,1,8.0,6.0,0.0,31.0,0.0,0.0,6.0,1.0,1,2,3.0,2.0,0.0,0.0,72.0,0.0,1,0.0,1.0,1,3,1,0,0,0,0,1,0,1,0,0,0,1,0,0,0,1,0,0,0,3,8,45
201500020705,15,9,28,1,2,1,1.0,3.0,0.0,7.0,0.0,0.0,0.0,15.0,1,1,4.0,0.0,2.0,0.0,0.0,0.0,-1,0.0,1.0,2,3,0,4,0,0,0,4,0,4,0,0,0,4,0,0,0,1,0,1,0,3,17,35
201100025553,11,11,30,4,2,1,2.0,3.0,0.0,13.0,0.0,0.0,2.0,1.0,1,1,4.0,2.0,2.0,2.0,0.0,0.0,1,0.0,1.0,2,1,4,0,0,0,0,4,0,2,0,0,2,4,0,0,0,1,0,0,0,3,19,35
201200012010,12,9,8,1,2,3,1.0,3.0,0.0,34.0,0.0,0.0,2.0,1.0,1,2,3.0,2.0,0.0,1.0,0.0,64.0,1,0.0,1.0,2,3,4,0,0,0,0,4,0,0,4,0,0,0,0,0,4,1,0,0,0,3,14,0
201500047742,15,9,6,5,2,1,1.0,6.0,0.0,7.0,0.0,11.0,0.0,0.0,1,1,4.0,2.0,2.0,2.0,54.0,54.0,1,0.0,1.0,1,2,1,0,0,0,0,1,0,0,1,0,0,0,0,1,0,1,0,0,0,2,1,8
200700027154,7,5,27,2,2,1,1.0,3.0,0.0,7.0,0.0,0.0,2.0,1.0,1,1,4.0,3.0,4.0,3.0,10.0,130.0,1,0.0,1.0,2,2,2,2,0,0,0,4,2,0,0,2,0,2,0,2,0,1,1,0,0,2,6,50
200900003203,9,4,28,1,2,1,1.0,3.0,0.0,30.0,0.0,0.0,0.0,2.0,1,2,4.0,2.0,2.0,2.0,0.0,70.0,1,0.0,1.0,2,2,4,2,0,0,2,4,2,0,2,0,2,4,2,0,0,0,0,1,0,2,17,4
200700007572,7,2,5,1,2,1,1.0,6.0,0.0,7.0,0.0,0.0,1.0,20.0,3,-1,4.0,1.0,1.0,1.0,0.0,99.0,1,0.0,1.0,1,3,0,2,0,1,0,1,0,0,1,0,1,1,0,0,1,0,1,0,0,3,10,50
201600053065,16,5,10,2,2,3,2.0,2.0,2.0,7.0,0.0,0.0,2.0,23.0,1,-1,4.0,1.0,0.0,1.0,0.0,0.0,1,0.0,0.0,2,1,2,2,0,0,0,4,0,0,4,0,0,2,0,2,0,0,1,1,0,2,20,30
201300051322,13,2,25,5,2,1,2.0,7.0,0.0,32.0,0.0,0.0,0.0,1.0,1,2,4.0,1.0,3.0,1.0,0.0,120.0,1,0.0,1.0,1,2,1,0,0,0,0,1,0,0,1,0,0,1,0,0,0,0,1,0,0,2,19,10
201400051666,14,1,2,5,2,5,1.0,6.0,0.0,30.0,0.0,0.0,1.0,1.0,1,2,4.0,2.0,4.0,1.0,280.0,180.0,1,0.0,1.0,1,1,2,0,0,1,0,1,0,2,0,0,0,0,0,1,1,0,1,0,0,2,18,30
200700071301,7,11,30,2,2,2,2.0,1.0,0.0,2.0,0.0,0.0,2.0,16.0,1,2,3.0,2.0,2.0,1.0,0.0,0.0,1,0.0,1.0,2,2,2,2,0,0,0,4,0,0,2,0,2,0,2,2,0,1,0,0,0,2,17,0
200600056177,6,9,23,5,2,2,2.0,6.0,0.0,7.0,0.0,11.0,0.0,15.0,1,1,4.0,2.0,2.0,1.0,0.0,60.0,1,0.0,1.0,1,1,1,1,0,0,1,1,0,1,1,0,0,0,0,2,0,1,0,0,0,2,22,28
201100011440,11,11,10,1,1,9,1.0,1.0,0.0,7.0,0.0,0.0,2.0,9.0,1,1,3.0,2.0,0.0,1.0,82.0,78.0,1,0.0,2.0,2,1,2,2,0,0,0,4,0,0,2,0,2,2,0,2,0,1,0,1,0,3,16,45
200500012445,5,3,17,3,1,1,5.0,1.0,0.0,7.0,0.0,0.0,2.0,1.0,1,1,3.0,2.0,2.0,1.0,0.0,54.0,1,0.0,3.0,2,3,2,2,0,0,0,4,0,0,2,0,2,4,0,0,0,1,0,0,0,3,23,15
201700039131,17,10,31,1,2,1,1.0,3.0,1.0,7.0,0.0,0.0,2.0,9.0,1,1,4.0,2.0,2.0,1.0,0.0,0.0,1,0.0,1.0,2,1,2,2,0,0,0,4,2,0,2,0,0,0,0,2,2,1,0,0,0,2,16,35
200600072534,6,11,2,1,2,1,1.0,3.0,0.0,31.0,0.0,0.0,2.0,17.0,1,2,2.0,2.0,2.0,1.0,0.0,70.0,1,0.0,1.0,2,3,2,2,0,0,0,4,0,0,4,0,0,0,0,2,2,1,1,0,0,3,14,0
201700013841,17,8,9,1,2,1,1.0,5.0,0.0,7.0,0.0,14.0,2.0,2.0,1,1,3.0,2.0,2.0,1.0,0.0,0.0,1,0.0,1.0,4,1,8,12,0,0,4,16,0,16,4,0,0,8,0,8,4,1,1,0,0,2,15,30
200800041872,8,7,31,1,1,1,1.0,6.0,0.0,7.0,0.0,3.0,0.0,1.0,1,1,1.0,3.0,4.0,1.0,12.0,140.0,1,0.0,3.0,1,1,3,2,4,0,0,1,0,4,1,0,0,1,2,2,0,0,0,1,0,3,16,30
200500067771,5,10,4,5,2,2,8.0,3.0,0.0,4.0,0.0,0.0,2.0,18.0,1,0,4.0,2.0,6.0,1.0,0.0,180.0,1,0.0,1.0,2,2,4,0,0,0,0,4,0,0,0,4,0,0,0,4,0,1,0,0,0,2,19,0
201200036152,12,9,24,1,2,4,1.0,3.0,0.0,1.0,0.0,0.0,2.0,9.0,1,2,4.0,0.0,1.0,2.0,0.0,0.0,1,0.0,1.0,2,2,4,0,0,0,0,4,0,0,4,0,0,0,2,2,0,1,0,0,0,2,18,20
201500020205,15,12,6,5,1,2,1.0,3.0,0.0,7.0,0.0,0.0,2.0,1.0,1,1,4.0,2.0,3.0,1.0,0.0,0.0,1,5.0,1.0,2,2,6,0,0,0,2,4,0,6,0,0,0,4,0,0,2,1,0,0,0,2,18,0
201500000501,15,12,1,5,2,1,1.0,3.0,0.0,10.0,0.0,0.0,2.0,1.0,1,1,3.0,2.0,2.0,1.0,0.0,32.0,1,5.0,1.0,2,1,4,0,0,0,0,4,0,0,4,0,0,2,0,0,2,1,0,0,0,2,20,45
200800008793,8,2,16,1,2,6,1.0,3.0,0.0,7.0,0.0,0.0,2.0,9.0,1,1,4.0,2.0,2.0,1.0,0.0,0.0,1,0.0,1.0,2,1,4,0,0,0,0,4,2,2,0,0,0,0,2,0,2,1,0,0,0,2,12,0
200900037271,9,10,8,1,2,2,8.0,6.0,0.0,7.0,0.0,0.0,1.0,15.0,1,1,3.0,2.0,3.0,1.0,0.0,0.0,1,0.0,1.0,1,1,0,2,0,1,0,1,1,0,1,0,0,2,0,0,0,1,0,0,0,2,8,14
201400016448,14,1,1,1,1,1,1.0,6.0,0.0,7.0,0.0,8.0,0.0,14.0,1,1,4.0,2.0,2.0,1.0,0.0,0.0,-1,0.0,3.0,1,2,0,1,0,0,0,1,0,1,0,0,0,0,0,0,1,1,0,0,0,2,13,0
200800013788,8,3,21,1,1,1,2.0,6.0,0.0,7.0,0.0,3.0,0.0,1.0,1,1,1.0,3.0,4.0,0.0,10.0,240.0,1,0.0,1.0,1,3,1,1,0,0,0,2,0,1,1,0,0,0,0,0,2,0,0,0,1,3,16,26
201400026599,14,12,15,5,2,1,1.0,7.0,0.0,1.0,0.0,0.0,0.0,1.0,1,4,4.0,0.0,0.0,1.0,0.0,0.0,0,0.0,4.0,1,2,0,1,0,0,0,1,0,0,0,0,1,0,0,1,0,0,0,0,0,2,5,40
201000042069,10,5,5,1,2,1,1.0,6.0,0.0,30.0,0.0,0.0,0.0,13.0,1,2,4.0,2.0,1.0,1.0,0.0,60.0,1,0.0,0.0,1,1,2,0,0,0,1,1,0,0,2,0,0,2,0,0,0,0,0,1,0,2,20,10
200500022851,5,4,10,1,1,1,1.0,2.0,0.0,7.0,0.0,0.0,2.0,17.0,1,1,3.0,2.0,0.0,1.0,0.0,46.0,1,0.0,1.0,2,1,4,0,0,0,0,4,0,2,2,0,0,0,0,0,4,1,1,0,0,4,12,0
200900022266,9,5,31,1,2,2,1.0,3.0,0.0,7.0,0.0,0.0,9.0,1.0,1,1,3.0,2.0,0.0,2.0,0.0,62.0,1,5.0,1.0,2,1,2,2,0,0,0,4,0,0,4,0,0,2,0,2,0,1,0,1,0,3,16,30
200500073658,5,11,17,5,2,1,1.0,3.0,0.0,7.0,0.0,6.0,2.0,5.0,1,1,4.0,1.0,2.0,1.0,0.0,60.0,1,0.0,1.0,2,1,2,4,0,0,2,4,0,2,4,0,0,2,2,2,0,1,0,0,0,2,22,5
200700059732,7,9,27,5,2,4,1.0,3.0,0.0,30.0,0.0,0.0,0.0,18.0,1,2,4.0,3.0,2.0,1.0,20.0,30.0,1,0.0,0.0,2,1,2,4,2,0,0,4,0,2,4,0,0,2,0,4,0,1,1,0,0,2,20,20
201000042912,10,5,19,1,2,1,1.0,1.0,0.0,7.0,0.0,0.0,2.0,1.0,1,1,3.0,2.0,2.0,3.0,0.0,32.0,1,0.0,1.0,2,1,4,0,0,0,0,4,0,0,2,0,2,2,0,2,0,1,0,0,0,2,13,10
200900032987,9,9,4,1,2,9,3.0,3.0,0.0,1.0,0.0,0.0,2.0,1.0,1,0,4.0,2.0,2.0,1.0,0.0,69.0,1,0.0,1.0,2,3,4,0,0,0,0,4,0,0,2,2,0,2,0,0,2,1,0,0,0,3,10,15
200700052642,7,9,29,1,1,1,5.0,6.0,0.0,7.0,0.0,14.0,0.0,9.0,1,1,3.0,2.0,2.0,1.0,0.0,103.0,1,3.0,3.0,1,1,1,1,0,0,1,1,0,1,1,0,0,1,0,1,0,1,0,0,0,3,9,30
201600010784,16,10,24,5,2,1,1.0,3.0,1.0,7.0,0.0,0.0,2.0,1.0,1,1,4.0,2.0,2.0,2.0,0.0,0.0,1,0.0,1.0,2,2,4,0,0,0,0,4,0,0,2,0,2,4,0,0,0,0,0,1,0,2,20,30
201500042755,15,10,27,5,2,3,1.0,1.0,0.0,7.0,0.0,0.0,2.0,15.0,1,1,3.0,2.0,2.0,2.0,0.0,0.0,1,0.0,1.0,2,1,2,2,0,0,0,4,0,2,0,0,2,4,0,0,0,1,1,0,0,2,18,0
200500031728,5,5,2,1,1,1,1.0,4.0,0.0,7.0,0.0,0.0,0.0,2.0,1,1,1.0,1.0,4.0,2.0,0.0,140.0,1,1.0,1.0,4,1,12,4,0,0,0,16,0,0,4,8,4,8,0,4,4,1,1,0,0,2,12,10
200900068104,9,10,9,2,2,1,1.0,3.0,0.0,31.0,0.0,0.0,2.0,1.0,1,2,4.0,1.0,2.0,2.0,0.0,80.0,1,0.0,1.0,2,2,2,2,0,0,0,4,0,0,0,0,4,4,0,0,0,1,0,0,0,2,7,30
201000000539,10,7,30,1,2,1,1.0,3.0,0.0,7.0,0.0,0.0,2.0,15.0,1,1,3.0,2.0,2.0,1.0,0.0,68.0,1,0.0,1.0,2,1,4,0,0,0,0,4,0,0,4,0,0,2,0,2,0,1,0,0,0,4,17,45
201000002471,10,7,7,1,1,1,1.0,3.0,0.0,7.0,0.0,0.0,2.0,15.0,1,1,3.0,2.0,2.0,2.0,0.0,0.0,1,0.0,1.0,2,1,4,2,0,0,2,4,0,2,4,0,0,0,4,0,2,1,0,1,0,3,18,15
201400014286,14,3,20,1,2,1,1.0,6.0,0.0,32.0,0.0,0.0,2.0,1.0,1,2,4.0,2.0,0.0,1.0,0.0,0.0,1,0.0,1.0,2,2,2,2,0,0,0,4,2,0,0,2,0,2,0,0,2,1,0,0,0,2,11,30
201300043413,13,6,22,1,2,1,1.0,6.0,0.0,7.0,0.0,9.0,9.0,2.0,1,1,3.0,2.0,2.0,1.0,0.0,60.0,1,0.0,1.0,1,2,3,0,1,0,1,1,0,0,3,0,0,1,0,2,0,0,0,0,1,2,6,50
201500042885,15,6,15,5,2,9,1.0,2.0,0.0,7.0,0.0,1.0,0.0,2.0,1,0,4.0,1.0,1.0,2.0,0.0,0.0,1,5.0,1.0,2,1,2,4,0,0,2,4,0,6,0,0,0,0,0,6,0,1,1,0,0,3,22,55
200800042699,8,7,28,1,2,1,1.0,3.0,0.0,31.0,0.0,0.0,2.0,3.0,1,2,4.0,1.0,4.0,1.0,15.0,140.0,1,0.0,1.0,2,2,4,0,0,0,0,4,0,0,0,4,0,2,0,0,2,0,0,1,0,2,16,15
201700052808,17,8,3,1,2,2,2.0,6.0,1.0,33.0,0.0,0.0,1.0,15.0,1,2,4.0,3.0,2.0,0.0,0.0,0.0,-1,0.0,1.0,1,2,1,1,0,1,0,1,0,1,0,0,1,1,0,1,0,0,0,0,0,2,9,0
201700028757,17,5,13,1,2,1,1.0,6.0,0.0,2.0,0.0,15.0,0.0,0.0,1,2,6.0,0.0,0.0,1.0,0.0,0.0,-1,0.0,0.0,1,2,1,0,0,0,0,1,0,0,1,0,0,0,1,0,0,1,0,0,0,2,15,45
201400031056,14,7,1,1,2,1,1.0,6.0,0.0,7.0,0.0,0.0,1.0,15.0,1,1,4.0,2.0,2.0,1.0,0.0,60.0,1,0.0,1.0,1,1,1,1,0,1,0,1,0,1,1,0,0,2,0,0,0,1,0,0,0,2,10,10
200600003385,6,1,1,5,2,3,1.0,2.0,0.0,7.0,0.0,0.0,2.0,2.0,1,1,3.0,2.0,2.0,1.0,0.0,120.0,1,0.0,1.0,2,1,4,6,4,0,2,4,0,6,4,0,0,4,0,6,0,1,1,0,0,2,0,30
200500015042,5,3,13,1,2,2,1.0,3.0,0.0,2.0,0.0,0.0,2.0,1.0,1,2,4.0,1.0,1.0,1.0,0.0,46.0,1,0.0,1.0,2,2,4,0,0,0,0,4,0,0,4,0,0,4,0,0,0,1,0,1,0,2,14,40
200800047993,8,8,11,1,1,1,3.0,6.0,0.0,7.0,0.0,0.0,1.0,1.0,1,1,6.0,1.0,0.0,0.0,0.0,30.0,1,0.0,1.0,1,1,0,2,0,1,0,1,1,0,0,0,1,0,0,1,1,1,0,0,0,2,15,0
201000032941,10,5,11,1,2,3,8.0,3.0,0.0,7.0,0.0,0.0,2.0,15.0,1,1,4.0,1.0,1.0,1.0,0.0,0.0,1,0.0,1.0,2,1,4,0,0,0,0,4,0,2,0,2,0,2,0,2,0,1,0,1,0,2,14,55
201000039616,10,3,2,1,2,6,1.0,6.0,0.0,7.0,0.0,0.0,2.0,1.0,1,1,4.0,2.0,2.0,1.0,0.0,0.0,1,0.0,1.0,2,1,2,2,0,0,0,4,0,2,2,0,0,4,0,0,0,1,0,1,0,2,9,50
200600023347,6,5,4,1,2,4,1.0,3.0,0.0,7.0,0.0,0.0,0.0,15.0,1,1,4.0,2.0,2.0,1.0,0.0,69.0,1,5.0,1.0,2,2,0,4,0,0,0,4,0,0,0,0,4,4,0,0,0,1,0,0,0,2,13,45
201600020870,16,4,22,1,2,1,1.0,6.0,1.0,30.0,0.0,1.0,0.0,14.0,1,2,4.0,2.0,2.0,1.0,0.0,50.0,1,0.0,4.0,1,2,1,0,0,0,0,1,1,0,0,0,0,0,1,0,0,0,1,0,0,2,13,30
201000033040,10,10,1,1,2,3,1.0,3.0,0.0,7.0,0.0,0.0,2.0,0.0,1,1,4.0,0.0,1.0,1.0,0.0,0.0,1,0.0,1.0,2,1,2,4,0,0,2,4,0,6,0,0,0,2,0,2,2,0,0,1,0,2,18,50
200700035836,7,6,9,1,2,1,1.0,6.0,0.0,7.0,0.0,0.0,1.0,1.0,3,-1,4.0,2.0,2.0,1.0,0.0,60.0,1,0.0,1.0,1,2,2,0,0,1,0,1,0,2,0,0,0,2,0,0,0,0,0,1,0,2,11,2
201400050945,14,12,9,3,1,1,1.0,2.0,0.0,7.0,0.0,0.0,2.0,2.0,1,1,1.0,3.0,4.0,1.0,20.0,140.0,1,0.0,1.0,2,2,4,0,0,0,0,4,0,0,0,0,4,2,0,2,0,1,1,0,0,2,21,0
200500073798,5,11,11,1,2,1,1.0,3.0,0.0,7.0,0.0,0.0,2.0,12.0,1,1,4.0,2.0,2.0,1.0,0.0,100.0,1,0.0,1.0,2,1,4,0,0,0,0,4,0,0,4,0,0,0,2,0,2,1,0,0,0,2,16,30
201600039081,16,9,5,1,2,1,2.0,2.0,0.0,7.0,0.0,0.0,2.0,0.0,1,1,3.0,1.0,2.0,1.0,0.0,0.0,1,0.0,1.0,2,2,2,2,0,0,0,4,0,0,0,2,2,4,0,0,0,1,1,0,0,2,9,30
200600075356,6,12,31,1,2,1,8.0,6.0,0.0,7.0,0.0,15.0,0.0,1.0,2,1,4.0,2.0,2.0,2.0,0.0,63.0,1,0.0,4.0,1,2,2,1,1,0,1,1,0,2,1,0,0,3,0,0,0,0,1,0,0,3,16,30
200500019141,5,4,26,2,2,1,1.0,6.0,0.0,7.0,0.0,2.0,0.0,1.0,1,1,4.0,2.0,2.0,1.0,0.0,100.0,1,0.0,1.0,1,2,0,1,0,0,0,1,0,0,1,0,0,0,0,1,0,1,0,0,0,2,20,23
200700043280,7,7,19,1,1,1,1.0,6.0,0.0,15.0,0.0,0.0,1.0,1.0,1,1,3.0,3.0,4.0,1.0,0.0,70.0,1,0.0,1.0,1,1,2,0,0,1,0,1,0,0,0,2,0,1,0,1,0,1,0,0,0,4,10,10
200600064361,6,10,15,1,2,1,1.0,6.0,1.0,30.0,0.0,0.0,1.0,1.0,3,-1,4.0,2.0,2.0,2.0,0.0,62.0,1,0.0,1.0,1,2,0,1,0,1,0,0,0,0,1,0,0,1,0,0,0,1,0,0,0,2,16,58
201400001719,14,1,18,3,1,1,1.0,7.0,0.0,7.0,0.0,8.0,0.0,1.0,1,1,3.0,2.0,0.0,2.0,0.0,63.0,1,0.0,3.0,1,2,3,2,3,0,1,1,0,4,1,0,0,0,0,5,0,1,0,0,0,3,6,15
200900033980,9,4,20,1,2,3,1.0,5.0,0.0,32.0,0.0,0.0,2.0,1.0,1,2,3.0,2.0,1.0,1.0,0.0,0.0,1,0.0,1.0,3,2,9,0,0,0,0,9,3,3,0,0,3,3,0,6,0,1,1,0,0,2,15,30