Num_Acc,an,mois,jour,lum,agg,int,atm,col,senc,catv,occutc,obs,obsm,manv,catu,secu,catr,circ,nbv,prof,lartpc,larrout,surf,infra,situ,nb_veh,grav_simpl,Homme,Femme,Arrière,Autre_x,Avant,Conducteur,Autre_y,Inconnu,Loisirs,Professionnel,Travail,Adulte,Enfant,Jeune,Senior,choc_avant,choc_arriere,choc_lateral,choc_multiple,grav_order_max,heure,minute
200900068397,9,7,19,5,1,1,2.0,3.0,0.0,7.0,0.0,0.0,2.0,1.0,1,1,3.0,2.0,4.0,2.0,0.0,0.0,1,0.0,1.0,2,1,4,0,0,0,0,4,0,2,2,0,0,2,0,2,0,0,1,0,0,2,3,45
201000050153,10,8,13,5,2,8,1.0,2.0,0.0,7.0,0.0,0.0,0.0,0.0,1,1,4.0,2.0,2.0,1.0,0.0,0.0,1,0.0,1.0,2,3,2,4,0,0,2,4,2,2,0,0,2,2,0,4,0,1,1,0,0,3,21,20
200900065337,9,12,26,3,1,1,1.0,1.0,0.0,7.0,0.0,0.0,2.0,1.0,2,1,3.0,2.0,2.0,2.0,0.0,80.0,1,0.0,1.0,2,3,6,2,0,0,4,4,0,4,2,2,0,0,0,4,4,1,0,0,0,3,18,15
200800062969,8,11,9,5,2,1,2.0,1.0,0.0,7.0,0.0,8.0,2.0,13.0,1,1,4.0,2.0,2.0,1.0,10.0,63.0,1,0.0,0.0,2,1,6,0,0,0,2,4,0,2,4,0,0,2,0,4,0,1,0,0,0,3,5,0
200600008327,6,2,13,1,2,1,1.0,2.0,0.0,2.0,0.0,0.0,2.0,2.0,1,2,4.0,2.0,2.0,1.0,0.0,70.0,1,0.0,1.0,2,3,2,2,0,0,0,4,2,2,0,0,0,0,2,2,0,1,1,0,0,3,13,45
201100027376,11,3,22,1,2,1,1.0,6.0,0.0,7.0,0.0,0.0,2.0,1.0,1,-1,4.0,1.0,1.0,1.0,0.0,60.0,1,0.0,1.0,1,1,0,2,0,1,0,1,0,2,0,0,0,1,0,0,1,1,0,0,0,3,11,5
200900019290,9,4,2,1,2,3,1.0,3.0,0.0,7.0,0.0,0.0,2.0,15.0,1,1,4.0,1.0,1.0,1.0,0.0,80.0,-1,0.0,0.0,2,1,4,0,0,0,0,4,0,0,4,0,0,2,0,2,0,1,0,1,0,2,8,25
201300027563,13,5,17,1,2,1,1.0,2.0,0.0,33.0,0.0,0.0,2.0,2.0,1,2,3.0,2.0,2.0,1.0,0.0,95.0,-1,0.0,1.0,2,2,2,2,0,0,0,4,0,2,2,0,0,2,0,2,0,1,1,0,0,2,17,25
201200053460,12,1,2,1,2,3,1.0,3.0,0.0,7.0,0.0,0.0,2.0,15.0,1,-1,4.0,1.0,0.0,1.0,0.0,100.0,1,0.0,1.0,2,2,0,4,0,0,0,4,0,4,0,0,0,4,0,0,0,1,0,1,0,2,12,45
200700035458,7,6,12,5,2,1,1.0,2.0,0.0,30.0,0.0,0.0,2.0,2.0,1,2,4.0,2.0,3.0,2.0,0.0,60.0,1,0.0,1.0,2,2,4,0,0,0,0,4,0,0,4,0,0,2,0,2,0,0,1,1,0,2,22,0
200900064317,9,11,4,1,2,1,1.0,6.0,0.0,99.0,0.0,0.0,1.0,4.0,1,9,4.0,1.0,2.0,1.0,0.0,60.0,1,0.0,1.0,1,1,2,0,0,1,0,1,1,0,0,1,0,1,0,0,1,0,1,0,0,2,8,40
201100016654,11,12,14,5,2,1,2.0,1.0,0.0,10.0,0.0,0.0,2.0,1.0,1,1,3.0,2.0,2.0,2.0,30.0,58.0,1,0.0,1.0,2,2,4,0,0,0,0,4,0,0,2,2,0,4,0,0,0,1,0,0,0,3,17,15
201500019788,15,9,11,1,2,6,1.0,3.0,0.0,31.0,0.0,0.0,2.0,1.0,1,2,4.0,0.0,0.0,0.0,0.0,0.0,1,5.0,1.0,2,3,2,2,0,0,0,4,0,0,2,0,2,4,0,0,0,0,0,1,0,3,12,15
200600035704,6,6,28,1,2,1,1.0,6.0,0.0,10.0,0.0,0.0,1.0,1.0,1,1,4.0,2.0,4.0,1.0,0.0,120.0,1,0.0,1.0,1,1,2,0,0,1,0,1,0,0,0,2,0,1,0,1,0,1,0,0,0,2,12,50
201200048022,12,10,29,5,2,3,1.0,6.0,0.0,10.0,0.0,0.0,2.0,22.0,1,0,4.0,2.0,2.0,1.0,0.0,109.0,1,0.0,1.0,2,1,4,0,0,0,0,4,0,0,4,0,0,4,0,0,0,0,0,1,0,2,19,5
200600028214,6,5,24,1,2,1,1.0,6.0,0.0,7.0,0.0,0.0,2.0,9.0,1,1,4.0,2.0,2.0,1.0,0.0,60.0,1,0.0,1.0,2,1,4,0,0,0,0,4,0,0,2,0,2,2,0,2,0,1,0,0,0,2,9,0
201000023699,10,5,3,1,2,1,2.0,1.0,0.0,33.0,0.0,0.0,2.0,0.0,1,2,4.0,2.0,0.0,4.0,0.0,0.0,0,0.0,1.0,2,3,4,0,0,0,0,4,0,0,4,0,0,0,0,4,0,1,0,0,0,3,13,45
200900028412,9,2,16,1,1,1,1.0,3.0,0.0,34.0,0.0,0.0,2.0,3.0,1,2,1.0,3.0,2.0,1.0,15.0,210.0,1,0.0,1.0,2,3,2,2,0,0,0,4,2,2,0,0,0,2,0,2,0,1,0,0,0,3,17,17
201300054491,13,1,9,1,2,1,8.0,3.0,0.0,7.0,0.0,0.0,2.0,10.0,1,-1,4.0,2.0,2.0,1.0,0.0,0.0,1,0.0,1.0,2,1,4,0,0,0,0,4,0,0,0,2,2,2,0,2,0,1,0,0,0,3,14,10
201400049958,14,7,6,1,1,1,2.0,6.0,0.0,7.0,0.0,0.0,2.0,0.0,1,1,1.0,1.0,7.0,1.0,10.0,280.0,1,3.0,1.0,2,2,4,2,0,0,2,4,0,6,0,0,0,4,2,0,0,1,0,0,0,2,16,20
201600003891,16,5,24,1,1,1,8.0,1.0,0.0,7.0,0.0,0.0,2.0,1.0,1,1,3.0,2.0,0.0,0.0,0.0,0.0,-1,0.0,0.0,2,3,4,0,0,0,0,4,0,2,0,0,2,2,0,2,0,1,0,0,0,3,6,15
201000061943,10,1,26,1,2,1,1.0,6.0,0.0,13.0,0.0,0.0,1.0,4.0,1,1,4.0,1.0,1.0,1.0,0.0,0.0,1,0.0,1.0,1,1,2,0,0,1,0,1,1,0,0,1,0,1,0,0,1,0,1,0,0,4,12,40
200600021411,6,4,6,1,2,1,1.0,6.0,0.0,2.0,0.0,1.0,0.0,1.0,1,0,4.0,1.0,1.0,1.0,0.0,30.0,1,0.0,1.0,1,2,0,1,0,0,0,1,0,0,1,0,0,0,1,0,0,1,0,0,0,2,9,58
201500000383,15,3,30,1,1,1,1.0,3.0,0.0,7.0,0.0,0.0,2.0,13.0,1,1,3.0,2.0,2.0,1.0,35.0,0.0,1,0.0,1.0,2,2,0,4,0,0,0,4,0,2,2,0,0,4,0,0,0,1,0,0,0,2,17,45
200700041300,7,7,21,1,1,1,1.0,3.0,0.0,7.0,0.0,0.0,2.0,15.0,1,1,3.0,2.0,0.0,0.0,0.0,0.0,1,5.0,1.0,2,1,2,10,4,0,4,4,0,10,2,0,0,4,6,2,0,1,0,0,0,3,16,0
200500073513,5,11,30,5,1,1,2.0,2.0,0.0,7.0,0.0,0.0,2.0,1.0,1,-1,4.0,3.0,4.0,1.0,41.0,20.0,1,4.0,1.0,2,2,0,4,0,0,0,4,2,0,0,0,2,2,0,0,2,1,1,0,0,2,18,15
201100034731,11,9,5,1,2,2,1.0,6.0,0.0,7.0,0.0,0.0,0.0,1.0,1,1,4.0,2.0,2.0,1.0,0.0,100.0,1,0.0,1.0,1,1,1,1,0,1,0,1,1,1,0,0,0,1,0,1,0,1,0,0,0,3,16,15
201200010510,12,9,6,1,2,1,1.0,6.0,0.0,7.0,0.0,0.0,2.0,1.0,1,1,4.0,3.0,6.0,1.0,0.0,0.0,1,0.0,1.0,1,1,1,1,0,1,0,1,0,0,2,0,0,1,0,0,1,1,0,0,0,3,14,20
201400037198,14,8,30,1,2,2,1.0,6.0,0.0,33.0,0.0,0.0,2.0,1.0,1,2,4.0,2.0,2.0,3.0,0.0,0.0,1,0.0,1.0,2,2,2,2,0,0,0,4,0,4,0,0,0,0,0,2,2,1,0,0,0,2,17,50
201300020243,13,6,4,1,2,2,1.0,3.0,0.0,2.0,0.0,0.0,2.0,9.0,1,2,4.0,1.0,1.0,1.0,0.0,0.0,1,0.0,1.0,2,2,4,0,0,0,0,4,2,0,0,2,0,2,0,2,0,1,0,0,0,2,17,40
201600033001,16,4,17,5,2,1,1.0,6.0,1.0,7.0,0.0,15.0,0.0,1.0,1,-1,3.0,3.0,2.0,1.0,0.0,0.0,1,0.0,4.0,1,2,3,0,1,0,1,1,0,0,3,0,0,0,0,3,0,0,0,0,1,3,3,30
201200005958,12,9,29,1,1,1,8.0,6.0,0.0,7.0,0.0,2.0,0.0,19.0,1,1,4.0,2.0,2.0,1.0,0.0,40.0,1,0.0,0.0,1,3,1,0,0,0,0,1,0,0,1,0,0,0,0,0,1,1,0,0,0,3,17,30
200800037549,8,7,17,5,1,1,1.0,6.0,0.0,7.0,0.0,0.0,1.0,16.0,1,1,4.0,2.0,2.0,1.0,0.0,0.0,-1,0.0,1.0,1,1,1,1,0,1,0,1,1,0,1,0,0,0,1,1,0,1,0,0,0,3,23,0
200600039397,6,7,21,1,2,3,7.0,6.0,2.0,7.0,0.0,0.0,2.0,1.0,1,1,4.0,2.0,2.0,1.0,0.0,0.0,1,0.0,1.0,2,2,2,2,0,0,2,2,2,2,0,0,0,4,0,0,0,1,0,0,1,2,17,55
201300015819,13,10,26,1,2,1,1.0,2.0,0.0,32.0,0.0,0.0,2.0,1.0,1,2,4.0,0.0,2.0,1.0,0.0,62.0,1,0.0,1.0,2,2,2,2,0,0,0,4,0,0,4,0,0,0,0,4,0,1,1,0,0,2,11,55
201100041735,11,5,9,2,2,1,1.0,6.0,0.0,30.0,0.0,1.0,0.0,1.0,1,2,4.0,2.0,2.0,1.0,0.0,58.0,1,0.0,1.0,1,2,1,0,0,0,0,1,0,0,0,1,0,0,0,1,0,1,0,0,0,2,20,50
200700074139,7,11,6,1,2,1,1.0,6.0,0.0,7.0,0.0,0.0,1.0,1.0,1,1,3.0,2.0,0.0,1.0,0.0,61.0,1,0.0,1.0,1,1,1,1,0,1,0,1,1,1,0,0,0,0,1,1,0,1,0,0,0,3,9,45
200700052538,7,7,17,1,1,1,1.0,4.0,0.0,7.0,0.0,3.0,0.0,1.0,1,1,1.0,3.0,4.0,1.0,15.0,144.0,1,0.0,1.0,5,1,15,15,0,0,10,20,0,10,10,0,10,10,0,15,5,1,1,0,0,2,19,45
201400001868,14,10,13,1,2,1,7.0,6.0,0.0,14.0,0.0,0.0,1.0,1.0,1,1,4.0,2.0,2.0,0.0,0.0,0.0,1,0.0,1.0,1,1,1,1,0,1,0,1,0,0,1,0,1,1,0,0,1,1,0,0,0,2,9,30
201300037837,13,12,10,1,2,1,1.0,6.0,1.0,99.0,0.0,0.0,1.0,1.0,3,-1,4.0,2.0,2.0,1.0,0.0,120.0,1,0.0,1.0,1,2,1,0,0,1,0,0,0,1,0,0,0,0,0,0,1,0,0,1,0,2,11,30
201300049745,13,1,11,1,1,1,1.0,2.0,0.0,7.0,0.0,0.0,0.0,1.0,1,1,1.0,3.0,0.0,1.0,15.0,105.0,1,0.0,1.0,2,1,0,4,0,0,0,4,0,0,2,0,2,2,0,2,0,1,1,0,0,2,11,20
200900036343,9,6,21,1,2,2,1.0,3.0,0.0,30.0,0.0,0.0,2.0,15.0,1,2,4.0,1.0,3.0,1.0,0.0,0.0,1,0.0,1.0,2,2,2,4,0,0,2,4,0,0,6,0,0,0,0,4,2,1,0,0,0,2,18,0
201400051897,14,5,20,1,2,1,1.0,6.0,0.0,2.0,0.0,0.0,1.0,1.0,1,-1,4.0,3.0,2.0,1.0,0.0,75.0,1,0.0,1.0,1,1,2,0,0,1,0,1,0,0,2,0,0,1,0,1,0,1,0,0,0,2,14,30
201000005918,10,12,21,3,1,1,3.0,1.0,0.0,7.0,0.0,0.0,2.0,5.0,1,0,3.0,2.0,2.0,2.0,0.0,68.0,1,0.0,1.0,2,4,4,4,2,0,2,4,2,4,2,0,0,4,0,0,4,1,0,0,0,4,18,15
201200041340,12,11,23,5,2,2,3.0,3.0,0.0,30.0,0.0,0.0,2.0,1.0,1,2,4.0,2.0,2.0,2.0,0.0,0.0,1,0.0,1.0,2,3,4,2,0,0,2,4,2,0,0,0,4,0,0,6,0,1,0,0,0,3,17,45
200700002739,7,1,19,1,2,2,1.0,3.0,0.0,7.0,0.0,5.0,0.0,1.0,1,1,4.0,1.0,1.0,1.0,0.0,52.0,1,0.0,1.0,2,1,2,8,2,0,4,4,0,6,2,0,2,2,2,6,0,1,0,0,1,3,16,40
201000060839,10,11,30,1,2,5,1.0,2.0,0.0,14.0,0.0,0.0,2.0,24.0,1,-1,4.0,2.0,2.0,2.0,0.0,120.0,1,0.0,1.0,2,1,2,2,0,0,0,4,0,2,2,0,0,2,0,0,2,1,1,0,0,2,10,45
200600008505,6,2,15,1,2,1,2.0,6.0,0.0,7.0,0.0,0.0,1.0,1.0,1,1,3.0,1.0,2.0,1.0,0.0,71.0,1,0.0,1.0,1,1,0,3,0,2,0,1,1,1,1,0,0,0,1,0,2,1,0,0,0,2,15,38
200900051756,9,5,13,1,2,1,1.0,6.0,0.0,7.0,0.0,0.0,1.0,0.0,1,1,4.0,3.0,0.0,1.0,0.0,0.0,1,0.0,1.0,1,1,0,2,0,1,0,1,0,2,0,0,0,1,1,0,0,1,0,0,0,3,17,45
201400006777,14,3,27,5,2,9,3.0,6.0,0.0,7.0,0.0,0.0,1.0,15.0,1,1,3.0,1.0,1.0,1.0,0.0,0.0,1,0.0,1.0,1,1,2,0,0,1,0,1,0,0,2,0,0,1,0,0,1,0,1,0,0,3,23,30
201300005386,13,8,16,1,1,1,1.0,5.0,0.0,7.0,0.0,0.0,2.0,17.0,1,1,3.0,2.0,2.0,1.0,0.0,76.0,1,0.0,1.0,3,2,9,3,0,0,3,9,0,3,9,0,0,0,0,3,9,1,0,0,0,3,13,15
200500010994,5,2,21,2,2,9,4.0,1.0,0.0,7.0,0.0,0.0,2.0,13.0,1,1,3.0,2.0,0.0,0.0,0.0,80.0,0,0.0,1.0,2,2,2,2,0,0,0,4,2,0,0,2,0,4,0,0,0,1,0,0,0,2,19,0
201700030052,17,7,25,1,2,2,2.0,3.0,1.0,40.0,1.0,0.0,2.0,19.0,1,-1,4.0,2.0,3.0,0.0,0.0,0.0,1,5.0,1.0,2,1,4,0,0,0,0,4,0,2,0,2,0,4,0,0,0,1,1,0,0,2,8,20
200500059005,5,9,22,1,2,1,1.0,6.0,0.0,10.0,0.0,0.0,1.0,1.0,1,1,4.0,2.0,2.0,1.0,0.0,56.0,1,0.0,1.0,1,1,2,0,0,1,0,1,1,0,0,1,0,1,1,0,0,0,0,1,0,3,13,30
201400030957,14,2,20,1,2,1,2.0,6.0,0.0,7.0,0.0,0.0,1.0,1.0,1,1,3.0,2.0,1.0,0.0,0.0,0.0,1,0.0,1.0,1,1,2,0,0,1,0,1,0,1,0,0,1,1,1,0,0,1,0,0,0,3,8,10
200600064261,6,10,2,1,2,1,2.0,6.0,0.0,7.0,0.0,0.0,2.0,13.0,1,1,4.0,2.0,2.0,2.0,0.0,58.0,1,0.0,1.0,3,1,6,3,0,0,0,9,9,0,0,0,0,9,0,0,0,1,0,0,0,2,12,10
200900071050,9,11,17,5,2,2,2.0,6.0,0.0,7.0,0.0,0.0,1.0,15.0,3,-1,4.0,1.0,1.0,1.0,0.0,118.0,1,0.0,1.0,1,3,2,0,0,1,0,1,0,0,1,0,1,2,0,0,0,1,0,0,0,3,7,45
200600073374,6,12,22,1,1,1,1.0,3.0,0.0,7.0,0.0,0.0,2.0,15.0,1,1,3.0,2.0,2.0,1.0,123.0,83.0,1,5.0,1.0,2,1,4,2,2,0,0,4,2,2,0,0,2,2,2,2,0,1,0,1,0,3,8,45
200800056324,8,10,22,1,1,1,1.0,1.0,0.0,30.0,0.0,0.0,2.0,1.0,1,2,4.0,2.0,0.0,1.0,0.0,26.0,1,0.0,1.0,2,3,2,2,0,0,0,4,0,0,2,2,0,2,0,0,2,1,0,0,0,3,12,30
201200006806,12,2,22,1,2,6,7.0,6.0,0.0,7.0,0.0,0.0,1.0,1.0,1,1,3.0,1.0,1.0,1.0,0.0,70.0,1,5.0,1.0,1,1,2,0,0,1,0,1,1,0,0,1,0,2,0,0,0,1,0,0,0,2,16,15
201000030461,10,8,17,1,2,2,1.0,1.0,0.0,7.0,0.0,0.0,2.0,15.0,1,1,4.0,2.0,5.0,1.0,0.0,150.0,1,0.0,1.0,2,1,2,2,0,0,0,4,0,0,4,0,0,0,0,4,0,1,0,0,0,2,12,54
201400046982,14,2,13,1,1,1,1.0,2.0,0.0,7.0,0.0,0.0,2.0,2.0,1,1,2.0,3.0,4.0,1.0,0.0,-1.0,1,0.0,1.0,2,3,2,2,0,0,0,4,0,0,2,0,2,0,0,4,0,1,1,0,0,3,17,30
200700039854,7,7,1,1,1,1,1.0,1.0,0.0,7.0,0.0,0.0,2.0,1.0,1,1,3.0,2.0,2.0,1.0,0.0,60.0,1,0.0,1.0,2,3,6,0,0,2,0,4,0,2,2,0,2,4,0,0,2,1,0,0,0,3,10,30
201700011465,17,8,1,1,1,1,1.0,2.0,1.0,7.0,0.0,0.0,2.0,1.0,1,1,2.0,3.0,2.0,1.0,45.0,45.0,1,0.0,1.0,2,4,4,2,0,0,2,4,0,0,4,0,2,2,0,0,4,1,1,0,0,4,10,35
201400039525,14,12,28,1,2,3,1.0,7.0,0.0,33.0,0.0,0.0,0.0,1.0,1,2,4.0,2.0,2.0,1.0,0.0,0.0,1,0.0,1.0,1,2,1,0,0,0,0,1,0,0,0,0,1,0,0,1,0,0,0,1,0,2,15,45
200600047829,6,8,30,1,2,6,1.0,3.0,0.0,7.0,0.0,0.0,2.0,12.0,1,-1,2.0,4.0,2.0,1.0,0.0,0.0,1,0.0,1.0,2,1,2,4,2,0,0,4,2,2,0,0,2,2,2,2,0,1,0,1,0,2,12,51
201500001914,15,9,29,1,1,1,1.0,3.0,0.0,7.0,0.0,0.0,2.0,2.0,1,1,3.0,2.0,0.0,1.0,0.0,0.0,1,0.0,1.0,2,2,4,0,0,0,0,4,0,0,4,0,0,0,0,4,0,1,1,0,0,3,18,45
200600004964,6,1,26,5,2,1,1.0,6.0,0.0,7.0,0.0,0.0,1.0,9.0,1,1,2.0,2.0,0.0,0.0,0.0,65.0,1,0.0,1.0,1,1,1,1,0,1,0,1,1,0,1,0,0,1,0,0,1,1,0,0,0,2,7,15
200600027146,6,5,10,1,2,1,1.0,3.0,0.0,7.0,0.0,0.0,2.0,1.0,1,1,4.0,2.0,2.0,2.0,0.0,0.0,1,0.0,1.0,2,2,4,2,0,0,2,4,0,2,2,0,2,2,0,4,0,1,1,0,0,2,17,10
201400000828,14,5,14,1,1,1,1.0,1.0,0.0,7.0,0.0,0.0,0.0,13.0,1,1,3.0,2.0,2.0,0.0,0.0,68.0,1,0.0,1.0,2,3,4,2,0,0,2,4,0,2,0,2,2,4,0,2,0,1,0,0,0,3,13,45
201600048327,16,3,12,1,2,1,1.0,3.0,2.0,7.0,0.0,0.0,2.0,15.0,1,1,4.0,2.0,4.0,1.0,38.0,113.0,1,0.0,1.0,2,1,2,2,0,0,0,4,2,0,2,0,0,4,0,0,0,1,0,0,0,3,15,55
201200042002,12,6,14,1,2,1,1.0,6.0,0.0,33.0,0.0,0.0,1.0,16.0,1,2,4.0,3.0,2.0,1.0,0.0,0.0,1,0.0,1.0,1,1,1,1,0,1,0,1,0,0,1,0,1,2,0,0,0,1,0,0,0,2,19,15
200800002541,8,1,24,5,2,1,2.0,6.0,0.0,30.0,0.0,0.0,1.0,14.0,1,2,4.0,2.0,2.0,1.0,0.0,70.0,1,0.0,1.0,1,1,2,0,0,1,0,1,0,1,0,0,1,2,0,0,0,1,0,0,0,3,18,30
201600019711,16,1,23,1,2,1,1.0,1.0,0.0,7.0,0.0,0.0,9.0,9.0,1,1,3.0,2.0,2.0,0.0,10.0,100.0,1,5.0,1.0,2,1,2,2,0,0,0,4,2,0,0,0,2,4,0,0,0,1,0,1,0,2,11,0
200500058703,5,9,17,1,2,1,1.0,3.0,0.0,7.0,0.0,0.0,2.0,1.0,1,1,4.0,2.0,1.0,1.0,0.0,52.0,1,0.0,1.0,2,1,2,2,0,0,0,4,0,0,4,0,0,0,2,2,0,1,0,0,0,3,16,46
200500052644,5,8,20,1,2,2,1.0,6.0,0.0,2.0,0.0,0.0,1.0,1.0,1,2,4.0,1.0,2.0,1.0,0.0,60.0,1,0.0,1.0,1,2,1,1,0,1,0,1,0,0,2,0,0,2,0,0,0,1,0,0,0,2,20,5
200500031904,5,5,2,1,2,1,1.0,1.0,0.0,7.0,0.0,0.0,2.0,13.0,1,1,4.0,2.0,0.0,2.0,0.0,650.0,1,0.0,1.0,2,3,2,2,0,0,0,4,4,0,0,0,0,4,0,0,0,1,0,0,0,3,13,48
200800007636,8,2,15,1,2,1,1.0,3.0,0.0,10.0,0.0,0.0,2.0,6.0,1,1,3.0,3.0,2.0,1.0,21.0,30.0,1,0.0,1.0,2,1,2,2,0,0,0,4,2,0,0,2,0,2,0,0,2,1,0,0,0,2,9,20
201500010473,15,6,24,1,2,1,1.0,1.0,0.0,33.0,0.0,0.0,2.0,13.0,1,2,3.0,2.0,2.0,1.0,0.0,60.0,1,0.0,1.0,2,3,6,0,2,0,0,4,0,6,0,0,0,0,0,4,2,1,0,0,0,3,14,39
200900029036,9,3,11,1,2,1,1.0,3.0,0.0,7.0,0.0,0.0,2.0,1.0,1,1,4.0,2.0,2.0,1.0,0.0,80.0,1,0.0,1.0,2,1,2,2,0,0,0,4,0,0,4,0,0,4,0,0,0,0,0,1,0,2,15,10
200800064144,8,11,12,5,2,1,2.0,3.0,0.0,7.0,0.0,0.0,2.0,1.0,1,1,4.0,2.0,2.0,1.0,0.0,0.0,1,0.0,0.0,2,2,2,2,0,0,0,4,0,0,0,4,0,2,0,2,0,1,0,1,0,2,22,10
200800003133,8,1,30,1,2,2,9.0,6.0,0.0,7.0,0.0,0.0,1.0,15.0,1,1,4.0,1.0,1.0,1.0,0.0,49.0,1,0.0,1.0,1,1,1,1,0,1,0,1,0,2,0,0,0,1,0,1,0,1,0,0,0,3,12,10
200800039608,8,7,21,1,2,2,1.0,6.0,0.0,7.0,0.0,0.0,2.0,15.0,1,1,4.0,2.0,2.0,1.0,0.0,0.0,1,0.0,1.0,2,1,4,0,0,0,0,4,0,0,2,0,2,4,0,0,0,1,0,0,0,4,20,45
201700041472,17,3,14,1,2,1,1.0,2.0,0.0,7.0,0.0,0.0,2.0,2.0,1,1,4.0,1.0,1.0,0.0,15.0,120.0,1,0.0,1.0,2,1,2,2,0,0,0,4,0,0,4,0,0,4,0,0,0,1,1,0,0,2,14,45
201600035768,16,5,20,1,2,1,1.0,2.0,1.0,7.0,0.0,0.0,2.0,1.0,1,1,4.0,2.0,3.0,3.0,0.0,100.0,1,0.0,1.0,2,1,2,2,0,0,0,4,4,0,0,0,0,2,0,2,0,1,1,0,0,2,15,50
200500057804,5,9,9,1,2,1,1.0,6.0,0.0,5.0,0.0,0.0,2.0,1.0,1,-1,3.0,2.0,20.0,1.0,0.0,64.0,1,0.0,1.0,2,3,4,0,0,0,0,4,0,4,0,0,0,4,0,0,0,1,0,0,0,3,12,39
200500058450,5,9,21,1,2,1,1.0,6.0,0.0,7.0,0.0,0.0,1.0,1.0,1,1,4.0,2.0,2.0,1.0,0.0,65.0,1,0.0,1.0,1,1,0,2,0,1,0,1,0,2,0,0,0,1,1,0,0,1,0,0,0,2,7,50
201400000936,14,5,19,3,1,1,1.0,6.0,0.0,31.0,0.0,3.0,0.0,1.0,1,2,2.0,3.0,4.0,1.0,0.0,72.0,1,0.0,1.0,1,4,1,0,0,0,0,1,0,0,1,0,0,0,0,1,0,0,0,1,0,4,22,15
201400050562,14,1,4,3,1,1,8.0,7.0,0.0,7.0,0.0,3.0,0.0,11.0,1,1,1.0,1.0,3.0,2.0,10.0,125.0,1,0.0,1.0,1,2,0,1,0,0,0,1,0,0,1,0,0,0,0,1,0,1,0,0,0,2,18,55
200900002608,9,4,5,5,2,2,1.0,3.0,0.0,31.0,0.0,0.0,2.0,1.0,1,2,4.0,2.0,2.0,1.0,0.0,160.0,1,0.0,1.0,2,2,4,0,0,0,0,4,0,0,4,0,0,4,0,0,0,1,0,1,0,2,0,55
201400039158,14,1,3,2,2,1,1.0,6.0,0.0,30.0,0.0,0.0,1.0,1.0,1,2,4.0,2.0,2.0,1.0,0.0,0.0,1,0.0,1.0,1,1,1,1,0,1,0,1,2,0,0,0,0,1,0,0,1,1,0,0,0,2,18,45
201200047764,12,2,26,1,2,1,1.0,7.0,0.0,7.0,0.0,0.0,0.0,1.0,1,0,4.0,2.0,2.0,1.0,0.0,60.0,1,0.0,1.0,1,4,1,0,0,0,0,1,1,0,0,0,0,0,1,0,0,0,0,0,1,4,15,45
201700056137,17,5,26,1,2,7,1.0,3.0,0.0,1.0,0.0,0.0,2.0,9.0,1,0,4.0,1.0,3.0,1.0,0.0,0.0,1,0.0,1.0,2,2,4,0,0,0,0,4,4,0,0,0,0,4,0,0,0,1,0,0,0,2,10,10
201400018668,14,11,8,3,2,1,8.0,6.0,0.0,7.0,0.0,0.0,5.0,1.0,1,1,3.0,2.0,2.0,1.0,0.0,-1.0,1,0.0,1.0,1,2,1,0,0,0,0,1,0,0,1,0,0,0,0,1,0,1,0,0,0,2,22,25
200700015605,7,3,9,5,2,2,1.0,6.0,0.0,7.0,0.0,0.0,2.0,1.0,1,-1,4.0,1.0,3.0,1.0,0.0,0.0,1,0.0,1.0,2,1,4,6,0,0,6,4,2,6,2,0,0,0,0,10,0,1,0,1,0,3,5,0
201700054774,17,6,12,1,2,4,1.0,3.0,1.0,14.0,0.0,0.0,2.0,16.0,1,1,4.0,3.0,6.0,1.0,60.0,80.0,1,5.0,1.0,2,1,4,0,0,0,0,4,0,2,0,2,0,4,0,0,0,1,0,0,0,2,10,45
200800058471,8,10,28,1,2,1,1.0,2.0,0.0,7.0,0.0,0.0,2.0,1.0,1,1,4.0,1.0,1.0,1.0,0.0,0.0,-1,0.0,1.0,2,1,4,2,0,0,2,4,0,4,2,0,0,0,0,4,2,1,1,0,0,2,9,55
201300016753,13,11,19,1,2,1,1.0,7.0,0.0,7.0,0.0,0.0,1.0,2.0,1,1,4.0,2.0,4.0,1.0,0.0,0.0,1,0.0,1.0,1,1,1,1,0,1,0,1,0,0,1,0,1,1,0,0,1,1,0,0,0,3,9,55
200500065678,5,10,6,1,2,3,1.0,6.0,0.0,7.0,0.0,0.0,2.0,15.0,1,1,4.0,2.0,2.0,3.0,0.0,104.0,1,0.0,1.0,2,1,4,0,0,0,0,4,2,0,0,2,0,0,2,2,0,1,0,0,0,3,12,41
200800008824,8,2,28,1,2,1,1.0,7.0,0.0,7.0,0.0,0.0,1.0,15.0,1,1,4.0,1.0,1.0,1.0,0.0,71.0,1,0.0,1.0,1,1,0,2,0,1,0,1,1,1,0,0,0,0,0,2,0,1,0,0,0,2,16,15
201400048746,14,6,10,1,1,1,8.0,3.0,0.0,31.0,0.0,0.0,2.0,1.0,1,2,2.0,3.0,4.0,1.0,10.0,70.0,1,0.0,1.0,2,2,2,2,0,0,0,4,0,0,0,0,4,4,0,0,0,0,0,1,0,2,8,40