Num_Acc,an,mois,jour,lum,agg,int,atm,col,senc,catv,occutc,obs,obsm,manv,catu,secu,catr,circ,nbv,prof,lartpc,larrout,surf,infra,situ,nb_veh,grav_simpl,Homme,Femme,Arrière,Autre_x,Avant,Conducteur,Autre_y,Inconnu,Loisirs,Professionnel,Travail,Adulte,Enfant,Jeune,Senior,choc_avant,choc_arriere,choc_lateral,choc_multiple,grav_order_max,heure,minute
200600018503,6,4,14,1,1,1,1.0,1.0,0.0,7.0,0.0,0.0,2.0,13.0,1,1,2.0,2.0,2.0,1.0,74.0,0.0,1,0.0,1.0,2,4,4,0,0,0,0,4,0,0,0,4,0,4,0,0,0,1,0,1,0,4,16,15
200500032569,5,6,8,1,2,1,1.0,3.0,1.0,7.0,0.0,0.0,2.0,9.0,1,2,9.0,0.0,1.0,1.0,0.0,0.0,1,0.0,0.0,2,2,2,0,0,0,0,2,0,0,2,0,0,0,0,2,0,1,0,1,0,2,12,30
201100056934,11,6,8,1,1,1,3.0,2.0,0.0,10.0,0.0,0.0,2.0,2.0,1,1,1.0,1.0,3.0,1.0,10.0,105.0,1,3.0,1.0,2,2,4,0,0,0,0,4,0,0,4,0,0,2,0,0,2,0,1,0,0,2,9,30
201400033728,14,9,5,1,2,3,1.0,6.0,1.0,7.0,0.0,0.0,2.0,15.0,1,-1,4.0,2.0,2.0,1.0,0.0,80.0,1,0.0,1.0,2,3,0,2,0,0,0,2,0,2,0,0,0,2,0,0,0,0,0,0,0,3,18,5
201200052825,12,12,21,5,1,1,1.0,2.0,0.0,7.0,0.0,0.0,2.0,11.0,1,1,1.0,3.0,2.0,2.0,0.0,70.0,1,1.0,1.0,2,1,4,0,0,0,0,4,0,0,4,0,0,2,0,2,0,1,1,0,0,2,20,10
200700006747,7,2,24,1,1,1,2.0,6.0,0.0,7.0,0.0,0.0,0.0,0.0,1,1,3.0,2.0,2.0,0.0,0.0,0.0,1,0.0,1.0,1,2,1,0,0,0,0,1,0,1,0,0,0,1,0,0,0,1,0,0,0,2,9,0
200600007590,6,2,18,1,2,1,3.0,2.0,0.0,7.0,0.0,0.0,2.0,2.0,1,1,4.0,2.0,6.0,1.0,0.0,30.0,1,0.0,1.0,2,2,2,2,0,0,0,4,0,4,0,0,0,0,0,4,0,1,1,0,0,2,12,20
201700005346,17,3,29,1,2,1,1.0,6.0,0.0,33.0,0.0,6.0,0.0,1.0,1,2,4.0,2.0,2.0,1.0,0.0,0.0,1,0.0,1.0,1,3,1,0,0,0,0,1,0,1,0,0,0,0,0,0,1,0,0,0,1,3,17,55
200800028510,8,5,1,1,1,1,1.0,3.0,0.0,2.0,0.0,0.0,0.0,13.0,1,2,4.0,0.0,2.0,2.0,0.0,0.0,1,0.0,1.0,2,3,4,0,0,0,0,4,0,0,2,2,0,2,0,2,0,1,1,0,0,3,19,0
201200006043,12,12,3,1,2,1,1.0,6.0,0.0,7.0,0.0,0.0,1.0,4.0,1,1,6.0,0.0,0.0,0.0,0.0,0.0,1,0.0,0.0,1,1,0,2,0,1,0,1,0,0,2,0,0,1,0,0,1,0,1,0,0,3,16,45
200800012374,8,3,11,5,2,3,1.0,3.0,0.0,33.0,0.0,0.0,2.0,1.0,1,2,4.0,1.0,1.0,2.0,0.0,32.0,1,0.0,1.0,2,2,2,2,0,0,0,4,0,0,4,0,0,2,0,0,2,1,0,0,0,2,19,25
201300022823,13,4,3,1,1,1,1.0,4.0,0.0,14.0,0.0,0.0,2.0,2.0,1,1,1.0,1.0,2.0,1.0,0.0,60.0,1,0.0,1.0,3,1,6,6,0,0,3,9,0,6,0,3,3,9,0,3,0,1,1,0,0,2,13,30
201500013109,15,11,5,5,2,1,1.0,2.0,0.0,7.0,0.0,0.0,2.0,2.0,1,1,4.0,3.0,5.0,1.0,0.0,155.0,1,0.0,1.0,2,1,2,2,0,0,0,4,0,4,0,0,0,2,0,2,0,1,1,0,0,3,18,5
201500015629,15,12,3,1,2,1,1.0,1.0,0.0,7.0,0.0,0.0,2.0,13.0,1,-1,4.0,1.0,2.0,1.0,0.0,70.0,1,0.0,1.0,2,1,6,0,0,2,0,4,0,0,6,0,0,4,0,0,2,1,1,0,0,3,10,28
200600070716,6,11,14,5,1,1,1.0,3.0,0.0,7.0,0.0,0.0,2.0,12.0,1,1,1.0,1.0,6.0,1.0,15.0,150.0,1,1.0,1.0,2,1,2,2,0,0,0,4,0,4,0,0,0,0,0,4,0,0,0,1,0,2,20,0
201200007805,12,11,20,3,2,1,1.0,6.0,0.0,7.0,0.0,0.0,1.0,0.0,1,1,3.0,2.0,2.0,0.0,0.0,60.0,1,0.0,1.0,1,1,1,2,0,2,0,1,2,0,0,1,0,1,2,0,0,1,0,0,0,3,18,0
200900071586,9,12,26,1,2,1,1.0,7.0,0.0,1.0,0.0,0.0,0.0,0.0,1,-1,4.0,1.0,2.0,1.0,0.0,0.0,1,0.0,1.0,1,2,1,0,0,0,0,1,0,1,0,0,0,1,0,0,0,0,0,0,0,2,17,0
201200013817,12,6,19,1,1,2,1.0,4.0,0.0,7.0,0.0,0.0,2.0,1.0,1,1,3.0,2.0,2.0,2.0,0.0,75.0,1,0.0,1.0,3,2,6,3,0,0,0,9,0,0,9,0,0,0,0,3,6,1,0,0,0,3,15,15
201100003515,11,7,11,1,1,1,1.0,3.0,0.0,10.0,0.0,0.0,2.0,1.0,1,1,3.0,2.0,2.0,2.0,0.0,66.0,1,0.0,1.0,2,1,4,0,0,0,0,4,0,0,4,0,0,2,0,2,0,0,0,1,0,3,18,15
201100049975,11,11,21,1,2,4,1.0,1.0,0.0,30.0,0.0,0.0,2.0,1.0,1,2,4.0,2.0,2.0,1.0,100.0,80.0,1,0.0,1.0,2,3,4,0,0,0,0,4,2,0,0,0,2,2,2,0,0,1,0,0,0,3,8,5
201200015962,12,8,25,1,2,2,1.0,3.0,0.0,7.0,0.0,0.0,2.0,1.0,1,1,4.0,1.0,3.0,1.0,0.0,0.0,1,0.0,1.0,2,1,4,0,0,0,0,4,0,0,4,0,0,2,0,0,2,1,0,1,0,2,10,57
200600046541,6,8,10,1,1,1,1.0,3.0,0.0,7.0,0.0,0.0,2.0,17.0,2,-1,3.0,2.0,2.0,0.0,0.0,55.0,1,0.0,1.0,2,1,6,2,0,0,4,4,0,6,2,0,0,2,0,4,2,1,0,1,0,3,18,0
200800057919,8,10,16,1,2,1,3.0,2.0,0.0,7.0,0.0,0.0,2.0,2.0,1,-1,4.0,2.0,2.0,1.0,0.0,120.0,1,0.0,1.0,2,1,2,4,0,2,0,4,0,0,2,0,4,4,0,2,0,1,1,0,0,2,9,15
200700037189,7,6,4,1,1,1,1.0,2.0,0.0,7.0,0.0,0.0,2.0,2.0,1,1,3.0,2.0,2.0,1.0,0.0,75.0,1,0.0,1.0,2,2,4,0,0,0,0,4,0,0,4,0,0,0,0,0,4,1,1,0,0,2,14,50
201400044396,14,9,16,1,2,2,1.0,2.0,0.0,7.0,0.0,0.0,2.0,2.0,1,1,3.0,1.0,2.0,1.0,0.0,0.0,1,0.0,1.0,2,1,6,0,0,2,0,4,0,0,0,6,0,6,0,0,0,1,0,0,1,2,16,45
200700003398,7,1,12,1,2,1,1.0,3.0,0.0,7.0,0.0,0.0,2.0,2.0,1,1,4.0,2.0,2.0,2.0,0.0,102.0,1,0.0,1.0,2,1,4,4,0,4,0,4,4,0,4,0,0,4,0,0,4,1,1,0,0,2,11,50
201700048110,17,11,19,5,1,1,1.0,4.0,1.0,7.0,0.0,0.0,2.0,2.0,1,1,1.0,3.0,8.0,1.0,15.0,280.0,1,0.0,1.0,3,1,9,9,3,0,6,9,6,0,12,0,0,6,3,9,0,1,1,0,0,2,0,50
200800001905,8,1,23,1,2,1,1.0,5.0,0.0,7.0,0.0,0.0,2.0,1.0,1,1,4.0,2.0,2.0,1.0,0.0,0.0,1,0.0,1.0,3,1,6,3,0,0,0,9,3,0,0,0,6,3,0,3,3,1,1,0,0,2,12,30
200700054086,7,9,3,1,2,9,1.0,6.0,0.0,7.0,0.0,0.0,1.0,1.0,1,1,3.0,3.0,1.0,1.0,11.0,62.0,1,0.0,1.0,1,1,2,0,0,1,0,1,0,0,2,0,0,0,0,0,2,1,0,0,0,3,8,45
201100045869,11,5,14,1,2,3,1.0,6.0,0.0,7.0,0.0,0.0,1.0,15.0,1,1,4.0,1.0,1.0,1.0,0.0,0.0,1,0.0,1.0,1,1,1,1,0,1,0,1,0,0,2,0,0,1,0,0,1,1,0,0,0,2,10,55
201500023689,15,8,18,1,2,1,1.0,6.0,0.0,2.0,0.0,1.0,0.0,1.0,1,2,4.0,3.0,8.0,1.0,0.0,0.0,1,0.0,1.0,1,2,1,1,0,0,1,1,0,2,0,0,0,0,1,1,0,0,0,0,1,2,17,25
201600015446,16,9,5,5,2,3,1.0,1.0,2.0,10.0,0.0,0.0,2.0,15.0,1,1,4.0,2.0,2.0,1.0,0.0,60.0,1,0.0,1.0,2,1,4,0,0,0,0,4,2,0,0,2,0,0,0,2,2,1,0,0,0,3,6,55
201000018452,10,1,23,3,1,1,1.0,6.0,0.0,7.0,0.0,0.0,1.0,1.0,1,1,4.0,2.0,2.0,1.0,0.0,64.0,1,0.0,1.0,1,1,1,2,0,1,1,1,1,0,2,0,0,2,1,0,0,1,0,0,0,3,20,55
200700060343,7,10,13,1,1,1,1.0,3.0,0.0,7.0,0.0,0.0,2.0,1.0,1,1,3.0,2.0,2.0,1.0,0.0,51.0,1,0.0,1.0,2,1,2,2,0,0,0,4,2,0,2,0,0,4,0,0,0,1,0,0,0,3,17,0
200600024040,6,5,12,1,2,1,2.0,5.0,0.0,7.0,0.0,0.0,2.0,19.0,1,1,9.0,2.0,2.0,1.0,0.0,0.0,1,5.0,1.0,3,1,9,3,0,0,3,9,0,3,6,0,3,6,6,0,0,1,0,0,0,3,17,15
201000053388,10,4,16,1,2,1,1.0,2.0,0.0,14.0,0.0,0.0,2.0,1.0,1,-1,3.0,2.0,2.0,1.0,0.0,500.0,1,0.0,1.0,2,1,2,2,0,0,0,4,0,0,0,0,4,2,0,2,0,1,1,0,0,3,16,40
200700024898,7,4,28,1,1,1,1.0,3.0,0.0,7.0,0.0,4.0,0.0,2.0,2,1,1.0,3.0,6.0,1.0,10.0,210.0,1,0.0,1.0,2,2,8,0,4,0,0,4,0,4,2,2,0,4,4,0,0,1,0,0,0,2,15,53
201000064629,10,11,10,1,2,3,1.0,2.0,0.0,10.0,0.0,0.0,2.0,2.0,1,1,4.0,3.0,0.0,2.0,0.0,0.0,1,0.0,1.0,2,1,4,0,0,0,0,4,2,0,0,2,0,2,0,2,0,1,0,0,0,2,9,30
201200037684,12,2,9,1,2,6,1.0,7.0,0.0,32.0,0.0,0.0,0.0,0.0,1,2,3.0,3.0,2.0,1.0,0.0,0.0,1,5.0,1.0,1,2,1,0,0,0,1,0,0,1,0,0,0,1,0,0,0,1,0,0,0,2,15,20
200800040865,8,7,31,1,2,2,1.0,3.0,0.0,15.0,0.0,0.0,2.0,15.0,1,1,2.0,2.0,5.0,0.0,0.0,150.0,1,0.0,1.0,2,1,4,0,0,0,0,4,0,0,0,2,2,2,0,2,0,1,0,0,0,2,8,4
200800058773,8,10,15,1,2,1,1.0,6.0,0.0,7.0,0.0,0.0,1.0,4.0,1,1,4.0,2.0,1.0,1.0,0.0,0.0,1,0.0,1.0,1,1,0,2,0,1,0,1,0,0,2,0,0,1,1,0,0,0,1,0,0,2,10,20
201100058165,11,7,17,5,2,2,1.0,3.0,0.0,30.0,0.0,0.0,2.0,16.0,1,2,4.0,1.0,1.0,1.0,0.0,0.0,1,0.0,1.0,2,2,6,0,0,0,2,4,0,2,0,4,0,0,0,6,0,0,0,1,0,2,22,40
201100060098,11,7,2,1,2,7,1.0,2.0,0.0,7.0,0.0,0.0,2.0,2.0,1,1,4.0,1.0,4.0,1.0,150.0,300.0,1,0.0,1.0,2,1,2,2,0,0,0,4,0,0,2,0,2,4,0,0,0,1,1,0,0,2,20,30
200800017367,8,4,25,1,2,1,1.0,6.0,0.0,7.0,0.0,0.0,1.0,13.0,1,1,9.0,2.0,0.0,1.0,0.0,45.0,1,0.0,1.0,1,1,2,0,0,1,0,1,1,0,0,0,1,1,0,1,0,1,0,0,0,3,17,15
200700039776,7,7,27,1,2,1,1.0,2.0,0.0,7.0,0.0,0.0,2.0,15.0,1,1,4.0,2.0,2.0,1.0,0.0,71.0,1,0.0,1.0,2,1,4,0,0,0,0,4,0,0,4,0,0,2,2,0,0,1,1,0,0,3,20,0
200700011326,7,2,16,4,1,1,1.0,4.0,0.0,33.0,0.0,0.0,2.0,3.0,1,2,1.0,3.0,5.0,1.0,15.0,125.0,1,0.0,1.0,3,2,9,0,0,0,0,9,0,0,6,3,0,9,0,0,0,1,1,0,0,2,19,0
201400031238,14,4,26,1,2,3,2.0,1.0,0.0,7.0,0.0,0.0,2.0,15.0,1,1,1.0,1.0,1.0,3.0,0.0,50.0,1,3.0,1.0,2,1,2,2,0,0,0,4,0,2,2,0,0,2,0,2,0,1,0,0,0,2,16,40
200700079331,7,12,19,1,2,1,1.0,6.0,0.0,7.0,0.0,0.0,1.0,1.0,1,1,4.0,2.0,2.0,1.0,0.0,91.0,1,0.0,1.0,1,1,2,0,0,1,0,1,1,0,1,0,0,2,0,0,0,1,0,0,0,2,13,55
201400051011,14,4,9,1,2,1,1.0,3.0,0.0,1.0,0.0,0.0,2.0,1.0,1,-1,4.0,0.0,0.0,1.0,0.0,89.0,1,0.0,4.0,2,2,4,0,0,0,0,4,2,0,0,2,0,4,0,0,0,1,0,0,0,2,13,0
201500035586,15,4,13,1,2,1,2.0,2.0,0.0,7.0,0.0,0.0,2.0,2.0,1,1,4.0,2.0,2.0,2.0,0.0,0.0,1,0.0,1.0,2,1,4,2,0,0,2,4,2,0,2,0,2,4,0,2,0,1,1,0,0,2,18,40
200700005996,7,1,10,2,2,1,1.0,3.0,0.0,7.0,0.0,0.0,2.0,9.0,1,1,4.0,2.0,3.0,1.0,0.0,90.0,1,0.0,1.0,2,1,2,2,0,0,0,4,0,4,0,0,0,4,0,0,0,0,0,0,0,2,19,40
201200053876,12,3,21,1,2,3,1.0,3.0,0.0,7.0,0.0,0.0,2.0,16.0,1,1,4.0,1.0,3.0,1.0,0.0,150.0,1,0.0,1.0,2,1,4,0,0,0,0,4,0,0,2,2,0,4,0,0,0,1,0,1,0,2,14,0
201300012966,13,4,11,1,1,1,1.0,2.0,0.0,7.0,0.0,0.0,2.0,1.0,1,1,4.0,2.0,2.0,1.0,0.0,20.0,1,0.0,1.0,2,2,2,2,0,0,0,4,0,2,2,0,0,0,0,2,2,1,1,0,0,2,16,43
201100023311,11,3,3,1,2,3,1.0,3.0,0.0,7.0,0.0,0.0,2.0,9.0,1,1,4.0,2.0,2.0,1.0,0.0,70.0,1,0.0,1.0,2,1,4,2,0,0,2,4,0,0,2,0,4,6,0,0,0,1,0,0,0,3,16,50
200700015051,7,3,15,1,1,3,1.0,3.0,2.0,7.0,0.0,0.0,2.0,1.0,1,1,3.0,2.0,2.0,1.0,0.0,56.0,1,5.0,1.0,2,3,2,0,0,0,0,2,0,0,2,0,0,0,0,0,2,1,0,0,0,3,18,10
201500020253,15,9,5,1,1,2,1.0,1.0,0.0,7.0,0.0,0.0,2.0,1.0,1,1,1.0,1.0,2.0,1.0,0.0,70.0,1,0.0,0.0,2,3,2,4,0,0,2,4,2,0,4,0,0,0,0,4,2,1,0,0,0,3,10,0
200700026589,7,5,27,1,1,2,1.0,3.0,0.0,7.0,0.0,0.0,2.0,1.0,1,1,3.0,2.0,0.0,1.0,0.0,50.0,1,0.0,1.0,2,3,2,2,0,0,0,4,0,0,4,0,0,4,0,0,0,1,0,0,0,3,15,15
200900030518,9,6,21,1,2,1,1.0,2.0,0.0,2.0,0.0,0.0,2.0,2.0,2,-1,4.0,2.0,0.0,1.0,0.0,0.0,1,0.0,1.0,2,2,4,2,0,0,2,4,0,4,2,0,0,0,4,2,0,1,1,0,0,2,15,25
200700056263,7,9,1,1,2,1,1.0,1.0,0.0,7.0,0.0,0.0,2.0,6.0,1,1,4.0,2.0,2.0,3.0,0.0,84.0,1,2.0,1.0,2,3,2,2,0,0,0,4,0,0,2,2,0,4,0,0,0,1,0,0,0,3,15,45
200500006324,5,1,3,1,1,1,1.0,3.0,0.0,7.0,0.0,0.0,2.0,2.0,1,1,1.0,3.0,8.0,1.0,20.0,300.0,1,0.0,1.0,2,2,2,4,2,0,0,4,0,4,2,0,0,0,2,4,0,1,1,0,0,2,9,30
201700030111,17,10,16,1,2,2,1.0,3.0,1.0,7.0,0.0,0.0,2.0,1.0,1,1,4.0,2.0,2.0,1.0,0.0,70.0,1,0.0,0.0,2,1,4,0,0,0,0,4,2,2,0,0,0,0,0,4,0,1,0,1,0,2,13,20
200900070754,9,12,26,2,2,2,1.0,3.0,0.0,7.0,0.0,0.0,2.0,1.0,1,1,3.0,2.0,2.0,1.0,0.0,0.0,1,1.0,1.0,2,1,4,0,0,0,0,4,0,0,4,0,0,0,2,2,0,1,0,1,0,2,18,10
201400004390,14,5,20,5,2,1,1.0,6.0,0.0,7.0,0.0,8.0,0.0,1.0,1,1,3.0,2.0,2.0,2.0,0.0,66.0,1,0.0,4.0,1,3,1,0,0,0,0,1,0,0,1,0,0,0,0,1,0,0,1,0,0,3,21,0
201300035952,13,5,6,1,2,1,1.0,2.0,0.0,7.0,0.0,0.0,2.0,1.0,1,1,4.0,2.0,2.0,1.0,0.0,0.0,1,0.0,2.0,2,1,4,0,0,0,0,4,0,4,0,0,0,2,0,2,0,0,1,1,0,2,17,0
201500005623,15,9,9,1,1,1,1.0,6.0,0.0,7.0,0.0,1.0,1.0,14.0,1,1,1.0,2.0,4.0,2.0,15.0,140.0,1,0.0,2.0,1,3,2,3,1,2,1,1,0,0,5,0,0,3,0,0,2,1,0,0,0,4,16,30
200900060150,9,10,5,1,2,2,1.0,3.0,0.0,2.0,0.0,0.0,2.0,15.0,1,2,4.0,2.0,2.0,1.0,0.0,0.0,1,0.0,1.0,2,2,4,0,0,0,0,4,0,0,2,2,0,0,0,2,2,1,0,0,0,2,9,15
200700079559,7,12,17,5,2,1,1.0,2.0,0.0,32.0,0.0,0.0,0.0,1.0,1,2,4.0,1.0,1.0,1.0,0.0,0.0,1,0.0,1.0,2,2,4,0,0,0,0,4,2,0,0,2,0,2,0,2,0,1,1,0,0,2,17,55
200900018037,9,2,18,1,2,2,1.0,3.0,0.0,7.0,0.0,0.0,2.0,1.0,1,0,4.0,2.0,4.0,1.0,0.0,121.0,1,0.0,1.0,2,1,2,2,0,0,0,4,0,2,0,0,2,2,0,0,2,1,0,0,0,2,13,45
201000040939,10,10,22,1,2,2,1.0,3.0,0.0,1.0,0.0,0.0,2.0,1.0,1,-1,4.0,2.0,0.0,1.0,0.0,60.0,1,4.0,1.0,2,2,2,2,0,0,0,4,0,0,0,2,2,2,0,2,0,1,0,0,0,2,11,55
201200013426,12,5,1,1,1,6,1.0,7.0,0.0,30.0,0.0,0.0,0.0,0.0,1,2,2.0,2.0,2.0,0.0,0.0,0.0,1,0.0,1.0,1,3,1,0,0,0,0,1,0,0,1,0,0,1,0,0,0,0,0,0,1,3,16,20
201100021659,11,9,30,1,2,1,1.0,3.0,0.0,1.0,0.0,0.0,2.0,2.0,1,-1,3.0,2.0,1.0,1.0,0.0,88.0,1,0.0,1.0,2,3,6,0,2,0,2,2,4,0,2,0,0,2,4,0,0,1,0,0,0,3,11,30
201300016991,13,12,13,3,1,1,5.0,1.0,0.0,7.0,0.0,0.0,2.0,13.0,1,1,3.0,2.0,2.0,0.0,0.0,60.0,0,0.0,1.0,2,3,2,2,0,0,0,4,0,0,0,0,4,2,0,2,0,1,0,0,0,3,7,30
201400002386,14,12,21,1,2,1,1.0,6.0,0.0,7.0,0.0,0.0,1.0,1.0,1,1,3.0,2.0,0.0,0.0,0.0,50.0,1,0.0,1.0,1,1,2,0,0,1,0,1,0,0,2,0,0,0,0,0,2,1,0,0,0,3,11,0
201700058220,17,4,17,1,2,1,1.0,2.0,1.0,31.0,0.0,0.0,2.0,1.0,1,2,4.0,1.0,4.0,1.0,15.0,140.0,1,0.0,1.0,2,3,2,2,0,0,0,4,0,2,2,0,0,4,0,0,0,1,1,0,0,3,13,50
201100001948,11,11,4,4,2,1,1.0,6.0,0.0,7.0,0.0,0.0,1.0,1.0,1,1,3.0,2.0,2.0,1.0,0.0,120.0,1,0.0,1.0,1,1,1,1,0,1,0,1,0,0,2,0,0,0,0,0,2,1,0,0,0,3,18,30
200900034311,9,2,18,5,2,1,1.0,3.0,0.0,2.0,0.0,0.0,2.0,2.0,2,-1,3.0,2.0,1.0,2.0,0.0,80.0,1,0.0,1.0,2,1,6,0,0,0,2,4,0,0,4,2,0,2,0,4,0,1,1,0,0,2,20,0
200900006279,9,1,14,1,2,1,1.0,4.0,0.0,7.0,0.0,1.0,0.0,24.0,1,-1,3.0,2.0,2.0,1.0,0.0,0.0,1,0.0,4.0,3,1,6,3,0,0,0,9,0,6,3,0,0,6,0,0,3,1,0,0,0,3,15,55
200600038660,6,7,24,1,2,2,1.0,3.0,0.0,13.0,0.0,0.0,2.0,1.0,1,1,4.0,2.0,2.0,1.0,0.0,0.0,1,0.0,1.0,2,1,6,4,4,0,2,4,0,8,0,2,0,4,2,4,0,1,0,0,1,3,16,15
201400039364,14,12,14,1,2,1,1.0,3.0,0.0,32.0,0.0,0.0,2.0,10.0,1,2,3.0,3.0,2.0,1.0,0.0,0.0,1,0.0,1.0,2,2,4,0,0,0,0,4,0,0,4,0,0,2,0,2,0,1,1,0,0,2,13,25
201400058114,14,11,3,1,2,4,1.0,6.0,1.0,7.0,0.0,0.0,2.0,14.0,1,1,4.0,1.0,2.0,1.0,15.0,70.0,1,3.0,1.0,2,2,0,2,0,0,0,2,0,0,2,0,0,2,0,0,0,0,0,0,0,2,14,10
201600020604,16,3,14,1,2,3,1.0,3.0,1.0,7.0,0.0,0.0,2.0,1.0,1,1,4.0,2.0,3.0,2.0,0.0,0.0,1,0.0,1.0,2,2,0,4,0,0,0,4,0,0,0,0,4,4,0,0,0,1,0,1,0,2,8,10
200600023423,6,5,15,5,2,1,1.0,1.0,0.0,7.0,0.0,0.0,2.0,15.0,1,1,3.0,2.0,2.0,2.0,0.0,70.0,1,0.0,1.0,2,2,6,0,0,0,2,4,0,2,2,2,0,2,0,4,0,1,0,0,0,2,21,50
200500025799,5,5,1,1,1,1,1.0,1.0,0.0,7.0,0.0,13.0,2.0,1.0,1,1,3.0,2.0,2.0,1.0,0.0,78.0,1,0.0,1.0,2,3,4,6,2,0,2,6,0,6,4,0,0,6,0,0,4,1,0,0,0,3,13,30
201000036962,10,12,28,5,2,9,1.0,1.0,0.0,7.0,0.0,0.0,2.0,15.0,1,1,4.0,2.0,3.0,1.0,0.0,91.0,1,0.0,1.0,2,1,4,0,0,0,0,4,0,2,0,0,2,0,2,2,0,1,0,0,0,2,21,35
201500015669,15,12,10,1,2,1,1.0,6.0,0.0,7.0,0.0,0.0,1.0,1.0,1,1,3.0,2.0,2.0,1.0,0.0,60.0,1,0.0,1.0,1,1,1,1,0,1,0,1,1,1,0,0,0,1,0,0,1,1,0,0,0,3,14,0
201700054080,17,8,18,1,2,3,1.0,5.0,1.0,7.0,0.0,0.0,2.0,1.0,1,1,4.0,1.0,3.0,1.0,0.0,0.0,1,0.0,1.0,3,1,6,6,3,0,0,9,0,12,0,0,0,3,0,3,6,1,1,0,0,2,20,5
200600003240,6,1,31,1,2,1,1.0,3.0,0.0,7.0,0.0,0.0,2.0,16.0,1,1,3.0,3.0,3.0,3.0,0.0,120.0,1,0.0,1.0,2,1,2,4,0,0,2,4,2,2,2,0,0,0,0,2,4,0,0,1,0,2,12,52
201600009813,16,9,1,3,1,1,1.0,2.0,1.0,7.0,0.0,0.0,2.0,1.0,1,-1,3.0,2.0,2.0,1.0,0.0,46.0,1,0.0,1.0,2,1,4,0,0,0,0,4,0,0,4,0,0,2,0,0,2,1,1,0,0,3,6,15
201700018049,17,9,23,1,1,1,1.0,6.0,1.0,33.0,0.0,3.0,0.0,1.0,1,2,3.0,2.0,3.0,2.0,0.0,108.0,1,0.0,3.0,1,3,1,0,0,0,0,1,0,0,1,0,0,0,0,1,0,1,0,0,0,3,17,35
201600013022,16,5,20,1,1,1,1.0,2.0,2.0,7.0,0.0,0.0,2.0,15.0,1,1,3.0,2.0,2.0,1.0,0.0,60.0,1,0.0,1.0,2,1,6,0,0,0,2,4,2,2,2,0,0,2,2,2,0,1,1,0,0,3,16,45
200700047990,7,8,25,1,2,6,1.0,3.0,0.0,7.0,0.0,0.0,2.0,9.0,1,1,2.0,3.0,0.0,0.0,0.0,0.0,1,5.0,1.0,2,1,6,2,0,0,4,4,0,4,4,0,0,0,4,4,0,1,0,1,0,3,20,30
201400031627,14,5,2,3,2,1,1.0,6.0,0.0,10.0,0.0,0.0,1.0,1.0,1,-1,3.0,2.0,2.0,2.0,0.0,51.0,1,0.0,1.0,1,1,4,0,0,2,1,1,1,0,3,0,0,1,0,3,0,0,0,0,1,3,1,30
201500019170,15,5,10,1,1,1,1.0,3.0,0.0,10.0,0.0,0.0,2.0,15.0,1,1,3.0,2.0,2.0,1.0,0.0,105.0,1,5.0,1.0,2,1,4,0,0,0,0,4,0,0,4,0,0,0,0,2,2,1,0,0,0,3,11,30
200700032363,7,6,9,3,1,1,1.0,7.0,0.0,7.0,0.0,13.0,0.0,1.0,1,1,3.0,2.0,0.0,1.0,0.0,60.0,1,0.0,3.0,1,3,1,0,0,0,0,1,0,0,1,0,0,0,0,1,0,0,0,1,0,3,3,15
201600051604,16,12,9,5,2,1,1.0,6.0,2.0,7.0,0.0,7.0,0.0,13.0,1,1,4.0,2.0,4.0,2.0,8.0,137.0,1,0.0,1.0,1,2,1,0,0,0,0,1,0,0,0,1,0,0,0,1,0,1,0,0,0,2,4,20
200500077173,5,11,4,1,1,1,8.0,4.0,0.0,7.0,0.0,0.0,0.0,1.0,1,1,1.0,3.0,6.0,2.0,10.0,210.0,1,0.0,1.0,5,1,15,15,0,0,5,25,0,30,0,0,0,20,0,0,10,1,1,0,0,2,10,50
201600046612,16,1,12,1,1,1,2.0,6.0,1.0,7.0,0.0,3.0,0.0,0.0,1,1,2.0,1.0,2.0,1.0,0.0,0.0,1,0.0,1.0,1,3,1,0,0,0,0,1,0,1,0,0,0,1,0,0,0,1,0,0,0,3,9,45
200600045597,6,8,25,1,1,1,2.0,2.0,0.0,7.0,0.0,0.0,2.0,1.0,1,1,3.0,2.0,0.0,1.0,0.0,71.0,1,0.0,1.0,2,2,2,2,0,0,0,4,0,0,2,2,0,2,0,2,0,1,1,0,0,2,16,0
200700035688,7,6,16,1,2,2,1.0,1.0,0.0,7.0,0.0,0.0,2.0,15.0,1,1,4.0,2.0,4.0,2.0,12.0,115.0,1,5.0,1.0,2,2,2,4,0,0,2,4,0,2,4,0,0,4,0,2,0,1,0,0,0,2,15,13
201400039961,14,7,22,1,2,1,1.0,6.0,0.0,30.0,0.0,0.0,1.0,1.0,1,2,3.0,3.0,4.0,1.0,0.0,0.0,1,0.0,1.0,1,1,1,1,0,1,0,1,0,0,2,0,0,0,0,2,0,0,0,0,0,2,11,15
200700059235,7,9,24,5,2,2,1.0,3.0,0.0,7.0,0.0,0.0,0.0,10.0,1,1,4.0,1.0,4.0,2.0,0.0,62.0,1,0.0,1.0,2,1,4,0,0,0,0,4,0,0,4,0,0,2,0,2,0,1,0,0,0,2,21,0
201400022853,14,1,13,3,1,1,2.0,5.0,0.0,7.0,0.0,0.0,2.0,1.0,1,1,2.0,2.0,3.0,1.0,0.0,130.0,1,0.0,1.0,3,2,3,6,0,0,0,9,0,0,0,3,6,3,0,6,0,1,0,0,0,4,7,15