Num_Acc,an,mois,jour,lum,agg,int,atm,col,senc,catv,occutc,obs,obsm,manv,catu,secu,catr,circ,nbv,prof,lartpc,larrout,surf,infra,situ,nb_veh,grav_simpl,Homme,Femme,Arrière,Autre_x,Avant,Conducteur,Autre_y,Inconnu,Loisirs,Professionnel,Travail,Adulte,Enfant,Jeune,Senior,choc_avant,choc_arriere,choc_lateral,choc_multiple,grav_order_max,heure,minute
200700000867,7,1,26,1,2,1,1.0,3.0,0.0,7.0,0.0,0.0,2.0,15.0,1,1,3.0,2.0,2.0,0.0,0.0,78.0,1,0.0,1.0,2,1,4,0,0,0,0,4,0,0,2,0,2,2,2,0,0,1,0,1,0,3,13,30
200500061224,5,9,19,1,2,1,1.0,6.0,0.0,7.0,0.0,0.0,1.0,0.0,1,0,4.0,1.0,1.0,1.0,0.0,20.0,1,0.0,1.0,1,1,1,1,0,1,0,1,1,0,0,1,0,1,1,0,0,1,0,0,0,3,13,0
201100050267,11,10,11,1,2,1,1.0,3.0,0.0,7.0,0.0,0.0,2.0,11.0,1,1,4.0,2.0,1.0,1.0,143.0,103.0,1,0.0,1.0,2,1,4,0,0,0,0,4,2,0,0,2,0,4,0,0,0,1,1,0,0,2,15,55
201700041771,17,8,21,1,2,1,1.0,1.0,0.0,10.0,0.0,0.0,0.0,1.0,1,1,3.0,0.0,0.0,1.0,0.0,0.0,1,0.0,1.0,2,1,6,0,0,0,2,4,0,0,0,6,0,2,0,4,0,1,0,0,0,2,11,25
200500020339,5,4,12,1,2,1,1.0,7.0,0.0,2.0,0.0,12.0,0.0,14.0,1,2,3.0,2.0,2.0,2.0,0.0,59.0,1,0.0,4.0,1,3,1,0,0,0,0,1,0,0,1,0,0,1,0,0,0,0,0,1,0,3,13,0
201000021739,10,8,16,1,2,6,1.0,6.0,0.0,15.0,0.0,2.0,1.0,0.0,1,9,4.0,1.0,1.0,2.0,0.0,35.0,1,3.0,1.0,1,1,2,0,0,1,0,1,1,0,0,0,1,1,0,1,0,1,0,0,0,3,10,2
201400040445,14,12,5,1,2,1,1.0,6.0,0.0,40.0,0.0,0.0,1.0,1.0,1,-1,3.0,2.0,2.0,2.0,0.0,0.0,1,4.0,1.0,1,1,2,0,0,1,0,1,0,1,0,0,1,1,0,0,1,1,0,0,0,2,15,30
200700080856,7,12,2,1,2,3,3.0,3.0,0.0,33.0,0.0,0.0,2.0,7.0,1,2,4.0,2.0,0.0,1.0,0.0,0.0,1,0.0,1.0,2,2,4,2,2,0,0,4,0,2,4,0,0,2,0,4,0,1,0,0,0,2,13,15
200700047072,7,8,4,1,2,3,7.0,1.0,0.0,7.0,0.0,0.0,2.0,16.0,1,1,3.0,2.0,0.0,1.0,0.0,58.0,1,5.0,1.0,2,1,2,2,0,0,0,4,0,0,4,0,0,2,0,2,0,1,0,0,0,3,20,45
200700037265,7,6,30,1,2,1,1.0,7.0,0.0,2.0,0.0,0.0,0.0,1.0,1,-1,4.0,2.0,2.0,1.0,40.0,40.0,1,0.0,1.0,1,2,0,1,0,0,0,1,0,1,0,0,0,1,0,0,0,0,0,0,0,2,18,36
201000053190,10,11,30,5,2,2,1.0,3.0,0.0,7.0,0.0,0.0,2.0,11.0,1,1,2.0,3.0,0.0,2.0,0.0,300.0,1,0.0,1.0,2,1,4,0,0,0,0,4,0,2,2,0,0,0,0,2,2,1,0,1,0,2,19,35
201000005719,10,7,23,1,2,1,1.0,6.0,0.0,30.0,0.0,0.0,1.0,1.0,1,2,3.0,2.0,0.0,1.0,0.0,70.0,1,0.0,1.0,1,1,1,1,0,1,0,1,2,0,0,0,0,0,0,1,1,1,0,0,0,3,11,30
200900060011,9,5,1,1,2,2,1.0,1.0,0.0,1.0,0.0,0.0,2.0,5.0,1,-1,4.0,1.0,0.0,1.0,0.0,0.0,1,0.0,1.0,2,2,2,2,0,0,0,4,0,2,2,0,0,0,0,4,0,1,0,0,0,2,17,0
200600048814,6,8,29,1,2,1,2.0,2.0,0.0,30.0,0.0,0.0,2.0,17.0,1,2,4.0,2.0,2.0,2.0,0.0,60.0,1,0.0,1.0,2,2,2,2,0,0,0,4,0,0,4,0,0,2,0,2,0,1,1,0,0,2,9,20
201300015281,13,6,4,1,2,1,1.0,1.0,0.0,7.0,0.0,0.0,0.0,0.0,1,-1,3.0,4.0,2.0,1.0,0.0,70.0,1,0.0,1.0,2,1,4,0,0,0,0,4,0,4,0,0,0,0,0,4,0,1,0,0,0,2,12,20
201700039288,17,6,6,1,2,1,1.0,6.0,1.0,31.0,0.0,0.0,9.0,1.0,1,2,3.0,2.0,2.0,1.0,0.0,0.0,1,0.0,1.0,1,2,1,0,0,0,0,1,0,0,0,0,1,1,0,0,0,1,0,0,0,2,14,40
201400049923,14,4,25,1,1,1,1.0,5.0,0.0,10.0,0.0,0.0,2.0,0.0,1,1,1.0,3.0,4.0,2.0,10.0,0.0,1,0.0,1.0,3,1,6,6,0,0,3,9,0,0,12,0,0,3,0,3,6,1,1,0,0,2,20,0
200500000356,5,1,28,5,2,1,2.0,3.0,0.0,7.0,0.0,0.0,2.0,15.0,1,1,2.0,2.0,0.0,2.0,0.0,76.0,1,0.0,1.0,2,1,4,0,0,0,0,4,0,0,4,0,0,0,2,0,2,1,0,1,0,3,19,0
200900028647,9,2,4,5,2,3,1.0,3.0,0.0,7.0,0.0,0.0,2.0,0.0,1,1,4.0,0.0,2.0,4.0,0.0,39.0,1,0.0,1.0,2,1,4,0,0,0,0,4,0,4,0,0,0,4,0,0,0,1,0,0,0,2,22,0
201700057205,17,2,14,1,2,1,2.0,7.0,2.0,32.0,0.0,0.0,0.0,1.0,1,2,4.0,2.0,1.0,2.0,0.0,0.0,1,0.0,1.0,1,2,0,1,0,0,0,1,0,0,0,0,1,1,0,0,0,1,0,0,0,2,9,0
200800034452,8,6,12,1,2,1,2.0,6.0,0.0,30.0,0.0,0.0,1.0,1.0,1,2,3.0,2.0,4.0,1.0,0.0,0.0,1,0.0,1.0,1,1,1,1,0,1,0,1,0,2,0,0,0,1,0,1,0,0,0,0,0,2,12,35
201100017346,11,2,5,1,1,1,1.0,2.0,0.0,15.0,0.0,0.0,2.0,2.0,1,1,1.0,1.0,9.0,1.0,0.0,425.0,1,7.0,1.0,2,1,4,0,0,0,0,4,0,0,0,2,2,4,0,0,0,1,1,0,0,3,16,15
201700015300,17,12,12,3,1,1,1.0,7.0,1.0,7.0,0.0,13.0,0.0,1.0,1,1,3.0,2.0,2.0,1.0,0.0,0.0,1,0.0,0.0,1,3,1,0,0,0,0,1,0,0,0,0,1,1,0,0,0,1,0,0,0,3,19,15
200700033248,7,6,26,1,2,2,3.0,3.0,0.0,30.0,0.0,0.0,2.0,1.0,1,2,3.0,0.0,2.0,1.0,0.0,58.0,1,0.0,1.0,2,3,2,2,0,0,0,4,0,0,0,0,4,2,2,0,0,1,0,0,0,3,8,0
200500053760,5,8,11,2,1,1,1.0,3.0,0.0,7.0,0.0,0.0,2.0,11.0,1,1,1.0,3.0,6.0,3.0,20.0,210.0,1,0.0,1.0,2,1,4,0,0,0,0,4,0,0,2,0,2,0,0,4,0,1,0,1,0,2,5,45
201500011277,15,12,15,5,2,1,1.0,6.0,0.0,37.0,0.0,0.0,1.0,15.0,1,1,6.0,1.0,3.0,1.0,0.0,0.0,1,0.0,1.0,1,1,1,1,0,1,0,1,0,0,0,2,0,2,0,0,0,0,1,0,0,3,17,45
200500043640,5,7,27,1,2,1,1.0,7.0,0.0,10.0,0.0,8.0,0.0,0.0,1,-1,4.0,2.0,2.0,4.0,0.0,50.0,1,0.0,1.0,1,3,1,0,0,0,0,1,0,0,0,1,0,1,0,0,0,1,0,0,0,3,16,25
200500003652,5,1,1,5,2,2,2.0,3.0,0.0,7.0,0.0,0.0,2.0,19.0,1,1,4.0,0.0,2.0,1.0,0.0,69.0,1,5.0,1.0,2,3,8,4,4,0,4,4,0,8,4,0,0,4,4,4,0,1,0,1,0,3,3,25
200600052986,6,7,31,5,1,1,9.0,7.0,0.0,7.0,0.0,4.0,0.0,0.0,1,1,1.0,3.0,3.0,1.0,0.0,105.0,1,1.0,1.0,2,2,4,0,0,0,0,4,0,0,4,0,0,0,0,4,0,1,0,1,0,2,6,50
201200010602,12,3,12,5,2,1,1.0,3.0,0.0,30.0,0.0,0.0,2.0,5.0,1,2,4.0,1.0,1.0,0.0,0.0,40.0,1,0.0,1.0,2,2,2,2,0,0,0,4,0,4,0,0,0,4,0,0,0,1,0,0,0,2,20,0
200800005171,8,1,11,5,2,1,1.0,6.0,0.0,7.0,0.0,0.0,1.0,1.0,1,1,4.0,2.0,2.0,1.0,0.0,80.0,1,0.0,1.0,1,1,2,0,0,1,0,1,0,2,0,0,0,1,1,0,0,0,0,1,0,2,7,54
200500039574,5,6,10,1,1,1,1.0,5.0,0.0,7.0,0.0,0.0,2.0,1.0,1,1,3.0,2.0,2.0,1.0,0.0,76.0,1,0.0,1.0,3,2,6,15,3,0,9,9,0,12,9,0,0,15,0,0,6,1,0,0,0,4,12,45
200800037926,8,7,20,1,1,1,1.0,5.0,0.0,7.0,0.0,0.0,2.0,19.0,1,1,3.0,2.0,0.0,2.0,0.0,57.0,1,0.0,1.0,3,1,9,0,0,0,0,9,0,3,6,0,0,3,0,6,0,1,0,1,0,3,14,0
200700035988,7,6,28,1,2,2,1.0,1.0,0.0,7.0,0.0,0.0,2.0,1.0,1,1,4.0,2.0,2.0,1.0,0.0,0.0,1,0.0,1.0,2,1,6,2,0,0,4,4,4,4,0,0,0,4,0,4,0,1,0,0,0,2,20,0
201300024301,13,12,7,5,2,1,1.0,6.0,0.0,7.0,0.0,0.0,1.0,1.0,1,-1,4.0,2.0,2.0,1.0,0.0,0.0,1,4.0,1.0,1,1,1,1,0,1,0,1,0,1,1,0,0,2,0,0,0,1,0,0,0,3,19,10
200900065893,9,8,4,1,1,1,1.0,7.0,0.0,7.0,0.0,0.0,0.0,2.0,1,1,1.0,3.0,6.0,2.0,15.0,210.0,1,0.0,1.0,2,1,2,2,0,0,0,4,0,0,2,0,2,2,0,2,0,0,0,0,1,3,10,21
200600048379,6,8,18,1,1,1,1.0,7.0,0.0,7.0,0.0,0.0,1.0,20.0,1,1,6.0,1.0,1.0,1.0,0.0,0.0,1,0.0,1.0,1,1,1,1,0,1,0,1,2,0,0,0,0,0,1,1,0,1,0,0,0,2,14,35
201100017186,11,9,13,1,1,1,1.0,7.0,0.0,7.0,0.0,13.0,0.0,14.0,1,1,1.0,3.0,3.0,1.0,12.0,135.0,1,0.0,1.0,1,3,1,1,0,0,1,1,0,1,1,0,0,0,0,2,0,0,0,0,1,3,8,15
200700080383,7,12,26,5,1,1,1.0,6.0,0.0,7.0,0.0,13.0,0.0,0.0,1,1,1.0,3.0,4.0,1.0,25.0,140.0,1,0.0,1.0,1,1,0,2,0,0,1,1,0,2,0,0,0,2,0,0,0,0,0,0,0,2,8,8
200600004981,6,1,19,1,1,1,1.0,6.0,0.0,7.0,0.0,2.0,0.0,13.0,1,1,3.0,2.0,2.0,3.0,0.0,61.0,1,0.0,3.0,1,3,1,1,0,0,1,1,0,1,1,0,0,0,0,0,2,0,0,1,0,4,16,40
200600079190,6,12,19,5,2,1,1.0,6.0,0.0,7.0,0.0,0.0,1.0,1.0,1,1,4.0,2.0,2.0,1.0,0.0,67.0,1,0.0,0.0,1,1,2,0,0,1,0,1,1,1,0,0,0,1,1,0,0,1,0,0,0,2,17,10
201100040031,11,12,30,5,2,3,3.0,3.0,0.0,7.0,0.0,0.0,2.0,15.0,1,-1,3.0,3.0,6.0,1.0,0.0,0.0,1,0.0,1.0,2,2,2,2,0,0,0,4,0,2,0,2,0,2,0,2,0,1,0,1,0,2,18,30
201700007532,17,4,20,1,1,1,1.0,4.0,2.0,15.0,0.0,0.0,0.0,23.0,1,0,1.0,3.0,4.0,1.0,0.0,113.0,1,0.0,2.0,3,2,9,0,0,0,0,9,0,0,0,9,0,3,0,3,3,1,1,1,0,3,14,30
200900025398,9,7,2,1,1,1,1.0,1.0,0.0,10.0,0.0,0.0,2.0,13.0,1,1,3.0,2.0,2.0,1.0,0.0,64.0,1,0.0,1.0,2,3,4,0,0,0,0,4,0,0,0,4,0,2,0,2,0,1,0,0,0,3,11,30
200500030685,5,5,27,1,2,1,1.0,1.0,0.0,7.0,0.0,0.0,2.0,1.0,1,1,4.0,2.0,2.0,2.0,0.0,50.0,1,0.0,1.0,2,1,4,0,0,0,0,4,0,0,2,2,0,2,0,2,0,1,0,0,0,2,17,50
200700024052,7,4,5,1,2,1,1.0,3.0,0.0,7.0,0.0,0.0,2.0,9.0,1,-1,4.0,2.0,2.0,1.0,0.0,0.0,1,0.0,1.0,2,1,4,0,0,0,0,4,0,0,4,0,0,4,0,0,0,1,0,0,0,2,18,35
200700002411,7,1,10,3,2,1,1.0,6.0,0.0,33.0,0.0,0.0,1.0,1.0,1,2,4.0,2.0,2.0,1.0,0.0,0.0,1,0.0,1.0,1,1,1,1,0,1,0,1,0,0,0,0,2,2,0,0,0,1,0,0,0,3,18,1
201300017812,13,3,16,1,2,1,1.0,6.0,0.0,10.0,0.0,0.0,1.0,20.0,1,1,9.0,2.0,2.0,1.0,0.0,51.0,1,0.0,1.0,1,1,2,0,0,1,0,1,0,0,1,1,0,0,0,1,1,0,1,0,0,3,10,30
201300001559,13,3,7,1,1,3,1.0,6.0,0.0,7.0,0.0,0.0,0.0,2.0,1,1,3.0,2.0,2.0,1.0,0.0,66.0,1,0.0,1.0,2,2,6,0,0,0,2,4,0,0,6,0,0,4,0,2,0,1,1,0,0,2,18,10
200500002601,5,1,29,1,2,6,1.0,2.0,0.0,7.0,0.0,0.0,2.0,2.0,1,-1,4.0,1.0,2.0,0.0,0.0,0.0,1,5.0,1.0,2,2,4,2,0,0,2,4,2,4,0,0,0,6,0,0,0,1,1,0,0,2,15,15
200900012227,9,6,28,1,2,1,1.0,3.0,0.0,30.0,0.0,0.0,2.0,10.0,1,2,3.0,2.0,2.0,1.0,0.0,65.0,1,0.0,1.0,2,3,2,2,0,0,0,4,0,0,4,0,0,2,0,2,0,1,0,1,0,3,16,30
200700036630,7,6,6,1,2,1,1.0,6.0,0.0,7.0,0.0,0.0,1.0,1.0,1,1,3.0,3.0,3.0,1.0,30.0,90.0,1,0.0,1.0,1,1,2,0,0,1,0,1,0,1,0,0,1,1,1,0,0,1,0,0,0,2,8,20
201500004722,15,4,7,1,2,1,1.0,7.0,0.0,7.0,0.0,0.0,1.0,1.0,1,1,4.0,1.0,1.0,1.0,0.0,0.0,1,5.0,1.0,1,1,1,1,0,1,0,1,1,0,1,0,0,0,1,1,0,1,0,0,0,2,15,40
201600018804,16,4,18,3,1,1,1.0,6.0,0.0,7.0,0.0,8.0,0.0,13.0,1,0,4.0,2.0,0.0,1.0,0.0,36.0,1,0.0,3.0,1,3,1,0,0,0,0,1,0,0,1,0,0,0,0,1,0,0,0,1,0,3,22,45
201700010134,17,8,2,1,2,1,1.0,6.0,0.0,7.0,0.0,0.0,1.0,15.0,1,1,5.0,4.0,1.0,1.0,0.0,0.0,1,0.0,1.0,1,1,2,0,0,1,0,1,1,0,1,0,0,2,0,0,0,1,0,0,0,2,19,20
200500077183,5,11,9,1,1,1,2.0,7.0,0.0,7.0,0.0,0.0,0.0,2.0,1,1,1.0,3.0,6.0,1.0,10.0,210.0,1,0.0,1.0,1,2,1,0,0,0,0,1,1,0,0,0,0,0,0,1,0,0,0,0,1,2,13,0
201500055080,15,11,21,1,2,4,1.0,3.0,0.0,7.0,0.0,0.0,2.0,16.0,1,1,4.0,2.0,2.0,2.0,0.0,0.0,-1,0.0,0.0,2,1,4,0,0,0,0,4,0,4,0,0,0,2,0,2,0,1,0,0,0,3,10,40
200700034409,7,6,8,2,2,1,1.0,6.0,0.0,33.0,0.0,1.0,0.0,13.0,1,2,4.0,2.0,1.0,1.0,0.0,80.0,1,0.0,1.0,1,3,1,0,0,0,0,1,0,0,0,0,1,1,0,0,0,1,0,0,0,3,5,0
201200043834,12,12,19,5,2,2,2.0,3.0,0.0,7.0,0.0,0.0,0.0,15.0,1,-1,4.0,2.0,2.0,1.0,0.0,160.0,1,0.0,1.0,2,1,4,0,0,0,0,4,0,0,2,0,2,4,0,0,0,1,1,0,0,2,18,35
201200024534,12,12,10,5,2,1,1.0,6.0,0.0,1.0,0.0,0.0,2.0,1.0,1,2,3.0,2.0,2.0,1.0,0.0,60.0,1,0.0,5.0,2,2,0,4,0,0,0,4,0,0,2,0,2,2,0,2,0,1,0,0,0,2,18,30
201200029125,12,7,31,1,2,3,1.0,3.0,0.0,30.0,0.0,0.0,2.0,2.0,1,2,4.0,2.0,2.0,2.0,0.0,0.0,1,0.0,1.0,2,2,4,0,0,0,0,4,0,2,2,0,0,2,0,2,0,1,0,0,0,2,21,10
200900019682,9,6,30,2,1,1,7.0,3.0,0.0,20.0,0.0,6.0,2.0,1.0,1,-1,3.0,2.0,0.0,2.0,45.0,45.0,1,0.0,1.0,2,3,4,2,0,0,2,4,0,2,0,2,2,4,0,2,0,0,0,1,0,3,7,0
200600015960,6,3,25,3,1,1,2.0,1.0,0.0,7.0,0.0,0.0,2.0,13.0,1,1,3.0,2.0,2.0,1.0,0.0,67.0,1,0.0,1.0,2,3,2,2,0,0,0,4,0,0,2,0,2,2,0,2,0,1,0,0,0,3,5,45
201300053149,13,7,6,1,2,3,1.0,6.0,0.0,32.0,0.0,0.0,1.0,1.0,1,2,4.0,2.0,1.0,1.0,0.0,100.0,1,0.0,1.0,1,1,2,0,0,1,0,1,1,0,0,0,1,1,0,1,0,1,0,0,0,2,18,15
201500022903,15,10,20,5,2,1,1.0,3.0,0.0,33.0,0.0,0.0,2.0,0.0,1,-1,4.0,2.0,0.0,1.0,0.0,0.0,1,0.0,0.0,2,2,4,0,0,0,0,4,0,4,0,0,0,2,0,2,0,1,0,1,0,2,20,0
200800060950,8,10,23,1,1,1,1.0,3.0,0.0,15.0,0.0,0.0,2.0,12.0,1,1,1.0,3.0,5.0,1.0,15.0,295.0,1,0.0,1.0,2,1,2,2,0,0,0,4,0,0,2,2,0,4,0,0,0,1,1,0,0,3,13,55
201200055081,12,4,14,1,2,4,1.0,2.0,0.0,34.0,0.0,0.0,2.0,18.0,1,2,4.0,1.0,2.0,1.0,0.0,80.0,1,0.0,1.0,2,1,2,4,0,0,2,4,2,0,4,0,0,2,2,0,2,1,1,0,0,2,13,25
201000025499,10,9,24,4,1,1,1.0,5.0,0.0,7.0,0.0,0.0,2.0,23.0,1,1,1.0,3.0,3.0,1.0,20.0,105.0,1,0.0,1.0,4,1,20,0,0,4,0,16,0,0,12,4,4,16,0,4,0,1,1,0,0,3,23,28
201200054077,12,6,26,5,2,1,1.0,6.0,0.0,7.0,0.0,0.0,1.0,1.0,1,1,4.0,1.0,1.0,1.0,0.0,35.0,1,0.0,1.0,1,1,2,0,0,1,0,1,0,0,1,1,0,2,0,0,0,1,0,0,0,2,23,20
201700056608,17,6,8,1,2,7,1.0,2.0,1.0,7.0,0.0,0.0,2.0,1.0,1,1,4.0,1.0,0.0,1.0,0.0,0.0,1,0.0,1.0,2,1,4,0,0,0,0,4,0,0,0,2,2,0,0,4,0,1,0,0,0,2,13,10
201700017705,17,4,7,1,1,1,1.0,6.0,2.0,33.0,0.0,0.0,6.0,1.0,1,2,3.0,2.0,2.0,1.0,0.0,60.0,1,0.0,1.0,1,3,1,0,0,0,0,1,0,0,0,0,1,1,0,0,0,1,0,0,0,3,7,30
200600016756,6,3,9,1,2,9,8.0,6.0,0.0,7.0,0.0,0.0,1.0,19.0,1,1,3.0,2.0,2.0,4.0,0.0,70.0,1,6.0,1.0,1,1,1,1,0,1,0,1,1,0,0,0,1,1,1,0,0,1,0,0,0,3,16,30
200700059696,7,9,19,1,2,3,1.0,3.0,0.0,30.0,0.0,0.0,2.0,1.0,1,2,4.0,2.0,2.0,1.0,0.0,110.0,-1,0.0,1.0,2,2,2,2,0,0,0,4,0,4,0,0,0,4,0,0,0,1,0,0,0,2,10,17
200500069888,5,10,15,1,1,1,1.0,3.0,0.0,5.0,0.0,3.0,2.0,17.0,1,2,2.0,3.0,2.0,1.0,0.0,70.0,1,0.0,1.0,2,3,4,0,0,0,0,4,0,0,4,0,0,4,0,0,0,0,0,1,0,3,13,5
200900053927,9,9,22,1,2,1,1.0,6.0,0.0,33.0,0.0,0.0,0.0,0.0,1,2,3.0,2.0,4.0,1.0,0.0,0.0,1,0.0,1.0,2,2,2,2,0,0,0,4,0,2,0,0,2,0,0,4,0,0,0,0,0,2,13,0
200700039234,7,6,16,1,2,1,1.0,2.0,0.0,31.0,0.0,0.0,2.0,2.0,1,2,4.0,0.0,3.0,1.0,14.0,105.0,1,0.0,0.0,2,2,4,0,0,0,0,4,0,0,4,0,0,4,0,0,0,1,1,0,0,2,15,20
200600074516,6,12,3,1,1,1,1.0,1.0,0.0,7.0,0.0,2.0,0.0,1.0,1,0,3.0,2.0,2.0,1.0,0.0,0.0,1,0.0,3.0,2,3,4,0,0,0,0,4,0,0,2,0,2,2,0,0,2,1,0,0,0,3,9,30
201200017774,12,3,4,3,1,1,1.0,6.0,0.0,7.0,0.0,2.0,0.0,1.0,1,1,4.0,2.0,0.0,1.0,0.0,60.0,1,0.0,3.0,1,4,1,0,0,0,0,1,0,0,1,0,0,0,0,1,0,0,0,1,0,4,3,30
201300013636,13,9,24,2,2,1,1.0,3.0,0.0,36.0,0.0,0.0,2.0,0.0,1,2,3.0,2.0,2.0,2.0,6.0,66.0,1,0.0,1.0,2,2,6,0,0,0,2,4,0,0,4,2,0,4,0,2,0,0,0,1,0,2,19,30
201300004227,13,10,11,5,2,1,1.0,6.0,0.0,7.0,0.0,6.0,0.0,17.0,1,1,3.0,2.0,2.0,1.0,0.0,60.0,1,0.0,1.0,1,3,2,0,0,0,1,1,0,1,1,0,0,0,0,2,0,1,0,0,0,3,23,45
201000059162,10,2,15,1,1,1,1.0,4.0,0.0,7.0,0.0,0.0,2.0,2.0,1,1,3.0,3.0,4.0,2.0,0.0,140.0,1,0.0,1.0,3,2,9,0,0,0,0,9,0,0,6,0,3,6,0,3,0,1,1,0,0,2,7,45
201700018655,17,4,2,1,2,1,1.0,6.0,2.0,7.0,0.0,6.0,0.0,1.0,1,1,3.0,2.0,2.0,1.0,0.0,60.0,1,0.0,3.0,1,3,1,0,0,0,0,1,0,0,1,0,0,0,0,0,1,1,0,0,0,3,17,45
201300022151,13,9,5,1,2,1,1.0,2.0,0.0,7.0,0.0,0.0,4.0,16.0,1,1,2.0,1.0,2.0,1.0,0.0,0.0,-1,0.0,0.0,2,1,2,4,0,0,2,4,0,6,0,0,0,2,0,4,0,1,1,0,0,2,20,5
201100015003,11,6,1,1,2,6,1.0,3.0,0.0,7.0,0.0,0.0,2.0,0.0,1,1,4.0,2.0,2.0,0.0,0.0,80.0,1,0.0,1.0,2,1,2,4,2,0,0,4,0,4,2,0,0,0,0,4,2,1,0,1,0,2,12,10
201600039163,16,9,17,5,2,1,1.0,6.0,2.0,7.0,0.0,1.0,0.0,1.0,1,1,4.0,2.0,2.0,2.0,0.0,70.0,1,0.0,1.0,1,1,1,1,1,0,0,1,0,0,2,0,0,1,0,1,0,1,0,0,0,2,23,55
200800029718,8,6,10,2,1,1,1.0,6.0,0.0,30.0,0.0,0.0,6.0,1.0,1,2,3.0,2.0,0.0,1.0,0.0,56.0,1,0.0,1.0,1,4,1,0,0,0,0,1,0,0,0,0,1,1,0,0,0,1,0,0,0,4,5,0
201700004231,17,3,9,1,1,1,6.0,4.0,1.0,7.0,0.0,0.0,0.0,4.0,1,1,3.0,2.0,2.0,3.0,0.0,70.0,1,0.0,1.0,3,1,6,3,0,0,0,9,0,0,9,0,0,9,0,0,0,0,0,1,0,3,15,30
201500011775,15,2,21,1,1,1,4.0,2.0,0.0,7.0,0.0,4.0,2.0,1.0,1,1,1.0,3.0,6.0,1.0,10.0,105.0,1,0.0,1.0,2,2,2,2,0,0,0,4,0,0,4,0,0,0,0,4,0,1,1,0,0,2,12,45
201400017663,14,5,4,1,1,1,1.0,3.0,0.0,7.0,0.0,0.0,2.0,1.0,1,1,3.0,2.0,2.0,0.0,0.0,64.0,1,0.0,1.0,2,1,4,0,0,0,0,4,0,0,4,0,0,2,0,2,0,1,0,1,0,3,17,45
201700035185,17,4,16,1,2,1,1.0,6.0,1.0,31.0,0.0,15.0,0.0,1.0,1,2,4.0,2.0,2.0,1.0,0.0,76.0,1,4.0,1.0,1,4,1,0,0,0,0,1,0,0,1,0,0,0,0,1,0,1,0,0,0,4,18,30
201700001411,17,6,9,1,2,1,1.0,3.0,1.0,7.0,0.0,0.0,2.0,15.0,1,1,3.0,1.0,2.0,1.0,0.0,20.0,1,0.0,1.0,2,1,4,0,0,0,0,4,0,0,4,0,0,4,0,0,0,1,0,1,0,3,19,30
200500068021,5,10,14,1,2,1,1.0,6.0,0.0,2.0,0.0,0.0,2.0,7.0,1,2,4.0,2.0,3.0,1.0,0.0,90.0,1,0.0,1.0,1,2,0,1,0,0,0,1,0,0,1,0,0,0,1,0,0,1,0,0,0,2,16,5
200600013814,6,3,24,5,2,2,2.0,6.0,0.0,7.0,0.0,7.0,0.0,1.0,1,1,4.0,2.0,3.0,1.0,0.0,90.0,1,0.0,1.0,1,1,1,1,0,0,1,1,0,1,1,0,0,1,0,0,1,1,0,0,0,2,3,55
200900059226,9,11,20,1,2,2,2.0,6.0,0.0,7.0,0.0,0.0,1.0,1.0,1,1,4.0,2.0,2.0,1.0,0.0,0.0,1,5.0,1.0,1,1,1,1,0,1,0,1,0,0,2,0,0,2,0,0,0,1,0,0,0,2,17,45
200600071732,6,11,19,5,2,9,2.0,3.0,0.0,7.0,0.0,0.0,2.0,13.0,1,1,3.0,2.0,2.0,3.0,0.0,60.0,1,0.0,1.0,2,3,2,2,0,0,0,4,0,2,2,0,0,0,0,2,2,1,0,0,0,3,19,30
201600050952,16,10,25,1,1,1,8.0,6.0,2.0,7.0,0.0,8.0,0.0,16.0,1,1,1.0,1.0,1.0,1.0,0.0,0.0,1,0.0,0.0,1,2,0,1,0,0,0,1,0,1,0,0,0,0,0,1,0,1,0,0,0,2,12,15
200500037952,5,6,18,1,2,1,1.0,1.0,0.0,7.0,0.0,0.0,2.0,21.0,1,1,3.0,2.0,2.0,1.0,0.0,0.0,1,5.0,1.0,2,1,4,6,2,0,4,4,0,8,2,0,0,6,4,0,0,1,0,0,0,3,16,0
201500012345,15,11,10,1,2,6,1.0,6.0,0.0,7.0,0.0,0.0,1.0,1.0,1,1,4.0,2.0,0.0,1.0,0.0,0.0,1,0.0,1.0,1,1,1,1,0,1,0,1,0,0,2,0,0,0,0,1,1,1,0,0,0,2,9,0
200700060142,7,10,3,1,1,1,1.0,5.0,0.0,7.0,0.0,0.0,2.0,13.0,1,1,3.0,2.0,0.0,1.0,0.0,64.0,1,0.0,1.0,3,3,6,9,0,0,6,9,3,6,6,0,0,6,6,0,3,1,0,0,0,3,18,0
201300005582,13,6,22,1,1,1,1.0,7.0,0.0,7.0,0.0,13.0,0.0,14.0,1,0,3.0,2.0,2.0,1.0,0.0,76.0,1,0.0,3.0,1,3,2,0,0,0,1,1,0,1,1,0,0,2,0,0,0,1,0,0,0,3,15,0
201000046775,10,9,1,1,2,1,1.0,2.0,0.0,7.0,0.0,0.0,2.0,0.0,1,-1,3.0,1.0,2.0,1.0,0.0,80.0,1,0.0,1.0,2,1,2,4,0,0,2,4,4,2,0,0,0,2,0,2,2,0,0,0,0,2,15,15
201000033279,10,1,20,1,2,2,2.0,3.0,0.0,7.0,0.0,0.0,4.0,0.0,1,1,4.0,1.0,0.0,1.0,0.0,0.0,1,0.0,1.0,2,2,2,4,0,0,2,4,0,4,0,2,0,4,0,0,2,1,0,1,0,2,15,45