Num_Acc,an,mois,jour,lum,agg,int,atm,col,senc,catv,occutc,obs,obsm,manv,catu,secu,catr,circ,nbv,prof,lartpc,larrout,surf,infra,situ,nb_veh,grav_simpl,Homme,Femme,Arrière,Autre_x,Avant,Conducteur,Autre_y,Inconnu,Loisirs,Professionnel,Travail,Adulte,Enfant,Jeune,Senior,choc_avant,choc_arriere,choc_lateral,choc_multiple,grav_order_max,heure,minute
201500051970,15,5,27,1,2,1,1.0,7.0,0.0,30.0,0.0,0.0,0.0,1.0,1,2,4.0,1.0,1.0,1.0,0.0,30.0,1,0.0,1.0,1,2,0,1,0,0,0,1,0,0,0,0,1,1,0,0,0,0,0,0,0,2,12,25
200900010613,9,5,27,1,2,1,7.0,2.0,0.0,7.0,0.0,0.0,2.0,1.0,1,1,4.0,2.0,2.0,1.0,0.0,60.0,1,0.0,1.0,2,2,4,0,0,0,0,4,0,0,0,0,4,4,0,0,0,1,1,0,0,2,6,45
200800003550,8,1,20,1,2,3,1.0,3.0,0.0,7.0,0.0,0.0,2.0,16.0,1,-1,4.0,2.0,2.0,1.0,0.0,82.0,1,0.0,1.0,2,1,4,0,0,0,0,4,0,0,2,2,0,0,0,4,0,1,0,0,0,3,10,0
200800023654,8,5,24,1,1,1,1.0,3.0,0.0,10.0,0.0,0.0,0.0,19.0,1,1,3.0,0.0,2.0,4.0,0.0,36.0,1,0.0,1.0,2,1,2,2,0,0,0,4,0,0,4,0,0,0,2,0,2,1,0,0,0,3,13,5
201100045466,11,5,15,1,2,1,1.0,3.0,0.0,7.0,0.0,0.0,2.0,1.0,1,1,4.0,2.0,2.0,1.0,0.0,0.0,1,0.0,1.0,2,1,4,0,0,0,0,4,2,0,2,0,0,2,0,2,0,1,0,0,0,2,15,40
200500060474,5,9,17,1,1,2,1.0,3.0,0.0,7.0,0.0,0.0,0.0,13.0,1,1,3.0,2.0,1.0,1.0,0.0,0.0,1,0.0,1.0,2,1,4,0,0,0,0,4,2,0,2,0,0,2,0,0,2,1,0,0,0,3,9,30
200600079315,6,12,1,4,2,1,1.0,6.0,0.0,33.0,0.0,0.0,2.0,1.0,1,2,9.0,2.0,2.0,1.0,0.0,40.0,1,0.0,1.0,2,3,4,0,0,0,0,4,0,4,0,0,0,2,0,2,0,1,0,0,0,3,7,0
201100040755,11,1,31,1,2,3,1.0,6.0,0.0,7.0,0.0,0.0,1.0,1.0,1,1,4.0,2.0,1.0,1.0,0.0,72.0,1,0.0,1.0,1,1,1,1,0,1,0,1,2,0,0,0,0,0,1,1,0,1,0,0,0,2,8,20
201700056075,17,3,26,1,2,4,1.0,2.0,1.0,7.0,0.0,0.0,2.0,17.0,1,1,4.0,2.0,2.0,1.0,0.0,0.0,1,0.0,1.0,2,2,4,2,0,0,2,4,0,4,2,0,0,6,0,0,0,1,0,0,0,2,14,0
200900067273,9,12,17,5,2,1,1.0,6.0,0.0,7.0,0.0,0.0,1.0,1.0,3,-1,4.0,1.0,2.0,1.0,0.0,0.0,1,0.0,0.0,1,2,0,3,0,2,0,1,0,2,1,0,0,0,2,0,1,1,0,0,0,2,17,45
201200050267,12,8,16,1,1,1,1.0,2.0,0.0,14.0,0.0,0.0,2.0,1.0,1,1,1.0,3.0,3.0,1.0,15.0,90.0,1,0.0,1.0,2,2,4,0,0,0,0,4,0,4,0,0,0,4,0,0,0,1,1,0,0,2,16,35
201300034457,13,11,27,5,2,1,1.0,6.0,0.0,7.0,0.0,0.0,1.0,1.0,1,1,4.0,2.0,2.0,1.0,0.0,72.0,1,0.0,1.0,1,1,1,1,0,1,0,1,0,0,1,0,1,1,0,0,1,1,0,0,0,2,18,30
201000066682,10,3,13,1,2,1,1.0,3.0,0.0,33.0,0.0,0.0,2.0,3.0,1,2,4.0,1.0,3.0,1.0,15.0,105.0,1,0.0,1.0,2,2,4,0,0,0,0,4,0,0,4,0,0,2,0,2,0,1,1,0,0,2,14,5
201300005706,13,7,15,1,2,1,1.0,6.0,0.0,33.0,0.0,8.0,0.0,1.0,1,2,3.0,2.0,2.0,2.0,0.0,68.0,1,0.0,3.0,1,3,1,0,0,0,0,1,0,0,1,0,0,0,0,0,1,0,0,1,0,3,9,30
200600061823,6,10,11,1,2,1,1.0,3.0,0.0,33.0,0.0,0.0,2.0,1.0,1,2,4.0,2.0,2.0,1.0,0.0,0.0,1,0.0,1.0,2,2,4,0,0,0,0,4,2,2,0,0,0,2,0,2,0,1,0,0,0,2,12,50
200700040807,7,7,22,1,1,1,1.0,1.0,0.0,2.0,0.0,0.0,2.0,13.0,1,2,3.0,2.0,0.0,0.0,0.0,0.0,1,0.0,1.0,2,4,2,4,0,0,2,4,0,2,4,0,0,4,0,0,2,1,0,0,0,4,17,0
201100028208,11,12,16,5,2,5,3.0,3.0,0.0,1.0,0.0,0.0,2.0,19.0,1,-1,4.0,2.0,2.0,1.0,0.0,0.0,1,4.0,1.0,2,2,2,0,0,0,0,2,0,2,0,0,0,0,0,2,0,0,1,0,0,2,21,30
201000040837,10,8,20,1,2,2,1.0,3.0,0.0,32.0,0.0,0.0,2.0,1.0,1,2,4.0,2.0,2.0,1.0,0.0,70.0,1,0.0,1.0,2,2,4,0,0,0,0,4,0,4,0,0,0,4,0,0,0,1,1,0,0,2,13,10
201100035363,11,4,11,1,2,1,1.0,2.0,0.0,33.0,0.0,0.0,2.0,1.0,1,2,4.0,2.0,2.0,1.0,0.0,70.0,1,0.0,1.0,2,1,4,2,0,0,2,4,0,2,4,0,0,4,0,0,2,1,1,0,0,2,19,30
201200014404,12,1,13,1,2,1,1.0,7.0,0.0,30.0,0.0,0.0,0.0,5.0,1,-1,4.0,0.0,5.0,1.0,0.0,125.0,1,0.0,1.0,3,1,9,0,0,0,0,9,0,3,0,6,0,6,0,3,0,0,0,0,0,2,11,35
201400045625,14,1,22,1,2,1,2.0,2.0,0.0,2.0,0.0,0.0,2.0,1.0,1,2,3.0,2.0,2.0,1.0,0.0,-1.0,1,0.0,1.0,2,2,0,4,0,0,0,4,2,0,2,0,0,0,0,4,0,1,1,0,0,2,14,25
200700010588,7,2,2,2,2,1,1.0,6.0,0.0,7.0,0.0,0.0,2.0,23.0,1,1,4.0,2.0,4.0,2.0,0.0,0.0,1,0.0,1.0,2,1,4,2,0,0,2,4,2,2,2,0,0,2,0,4,0,1,0,0,0,3,18,10
201700021342,17,2,13,1,2,2,1.0,3.0,1.0,7.0,0.0,0.0,2.0,0.0,1,1,4.0,2.0,4.0,1.0,32.0,115.0,-1,0.0,1.0,2,1,2,2,0,0,0,4,0,0,4,0,0,4,0,0,0,1,0,1,0,2,16,0
201600033299,16,1,25,2,2,2,1.0,3.0,2.0,7.0,0.0,0.0,2.0,19.0,1,1,4.0,2.0,2.0,1.0,0.0,0.0,1,0.0,1.0,2,1,2,2,0,0,0,4,0,4,0,0,0,2,0,0,2,1,0,1,0,2,18,10
200500060809,5,9,8,1,2,6,1.0,3.0,0.0,2.0,0.0,0.0,2.0,1.0,1,2,3.0,2.0,0.0,1.0,0.0,0.0,1,0.0,1.0,2,3,2,2,0,0,0,4,0,0,2,0,2,2,2,0,0,1,0,1,0,3,12,40
200700074449,7,11,19,1,1,1,1.0,6.0,0.0,7.0,0.0,4.0,0.0,2.0,1,1,1.0,0.0,2.0,2.0,10.0,70.0,1,0.0,1.0,1,3,1,0,0,0,0,1,0,0,0,0,1,0,0,1,0,1,0,0,0,3,8,15
201400021542,14,11,19,1,2,1,1.0,6.0,0.0,7.0,0.0,0.0,1.0,2.0,1,1,4.0,2.0,2.0,1.0,0.0,87.0,1,0.0,1.0,1,1,2,0,0,1,0,1,1,0,1,0,0,1,0,0,1,1,0,0,0,2,15,59
201400003217,14,8,2,1,1,1,1.0,1.0,0.0,7.0,0.0,0.0,2.0,1.0,1,1,3.0,2.0,2.0,0.0,0.0,50.0,1,0.0,0.0,2,1,0,4,0,0,0,4,2,0,2,0,0,2,0,0,2,1,0,1,0,4,18,15
201100062954,11,6,3,5,2,3,1.0,3.0,0.0,30.0,0.0,0.0,2.0,9.0,1,2,4.0,1.0,1.0,2.0,0.0,60.0,1,0.0,1.0,2,2,4,0,0,0,0,4,0,2,0,2,0,2,0,0,2,1,0,0,0,2,2,15
201500048429,15,1,12,5,2,1,1.0,6.0,0.0,7.0,0.0,0.0,1.0,15.0,1,-1,4.0,1.0,4.0,1.0,0.0,0.0,1,0.0,1.0,1,1,1,1,0,1,0,1,0,1,1,0,0,0,0,1,1,1,0,0,0,3,17,30
201100041808,11,2,20,1,1,1,1.0,2.0,0.0,7.0,0.0,0.0,2.0,2.0,1,1,2.0,3.0,6.0,1.0,0.0,0.0,1,0.0,1.0,2,1,2,2,0,0,0,4,0,0,4,0,0,4,0,0,0,1,1,0,0,2,17,5
200500042418,5,7,24,1,1,1,9.0,1.0,0.0,7.0,0.0,0.0,0.0,1.0,1,1,3.0,0.0,0.0,0.0,0.0,0.0,-1,0.0,0.0,2,2,6,2,2,0,2,4,4,4,0,0,0,4,2,2,0,1,0,0,0,2,16,30
201500018152,15,6,24,1,2,3,1.0,3.0,0.0,10.0,0.0,0.0,2.0,15.0,1,1,3.0,2.0,3.0,1.0,0.0,133.0,1,0.0,1.0,2,1,4,4,2,0,2,4,0,4,4,0,0,2,0,6,0,1,1,0,0,3,21,15
201100033002,11,2,2,1,1,1,1.0,5.0,0.0,7.0,0.0,0.0,2.0,2.0,1,1,3.0,2.0,2.0,1.0,0.0,66.0,1,5.0,1.0,3,2,3,6,0,0,0,9,3,0,0,0,6,9,0,0,0,1,1,0,0,2,8,35
201600027652,16,7,28,1,2,1,1.0,6.0,0.0,33.0,0.0,0.0,1.0,0.0,1,2,4.0,0.0,0.0,0.0,0.0,0.0,-1,0.0,0.0,1,1,2,0,0,1,0,1,0,2,0,0,0,0,0,1,1,0,0,0,0,2,18,27
200800007630,8,2,7,5,2,1,1.0,3.0,0.0,30.0,0.0,0.0,2.0,19.0,1,2,4.0,2.0,6.0,1.0,40.0,150.0,1,0.0,1.0,2,3,2,2,0,0,0,4,0,2,0,0,2,2,0,2,0,1,0,1,0,3,19,45
201700014483,17,1,27,1,1,1,1.0,6.0,1.0,7.0,0.0,2.0,0.0,17.0,1,-1,3.0,2.0,2.0,1.0,0.0,0.0,1,0.0,3.0,1,2,3,0,0,1,1,1,1,0,2,0,0,1,0,2,0,0,0,1,0,3,16,40
201500053920,15,12,29,1,2,7,1.0,6.0,0.0,33.0,0.0,0.0,1.0,1.0,1,2,4.0,3.0,3.0,1.0,20.0,120.0,-1,0.0,1.0,1,1,3,0,0,1,1,1,0,1,2,0,0,2,0,1,0,1,0,0,0,2,13,0
201000041329,10,1,3,1,1,1,1.0,6.0,0.0,7.0,0.0,0.0,0.0,1.0,1,1,4.0,3.0,2.0,2.0,0.0,50.0,1,0.0,1.0,1,2,0,1,0,0,0,1,0,0,1,0,0,0,0,0,1,0,0,0,0,2,12,40
200900038379,9,3,4,5,2,3,8.0,3.0,0.0,7.0,0.0,0.0,2.0,1.0,1,1,4.0,1.0,1.0,1.0,0.0,30.0,1,0.0,1.0,2,2,2,4,0,0,2,4,4,0,0,0,2,2,0,4,0,1,0,0,0,2,18,33
200800037181,8,7,21,2,1,1,1.0,6.0,0.0,7.0,0.0,13.0,0.0,1.0,1,1,3.0,2.0,2.0,0.0,0.0,100.0,1,0.0,1.0,1,3,1,0,0,0,0,1,1,0,0,0,0,1,0,0,0,1,0,0,0,3,6,30
201600020535,16,2,10,1,1,1,1.0,5.0,1.0,15.0,0.0,0.0,0.0,23.0,1,1,4.0,2.0,2.0,1.0,0.0,40.0,1,0.0,1.0,3,1,9,0,0,0,0,9,0,0,3,6,0,3,0,6,0,1,1,0,0,3,9,15
200700033879,7,6,23,1,2,1,1.0,7.0,0.0,2.0,0.0,12.0,0.0,1.0,1,2,4.0,1.0,1.0,1.0,0.0,30.0,-1,0.0,1.0,1,3,1,0,0,0,0,1,0,0,0,0,1,0,0,1,0,0,0,0,0,3,18,30
200900020980,9,9,30,1,2,2,1.0,7.0,0.0,1.0,0.0,0.0,0.0,7.0,1,-1,4.0,1.0,3.0,1.0,11.0,104.0,1,0.0,1.0,1,2,0,1,0,0,0,1,0,0,0,0,1,1,0,0,0,0,0,0,0,2,9,30
201300050196,13,4,16,1,2,7,1.0,2.0,0.0,7.0,0.0,0.0,2.0,15.0,1,1,4.0,2.0,2.0,1.0,0.0,0.0,1,0.0,1.0,2,1,2,2,0,0,0,4,0,4,0,0,0,2,0,2,0,1,0,0,0,2,12,10
200600002590,6,1,21,1,2,1,1.0,6.0,0.0,7.0,0.0,0.0,1.0,20.0,1,1,4.0,2.0,2.0,1.0,0.0,60.0,1,0.0,1.0,1,1,2,0,0,1,0,1,0,0,2,0,0,1,1,0,0,0,1,0,0,2,12,15
200900009841,9,5,8,3,2,1,1.0,1.0,0.0,1.0,0.0,0.0,2.0,1.0,1,0,4.0,2.0,2.0,0.0,0.0,40.0,-1,0.0,1.0,2,3,4,0,0,0,0,4,0,0,4,0,0,0,2,2,0,1,0,0,0,3,21,30
200800017364,8,4,2,1,1,1,2.0,3.0,0.0,7.0,0.0,0.0,2.0,1.0,1,1,3.0,2.0,2.0,2.0,75.0,0.0,1,2.0,1.0,2,2,4,2,0,0,2,4,0,2,4,0,0,2,2,2,0,1,0,1,0,2,17,45
201200042829,12,11,6,1,2,1,1.0,3.0,0.0,32.0,0.0,0.0,2.0,17.0,1,2,4.0,1.0,1.0,1.0,0.0,0.0,1,0.0,1.0,2,2,2,2,0,0,0,4,2,0,0,2,0,2,0,2,0,1,0,0,0,2,12,50
200700059161,7,9,27,1,2,1,8.0,6.0,0.0,1.0,0.0,0.0,1.0,1.0,1,-1,4.0,1.0,3.0,1.0,0.0,120.0,1,0.0,1.0,1,1,2,0,0,1,0,1,0,1,0,1,0,1,0,1,0,0,0,0,0,2,8,45
201100020096,11,6,10,4,2,1,1.0,3.0,0.0,7.0,0.0,0.0,2.0,15.0,1,1,4.0,2.0,2.0,2.0,0.0,0.0,1,0.0,1.0,2,1,6,0,0,0,2,4,0,4,2,0,0,0,0,6,0,1,0,0,0,2,22,45
200800064136,8,11,6,1,2,1,1.0,6.0,0.0,7.0,0.0,0.0,2.0,10.0,1,-1,4.0,2.0,2.0,1.0,0.0,0.0,-1,0.0,1.0,3,2,3,6,0,0,0,9,6,0,0,3,0,6,0,3,0,1,1,0,0,2,12,18
201300011377,13,11,28,1,2,1,1.0,2.0,0.0,30.0,0.0,0.0,2.0,2.0,1,2,4.0,1.0,1.0,1.0,0.0,0.0,1,0.0,1.0,2,2,2,2,0,0,0,4,0,4,0,0,0,0,2,2,0,1,1,0,0,2,7,55
201700037012,17,7,21,5,2,1,1.0,6.0,0.0,7.0,0.0,0.0,1.0,19.0,1,1,4.0,1.0,1.0,1.0,0.0,0.0,1,0.0,1.0,1,1,1,1,0,1,0,1,0,2,0,0,0,1,0,1,0,0,0,0,0,2,1,15
201600046642,16,1,25,1,1,1,1.0,2.0,2.0,34.0,0.0,0.0,2.0,3.0,1,2,1.0,1.0,3.0,1.0,15.0,105.0,1,0.0,1.0,2,3,4,0,0,0,0,4,0,4,0,0,0,4,0,0,0,1,1,0,0,3,8,7
201400056573,14,10,31,5,2,4,1.0,6.0,1.0,34.0,0.0,0.0,1.0,1.0,3,-1,4.0,2.0,4.0,1.0,0.0,120.0,1,0.0,1.0,1,2,0,2,0,2,0,0,0,2,0,0,0,1,0,1,0,0,0,0,0,2,19,0
200700023337,7,4,25,1,2,1,1.0,6.0,0.0,7.0,0.0,0.0,1.0,4.0,1,1,4.0,2.0,2.0,1.0,0.0,60.0,1,0.0,1.0,1,1,1,1,0,1,0,1,0,0,2,0,0,1,0,0,1,0,1,0,0,2,14,15
201000060837,10,11,24,5,2,3,1.0,3.0,0.0,30.0,0.0,0.0,2.0,17.0,1,2,4.0,1.0,1.0,1.0,0.0,85.0,1,0.0,1.0,2,2,4,0,0,0,0,4,0,0,2,2,0,4,0,0,0,1,0,0,0,2,18,10
201000066564,10,11,20,5,2,1,1.0,7.0,0.0,34.0,0.0,9.0,0.0,21.0,1,2,4.0,1.0,3.0,2.0,12.0,116.0,1,0.0,1.0,1,2,1,0,0,0,0,1,0,0,0,1,0,0,0,1,0,0,0,1,0,2,18,50
201300034161,13,11,9,2,2,3,3.0,6.0,0.0,7.0,0.0,0.0,2.0,15.0,1,1,4.0,2.0,2.0,2.0,0.0,0.0,1,0.0,1.0,3,1,9,0,0,0,0,9,0,0,9,0,0,6,0,3,0,1,1,1,0,3,17,30
201500022033,15,3,31,1,2,3,1.0,3.0,0.0,7.0,0.0,0.0,2.0,2.0,1,-1,4.0,0.0,2.0,1.0,0.0,670.0,1,0.0,0.0,2,2,4,0,0,0,0,4,0,4,0,0,0,2,0,0,2,1,0,1,0,2,14,0
201600049587,16,12,1,5,1,2,1.0,3.0,2.0,7.0,0.0,0.0,2.0,0.0,1,1,3.0,2.0,0.0,1.0,0.0,0.0,1,0.0,0.0,2,2,2,2,0,0,0,4,0,2,0,0,2,2,0,2,0,1,0,0,0,2,18,15
200800051898,8,9,16,1,2,3,1.0,3.0,0.0,33.0,0.0,0.0,2.0,17.0,1,2,4.0,1.0,2.0,1.0,0.0,164.0,1,0.0,0.0,2,2,4,0,0,0,0,4,0,4,0,0,0,2,0,2,0,1,0,0,0,2,14,55
200600029095,6,5,19,1,2,1,8.0,6.0,0.0,7.0,0.0,15.0,0.0,21.0,1,1,2.0,1.0,2.0,1.0,0.0,6.0,1,0.0,4.0,1,2,1,1,0,0,1,1,0,1,1,0,0,0,0,2,0,1,0,0,0,2,17,5
200600069973,6,11,23,1,2,2,2.0,6.0,0.0,37.0,0.0,0.0,2.0,1.0,1,-1,3.0,1.0,2.0,1.0,0.0,74.0,1,0.0,1.0,2,1,4,2,0,2,0,4,0,4,0,2,0,4,0,2,0,1,0,0,0,2,12,15
201300018710,13,11,27,1,1,2,1.0,3.0,0.0,33.0,0.0,0.0,2.0,1.0,1,2,3.0,2.0,2.0,1.0,73.0,0.0,1,0.0,1.0,2,3,4,0,0,0,0,4,0,0,4,0,0,0,0,2,2,1,0,0,0,3,14,15
200500056012,5,9,17,1,1,1,1.0,1.0,0.0,5.0,0.0,0.0,2.0,13.0,1,2,3.0,2.0,0.0,1.0,0.0,63.0,1,0.0,1.0,2,3,4,2,0,0,2,4,0,2,4,0,0,2,0,4,0,1,0,0,0,3,12,45
201600053165,16,8,12,1,2,2,1.0,3.0,0.0,7.0,0.0,0.0,2.0,15.0,1,1,4.0,0.0,0.0,1.0,0.0,80.0,1,0.0,1.0,2,1,2,2,0,0,0,4,0,0,2,2,0,4,0,0,0,1,0,0,0,2,16,25
201200045280,12,6,14,5,2,1,1.0,2.0,0.0,7.0,0.0,0.0,0.0,2.0,1,1,2.0,1.0,2.0,1.0,10.0,140.0,1,0.0,1.0,2,3,0,2,0,0,0,2,0,0,0,0,2,0,0,2,0,1,1,0,0,3,23,30
200600038023,6,7,18,1,2,1,1.0,1.0,0.0,2.0,0.0,0.0,2.0,5.0,1,2,4.0,2.0,2.0,1.0,0.0,80.0,1,0.0,1.0,2,3,4,0,0,0,0,4,4,0,0,0,0,0,0,4,0,1,0,0,0,3,15,10
200900068675,9,10,16,1,1,1,1.0,3.0,0.0,7.0,0.0,0.0,2.0,0.0,1,-1,4.0,2.0,1.0,1.0,0.0,0.0,1,0.0,1.0,2,1,4,0,0,0,0,4,0,4,0,0,0,4,0,0,0,1,0,0,0,2,12,20
200500082832,5,12,22,1,2,2,1.0,6.0,0.0,10.0,0.0,0.0,2.0,7.0,1,1,4.0,1.0,1.0,1.0,0.0,30.0,1,0.0,1.0,1,1,1,1,0,1,0,1,0,0,1,1,0,0,0,1,1,1,0,0,0,3,11,10
201400021069,14,5,25,5,2,6,1.0,7.0,0.0,21.0,0.0,0.0,0.0,1.0,1,1,2.0,0.0,1.0,1.0,0.0,0.0,1,0.0,1.0,1,2,11,0,6,3,1,1,0,8,3,0,0,7,0,4,0,0,1,0,0,3,22,15
201600007328,16,8,3,1,2,1,1.0,3.0,0.0,7.0,0.0,0.0,2.0,15.0,1,1,4.0,2.0,2.0,1.0,0.0,0.0,1,0.0,0.0,2,1,0,4,0,0,0,4,4,0,0,0,0,0,0,2,2,1,0,1,0,2,10,30
200500077996,5,12,28,1,1,1,9.0,1.0,0.0,7.0,0.0,0.0,2.0,13.0,1,1,3.0,2.0,2.0,0.0,0.0,60.0,1,0.0,1.0,2,1,4,2,0,0,2,4,2,2,2,0,0,2,0,4,0,1,0,0,0,3,13,35
200800029793,8,6,26,1,2,1,1.0,1.0,0.0,2.0,0.0,0.0,2.0,13.0,1,2,9.0,2.0,0.0,0.0,0.0,50.0,1,0.0,1.0,2,3,10,0,4,0,2,4,0,6,0,2,2,0,2,8,0,1,0,0,0,3,18,0
201300011380,13,11,28,1,2,1,1.0,2.0,0.0,7.0,0.0,0.0,2.0,2.0,1,1,4.0,3.0,6.0,1.0,0.0,0.0,1,0.0,1.0,2,1,4,0,0,0,0,4,0,2,0,2,0,2,0,2,0,1,1,0,0,2,13,55
201100027626,11,6,14,1,2,6,1.0,3.0,0.0,7.0,0.0,0.0,0.0,0.0,1,-1,4.0,2.0,2.0,1.0,0.0,0.0,1,4.0,0.0,2,3,2,2,0,0,0,4,0,2,0,2,0,4,0,0,0,1,0,1,0,3,11,15
201300023331,13,5,21,1,1,2,2.0,5.0,0.0,7.0,0.0,0.0,9.0,1.0,1,1,1.0,3.0,3.0,1.0,15.0,35.0,1,0.0,1.0,3,1,9,3,0,0,3,9,0,3,6,3,0,3,0,0,9,1,0,1,0,4,8,30
201400036165,14,3,9,1,2,1,1.0,3.0,0.0,33.0,0.0,0.0,2.0,1.0,1,2,3.0,2.0,2.0,1.0,0.0,235.0,1,0.0,1.0,2,2,2,2,0,0,0,4,2,0,0,0,2,2,0,0,2,1,0,1,0,2,12,0
200900042607,9,5,5,1,2,6,1.0,3.0,0.0,7.0,0.0,0.0,2.0,1.0,1,1,2.0,1.0,2.0,1.0,0.0,60.0,1,5.0,1.0,2,1,4,2,0,0,2,4,0,0,6,0,0,6,0,0,0,1,0,1,0,2,16,15
200800019105,8,4,27,5,2,1,1.0,6.0,1.0,7.0,0.0,0.0,0.0,0.0,3,-1,4.0,2.0,4.0,1.0,0.0,120.0,1,0.0,1.0,1,4,1,0,0,1,0,0,0,1,0,0,0,1,0,0,0,0,0,0,0,4,3,5
200600003902,6,1,25,2,2,6,9.0,7.0,0.0,2.0,0.0,0.0,0.0,15.0,1,2,4.0,2.0,2.0,1.0,0.0,80.0,0,0.0,1.0,1,2,1,0,0,0,0,1,1,0,0,0,0,0,0,1,0,0,0,1,0,2,8,30
200600071315,6,11,8,1,1,1,5.0,5.0,0.0,2.0,0.0,0.0,2.0,3.0,1,2,3.0,2.0,2.0,1.0,35.0,70.0,1,0.0,1.0,3,3,9,0,0,0,0,9,3,0,0,0,6,3,3,3,0,1,0,1,0,3,7,20
200700001687,7,1,3,2,2,1,1.0,3.0,0.0,7.0,0.0,0.0,2.0,9.0,1,1,4.0,2.0,4.0,1.0,0.0,130.0,1,0.0,1.0,2,1,2,2,0,0,0,4,0,4,0,0,0,0,0,2,2,1,0,0,0,2,18,50
201300053441,13,5,21,1,2,4,2.0,2.0,0.0,7.0,0.0,0.0,2.0,2.0,1,-1,4.0,1.0,1.0,1.0,10.0,120.0,1,5.0,1.0,2,1,2,2,0,0,0,4,0,0,0,0,4,2,0,0,2,0,1,1,0,2,18,40
200900000593,9,2,17,5,2,2,1.0,6.0,0.0,7.0,0.0,11.0,0.0,1.0,1,-1,4.0,2.0,2.0,1.0,0.0,50.0,1,5.0,1.0,1,2,1,0,0,0,0,1,0,1,0,0,0,1,0,0,0,1,0,0,0,2,6,40
201600029268,16,8,9,1,1,1,1.0,2.0,1.0,33.0,0.0,0.0,2.0,2.0,1,2,3.0,2.0,2.0,1.0,0.0,0.0,1,0.0,1.0,2,2,2,2,0,0,0,4,0,4,0,0,0,2,0,0,2,1,1,0,0,2,17,37
201600050835,16,8,19,1,1,1,1.0,2.0,2.0,7.0,0.0,0.0,2.0,2.0,1,1,1.0,1.0,3.0,1.0,15.0,35.0,1,0.0,0.0,2,2,6,2,0,0,4,4,4,0,4,0,0,4,4,0,0,1,1,0,0,2,16,55
200500006579,5,1,21,5,1,1,8.0,6.0,0.0,17.0,0.0,0.0,2.0,12.0,1,1,2.0,3.0,3.0,1.0,10.0,265.0,1,2.0,1.0,2,1,4,0,0,0,0,4,0,0,2,2,0,2,0,2,0,1,1,0,0,2,19,23
200500068127,5,10,20,5,2,2,1.0,6.0,0.0,7.0,0.0,0.0,1.0,15.0,1,1,4.0,1.0,1.0,1.0,0.0,30.0,1,0.0,1.0,1,1,2,0,0,1,0,1,1,0,1,0,0,1,0,0,1,1,0,0,0,2,20,15
201600032947,16,1,29,5,2,2,1.0,5.0,1.0,7.0,0.0,0.0,2.0,1.0,1,1,4.0,0.0,2.0,1.0,0.0,48.0,1,0.0,1.0,3,2,6,12,3,0,6,9,0,18,0,0,0,9,3,6,0,1,0,0,0,2,20,45
201700023480,17,8,30,3,2,1,1.0,2.0,2.0,7.0,0.0,0.0,2.0,2.0,1,1,3.0,2.0,2.0,1.0,0.0,0.0,1,0.0,1.0,2,1,6,6,4,0,4,4,0,0,12,0,0,2,4,6,0,1,1,0,0,3,0,20
201000035090,10,12,29,5,2,2,1.0,3.0,0.0,7.0,0.0,0.0,2.0,1.0,1,1,4.0,2.0,2.0,1.0,0.0,52.0,1,5.0,1.0,2,2,2,2,0,0,0,4,0,0,4,0,0,0,0,4,0,1,0,1,0,2,21,35
201100047441,11,7,2,1,2,2,1.0,3.0,0.0,7.0,0.0,0.0,2.0,1.0,1,1,3.0,2.0,0.0,1.0,0.0,0.0,1,0.0,1.0,2,1,2,2,0,0,0,4,0,0,2,0,2,2,0,2,0,1,0,0,0,2,7,15
201500027132,15,7,7,1,2,1,1.0,6.0,0.0,1.0,0.0,0.0,1.0,1.0,1,2,4.0,2.0,2.0,1.0,0.0,50.0,1,0.0,1.0,1,2,2,0,0,1,0,1,2,0,0,0,0,1,0,0,1,1,0,0,0,3,17,30
201400044521,14,8,5,1,2,1,1.0,2.0,0.0,7.0,0.0,0.0,2.0,24.0,1,1,4.0,1.0,1.0,2.0,0.0,0.0,1,0.0,1.0,2,2,2,2,0,0,0,4,0,0,0,0,4,4,0,0,0,1,1,0,0,2,18,20
201200001934,12,3,17,1,1,1,3.0,5.0,0.0,7.0,0.0,0.0,2.0,1.0,1,1,3.0,2.0,2.0,1.0,0.0,0.0,0,0.0,1.0,3,2,9,9,6,0,3,9,0,9,6,0,3,6,6,6,0,1,0,1,0,4,18,30
200700026305,7,5,26,1,1,1,1.0,7.0,0.0,33.0,0.0,13.0,0.0,1.0,1,2,3.0,2.0,0.0,2.0,0.0,45.0,1,0.0,3.0,1,3,1,0,0,0,0,1,0,0,1,0,0,0,0,1,0,1,0,0,0,3,18,30
201100030728,11,10,19,1,2,3,1.0,3.0,0.0,7.0,0.0,0.0,2.0,1.0,1,1,4.0,2.0,2.0,1.0,0.0,0.0,1,0.0,1.0,2,1,0,6,0,0,2,4,6,0,0,0,0,4,0,2,0,1,0,0,0,2,15,59
200900045443,9,7,26,3,1,1,1.0,6.0,0.0,30.0,0.0,0.0,1.0,1.0,3,-1,9.0,2.0,2.0,1.0,0.0,0.0,1,0.0,5.0,1,3,2,0,0,1,0,1,0,0,2,0,0,0,0,1,1,1,0,0,0,3,23,45
201000001574,10,7,12,1,1,1,1.0,3.0,0.0,30.0,0.0,0.0,2.0,2.0,1,2,3.0,2.0,2.0,1.0,0.0,70.0,1,0.0,1.0,2,3,6,0,0,0,2,4,0,2,0,0,4,6,0,0,0,1,0,1,0,3,7,30