Num_Acc,an,mois,jour,lum,agg,int,atm,col,senc,catv,occutc,obs,obsm,manv,catu,secu,catr,circ,nbv,prof,lartpc,larrout,surf,infra,situ,nb_veh,grav_simpl,Homme,Femme,Arrière,Autre_x,Avant,Conducteur,Autre_y,Inconnu,Loisirs,Professionnel,Travail,Adulte,Enfant,Jeune,Senior,choc_avant,choc_arriere,choc_lateral,choc_multiple,grav_order_max,heure,minute
200700047444,7,8,7,1,2,1,8.0,6.0,0.0,7.0,0.0,6.0,0.0,0.0,1,1,3.0,2.0,2.0,2.0,0.0,60.0,1,0.0,3.0,1,3,1,0,0,0,0,1,1,0,0,0,0,0,0,1,0,1,0,0,0,3,19,30
200700069854,7,11,16,1,2,1,1.0,2.0,0.0,7.0,0.0,0.0,2.0,2.0,1,1,4.0,1.0,2.0,1.0,0.0,70.0,1,0.0,0.0,2,1,4,4,2,0,2,4,0,8,0,0,0,0,0,2,6,1,1,0,0,2,16,40
200800002230,8,1,2,1,2,2,1.0,6.0,0.0,7.0,0.0,0.0,2.0,9.0,1,1,6.0,1.0,1.0,1.0,0.0,62.0,1,0.0,1.0,2,1,2,2,0,0,0,4,0,2,2,0,0,0,2,2,0,1,0,0,0,3,13,40
201200040818,12,9,8,1,2,1,1.0,2.0,0.0,7.0,0.0,0.0,2.0,2.0,1,1,2.0,2.0,3.0,1.0,10.0,60.0,1,0.0,1.0,2,2,2,2,0,0,0,4,0,4,0,0,0,2,0,2,0,1,1,0,0,2,12,45
200500024661,5,5,27,5,2,1,1.0,1.0,0.0,2.0,0.0,0.0,2.0,1.0,1,2,4.0,2.0,0.0,1.0,0.0,50.0,1,0.0,1.0,2,2,4,0,0,0,0,4,0,0,4,0,0,0,2,2,0,1,0,0,0,2,0,1
201600044369,16,12,30,1,2,1,1.0,1.0,1.0,7.0,0.0,0.0,2.0,17.0,1,1,3.0,2.0,2.0,1.0,0.0,-1.0,1,0.0,1.0,2,1,4,0,0,0,0,4,0,0,4,0,0,2,0,2,0,1,0,0,0,2,11,0
200900009822,9,5,24,5,2,1,1.0,6.0,0.0,7.0,0.0,2.0,0.0,1.0,2,1,3.0,3.0,4.0,1.0,80.0,250.0,1,0.0,1.0,1,2,2,0,0,0,1,1,1,1,0,0,0,0,0,2,0,0,0,1,0,4,4,55
201500030360,15,10,1,1,2,1,1.0,6.0,1.0,7.0,0.0,0.0,1.0,0.0,1,1,4.0,0.0,1.0,1.0,0.0,0.0,1,0.0,1.0,1,1,1,1,0,1,0,1,0,2,0,0,0,1,1,0,0,0,0,0,0,2,12,50
200800002877,8,1,7,1,2,1,1.0,6.0,0.0,7.0,0.0,0.0,1.0,1.0,3,-1,4.0,2.0,2.0,1.0,0.0,0.0,1,0.0,1.0,1,2,2,0,0,1,0,1,1,0,0,0,1,0,1,1,0,0,0,1,0,2,8,20
200800037512,8,7,14,5,2,1,1.0,6.0,0.0,2.0,0.0,0.0,1.0,5.0,3,-1,4.0,1.0,0.0,0.0,0.0,0.0,1,0.0,1.0,1,3,2,0,0,1,0,1,0,0,1,0,1,1,1,0,0,1,0,0,0,3,2,30
200700038886,7,6,25,2,2,2,2.0,3.0,0.0,32.0,0.0,0.0,2.0,1.0,1,2,4.0,2.0,2.0,1.0,0.0,150.0,1,0.0,1.0,2,2,4,0,0,0,0,4,0,0,0,2,2,4,0,0,0,1,0,1,0,2,5,20
200700049237,7,8,31,1,2,1,1.0,6.0,0.0,7.0,0.0,0.0,1.0,4.0,1,-1,4.0,1.0,1.0,1.0,0.0,0.0,1,0.0,1.0,1,1,2,0,0,1,0,1,0,0,2,0,0,0,0,0,2,0,1,0,0,2,11,43
200900006055,9,5,11,1,2,2,2.0,6.0,0.0,7.0,0.0,0.0,1.0,15.0,3,-1,4.0,2.0,2.0,1.0,0.0,59.0,1,5.0,1.0,1,2,0,2,0,1,0,1,1,0,1,0,0,0,0,1,1,1,0,0,0,2,10,20
201300013266,13,1,26,1,1,1,9.0,6.0,0.0,10.0,0.0,14.0,1.0,2.0,1,1,1.0,3.0,2.0,1.0,8.0,72.0,0,0.0,1.0,1,1,3,1,1,1,1,1,0,2,1,1,0,4,0,0,0,1,0,0,0,4,8,30
201500047252,15,7,17,1,1,1,1.0,2.0,0.0,7.0,0.0,0.0,2.0,1.0,1,1,1.0,2.0,2.0,1.0,1.0,70.0,1,0.0,1.0,2,1,4,2,0,0,2,4,0,6,0,0,0,2,0,4,0,1,1,0,0,2,19,35
201100003135,11,5,13,1,1,1,1.0,6.0,0.0,7.0,0.0,13.0,0.0,13.0,1,1,3.0,2.0,0.0,0.0,0.0,62.0,1,0.0,3.0,1,3,1,0,0,0,0,1,0,0,1,0,0,1,0,0,0,1,0,0,0,3,14,15
201300056431,13,5,29,1,2,1,1.0,2.0,0.0,14.0,0.0,0.0,2.0,2.0,1,1,4.0,1.0,4.0,1.0,15.0,140.0,1,0.0,1.0,2,1,4,0,0,0,0,4,0,0,2,2,0,2,0,0,2,1,1,0,0,2,14,35
201000061300,10,2,17,1,2,1,2.0,4.0,0.0,7.0,0.0,0.0,2.0,23.0,1,-1,4.0,3.0,0.0,1.0,0.0,0.0,1,0.0,1.0,3,2,9,0,0,0,0,9,0,0,6,3,0,3,0,0,6,1,1,0,0,2,11,45
200600073758,6,12,15,1,1,1,1.0,3.0,0.0,7.0,0.0,0.0,2.0,15.0,1,1,3.0,2.0,2.0,1.0,0.0,61.0,1,0.0,1.0,2,1,2,2,0,0,0,4,0,0,2,0,2,4,0,0,0,1,0,0,0,4,17,15
200500033790,5,6,29,1,2,3,1.0,3.0,0.0,7.0,0.0,0.0,2.0,1.0,1,1,4.0,2.0,2.0,1.0,0.0,0.0,1,5.0,1.0,2,1,2,2,0,0,0,4,2,2,0,0,0,4,0,0,0,1,0,0,0,2,20,0
200600012983,6,3,4,1,2,1,1.0,3.0,0.0,7.0,0.0,0.0,9.0,15.0,1,1,4.0,2.0,4.0,1.0,0.0,120.0,1,0.0,1.0,2,1,4,0,0,0,0,4,0,4,0,0,0,2,0,2,0,1,1,0,0,3,15,50
201400029250,14,1,11,1,2,1,1.0,6.0,0.0,7.0,0.0,0.0,1.0,1.0,1,1,4.0,1.0,1.0,1.0,0.0,0.0,1,0.0,1.0,1,1,1,1,0,1,0,1,0,0,2,0,0,1,1,0,0,0,0,1,0,2,13,55
201400026227,14,9,26,2,2,6,1.0,7.0,0.0,31.0,0.0,0.0,0.0,15.0,1,2,9.0,1.0,1.0,1.0,0.0,30.0,1,0.0,1.0,1,3,1,0,0,0,0,1,0,0,1,0,0,0,0,1,0,1,0,0,0,3,20,55
201200022409,12,2,10,1,2,3,1.0,1.0,0.0,7.0,0.0,0.0,2.0,1.0,1,1,4.0,1.0,1.0,1.0,0.0,50.0,1,0.0,0.0,2,2,4,0,0,0,0,4,2,0,0,0,2,2,0,0,2,1,0,0,0,2,8,30
201400057405,14,4,18,1,2,2,2.0,6.0,0.0,10.0,0.0,0.0,1.0,1.0,1,1,4.0,2.0,4.0,1.0,0.0,0.0,1,0.0,1.0,1,1,2,0,0,1,0,1,0,1,0,1,0,2,0,0,0,1,0,0,0,3,7,15
200700066627,7,10,17,1,1,1,1.0,7.0,0.0,7.0,0.0,4.0,0.0,11.0,1,1,1.0,3.0,3.0,1.0,30.0,105.0,1,0.0,1.0,1,2,0,1,0,0,0,1,0,0,1,0,0,0,0,1,0,1,0,0,0,2,17,28
201000062128,10,9,1,5,2,1,1.0,6.0,0.0,30.0,0.0,14.0,0.0,11.0,1,2,4.0,0.0,0.0,1.0,5.0,30.0,1,0.0,1.0,1,2,1,0,0,0,0,1,0,0,1,0,0,0,0,1,0,1,0,0,0,2,23,35
201600041662,16,3,14,1,2,4,1.0,1.0,0.0,2.0,0.0,0.0,2.0,1.0,1,2,4.0,3.0,2.0,1.0,0.0,0.0,1,0.0,1.0,2,2,4,0,0,0,0,4,0,2,0,2,0,2,0,2,0,1,0,0,0,2,9,57
200700033431,7,6,25,1,1,1,1.0,1.0,0.0,7.0,0.0,0.0,2.0,13.0,1,1,3.0,2.0,2.0,1.0,0.0,63.0,1,0.0,1.0,2,4,8,0,0,0,4,4,2,4,2,0,0,4,0,4,0,1,0,0,0,4,18,30
201700021437,17,1,28,3,1,1,1.0,6.0,1.0,7.0,0.0,13.0,0.0,21.0,1,1,1.0,3.0,4.0,1.0,7.0,110.0,1,0.0,3.0,1,2,0,1,0,0,0,1,0,0,0,1,0,1,0,0,0,1,0,0,0,2,7,20
200900051001,9,6,22,2,1,1,1.0,6.0,0.0,7.0,0.0,2.0,0.0,14.0,1,1,3.0,2.0,0.0,0.0,0.0,64.0,1,0.0,3.0,1,3,0,1,0,0,0,1,0,0,1,0,0,0,0,1,0,1,0,0,0,3,4,15
201500013572,15,4,13,1,2,1,1.0,6.0,0.0,7.0,0.0,0.0,1.0,1.0,1,-1,4.0,1.0,2.0,1.0,0.0,60.0,1,0.0,1.0,1,1,2,0,0,1,0,1,1,0,1,0,0,0,1,0,1,1,0,0,0,2,7,55
200500060173,5,9,27,1,2,2,1.0,6.0,0.0,5.0,0.0,0.0,1.0,1.0,1,2,4.0,2.0,2.0,1.0,0.0,60.0,1,0.0,1.0,1,1,1,1,0,1,0,1,0,0,1,1,0,0,0,2,0,1,0,0,0,2,14,5
200700066816,7,10,16,5,2,1,1.0,6.0,2.0,7.0,0.0,0.0,0.0,2.0,1,-1,4.0,1.0,3.0,1.0,0.0,125.0,1,0.0,1.0,3,1,6,3,0,0,3,6,0,3,3,3,0,9,0,0,0,1,1,0,0,2,23,50
200900047229,9,2,4,1,2,3,8.0,6.0,0.0,7.0,0.0,0.0,1.0,2.0,3,-1,2.0,3.0,5.0,1.0,0.0,0.0,1,0.0,1.0,1,2,2,0,0,1,0,1,0,1,0,1,0,1,0,1,0,0,0,0,0,2,13,15
201300027265,13,11,21,1,2,1,9.0,6.0,1.0,7.0,0.0,0.0,1.0,0.0,3,-1,4.0,0.0,0.0,0.0,0.0,0.0,-1,0.0,4.0,1,2,0,1,0,1,0,0,0,0,1,0,0,0,0,0,1,0,0,0,0,2,15,0
201000057993,10,5,14,1,1,1,1.0,2.0,0.0,7.0,0.0,13.0,2.0,1.0,1,1,1.0,3.0,4.0,0.0,20.0,70.0,1,0.0,1.0,2,3,2,2,0,0,0,4,0,0,2,0,2,4,0,0,0,1,1,0,0,3,14,10
200500022564,5,4,4,1,2,1,1.0,6.0,0.0,7.0,0.0,0.0,1.0,1.0,1,1,4.0,1.0,3.0,1.0,0.0,0.0,1,0.0,1.0,1,1,1,1,0,1,0,1,0,2,0,0,0,1,0,1,0,1,0,0,0,2,15,25
201100063481,11,11,22,5,2,2,1.0,7.0,0.0,30.0,0.0,0.0,0.0,21.0,1,-1,4.0,1.0,1.0,1.0,0.0,35.0,1,0.0,1.0,1,2,1,0,0,0,0,1,0,1,0,0,0,0,0,1,0,0,0,0,0,2,18,20
201300017740,13,4,13,1,1,1,1.0,6.0,0.0,33.0,0.0,0.0,2.0,17.0,1,2,3.0,2.0,2.0,3.0,0.0,66.0,1,0.0,1.0,2,3,6,0,0,0,2,4,0,0,6,0,0,4,0,2,0,1,0,0,0,3,16,15
201600020084,16,10,30,1,1,1,1.0,6.0,1.0,7.0,0.0,4.0,0.0,1.0,1,1,1.0,3.0,0.0,1.0,100.0,690.0,1,0.0,1.0,1,3,0,2,0,0,1,1,0,0,2,0,0,1,0,0,1,1,0,0,0,3,11,45
201100033664,11,3,11,1,2,2,1.0,6.0,0.0,3.0,0.0,0.0,1.0,1.0,1,1,4.0,0.0,2.0,1.0,0.0,0.0,1,0.0,0.0,1,1,1,1,0,1,0,1,0,1,0,0,1,0,0,2,0,1,0,0,0,2,17,50
200800049793,8,9,8,1,2,1,1.0,1.0,0.0,7.0,0.0,0.0,2.0,13.0,1,1,4.0,2.0,2.0,2.0,0.0,0.0,1,0.0,1.0,2,1,4,0,0,0,0,4,0,0,4,0,0,0,0,4,0,1,0,0,0,4,17,15
200900035288,9,10,20,5,2,1,3.0,1.0,1.0,7.0,0.0,0.0,0.0,15.0,1,1,9.0,0.0,0.0,0.0,0.0,0.0,-1,0.0,0.0,2,2,2,2,0,0,0,4,0,4,0,0,0,2,0,2,0,1,0,0,0,3,20,0
200500064384,5,10,2,1,1,1,8.0,1.0,0.0,7.0,0.0,0.0,2.0,1.0,1,1,3.0,2.0,0.0,1.0,0.0,31.0,1,0.0,1.0,2,1,2,4,0,0,2,4,0,2,4,0,0,4,0,0,2,1,0,0,0,2,15,45
200800072131,8,12,20,1,2,1,2.0,3.0,0.0,7.0,0.0,0.0,2.0,15.0,1,-1,4.0,2.0,2.0,1.0,0.0,80.0,1,0.0,1.0,2,1,4,0,0,0,0,4,2,0,0,2,0,4,0,0,0,1,0,1,0,2,11,50
201300041067,13,3,11,1,2,3,2.0,1.0,0.0,7.0,0.0,0.0,2.0,2.0,1,1,4.0,2.0,2.0,1.0,0.0,80.0,1,0.0,1.0,2,1,6,2,0,0,4,4,6,0,0,2,0,8,0,0,0,1,0,0,0,3,9,40
201500039232,15,5,30,3,2,1,2.0,7.0,0.0,31.0,0.0,0.0,0.0,1.0,1,2,3.0,3.0,2.0,1.0,0.0,68.0,1,0.0,1.0,1,2,1,0,0,0,0,1,0,0,1,0,0,1,0,0,0,0,0,0,0,2,1,55
201500017543,15,3,2,1,1,1,1.0,1.0,0.0,7.0,0.0,0.0,2.0,1.0,1,1,3.0,2.0,2.0,1.0,0.0,60.0,1,0.0,1.0,2,3,4,2,0,0,2,4,0,2,2,0,2,4,0,2,0,1,0,0,0,4,15,45
201500021452,15,10,31,1,2,1,1.0,6.0,0.0,7.0,0.0,0.0,1.0,1.0,1,1,3.0,2.0,0.0,1.0,14.0,29.0,1,0.0,1.0,1,1,1,1,0,1,0,1,0,0,2,0,0,0,0,0,2,1,0,0,0,4,15,0
200600033731,6,6,20,1,2,1,1.0,3.0,0.0,13.0,0.0,0.0,2.0,15.0,1,-1,6.0,2.0,2.0,1.0,0.0,60.0,1,0.0,1.0,2,1,4,0,0,0,0,4,0,2,0,2,0,2,0,2,0,1,0,1,0,2,11,20
201600017511,16,12,19,5,2,1,1.0,3.0,0.0,7.0,0.0,0.0,0.0,0.0,1,1,3.0,0.0,0.0,0.0,0.0,0.0,-1,0.0,0.0,2,1,2,6,0,0,4,4,0,8,0,0,0,4,0,2,2,0,0,0,0,3,20,0
201700033001,17,1,24,2,2,1,1.0,1.0,0.0,13.0,0.0,0.0,2.0,1.0,1,1,4.0,2.0,2.0,0.0,0.0,0.0,-1,0.0,1.0,2,1,12,0,4,0,4,4,0,0,0,12,0,12,0,0,0,1,0,0,0,3,7,45
200700058428,7,9,13,1,1,1,1.0,3.0,0.0,30.0,0.0,0.0,2.0,17.0,1,2,4.0,2.0,2.0,1.0,0.0,0.0,1,0.0,1.0,2,2,4,0,0,0,0,4,0,0,4,0,0,2,0,2,0,1,0,0,0,2,17,50
201000021157,10,5,19,5,2,2,1.0,3.0,0.0,7.0,0.0,0.0,2.0,15.0,1,1,4.0,2.0,4.0,2.0,0.0,160.0,1,5.0,1.0,2,1,4,0,0,0,0,4,0,0,4,0,0,0,2,2,0,1,0,0,0,3,21,20
201200016612,12,11,18,1,2,1,1.0,3.0,0.0,30.0,0.0,0.0,2.0,17.0,1,2,3.0,2.0,4.0,1.0,0.0,120.0,1,0.0,1.0,2,2,4,0,0,0,0,4,0,2,2,0,0,2,0,2,0,0,0,1,0,2,16,0
200500025242,5,5,7,1,2,1,1.0,3.0,0.0,7.0,0.0,0.0,2.0,1.0,1,1,3.0,2.0,2.0,2.0,0.0,50.0,1,0.0,1.0,2,1,2,6,2,0,2,4,0,4,4,0,0,4,4,0,0,1,0,1,0,2,13,30
200900053536,9,4,10,1,1,1,1.0,3.0,0.0,7.0,0.0,3.0,2.0,1.0,1,1,3.0,3.0,4.0,1.0,0.0,160.0,1,0.0,1.0,2,2,4,0,0,0,0,4,0,2,2,0,0,0,0,4,0,0,0,1,0,2,13,20
200900027633,9,2,21,5,2,1,1.0,3.0,0.0,7.0,0.0,0.0,2.0,1.0,1,1,9.0,2.0,2.0,1.0,0.0,70.0,1,0.0,1.0,2,3,2,4,0,0,2,4,0,2,4,0,0,0,0,0,6,1,0,0,0,3,19,0
200700023545,7,4,19,1,2,6,1.0,3.0,0.0,7.0,0.0,0.0,2.0,9.0,1,1,2.0,1.0,2.0,1.0,0.0,0.0,1,5.0,1.0,2,1,2,2,0,0,0,4,0,0,4,0,0,2,0,2,0,1,0,1,0,3,19,55
201000009175,10,3,22,1,2,1,1.0,3.0,0.0,30.0,0.0,0.0,0.0,1.0,1,2,6.0,4.0,0.0,1.0,0.0,0.0,1,0.0,1.0,2,2,2,2,0,0,0,4,2,2,0,0,0,2,0,0,2,0,1,1,0,2,12,15
201200047863,12,11,27,1,2,1,1.0,2.0,0.0,15.0,0.0,0.0,2.0,0.0,1,-1,9.0,1.0,3.0,2.0,140.0,55.0,1,3.0,1.0,2,1,4,0,0,0,0,4,0,0,0,4,0,4,0,0,0,1,1,0,0,2,12,15
200600008618,6,2,26,1,2,1,1.0,2.0,0.0,7.0,0.0,0.0,2.0,15.0,1,1,4.0,2.0,2.0,1.0,0.0,88.0,1,0.0,1.0,2,1,4,0,0,0,0,4,0,4,0,0,0,2,2,0,0,1,0,1,0,2,17,55
201000006785,10,9,17,1,1,1,2.0,7.0,0.0,7.0,0.0,2.0,0.0,1.0,1,0,4.0,2.0,0.0,1.0,0.0,32.0,1,0.0,1.0,1,3,1,0,0,0,0,1,0,0,0,0,1,1,0,0,0,1,0,0,0,3,19,15
201000034738,10,5,19,1,2,2,1.0,3.0,0.0,7.0,0.0,0.0,0.0,1.0,1,1,4.0,1.0,1.0,1.0,0.0,51.0,1,5.0,5.0,2,1,0,4,0,0,0,4,0,0,4,0,0,2,0,0,2,1,0,1,0,2,16,30
201700017140,17,2,2,3,1,1,1.0,1.0,1.0,7.0,0.0,0.0,2.0,13.0,1,1,3.0,2.0,2.0,1.0,0.0,80.0,1,0.0,1.0,2,4,2,2,0,0,0,4,0,0,4,0,0,4,0,0,0,1,0,0,0,4,0,30
200500037454,5,6,24,1,1,1,1.0,5.0,0.0,7.0,0.0,0.0,2.0,11.0,1,1,1.0,3.0,6.0,1.0,10.0,270.0,1,0.0,1.0,3,2,6,3,0,0,0,9,0,6,0,3,0,6,0,3,0,1,1,0,0,2,18,20
200500044323,5,7,22,1,2,1,1.0,2.0,0.0,7.0,0.0,8.0,2.0,1.0,1,1,4.0,2.0,2.0,1.0,0.0,0.0,1,0.0,1.0,2,2,4,0,0,0,2,2,0,2,2,0,0,0,0,4,0,1,1,0,0,2,17,0
201700053863,17,9,13,1,2,1,3.0,7.0,2.0,31.0,0.0,0.0,0.0,1.0,1,2,4.0,2.0,2.0,2.0,0.0,170.0,1,0.0,1.0,1,2,1,0,0,0,0,1,0,0,0,0,1,1,0,0,0,0,0,0,0,2,19,0
200800058293,8,10,3,3,1,1,1.0,1.0,0.0,2.0,0.0,0.0,9.0,17.0,1,2,3.0,2.0,2.0,1.0,0.0,30.0,1,0.0,5.0,2,3,4,2,2,0,0,4,0,6,0,0,0,0,2,4,0,1,0,0,0,3,23,35
200500058843,5,9,19,5,2,3,1.0,6.0,0.0,7.0,0.0,0.0,2.0,5.0,1,-1,4.0,1.0,2.0,1.0,0.0,0.0,1,0.0,1.0,2,1,4,0,0,0,0,4,0,2,2,0,0,4,0,0,0,1,0,0,0,2,23,15
200800061388,8,10,20,3,1,1,1.0,6.0,0.0,7.0,0.0,14.0,0.0,21.0,1,1,1.0,3.0,3.0,2.0,20.0,105.0,1,0.0,1.0,2,1,4,0,0,0,0,4,0,0,0,4,0,4,0,0,0,1,0,0,0,2,19,0
200700026668,7,5,9,1,1,1,1.0,5.0,0.0,2.0,0.0,0.0,2.0,15.0,1,2,2.0,2.0,0.0,1.0,0.0,64.0,1,5.0,1.0,3,3,6,6,0,0,3,9,0,6,6,0,0,0,6,6,0,1,0,1,0,3,19,0
200500080035,5,12,4,5,2,1,2.0,5.0,0.0,7.0,0.0,0.0,2.0,1.0,1,1,4.0,2.0,2.0,2.0,0.0,80.0,1,0.0,1.0,4,1,12,4,0,0,0,16,0,16,0,0,0,12,0,4,0,1,1,0,0,3,16,55
201100046227,11,1,24,2,2,3,1.0,7.0,0.0,7.0,0.0,9.0,0.0,1.0,1,-1,4.0,1.0,2.0,1.0,0.0,0.0,1,0.0,1.0,1,2,2,1,1,0,1,1,0,0,3,0,0,3,0,0,0,1,0,0,0,2,18,50
201200027754,12,11,21,1,2,1,1.0,6.0,0.0,7.0,0.0,0.0,1.0,0.0,1,1,4.0,3.0,2.0,1.0,0.0,0.0,1,0.0,1.0,1,1,0,2,0,1,0,1,2,0,0,0,0,1,1,0,0,1,0,0,0,2,9,5
201100000286,11,10,17,1,1,1,1.0,5.0,0.0,7.0,0.0,0.0,2.0,1.0,1,1,3.0,2.0,2.0,1.0,0.0,71.0,1,0.0,1.0,3,2,6,3,0,0,0,9,0,0,0,0,9,9,0,0,0,1,0,1,0,3,13,15
201500020534,15,3,16,1,2,1,1.0,6.0,0.0,10.0,0.0,0.0,1.0,1.0,1,1,4.0,2.0,2.0,1.0,0.0,0.0,-1,0.0,1.0,1,1,2,0,0,1,0,1,0,2,0,0,0,2,0,0,0,1,0,0,0,3,17,55
200900022058,9,6,15,1,2,1,1.0,6.0,0.0,30.0,0.0,0.0,1.0,1.0,1,2,4.0,2.0,3.0,1.0,0.0,101.0,1,0.0,1.0,1,1,1,1,0,1,0,1,0,0,1,0,1,0,0,1,1,1,0,0,0,3,10,30
201600038975,16,6,2,1,2,1,2.0,5.0,0.0,7.0,0.0,0.0,2.0,17.0,1,0,4.0,2.0,0.0,2.0,0.0,0.0,1,0.0,1.0,3,3,9,0,0,0,0,9,0,0,6,0,3,3,0,0,6,1,1,0,0,3,8,15
200600048392,6,8,11,1,2,1,8.0,3.0,0.0,7.0,0.0,0.0,2.0,1.0,1,1,4.0,2.0,2.0,3.0,0.0,0.0,1,0.0,1.0,2,1,4,0,0,0,0,4,0,0,0,2,2,2,0,2,0,1,0,1,0,3,12,10
200800039151,8,7,18,1,2,1,1.0,6.0,0.0,7.0,0.0,0.0,1.0,0.0,1,1,4.0,2.0,0.0,1.0,0.0,70.0,1,0.0,1.0,1,1,1,1,0,1,0,1,0,2,0,0,0,0,0,1,1,1,0,0,0,2,10,10
200500043181,5,7,19,1,1,1,1.0,6.0,0.0,7.0,0.0,0.0,0.0,1.0,1,1,1.0,3.0,4.0,0.0,30.0,180.0,1,0.0,3.0,1,3,1,0,0,0,1,0,0,0,0,1,0,1,0,0,0,1,0,0,0,3,8,25
200500053255,5,8,26,1,2,2,1.0,3.0,0.0,7.0,0.0,0.0,2.0,1.0,1,1,4.0,2.0,2.0,1.0,0.0,60.0,1,0.0,1.0,2,1,2,2,0,0,0,4,0,4,0,0,0,0,0,4,0,1,0,0,0,2,17,0
200700024904,7,4,13,5,2,1,1.0,3.0,0.0,7.0,0.0,0.0,2.0,1.0,1,1,4.0,1.0,2.0,1.0,0.0,70.0,1,0.0,1.0,2,1,2,4,0,0,2,4,0,4,0,0,2,2,2,0,2,1,0,0,0,3,20,19
200700027903,7,5,31,5,2,1,2.0,6.0,0.0,7.0,0.0,15.0,0.0,0.0,1,-1,4.0,3.0,2.0,1.0,0.0,0.0,1,0.0,0.0,1,3,1,0,0,0,0,1,0,0,1,0,0,0,0,1,0,0,0,1,0,3,3,45
200700063069,7,10,12,1,2,1,1.0,1.0,0.0,7.0,0.0,0.0,0.0,0.0,1,-1,4.0,2.0,3.0,1.0,0.0,150.0,1,0.0,1.0,2,1,2,2,0,0,0,4,0,2,0,0,2,4,0,0,0,1,0,0,0,2,11,50
200700039099,7,6,28,1,2,2,1.0,3.0,0.0,2.0,0.0,0.0,2.0,2.0,1,2,4.0,2.0,2.0,1.0,0.0,110.0,1,0.0,1.0,2,2,2,4,2,0,0,4,0,2,0,2,2,0,0,6,0,1,0,0,0,2,16,30
200500000019,5,1,9,1,2,1,1.0,1.0,0.0,5.0,0.0,0.0,2.0,13.0,1,2,4.0,0.0,1.0,1.0,0.0,0.0,1,5.0,1.0,2,3,2,2,0,0,0,4,0,0,4,0,0,2,0,2,0,1,0,0,0,3,16,30
200500074032,5,11,18,1,2,1,1.0,6.0,0.0,7.0,0.0,0.0,2.0,1.0,1,1,4.0,3.0,4.0,2.0,10.0,120.0,1,0.0,1.0,2,1,4,2,0,0,2,4,2,2,2,0,0,2,0,2,2,1,1,0,0,2,18,0
200500026202,5,5,1,5,2,1,1.0,6.0,0.0,2.0,0.0,6.0,0.0,1.0,1,0,3.0,2.0,2.0,2.0,0.0,40.0,1,0.0,1.0,1,3,0,1,0,0,0,1,0,0,1,0,0,0,1,0,0,1,0,0,0,3,2,15
200700030773,7,5,23,1,2,3,1.0,6.0,0.0,20.0,0.0,0.0,1.0,16.0,1,9,4.0,2.0,2.0,1.0,0.0,0.0,1,0.0,1.0,1,1,1,1,0,1,0,1,0,0,1,1,0,2,0,0,0,1,0,0,0,2,16,5
200800039767,8,7,1,1,2,2,7.0,3.0,0.0,7.0,0.0,0.0,2.0,1.0,1,1,4.0,2.0,2.0,2.0,0.0,0.0,1,0.0,1.0,2,1,4,2,0,0,2,4,0,2,4,0,0,0,2,2,2,1,0,0,0,2,16,0
201200034773,12,9,22,5,2,1,1.0,6.0,0.0,7.0,0.0,0.0,1.0,1.0,1,1,4.0,2.0,2.0,1.0,0.0,82.0,1,0.0,1.0,1,1,2,1,0,1,1,1,0,0,3,0,0,0,0,3,0,1,0,0,0,3,1,25
200700016149,7,3,8,1,2,1,1.0,6.0,0.0,7.0,0.0,0.0,1.0,1.0,1,1,4.0,2.0,4.0,1.0,0.0,120.0,1,0.0,1.0,1,1,2,0,0,1,0,1,0,0,2,0,0,0,1,0,1,1,0,0,0,3,17,0
201600035473,16,12,22,5,2,3,1.0,6.0,2.0,7.0,0.0,0.0,1.0,15.0,1,1,2.0,2.0,4.0,1.0,0.0,0.0,1,0.0,1.0,1,1,0,2,0,1,0,1,0,0,0,0,2,2,0,0,0,1,0,0,0,3,7,25
201100038839,11,3,28,5,2,1,1.0,6.0,0.0,30.0,0.0,1.0,0.0,14.0,1,2,4.0,1.0,2.0,1.0,0.0,80.0,1,0.0,1.0,1,2,1,0,0,0,0,1,0,0,1,0,0,1,0,0,0,1,0,0,0,2,22,40
201200012566,12,7,18,1,1,1,2.0,2.0,0.0,7.0,0.0,0.0,0.0,1.0,1,1,3.0,2.0,2.0,1.0,0.0,0.0,1,5.0,1.0,2,1,4,0,0,0,0,4,0,0,0,0,4,2,0,2,0,1,0,1,0,3,17,45
200500077982,5,12,1,1,2,1,1.0,3.0,0.0,2.0,0.0,0.0,2.0,15.0,1,2,9.0,2.0,2.0,2.0,0.0,57.0,1,0.0,0.0,2,3,2,2,0,0,0,4,4,0,0,0,0,4,0,0,0,1,0,1,0,3,20,0
201500039826,15,9,23,1,2,1,1.0,3.0,0.0,7.0,0.0,0.0,2.0,15.0,1,1,4.0,2.0,3.0,1.0,0.0,0.0,1,0.0,1.0,2,2,2,2,0,0,0,4,0,0,4,0,0,4,0,0,0,1,0,1,0,2,10,0
200800034965,8,6,18,1,1,1,1.0,2.0,0.0,7.0,0.0,0.0,2.0,1.0,1,1,1.0,3.0,4.0,1.0,30.0,140.0,1,0.0,1.0,2,1,4,4,2,0,2,4,0,8,0,0,0,0,4,2,2,1,1,0,0,2,18,0