Num_Acc,an,mois,jour,lum,agg,int,atm,col,senc,catv,occutc,obs,obsm,manv,catu,secu,catr,circ,nbv,prof,lartpc,larrout,surf,infra,situ,nb_veh,grav_simpl,Homme,Femme,Arrière,Autre_x,Avant,Conducteur,Autre_y,Inconnu,Loisirs,Professionnel,Travail,Adulte,Enfant,Jeune,Senior,choc_avant,choc_arriere,choc_lateral,choc_multiple,grav_order_max,heure,minute
200900066329,9,10,14,1,2,1,1.0,2.0,0.0,10.0,0.0,0.0,2.0,1.0,1,-1,2.0,3.0,4.0,0.0,0.0,120.0,1,0.0,1.0,2,1,6,0,0,0,2,4,4,0,0,2,0,2,0,4,0,1,1,0,0,2,11,25
200500043995,5,7,24,5,2,1,1.0,6.0,0.0,7.0,0.0,8.0,0.0,13.0,1,0,3.0,2.0,2.0,1.0,0.0,68.0,1,0.0,3.0,1,3,0,1,0,0,0,1,0,1,0,0,0,0,0,1,0,1,0,0,0,3,3,30
200800054795,8,9,19,1,2,3,1.0,3.0,0.0,32.0,0.0,0.0,2.0,15.0,1,2,4.0,2.0,0.0,1.0,0.0,0.0,1,0.0,1.0,2,2,4,0,0,0,0,4,0,4,0,0,0,4,0,0,0,1,0,1,0,2,13,30
200900007410,9,2,26,5,2,1,1.0,3.0,0.0,7.0,0.0,0.0,2.0,15.0,1,1,4.0,2.0,2.0,1.0,0.0,65.0,1,0.0,1.0,2,1,4,0,0,0,0,4,0,0,4,0,0,2,0,2,0,1,0,0,0,2,22,37
200900063099,9,12,22,5,2,1,8.0,6.0,0.0,7.0,0.0,0.0,1.0,1.0,3,-1,3.0,2.0,2.0,1.0,0.0,0.0,1,5.0,1.0,1,1,1,2,0,2,0,1,0,0,3,0,0,0,0,3,0,1,0,0,0,2,18,15
201000016344,10,2,10,1,2,1,1.0,3.0,0.0,2.0,0.0,0.0,2.0,1.0,1,2,4.0,2.0,3.0,1.0,0.0,87.0,1,0.0,1.0,2,1,4,0,0,0,0,4,0,4,0,0,0,0,0,2,2,1,1,0,0,2,15,40
200700048778,7,8,13,1,2,1,1.0,2.0,0.0,30.0,0.0,0.0,2.0,1.0,2,0,4.0,1.0,2.0,1.0,10.0,80.0,1,0.0,1.0,2,1,6,0,0,0,2,4,0,4,2,0,0,2,2,2,0,1,1,0,0,2,14,50
200600057989,6,9,16,1,1,1,2.0,6.0,0.0,15.0,0.0,0.0,2.0,12.0,1,1,1.0,3.0,6.0,1.0,10.0,240.0,1,0.0,1.0,2,1,4,2,2,0,0,4,0,2,2,2,0,4,0,0,2,1,0,1,0,2,15,35
200700039991,7,7,10,1,1,1,8.0,4.0,0.0,7.0,0.0,14.0,0.0,2.0,1,1,2.0,2.0,2.0,2.0,15.0,72.0,1,0.0,1.0,3,1,9,6,0,0,6,9,0,6,6,3,0,9,3,0,3,1,0,0,1,3,9,0
201200027502,12,5,22,1,2,1,1.0,2.0,1.0,7.0,0.0,0.0,0.0,0.0,1,1,5.0,0.0,0.0,0.0,0.0,0.0,-1,0.0,1.0,2,2,2,2,0,0,2,2,0,4,0,0,0,4,0,0,0,0,0,0,0,2,18,0
201100024383,11,3,18,2,2,1,1.0,3.0,0.0,10.0,0.0,0.0,2.0,16.0,1,1,3.0,2.0,2.0,1.0,0.0,70.0,1,0.0,1.0,2,1,4,0,0,0,0,4,0,0,2,0,2,2,0,0,2,1,0,0,0,3,6,30
201700018999,17,4,18,1,1,3,1.0,7.0,0.0,1.0,0.0,0.0,0.0,1.0,1,0,4.0,2.0,2.0,1.0,3.0,510.0,0,0.0,0.0,1,4,1,0,0,0,0,1,0,0,1,0,0,0,0,0,1,0,0,0,0,4,15,0
200500034669,5,6,19,2,2,1,1.0,6.0,0.0,7.0,0.0,8.0,0.0,14.0,1,1,2.0,2.0,2.0,2.0,0.0,0.0,1,0.0,1.0,1,4,1,0,0,0,0,1,1,0,0,0,0,0,0,1,0,1,0,0,0,4,6,10
201700010058,17,7,18,1,2,1,1.0,7.0,1.0,37.0,0.0,0.0,0.0,7.0,1,-1,4.0,2.0,6.0,1.0,0.0,180.0,1,0.0,1.0,2,1,6,14,0,0,16,4,0,6,6,8,0,10,8,2,0,0,0,0,0,3,19,30
200800032194,8,6,11,1,2,6,1.0,3.0,0.0,7.0,0.0,0.0,2.0,1.0,1,1,3.0,0.0,2.0,1.0,0.0,140.0,1,0.0,0.0,2,2,2,2,0,0,0,4,0,0,2,0,2,2,0,2,0,1,0,0,0,2,11,45
201200044356,12,10,20,1,2,1,2.0,2.0,0.0,7.0,0.0,8.0,2.0,10.0,1,-1,4.0,2.0,2.0,1.0,40.0,40.0,1,0.0,1.0,2,3,0,4,0,0,2,2,0,4,0,0,0,0,0,4,0,1,0,0,0,3,18,20
200500078682,5,12,26,3,1,1,1.0,3.0,0.0,7.0,0.0,0.0,2.0,13.0,1,1,3.0,2.0,2.0,1.0,0.0,72.0,1,0.0,1.0,2,1,4,0,0,0,0,4,0,0,2,0,2,0,0,4,0,1,0,0,0,3,4,30
201400057602,14,10,31,5,2,4,1.0,6.0,0.0,7.0,0.0,11.0,0.0,15.0,1,1,4.0,1.0,1.0,1.0,0.0,113.0,1,0.0,0.0,1,1,2,0,1,0,0,1,1,0,0,1,0,1,0,1,0,1,0,0,0,2,20,5
201000041352,10,4,28,1,2,2,1.0,3.0,0.0,7.0,0.0,0.0,2.0,0.0,1,1,4.0,2.0,4.0,1.0,0.0,222.0,1,0.0,1.0,2,1,2,2,0,0,0,4,2,0,0,0,2,2,0,2,0,1,0,1,0,3,8,0
201200017476,12,5,25,1,1,1,1.0,1.0,0.0,7.0,0.0,0.0,2.0,13.0,1,1,3.0,2.0,0.0,1.0,0.0,0.0,1,0.0,1.0,2,3,4,0,0,0,0,4,0,0,0,4,0,2,0,2,0,1,0,0,0,3,14,30
201400057573,14,9,27,5,2,2,5.0,3.0,0.0,1.0,0.0,0.0,2.0,0.0,1,-1,4.0,2.0,2.0,1.0,0.0,0.0,1,0.0,1.0,2,3,2,2,0,0,0,4,0,2,0,2,0,2,0,2,0,1,0,1,0,3,2,30
200600003058,6,1,31,5,2,1,1.0,2.0,0.0,2.0,0.0,0.0,2.0,1.0,1,2,3.0,2.0,4.0,4.0,0.0,140.0,1,0.0,1.0,2,3,2,2,0,0,0,4,0,0,2,0,2,2,0,0,2,1,1,0,0,3,18,5
201300022039,13,6,23,1,1,1,3.0,2.0,0.0,7.0,0.0,1.0,0.0,1.0,1,1,1.0,3.0,4.0,1.0,25.0,140.0,1,0.0,2.0,2,4,4,0,0,0,0,4,0,0,2,0,2,2,0,0,2,0,1,1,0,4,17,15
201400010915,14,2,24,1,2,1,1.0,6.0,0.0,7.0,0.0,0.0,2.0,14.0,1,1,4.0,3.0,3.0,1.0,0.0,0.0,1,0.0,1.0,2,1,4,0,0,0,0,4,0,2,2,0,0,2,0,0,2,1,0,0,0,3,17,40
201100028112,11,11,25,1,2,3,1.0,3.0,0.0,2.0,0.0,0.0,2.0,0.0,1,-1,4.0,3.0,4.0,1.0,0.0,0.0,1,5.0,5.0,2,2,0,4,0,0,0,4,0,4,0,0,0,0,0,4,0,1,1,0,0,2,8,59
201700014715,17,2,20,5,2,1,1.0,6.0,0.0,7.0,0.0,0.0,1.0,13.0,1,-1,4.0,2.0,2.0,1.0,0.0,58.0,1,0.0,4.0,1,1,2,1,0,1,1,1,0,0,3,0,0,2,1,0,0,1,0,0,0,3,20,10
200600019981,6,4,21,1,2,1,1.0,2.0,0.0,30.0,0.0,0.0,2.0,2.0,1,2,4.0,2.0,2.0,1.0,0.0,65.0,1,0.0,1.0,2,2,2,2,0,0,0,4,0,0,0,2,2,4,0,0,0,1,1,0,0,2,13,45
201700052561,17,10,13,1,1,1,1.0,6.0,1.0,31.0,0.0,6.0,0.0,18.0,1,2,1.0,1.0,3.0,2.0,0.0,33.0,1,1.0,1.0,1,4,0,1,0,0,0,1,0,0,0,0,1,1,0,0,0,0,0,1,0,4,10,24
201000002135,10,7,3,1,1,1,1.0,7.0,0.0,33.0,0.0,0.0,0.0,1.0,1,2,3.0,2.0,2.0,1.0,0.0,74.0,1,0.0,1.0,1,4,1,0,0,0,0,1,0,0,1,0,0,1,0,0,0,0,0,1,0,4,9,15
201100003473,11,10,3,1,1,1,1.0,3.0,0.0,7.0,0.0,0.0,2.0,17.0,1,1,3.0,2.0,2.0,1.0,90.0,47.0,1,0.0,1.0,2,3,2,2,0,0,0,4,2,2,0,0,0,4,0,0,0,1,0,1,0,3,14,0
201000066872,10,5,29,1,2,1,1.0,2.0,0.0,7.0,0.0,0.0,2.0,2.0,1,1,4.0,1.0,4.0,1.0,15.0,100.0,1,1.0,1.0,2,1,4,0,0,0,0,4,0,0,4,0,0,2,0,0,2,1,1,0,0,2,17,0
201400050291,14,6,5,5,1,1,1.0,5.0,0.0,7.0,0.0,0.0,2.0,0.0,1,-1,4.0,1.0,0.0,1.0,0.0,0.0,1,0.0,1.0,3,1,9,0,0,0,0,9,6,3,0,0,0,9,0,0,0,0,1,0,0,2,23,15
201700029743,17,10,9,5,2,2,1.0,3.0,0.0,1.0,0.0,0.0,2.0,1.0,1,-1,4.0,2.0,2.0,2.0,0.0,0.0,1,5.0,1.0,2,2,2,2,0,0,0,4,0,0,4,0,0,2,0,2,0,1,0,0,0,2,20,0
200600079705,6,12,25,1,2,6,1.0,3.0,0.0,33.0,0.0,0.0,2.0,9.0,1,2,4.0,2.0,2.0,1.0,0.0,50.0,1,0.0,1.0,2,2,2,2,0,0,0,4,0,4,0,0,0,4,0,0,0,1,0,0,0,2,14,5
200600069510,6,11,6,1,1,1,1.0,3.0,0.0,10.0,0.0,0.0,2.0,9.0,1,1,3.0,2.0,2.0,1.0,0.0,70.0,1,0.0,1.0,2,2,2,2,0,0,0,4,0,0,2,2,0,4,0,0,0,1,0,1,0,2,16,5
201300003346,13,1,13,3,2,1,1.0,6.0,0.0,30.0,0.0,9.0,0.0,1.0,1,0,3.0,2.0,2.0,1.0,0.0,60.0,1,0.0,1.0,1,3,2,0,0,0,1,1,0,1,1,0,0,0,2,0,0,0,0,1,0,3,2,0
200800011624,8,3,7,5,2,9,1.0,1.0,0.0,7.0,0.0,0.0,1.0,2.0,1,-1,4.0,2.0,2.0,1.0,0.0,64.0,1,0.0,1.0,2,1,6,0,0,2,0,4,0,0,0,2,4,6,0,0,0,1,0,0,0,4,5,25
200700023649,7,4,5,5,2,1,1.0,7.0,0.0,2.0,0.0,16.0,0.0,1.0,1,0,3.0,2.0,2.0,1.0,0.0,70.0,1,0.0,1.0,1,2,1,0,0,0,0,1,0,0,1,0,0,1,0,0,0,1,0,0,0,2,23,25
200500005897,5,1,18,1,2,1,2.0,3.0,0.0,7.0,0.0,0.0,2.0,10.0,1,1,4.0,2.0,0.0,1.0,0.0,0.0,1,0.0,1.0,2,1,2,2,0,0,0,4,0,2,0,2,0,2,0,2,0,1,0,1,0,2,11,45
200800001029,8,1,13,1,1,1,1.0,2.0,0.0,7.0,0.0,0.0,0.0,14.0,1,1,3.0,2.0,2.0,1.0,0.0,0.0,1,0.0,1.0,2,1,6,2,0,2,2,4,2,2,4,0,0,6,0,2,0,1,0,0,0,3,15,15
201700041599,17,6,20,1,2,1,1.0,3.0,2.0,33.0,0.0,0.0,2.0,17.0,1,2,3.0,2.0,4.0,1.0,0.0,100.0,1,0.0,1.0,2,2,4,0,0,0,0,4,2,0,0,0,2,2,0,2,0,1,0,1,0,2,8,15
201200023237,12,2,14,1,1,2,1.0,3.0,0.0,7.0,0.0,0.0,2.0,9.0,1,1,3.0,2.0,2.0,1.0,0.0,68.0,1,0.0,1.0,2,1,2,2,0,0,0,4,0,4,0,0,0,2,0,0,2,1,0,0,0,2,9,50
201600036664,16,4,1,1,2,5,1.0,3.0,1.0,7.0,0.0,0.0,2.0,0.0,1,1,4.0,2.0,2.0,1.0,0.0,0.0,1,5.0,1.0,2,1,8,2,4,0,2,4,0,10,0,0,0,4,0,6,0,1,1,0,0,2,18,20
200600008970,6,2,12,1,2,3,1.0,3.0,0.0,7.0,0.0,0.0,2.0,15.0,1,1,4.0,2.0,2.0,1.0,0.0,90.0,1,0.0,1.0,2,1,4,0,0,0,0,4,0,0,0,4,0,4,0,0,0,1,0,1,0,2,8,55
201000053139,10,9,16,5,2,1,2.0,7.0,0.0,10.0,0.0,8.0,0.0,1.0,1,1,2.0,3.0,2.0,1.0,0.0,70.0,1,0.0,1.0,1,2,1,0,0,0,0,1,1,0,0,0,0,1,0,0,0,0,0,0,1,2,1,50
200800012801,8,3,21,1,1,1,1.0,7.0,0.0,7.0,0.0,0.0,0.0,1.0,1,1,3.0,2.0,2.0,1.0,0.0,0.0,1,0.0,3.0,1,2,0,1,0,0,0,1,0,1,0,0,0,0,0,1,0,1,0,0,0,2,11,4
200600020402,6,4,12,1,2,3,1.0,3.0,0.0,5.0,0.0,0.0,2.0,1.0,1,2,4.0,1.0,1.0,1.0,0.0,26.0,1,0.0,1.0,2,2,2,2,0,0,0,4,2,0,2,0,0,2,0,2,0,1,0,0,0,2,18,0
200700001579,7,1,26,3,1,1,1.0,1.0,0.0,14.0,0.0,0.0,2.0,21.0,1,1,2.0,2.0,2.0,1.0,0.0,108.0,1,0.0,1.0,2,1,4,0,0,0,0,4,0,0,0,2,2,2,0,2,0,1,0,0,0,4,18,30
200500015360,5,3,22,1,2,3,1.0,3.0,0.0,7.0,0.0,0.0,2.0,15.0,1,1,4.0,2.0,4.0,1.0,0.0,0.0,1,0.0,1.0,2,1,4,0,0,0,0,4,2,0,0,0,2,4,0,0,0,1,1,0,0,2,16,45
200900042177,9,9,11,1,2,2,1.0,3.0,0.0,7.0,0.0,0.0,2.0,1.0,1,1,4.0,1.0,1.0,1.0,0.0,33.0,1,0.0,1.0,2,1,4,0,0,0,0,4,0,2,2,0,0,2,0,2,0,1,0,0,0,3,17,15
201300050663,13,7,8,2,2,1,1.0,3.0,0.0,1.0,0.0,0.0,2.0,13.0,1,-1,4.0,1.0,3.0,1.0,0.0,118.0,1,2.0,1.0,2,2,2,2,0,0,0,4,0,2,0,2,0,4,0,0,0,1,0,0,0,2,21,10
201600000124,16,8,21,1,2,1,1.0,1.0,0.0,7.0,0.0,0.0,2.0,5.0,1,1,4.0,0.0,0.0,0.0,0.0,0.0,-1,0.0,1.0,2,1,4,0,0,0,0,4,0,0,4,0,0,2,0,2,0,1,0,0,0,3,12,45
201300024342,13,12,12,2,2,3,1.0,5.0,0.0,7.0,0.0,0.0,2.0,2.0,1,-1,4.0,2.0,2.0,1.0,0.0,0.0,1,0.0,1.0,3,3,3,6,0,0,0,9,0,9,0,0,0,6,0,0,3,1,1,0,0,3,17,5
200500043865,5,7,4,5,2,3,2.0,3.0,0.0,7.0,0.0,0.0,2.0,9.0,1,1,4.0,1.0,1.0,1.0,0.0,51.0,1,0.0,1.0,2,1,2,4,2,0,0,4,0,2,4,0,0,0,0,6,0,1,0,0,0,2,22,55
201400028014,14,1,29,1,1,1,2.0,6.0,0.0,7.0,0.0,13.0,0.0,1.0,1,1,3.0,2.0,4.0,1.0,0.0,120.0,1,0.0,3.0,1,3,0,1,0,0,0,1,0,0,1,0,0,1,0,0,0,0,0,0,1,3,11,20
201600008942,16,12,9,3,1,1,1.0,6.0,2.0,14.0,0.0,13.0,0.0,0.0,1,1,3.0,2.0,0.0,1.0,0.0,60.0,1,0.0,3.0,1,3,0,1,0,0,0,1,0,0,0,0,1,1,0,0,0,1,0,0,0,3,5,45
201500026883,15,10,6,2,2,1,1.0,6.0,0.0,7.0,0.0,0.0,1.0,15.0,1,1,4.0,2.0,0.0,0.0,0.0,0.0,-1,0.0,1.0,1,1,0,2,0,1,0,1,0,2,0,0,0,0,0,2,0,1,0,0,0,3,7,53
201300002632,13,4,2,3,1,1,1.0,6.0,0.0,7.0,0.0,2.0,0.0,13.0,1,1,3.0,2.0,2.0,0.0,0.0,60.0,1,0.0,3.0,1,3,1,0,0,0,0,1,0,0,1,0,0,1,0,0,0,1,0,0,0,3,20,45
200800053882,8,9,8,2,2,3,1.0,6.0,0.0,7.0,0.0,0.0,1.0,4.0,1,-1,4.0,1.0,1.0,2.0,0.0,70.0,-1,0.0,0.0,1,1,1,1,0,1,0,1,0,2,0,0,0,0,0,1,1,0,0,0,0,2,20,0
201400008615,14,5,15,1,1,1,1.0,1.0,0.0,7.0,0.0,0.0,2.0,1.0,1,1,3.0,2.0,2.0,2.0,0.0,61.0,-1,0.0,1.0,2,1,2,2,0,0,0,4,2,0,0,0,2,2,0,2,0,1,0,0,0,3,7,0
201600027512,16,3,29,2,2,1,1.0,6.0,0.0,2.0,0.0,0.0,1.0,1.0,1,2,4.0,2.0,2.0,1.0,0.0,110.0,1,0.0,1.0,1,1,2,0,0,1,0,1,0,0,1,0,1,0,2,0,0,1,0,0,0,2,8,39
200500028264,5,5,25,1,2,1,1.0,3.0,0.0,4.0,0.0,0.0,2.0,17.0,1,-1,4.0,2.0,2.0,1.0,0.0,72.0,1,0.0,1.0,2,2,4,0,0,0,0,4,0,0,2,0,2,0,2,2,0,0,0,1,0,2,17,20
200700072092,7,11,28,1,2,2,1.0,6.0,0.0,32.0,0.0,0.0,1.0,2.0,3,-1,4.0,2.0,2.0,2.0,0.0,79.0,1,5.0,1.0,1,2,2,0,0,1,0,1,1,0,0,1,0,1,1,0,0,1,0,0,0,2,10,35
201000021888,10,8,28,1,2,1,1.0,6.0,0.0,32.0,0.0,0.0,0.0,1.0,1,2,4.0,2.0,2.0,2.0,0.0,77.0,1,0.0,1.0,1,3,1,0,0,0,0,1,0,0,1,0,0,1,0,0,0,1,0,0,0,3,15,10
200800048930,8,9,1,1,1,2,1.0,5.0,0.0,33.0,0.0,0.0,2.0,1.0,1,2,3.0,2.0,2.0,1.0,0.0,55.0,1,5.0,1.0,3,3,9,6,0,0,6,9,0,9,6,0,0,12,0,3,0,1,0,1,0,3,17,15
200800007328,8,2,11,5,2,1,1.0,6.0,0.0,7.0,0.0,0.0,1.0,1.0,1,1,3.0,3.0,4.0,1.0,0.0,0.0,1,0.0,1.0,1,1,2,0,0,1,0,1,0,0,2,0,0,1,0,1,0,1,0,0,0,2,20,40
201100033787,11,6,15,1,2,2,1.0,1.0,0.0,1.0,0.0,0.0,2.0,1.0,1,2,4.0,2.0,4.0,1.0,0.0,0.0,1,0.0,1.0,2,2,2,2,0,0,0,4,0,0,4,0,0,0,0,0,4,1,1,0,0,2,17,20
201100061744,11,10,26,1,2,2,1.0,6.0,0.0,7.0,0.0,0.0,1.0,4.0,1,-1,4.0,1.0,1.0,1.0,0.0,90.0,1,0.0,1.0,1,1,1,1,0,1,0,1,0,1,1,0,0,1,0,0,1,0,1,0,0,2,15,55
200500034706,5,6,24,1,2,1,1.0,3.0,0.0,7.0,0.0,0.0,2.0,12.0,1,1,4.0,2.0,2.0,1.0,0.0,90.0,1,0.0,1.0,2,1,2,2,0,0,0,4,0,0,4,0,0,4,0,0,0,1,1,0,0,2,15,45
201000048827,10,6,26,2,2,2,1.0,3.0,0.0,33.0,0.0,0.0,2.0,0.0,1,2,4.0,1.0,0.0,1.0,0.0,0.0,1,0.0,0.0,2,1,4,0,0,0,0,4,0,2,0,2,0,0,0,4,0,0,0,0,0,2,22,45
200700005296,7,1,13,3,2,1,1.0,3.0,0.0,33.0,0.0,0.0,2.0,0.0,1,2,2.0,1.0,3.0,1.0,0.0,0.0,1,0.0,1.0,2,2,4,4,0,0,4,4,2,6,0,0,0,6,0,2,0,1,1,0,0,2,17,45
201400029946,14,3,14,1,2,3,8.0,3.0,0.0,7.0,0.0,0.0,2.0,1.0,1,1,4.0,2.0,0.0,4.0,0.0,0.0,1,0.0,1.0,2,1,2,2,0,0,0,4,0,2,0,0,2,0,0,4,0,1,0,0,0,2,18,0
201200052851,12,2,18,1,2,1,1.0,6.0,0.0,1.0,0.0,0.0,2.0,1.0,1,-1,4.0,2.0,2.0,0.0,0.0,55.0,1,0.0,1.0,1,2,0,1,0,0,0,1,0,0,1,0,0,1,0,0,0,1,0,0,0,2,12,50
201200037443,12,4,28,3,1,1,3.0,7.0,0.0,7.0,0.0,2.0,0.0,0.0,1,-1,3.0,3.0,4.0,1.0,0.0,50.0,1,0.0,1.0,1,2,2,1,1,0,1,1,0,0,3,0,0,1,0,2,0,1,0,0,0,3,4,45
200900044040,9,9,4,1,2,1,1.0,7.0,0.0,7.0,0.0,13.0,0.0,1.0,1,1,3.0,2.0,2.0,4.0,0.0,50.0,1,0.0,1.0,1,2,0,2,0,0,1,1,1,1,0,0,0,0,1,1,0,1,0,0,0,2,10,15
200800033229,8,6,23,1,2,1,1.0,6.0,1.0,7.0,0.0,0.0,9.0,0.0,1,-1,4.0,2.0,2.0,1.0,0.0,100.0,1,0.0,1.0,2,2,2,0,0,0,0,2,0,0,0,0,2,0,0,2,0,0,0,0,0,2,7,30
201000037246,10,6,23,5,2,1,1.0,6.0,0.0,33.0,0.0,11.0,0.0,1.0,1,2,4.0,2.0,3.0,1.0,0.0,105.0,1,0.0,1.0,1,2,1,0,0,0,0,1,0,1,0,0,0,0,0,1,0,1,0,0,0,2,1,55
201200014486,12,9,7,1,2,1,1.0,2.0,0.0,7.0,0.0,0.0,2.0,23.0,1,1,4.0,1.0,0.0,2.0,0.0,0.0,1,0.0,1.0,2,2,0,2,0,0,0,2,0,0,0,0,2,2,0,0,0,1,1,0,0,2,9,15
201400029310,14,2,28,1,2,1,2.0,2.0,0.0,7.0,0.0,0.0,2.0,2.0,1,1,4.0,2.0,4.0,1.0,0.0,0.0,1,0.0,1.0,2,1,2,4,0,0,2,4,0,6,0,0,0,2,0,2,2,1,1,0,0,2,13,55
201700018203,17,7,4,1,1,1,1.0,7.0,0.0,1.0,0.0,0.0,0.0,0.0,1,2,4.0,2.0,2.0,1.0,0.0,0.0,1,0.0,1.0,1,3,0,1,0,0,0,1,0,0,1,0,0,1,0,0,0,0,1,0,0,3,20,15
200700076008,7,12,25,2,1,1,2.0,1.0,0.0,7.0,0.0,0.0,2.0,13.0,1,1,3.0,2.0,2.0,2.0,0.0,71.0,1,0.0,1.0,2,3,4,4,2,0,2,4,0,4,4,0,0,0,2,6,0,1,0,0,0,3,16,30
200700052921,7,9,17,1,1,1,8.0,6.0,0.0,7.0,0.0,8.0,0.0,1.0,1,1,3.0,3.0,2.0,1.0,0.0,37.0,1,0.0,1.0,1,4,0,1,0,0,0,1,1,0,0,0,0,1,0,0,0,1,0,0,0,4,17,45
201100061730,11,10,14,1,2,7,1.0,2.0,0.0,7.0,0.0,0.0,2.0,2.0,1,1,4.0,2.0,1.0,1.0,0.0,160.0,1,0.0,1.0,2,2,4,0,0,0,0,4,0,0,2,0,2,2,0,2,0,1,1,0,0,2,12,20
201400025578,14,2,13,1,2,1,1.0,4.0,0.0,7.0,0.0,0.0,2.0,2.0,1,1,2.0,3.0,4.0,1.0,0.0,0.0,1,0.0,1.0,4,1,20,0,0,0,4,16,0,0,12,4,4,12,0,4,4,1,1,0,1,2,16,30
200500058462,5,9,27,5,2,1,1.0,3.0,0.0,7.0,0.0,0.0,2.0,15.0,1,1,4.0,1.0,4.0,1.0,0.0,140.0,1,0.0,1.0,2,1,4,0,0,0,0,4,0,0,4,0,0,0,2,2,0,1,0,0,0,3,19,55
201500004259,15,8,23,1,1,6,2.0,7.0,0.0,33.0,0.0,0.0,0.0,1.0,1,2,3.0,2.0,2.0,1.0,0.0,50.0,1,5.0,1.0,1,3,1,0,0,0,0,1,0,0,1,0,0,1,0,0,0,0,0,1,0,3,11,45
201000045782,10,9,30,1,2,1,1.0,3.0,0.0,7.0,0.0,0.0,2.0,9.0,1,1,2.0,2.0,3.0,1.0,0.0,88.0,1,0.0,1.0,2,1,4,2,0,0,2,4,4,0,0,2,0,2,0,4,0,1,0,0,0,3,10,40
201100049926,11,9,5,1,2,2,1.0,3.0,0.0,7.0,0.0,0.0,2.0,1.0,1,1,3.0,2.0,2.0,1.0,0.0,83.0,1,5.0,1.0,2,1,4,2,0,0,2,4,2,2,2,0,0,2,0,4,0,0,0,1,0,3,18,20
201000040243,10,12,3,5,2,2,2.0,3.0,0.0,7.0,0.0,0.0,0.0,16.0,1,1,4.0,1.0,2.0,1.0,0.0,80.0,1,0.0,1.0,2,1,2,2,0,0,0,4,0,4,0,0,0,2,2,0,0,1,1,0,0,2,18,10
201200013879,12,6,17,5,2,2,1.0,3.0,0.0,7.0,0.0,0.0,2.0,15.0,1,-1,4.0,3.0,4.0,1.0,0.0,140.0,1,5.0,1.0,2,1,6,0,0,0,2,4,0,4,0,0,2,0,0,6,0,1,0,0,0,2,1,0
200700072724,7,11,24,1,2,1,1.0,3.0,0.0,7.0,0.0,0.0,2.0,1.0,1,1,4.0,2.0,1.0,2.0,0.0,135.0,1,0.0,1.0,2,2,4,0,0,0,0,4,2,0,2,0,0,4,0,0,0,0,0,1,0,2,14,20
201100035855,11,3,4,1,2,3,1.0,3.0,0.0,7.0,0.0,0.0,2.0,15.0,1,1,4.0,2.0,2.0,1.0,0.0,0.0,1,0.0,1.0,2,1,2,4,2,0,0,4,0,0,6,0,0,0,0,4,2,1,0,1,0,2,15,0
200600058662,6,10,27,1,2,1,1.0,1.0,0.0,7.0,0.0,0.0,2.0,1.0,1,1,3.0,2.0,2.0,1.0,66.0,0.0,1,0.0,1.0,2,1,4,2,0,0,2,4,0,2,2,0,2,2,0,0,4,1,0,0,0,3,16,45
200500077096,5,11,22,1,1,1,1.0,5.0,0.0,5.0,0.0,0.0,2.0,3.0,1,2,1.0,1.0,2.0,1.0,20.0,70.0,1,0.0,1.0,3,2,6,3,0,0,0,9,9,0,0,0,0,6,0,0,3,1,1,1,0,2,9,45
201500015125,15,9,17,1,2,1,1.0,6.0,0.0,7.0,0.0,0.0,1.0,1.0,1,-1,4.0,2.0,2.0,1.0,0.0,30.0,1,0.0,1.0,1,1,2,0,0,1,0,1,0,1,1,0,0,1,1,0,0,1,0,0,0,2,18,41
201100016994,11,1,16,1,1,1,1.0,2.0,0.0,7.0,0.0,0.0,2.0,2.0,1,1,1.0,1.0,3.0,1.0,20.0,105.0,1,0.0,1.0,2,1,4,4,2,0,2,4,0,4,2,2,0,2,0,0,6,1,1,0,0,2,16,30
200700070763,7,11,30,1,2,3,1.0,6.0,0.0,7.0,0.0,0.0,2.0,22.0,1,-1,4.0,1.0,2.0,1.0,0.0,60.0,1,0.0,1.0,2,1,0,4,0,0,0,4,0,4,0,0,0,4,0,0,0,1,0,0,0,2,15,45
201100042368,11,8,3,1,2,1,1.0,2.0,0.0,37.0,3.0,0.0,2.0,1.0,1,0,3.0,3.0,2.0,1.0,0.0,70.0,1,0.0,1.0,2,2,6,2,4,0,0,4,2,0,2,4,0,6,2,0,0,1,1,0,0,2,17,50
201000008652,10,11,13,1,1,1,1.0,7.0,0.0,7.0,0.0,13.0,0.0,0.0,1,1,3.0,2.0,0.0,1.0,0.0,0.0,1,0.0,3.0,1,3,2,3,2,1,1,1,0,4,1,0,0,2,3,0,0,1,0,0,0,3,10,0
201700047934,17,10,3,1,1,1,1.0,6.0,1.0,7.0,0.0,3.0,0.0,1.0,1,1,1.0,1.0,3.0,1.0,15.0,105.0,1,0.0,1.0,1,2,0,1,0,0,0,1,0,0,1,0,0,1,0,0,0,1,0,0,0,2,10,45
201700054617,17,1,17,1,2,2,1.0,3.0,2.0,34.0,0.0,0.0,2.0,1.0,1,2,4.0,1.0,2.0,1.0,0.0,80.0,1,0.0,1.0,2,2,4,2,0,0,2,4,2,4,0,0,0,2,0,0,4,1,0,0,0,3,15,45
200900046809,9,12,3,5,1,1,2.0,3.0,0.0,15.0,0.0,0.0,2.0,12.0,1,1,1.0,3.0,6.0,1.0,15.0,210.0,1,0.0,1.0,2,1,2,2,0,0,0,4,0,0,2,2,0,4,0,0,0,1,0,1,0,2,19,10