Num_Acc,an,mois,jour,lum,agg,int,atm,col,senc,catv,occutc,obs,obsm,manv,catu,secu,catr,circ,nbv,prof,lartpc,larrout,surf,infra,situ,nb_veh,grav_simpl,Homme,Femme,Arrière,Autre_x,Avant,Conducteur,Autre_y,Inconnu,Loisirs,Professionnel,Travail,Adulte,Enfant,Jeune,Senior,choc_avant,choc_arriere,choc_lateral,choc_multiple,grav_order_max,heure,minute
201700001607,17,8,13,1,2,1,1.0,6.0,2.0,7.0,0.0,0.0,1.0,1.0,1,1,3.0,2.0,2.0,1.0,0.0,0.0,1,0.0,1.0,1,1,0,2,0,1,0,1,0,0,2,0,0,0,0,0,2,1,0,0,0,3,11,23
200700061166,7,10,24,1,2,1,1.0,6.0,0.0,33.0,0.0,6.0,0.0,1.0,1,2,3.0,2.0,2.0,2.0,0.0,70.0,1,0.0,4.0,1,3,1,0,0,0,0,1,0,0,1,0,0,0,0,1,0,1,0,0,0,3,16,0
201600015152,16,7,17,1,1,1,1.0,6.0,1.0,30.0,0.0,8.0,0.0,1.0,1,2,4.0,1.0,1.0,0.0,0.0,0.0,-1,0.0,1.0,1,2,1,0,0,0,0,1,0,0,1,0,0,1,0,0,0,1,0,0,0,2,11,20
200700036398,7,6,1,1,2,1,1.0,3.0,0.0,7.0,0.0,0.0,2.0,20.0,1,1,4.0,2.0,2.0,1.0,0.0,92.0,1,0.0,1.0,2,1,0,4,0,0,0,4,2,2,0,0,0,0,0,4,0,1,0,1,0,2,19,15
201300052078,13,7,20,5,2,2,1.0,3.0,0.0,7.0,0.0,0.0,2.0,1.0,1,1,4.0,1.0,1.0,1.0,0.0,40.0,1,0.0,1.0,2,1,4,2,0,0,2,4,0,4,2,0,0,2,0,4,0,1,0,1,0,2,0,5
201200024680,12,9,15,1,1,1,1.0,4.0,0.0,15.0,0.0,0.0,2.0,1.0,1,1,3.0,2.0,2.0,1.0,0.0,70.0,1,0.0,1.0,5,1,20,20,5,0,10,25,0,0,40,0,0,35,5,0,0,1,1,0,0,2,19,25
201500056240,15,4,28,1,2,4,1.0,4.0,0.0,7.0,0.0,0.0,2.0,1.0,1,1,4.0,1.0,2.0,1.0,0.0,70.0,1,3.0,0.0,4,1,20,4,4,0,4,16,0,0,8,12,4,16,0,8,0,1,1,0,0,2,11,20
201700029849,17,3,31,1,1,1,1.0,6.0,1.0,7.0,0.0,4.0,0.0,9.0,1,1,2.0,3.0,4.0,1.0,10.0,40.0,1,3.0,1.0,1,3,1,1,1,0,0,1,0,0,2,0,0,0,1,1,0,1,0,0,0,3,14,35
201200057587,12,6,7,1,2,7,9.0,6.0,1.0,7.0,0.0,0.0,1.0,1.0,3,-1,4.0,1.0,0.0,1.0,0.0,0.0,1,0.0,1.0,1,2,0,1,0,1,0,0,0,0,1,0,0,0,0,0,1,0,1,0,0,2,15,0
201400049426,14,3,5,1,1,1,1.0,4.0,0.0,7.0,0.0,0.0,0.0,0.0,1,1,1.0,0.0,4.0,0.0,25.0,140.0,-1,0.0,1.0,4,1,16,8,4,0,4,16,0,24,0,0,0,20,0,0,4,0,0,0,0,2,8,45
201200022663,12,3,7,3,1,1,2.0,6.0,0.0,7.0,0.0,0.0,1.0,1.0,1,1,3.0,2.0,3.0,1.0,0.0,90.0,1,0.0,1.0,2,1,6,0,0,2,0,4,0,0,6,0,0,6,0,0,0,1,0,0,0,3,21,15
201700027320,17,7,29,2,2,1,1.0,2.0,1.0,7.0,0.0,0.0,2.0,2.0,1,1,4.0,2.0,4.0,1.0,0.0,0.0,1,0.0,1.0,2,1,4,0,0,0,0,4,0,0,4,0,0,2,0,2,0,1,1,0,0,3,5,35
200900007180,9,2,2,1,2,1,4.0,6.0,0.0,7.0,0.0,0.0,1.0,1.0,1,1,4.0,2.0,2.0,2.0,0.0,0.0,0,0.0,1.0,1,1,1,1,0,1,0,1,1,0,0,0,1,1,0,1,0,1,0,0,0,2,13,0
201600040180,16,9,17,1,2,1,1.0,6.0,0.0,7.0,0.0,12.0,0.0,1.0,1,-1,4.0,1.0,1.0,1.0,100.0,70.0,1,0.0,1.0,1,2,0,1,0,0,0,1,1,0,0,0,0,0,0,1,0,1,0,0,0,2,12,15
201100064828,11,9,23,1,2,1,1.0,6.0,0.0,33.0,0.0,0.0,2.0,3.0,1,2,4.0,1.0,3.0,1.0,15.0,105.0,1,0.0,1.0,2,2,2,0,0,0,0,2,0,0,0,2,0,2,0,0,0,0,0,1,0,2,10,0
201000043338,10,3,3,1,1,2,1.0,5.0,0.0,7.0,0.0,0.0,2.0,9.0,1,1,3.0,2.0,2.0,1.0,0.0,55.0,1,5.0,0.0,3,1,3,6,0,0,0,9,0,9,0,0,0,9,0,0,0,1,0,0,0,3,8,25
200800013659,8,3,30,1,2,1,1.0,6.0,0.0,7.0,0.0,0.0,2.0,11.0,1,1,4.0,1.0,2.0,1.0,0.0,60.0,1,0.0,1.0,2,1,4,0,0,0,0,4,0,0,2,0,2,4,0,0,0,1,1,0,0,3,13,30
201200022935,12,1,26,1,1,1,1.0,2.0,0.0,7.0,0.0,0.0,2.0,2.0,1,0,2.0,3.0,4.0,2.0,50.0,37.0,1,3.0,1.0,2,4,2,2,0,0,0,4,2,0,0,2,0,2,0,0,2,1,1,0,0,4,14,15
201200040787,12,7,25,1,2,6,1.0,1.0,0.0,1.0,0.0,0.0,2.0,16.0,1,0,3.0,1.0,1.0,1.0,0.0,0.0,1,0.0,1.0,2,2,2,2,0,0,0,4,0,0,0,0,4,2,0,2,0,1,0,1,0,2,9,5
201500032830,15,6,18,1,2,1,1.0,3.0,0.0,7.0,0.0,0.0,2.0,9.0,1,1,4.0,1.0,2.0,1.0,90.0,90.0,1,5.0,1.0,2,1,4,0,0,0,0,4,0,0,0,0,4,2,0,2,0,1,0,0,0,2,21,10
200900025926,9,6,10,1,2,1,2.0,6.0,0.0,7.0,0.0,6.0,0.0,1.0,1,1,4.0,2.0,2.0,1.0,0.0,0.0,1,0.0,4.0,1,2,1,0,0,0,0,1,0,1,0,0,0,1,0,0,0,0,0,1,0,2,19,55
200500021205,5,4,29,5,2,1,1.0,2.0,0.0,7.0,0.0,0.0,2.0,1.0,1,1,4.0,2.0,4.0,1.0,0.0,120.0,1,0.0,1.0,2,1,4,0,0,0,0,4,0,0,4,0,0,4,0,0,0,1,1,0,0,2,22,45
200800005365,8,1,9,5,2,1,2.0,6.0,2.0,7.0,0.0,0.0,2.0,2.0,1,1,9.0,1.0,1.0,1.0,87.0,87.0,1,0.0,1.0,3,2,3,3,0,0,0,6,0,3,0,0,3,6,0,0,0,1,1,0,0,2,7,25
200600048516,6,8,22,1,2,1,1.0,4.0,0.0,7.0,0.0,0.0,2.0,2.0,1,1,4.0,2.0,2.0,1.0,24.0,58.0,1,0.0,1.0,3,2,6,3,0,0,0,9,6,3,0,0,0,9,0,0,0,1,1,0,0,2,12,50
201000002408,10,11,13,3,1,1,3.0,1.0,0.0,7.0,0.0,0.0,2.0,0.0,1,1,3.0,2.0,2.0,1.0,0.0,73.0,1,0.0,1.0,2,3,2,4,2,0,0,4,2,4,0,0,0,4,2,0,0,1,0,0,0,3,21,45
200700025766,7,5,12,2,1,1,2.0,7.0,0.0,7.0,0.0,2.0,0.0,0.0,1,1,3.0,2.0,2.0,1.0,0.0,60.0,1,0.0,3.0,1,4,1,0,0,0,0,1,0,0,1,0,0,0,0,1,0,0,0,0,0,4,7,0
201100000446,11,1,23,1,1,2,1.0,3.0,0.0,1.0,0.0,0.0,2.0,1.0,1,2,3.0,2.0,2.0,2.0,0.0,64.0,1,0.0,1.0,2,3,4,0,0,0,0,4,0,0,4,0,0,0,0,0,4,1,0,0,0,3,10,45
201100038630,11,6,6,1,1,1,1.0,3.0,0.0,7.0,0.0,0.0,2.0,1.0,1,1,6.0,2.0,1.0,1.0,0.0,70.0,1,0.0,1.0,2,1,2,2,0,0,0,4,2,0,0,2,0,4,0,0,0,1,0,0,0,2,8,0
200800007262,8,2,7,1,2,3,1.0,3.0,0.0,7.0,0.0,0.0,2.0,15.0,1,1,2.0,2.0,2.0,1.0,0.0,0.0,1,0.0,1.0,2,1,4,2,2,0,0,4,0,2,2,2,0,4,0,2,0,1,0,0,0,2,17,15
201500045553,15,6,9,1,1,1,1.0,7.0,0.0,33.0,0.0,0.0,0.0,1.0,1,-1,1.0,3.0,3.0,1.0,0.0,90.0,1,0.0,1.0,1,2,1,0,0,0,0,1,0,1,0,0,0,0,0,1,0,0,0,1,0,2,14,15
201200046095,12,3,8,1,2,3,1.0,3.0,0.0,33.0,0.0,0.0,2.0,2.0,1,2,3.0,2.0,2.0,1.0,0.0,0.0,1,0.0,1.0,2,2,2,2,0,0,0,4,4,0,0,0,0,0,0,2,2,1,1,0,0,2,13,0
200800021052,8,4,7,5,2,1,1.0,6.0,0.0,10.0,0.0,0.0,1.0,0.0,1,1,4.0,1.0,2.0,0.0,0.0,60.0,1,0.0,1.0,1,1,2,0,0,1,0,1,1,1,0,0,0,1,1,0,0,1,0,0,0,2,18,35
200900067606,9,9,22,1,2,1,1.0,3.0,0.0,7.0,0.0,0.0,0.0,15.0,1,1,3.0,2.0,2.0,2.0,0.0,0.0,1,0.0,1.0,2,1,4,0,0,0,0,4,0,4,0,0,0,2,0,2,0,1,0,1,0,2,20,20
201100033266,11,4,16,5,2,1,1.0,7.0,0.0,7.0,0.0,9.0,0.0,0.0,1,1,3.0,3.0,2.0,2.0,23.0,114.0,1,0.0,1.0,1,1,3,0,1,0,1,1,0,0,3,0,0,0,0,3,0,0,0,1,0,2,3,15
201300008657,13,3,28,1,1,1,2.0,3.0,0.0,7.0,0.0,0.0,2.0,1.0,1,1,3.0,2.0,2.0,1.0,0.0,0.0,1,0.0,1.0,2,3,2,2,0,0,0,4,0,0,4,0,0,2,0,0,2,1,0,0,0,3,10,0
200600009790,6,2,28,1,2,1,4.0,6.0,1.0,7.0,0.0,0.0,1.0,0.0,3,-1,3.0,2.0,2.0,1.0,0.0,60.0,1,0.0,1.0,1,2,0,1,0,1,0,0,0,0,0,0,1,1,0,0,0,0,0,0,0,2,8,15
201000012529,10,4,3,5,2,1,1.0,6.0,0.0,7.0,0.0,0.0,1.0,1.0,1,1,3.0,2.0,2.0,1.0,0.0,64.0,1,0.0,1.0,1,1,1,1,0,1,0,1,0,0,2,0,0,0,1,1,0,1,0,0,0,3,1,45
200500078060,5,12,17,1,2,1,1.0,3.0,0.0,7.0,0.0,0.0,2.0,20.0,1,-1,4.0,2.0,2.0,1.0,60.0,60.0,1,0.0,1.0,2,1,2,2,0,0,0,4,0,0,4,0,0,2,2,0,0,1,0,0,0,3,11,0
201000020766,10,11,7,5,2,3,1.0,3.0,0.0,7.0,0.0,0.0,1.0,1.0,1,-1,4.0,1.0,0.0,1.0,0.0,0.0,1,0.0,1.0,2,1,2,4,0,2,0,4,0,6,0,0,0,2,0,4,0,1,0,1,0,2,19,30
200800027408,8,5,27,1,2,2,1.0,6.0,0.0,7.0,0.0,0.0,1.0,20.0,1,1,3.0,2.0,1.0,2.0,0.0,120.0,1,0.0,1.0,1,1,1,1,0,1,0,1,0,0,0,1,1,1,0,1,0,1,0,0,0,2,9,15
201400041305,14,6,30,1,2,1,1.0,2.0,0.0,7.0,0.0,0.0,2.0,2.0,1,1,2.0,1.0,2.0,1.0,0.0,0.0,1,0.0,1.0,2,1,2,2,0,0,0,4,0,0,0,2,2,0,0,2,2,1,0,0,0,2,11,10
200600016761,6,3,17,3,1,9,1.0,6.0,0.0,7.0,0.0,0.0,1.0,21.0,1,1,2.0,2.0,2.0,1.0,0.0,78.0,1,3.0,1.0,1,1,1,1,0,1,0,1,0,0,2,0,0,2,0,0,0,1,0,0,0,3,19,45
200900023055,9,5,31,1,2,1,1.0,3.0,0.0,7.0,0.0,0.0,2.0,1.0,1,1,4.0,0.0,2.0,1.0,0.0,0.0,1,0.0,1.0,2,1,2,2,0,0,0,4,0,0,4,0,0,0,2,2,0,1,0,0,0,2,11,0
201400003097,14,12,23,1,2,9,7.0,3.0,0.0,7.0,0.0,0.0,2.0,15.0,1,1,3.0,2.0,2.0,1.0,0.0,92.0,1,5.0,1.0,2,3,2,2,0,0,0,4,0,0,4,0,0,0,0,0,4,1,0,0,0,3,15,0
201200023205,12,11,9,1,2,1,1.0,2.0,0.0,7.0,0.0,0.0,0.0,1.0,1,1,4.0,1.0,2.0,1.0,0.0,0.0,1,0.0,1.0,2,2,2,2,0,0,0,4,0,2,0,2,0,2,0,2,0,1,1,0,0,2,9,10
201000046631,10,5,29,1,2,2,1.0,2.0,0.0,7.0,0.0,0.0,2.0,23.0,1,1,3.0,2.0,3.0,1.0,0.0,91.0,1,5.0,0.0,2,1,2,8,2,0,4,4,4,0,6,0,0,4,0,6,0,1,1,0,0,2,15,0
201700053789,17,6,15,1,2,7,1.0,3.0,0.0,33.0,0.0,0.0,2.0,1.0,1,2,4.0,2.0,4.0,1.0,0.0,0.0,1,0.0,5.0,2,1,4,0,0,0,0,4,0,4,0,0,0,4,0,0,0,1,0,0,0,2,8,30
200900044265,9,11,19,5,2,1,1.0,6.0,0.0,31.0,0.0,0.0,2.0,1.0,1,2,2.0,2.0,2.0,1.0,0.0,60.0,1,0.0,1.0,2,2,2,2,0,0,0,4,2,0,2,0,0,0,0,4,0,1,0,0,0,2,21,55
201400050108,14,5,22,1,2,1,2.0,7.0,0.0,30.0,0.0,12.0,0.0,1.0,1,2,4.0,2.0,2.0,2.0,0.0,77.0,1,0.0,1.0,1,2,0,1,0,0,0,1,0,0,0,0,1,1,0,0,0,0,0,0,0,2,13,55
201400027333,14,3,24,1,2,1,1.0,6.0,1.0,99.0,0.0,0.0,0.0,5.0,1,-1,4.0,2.0,2.0,2.0,0.0,60.0,1,0.0,3.0,2,2,0,2,0,0,0,2,2,0,0,0,0,2,0,0,0,1,0,0,0,2,17,30
201700036502,17,4,25,1,2,1,1.0,6.0,2.0,7.0,0.0,0.0,1.0,9.0,1,-1,4.0,2.0,2.0,1.0,0.0,50.0,1,0.0,1.0,1,1,1,1,0,1,0,1,0,1,1,0,0,0,1,0,1,1,0,0,0,2,17,5
200700000880,7,1,29,3,1,1,1.0,7.0,0.0,7.0,0.0,2.0,0.0,1.0,1,1,3.0,2.0,0.0,1.0,0.0,0.0,1,0.0,3.0,1,3,1,0,0,0,0,1,1,0,0,0,0,0,0,0,1,1,0,0,0,3,19,45
200900067290,9,12,23,1,2,1,1.0,6.0,0.0,7.0,0.0,0.0,1.0,1.0,3,-1,4.0,2.0,2.0,1.0,0.0,0.0,1,0.0,1.0,1,2,1,1,0,1,0,1,0,0,2,0,0,1,0,0,1,1,0,0,0,2,8,20
200700034065,7,6,12,1,1,1,1.0,3.0,0.0,33.0,0.0,0.0,2.0,1.0,1,2,3.0,4.0,3.0,1.0,0.0,48.0,1,5.0,1.0,2,3,4,0,0,0,0,4,0,0,0,2,2,4,0,0,0,1,0,1,0,3,11,15
200500028108,5,5,3,1,2,1,1.0,6.0,0.0,7.0,0.0,0.0,2.0,6.0,1,1,9.0,3.0,4.0,1.0,0.0,66.0,1,0.0,1.0,2,1,4,0,0,0,0,4,2,0,2,0,0,0,2,2,0,1,1,0,0,2,18,0
201600022162,16,7,9,1,2,1,1.0,6.0,2.0,2.0,0.0,0.0,0.0,1.0,1,2,3.0,2.0,2.0,1.0,0.0,0.0,1,0.0,1.0,1,2,1,0,0,0,0,1,0,0,0,1,0,0,0,1,0,0,0,0,0,2,20,0
201200016248,12,10,22,5,2,3,2.0,5.0,0.0,7.0,0.0,0.0,2.0,1.0,1,1,4.0,2.0,2.0,1.0,0.0,30.0,1,3.0,1.0,3,2,6,3,0,0,0,9,0,9,0,0,0,6,0,0,3,1,1,0,0,2,21,45
201500042535,15,1,17,5,2,6,2.0,6.0,0.0,7.0,0.0,14.0,0.0,1.0,1,-1,3.0,2.0,1.0,0.0,0.0,0.0,1,0.0,1.0,1,2,2,0,0,0,1,1,0,1,1,0,0,0,0,2,0,1,0,0,0,2,1,35
200700023745,7,4,17,1,2,1,1.0,6.0,0.0,30.0,0.0,1.0,2.0,17.0,1,2,6.0,2.0,2.0,1.0,0.0,50.0,1,0.0,1.0,2,2,0,6,0,0,2,4,0,2,4,0,0,2,4,0,0,1,0,0,0,2,14,25
201000063939,10,6,23,1,2,1,1.0,3.0,0.0,7.0,0.0,0.0,2.0,16.0,1,1,4.0,1.0,2.0,1.0,0.0,0.0,1,0.0,1.0,2,1,0,4,0,0,0,4,2,0,0,0,2,2,2,0,0,1,1,0,0,2,8,0
201400045499,14,2,13,3,2,1,3.0,6.0,0.0,7.0,0.0,0.0,1.0,19.0,1,1,4.0,2.0,2.0,2.0,0.0,0.0,1,0.0,1.0,1,1,1,2,0,1,1,1,2,0,0,0,1,1,1,1,0,1,0,0,0,3,7,45
200600061027,6,10,20,1,2,9,2.0,6.0,0.0,7.0,0.0,0.0,1.0,1.0,1,1,2.0,2.0,4.0,3.0,0.0,124.0,1,5.0,1.0,1,1,0,2,0,1,0,1,0,0,2,0,0,0,0,1,1,1,0,0,0,3,14,12
201500017922,15,6,15,1,2,1,1.0,1.0,0.0,7.0,0.0,0.0,2.0,13.0,1,1,3.0,2.0,0.0,2.0,0.0,60.0,1,0.0,1.0,2,3,2,2,0,0,0,4,0,4,0,0,0,4,0,0,0,1,0,1,0,3,13,0
201200016693,12,12,3,1,2,1,1.0,1.0,0.0,7.0,0.0,0.0,0.0,13.0,1,1,4.0,2.0,2.0,2.0,0.0,0.0,1,0.0,1.0,2,2,2,2,0,0,0,4,0,0,4,0,0,2,0,0,2,1,0,0,0,2,15,0
200900059804,9,10,14,3,1,1,1.0,7.0,0.0,7.0,0.0,13.0,0.0,1.0,2,-1,4.0,2.0,2.0,1.0,0.0,50.0,1,0.0,3.0,1,3,2,0,0,0,1,1,0,0,0,0,2,0,0,2,0,0,1,0,0,3,22,20
201400012147,14,6,17,1,1,3,1.0,7.0,0.0,7.0,0.0,6.0,0.0,0.0,1,1,2.0,2.0,0.0,0.0,0.0,43.0,1,0.0,1.0,1,3,1,0,0,0,0,1,0,0,0,0,1,0,0,1,0,1,0,0,0,3,17,45
201500040937,15,9,10,1,2,1,1.0,3.0,0.0,7.0,0.0,0.0,2.0,2.0,1,1,3.0,2.0,2.0,1.0,0.0,0.0,1,0.0,1.0,2,1,2,2,0,0,0,4,0,0,2,0,2,0,0,2,2,1,0,1,0,2,17,30
200500038434,5,6,29,1,2,1,1.0,3.0,0.0,1.0,0.0,0.0,2.0,15.0,3,-1,4.0,2.0,2.0,1.0,0.0,70.0,1,0.0,1.0,2,2,4,0,0,2,0,2,2,0,2,0,0,2,2,0,0,1,0,0,0,2,10,15
201300015106,13,6,8,1,2,1,1.0,6.0,0.0,33.0,0.0,0.0,2.0,1.0,1,2,4.0,2.0,4.0,1.0,0.0,120.0,-1,0.0,1.0,2,2,4,0,0,0,0,4,0,0,4,0,0,4,0,0,0,1,0,1,0,2,11,0
201300036430,13,8,27,1,2,1,1.0,6.0,0.0,2.0,0.0,0.0,1.0,1.0,1,2,4.0,1.0,1.0,1.0,0.0,0.0,1,0.0,0.0,1,2,1,1,0,1,0,1,0,1,1,0,0,0,1,0,1,1,0,0,0,3,9,40
200900009067,9,6,14,1,2,1,1.0,2.0,0.0,7.0,0.0,0.0,2.0,2.0,1,1,4.0,1.0,4.0,1.0,15.0,145.0,1,0.0,1.0,2,2,2,2,0,0,0,4,0,0,4,0,0,2,0,2,0,1,1,0,0,2,18,15
201200011250,12,3,24,1,2,1,1.0,6.0,0.0,10.0,0.0,0.0,1.0,16.0,1,1,4.0,2.0,2.0,1.0,0.0,0.0,1,0.0,1.0,1,1,1,1,0,1,0,1,0,1,0,1,0,1,0,0,1,1,0,0,0,2,10,5
200500065107,5,10,2,1,2,6,7.0,2.0,0.0,7.0,0.0,0.0,2.0,2.0,1,1,2.0,1.0,1.0,1.0,0.0,855.0,1,0.0,1.0,2,1,4,0,0,0,0,4,0,4,0,0,0,2,0,0,2,1,1,0,0,3,8,25
201500032925,15,11,10,5,2,1,1.0,6.0,0.0,2.0,0.0,0.0,0.0,1.0,1,2,4.0,1.0,1.0,2.0,106.0,95.0,1,0.0,1.0,1,2,1,0,0,0,0,1,0,1,0,0,0,0,0,1,0,0,0,0,0,2,6,30
201700037233,17,6,6,1,2,1,1.0,6.0,2.0,7.0,0.0,0.0,1.0,14.0,3,-1,4.0,2.0,1.0,1.0,0.0,0.0,1,0.0,4.0,1,3,1,0,0,1,0,0,0,1,0,0,0,0,0,1,0,0,0,0,0,3,16,46
201600052249,16,3,30,1,2,3,2.0,3.0,1.0,7.0,0.0,0.0,2.0,10.0,1,1,4.0,2.0,2.0,2.0,0.0,110.0,1,0.0,1.0,2,1,4,0,0,0,0,4,0,2,0,2,0,2,0,2,0,0,1,0,0,2,17,30
201300032556,13,7,29,1,2,1,1.0,3.0,0.0,10.0,0.0,0.0,0.0,23.0,1,1,3.0,2.0,0.0,1.0,0.0,0.0,-1,0.0,1.0,2,1,4,0,0,0,0,4,0,4,0,0,0,0,0,0,4,1,0,0,0,3,9,20
200600037783,6,7,11,1,2,2,1.0,3.0,0.0,7.0,0.0,0.0,2.0,15.0,1,-1,4.0,2.0,3.0,1.0,0.0,100.0,1,0.0,1.0,2,1,4,0,0,0,0,4,0,2,0,0,2,2,0,2,0,1,0,0,0,2,8,45
201300051399,13,5,4,1,2,5,1.0,6.0,0.0,33.0,0.0,0.0,1.0,1.0,1,2,4.0,2.0,2.0,1.0,0.0,60.0,1,0.0,1.0,1,1,1,1,0,1,0,1,0,0,2,0,0,2,0,0,0,0,0,1,0,2,20,10
201500051092,15,6,30,1,2,2,1.0,3.0,0.0,32.0,0.0,0.0,2.0,17.0,1,2,4.0,1.0,0.0,1.0,0.0,35.0,1,0.0,1.0,2,2,4,0,0,0,0,4,0,2,2,0,0,0,0,2,2,1,0,0,0,2,11,15
200500053601,5,8,31,1,2,1,1.0,7.0,0.0,7.0,0.0,0.0,1.0,1.0,1,1,4.0,4.0,2.0,1.0,3.0,65.0,1,0.0,1.0,1,1,1,1,0,1,0,1,0,1,1,0,0,2,0,0,0,1,0,0,0,2,16,40
201500040394,15,6,21,1,2,9,1.0,6.0,0.0,7.0,0.0,0.0,1.0,2.0,1,-1,4.0,2.0,1.0,1.0,0.0,0.0,1,6.0,1.0,1,1,2,0,0,1,0,1,0,2,0,0,0,0,0,0,2,1,0,0,0,2,11,10
200900046781,9,12,2,5,2,3,3.0,3.0,0.0,30.0,0.0,0.0,2.0,1.0,1,-1,4.0,2.0,2.0,1.0,0.0,97.0,1,0.0,1.0,2,3,2,2,0,0,0,4,0,4,0,0,0,0,0,4,0,1,0,1,0,3,20,0
200600043966,6,7,27,1,2,1,1.0,2.0,0.0,14.0,0.0,0.0,0.0,1.0,1,-1,2.0,2.0,1.0,0.0,0.0,0.0,1,0.0,1.0,2,1,6,2,2,0,2,4,0,4,4,0,0,2,0,6,0,1,1,0,0,2,17,50
201700034664,17,2,23,1,2,2,1.0,6.0,2.0,7.0,0.0,0.0,1.0,1.0,1,0,4.0,2.0,2.0,1.0,0.0,0.0,1,0.0,1.0,1,1,1,1,0,1,0,1,0,0,1,0,1,0,1,1,0,1,0,0,0,3,12,35
200600008223,6,2,25,5,1,1,1.0,6.0,0.0,7.0,0.0,0.0,2.0,2.0,1,1,1.0,1.0,1.0,2.0,0.0,60.0,1,0.0,1.0,3,1,12,3,3,0,3,9,0,9,6,0,0,0,3,12,0,1,1,0,0,2,5,35
201400012154,14,7,6,1,1,1,1.0,2.0,0.0,7.0,0.0,0.0,2.0,2.0,1,1,3.0,2.0,2.0,0.0,0.0,68.0,1,0.0,1.0,2,1,4,0,0,0,0,4,2,0,2,0,0,0,2,0,2,1,1,0,0,3,11,0
201300003855,13,11,10,2,2,1,1.0,7.0,0.0,7.0,0.0,8.0,0.0,14.0,1,-1,3.0,2.0,2.0,0.0,0.0,50.0,1,0.0,1.0,1,1,3,0,1,0,1,1,0,2,1,0,0,2,0,1,0,1,0,0,0,3,17,30
201400005587,14,9,26,1,2,1,1.0,6.0,0.0,31.0,0.0,8.0,0.0,1.0,1,2,4.0,2.0,1.0,0.0,0.0,0.0,1,0.0,4.0,1,2,1,0,0,0,0,1,0,0,1,0,0,0,1,0,0,1,0,0,0,2,18,30
201000026439,10,12,10,1,1,1,1.0,7.0,0.0,33.0,0.0,5.0,0.0,1.0,1,2,4.0,2.0,2.0,1.0,0.0,60.0,1,0.0,1.0,1,3,1,0,0,0,0,1,0,1,0,0,0,1,0,0,0,0,0,1,0,3,12,40
200500015974,5,3,28,1,2,1,1.0,7.0,0.0,5.0,0.0,6.0,0.0,1.0,1,2,4.0,2.0,2.0,1.0,0.0,0.0,1,0.0,1.0,1,2,1,0,0,0,0,1,1,0,0,0,0,0,0,1,0,1,0,0,0,2,19,0
200900037065,9,3,17,1,1,2,1.0,3.0,0.0,33.0,0.0,0.0,2.0,19.0,1,2,3.0,2.0,2.0,3.0,0.0,72.0,1,0.0,1.0,2,3,4,0,0,0,0,4,2,0,0,0,2,2,0,2,0,1,1,0,0,3,7,45
200700028855,7,5,5,1,2,1,1.0,6.0,0.0,7.0,0.0,0.0,2.0,17.0,1,1,4.0,2.0,2.0,1.0,0.0,0.0,1,0.0,1.0,1,1,2,0,0,1,0,1,0,0,1,0,1,0,0,2,0,1,0,0,0,2,13,19
201500014920,15,8,10,5,2,1,1.0,2.0,0.0,30.0,0.0,0.0,2.0,1.0,1,2,4.0,2.0,5.0,1.0,0.0,125.0,1,0.0,1.0,2,2,2,0,0,0,0,2,0,0,2,0,0,2,0,0,0,0,1,0,0,2,21,20
201200041320,12,9,29,1,2,1,7.0,6.0,0.0,7.0,0.0,0.0,1.0,1.0,1,1,4.0,2.0,2.0,1.0,0.0,0.0,-1,0.0,1.0,1,1,2,0,0,1,0,1,1,0,1,0,0,1,0,0,1,1,0,0,0,2,17,45
201400042717,14,1,12,5,2,1,5.0,6.0,0.0,7.0,0.0,2.0,0.0,1.0,1,1,4.0,1.0,1.0,1.0,0.0,50.0,1,0.0,1.0,1,3,1,1,0,0,1,1,0,0,2,0,0,0,0,2,0,1,0,0,0,3,2,50
201600017663,16,6,26,1,2,1,1.0,6.0,0.0,10.0,0.0,0.0,1.0,4.0,1,1,5.0,2.0,1.0,1.0,0.0,30.0,1,0.0,1.0,1,1,1,1,0,1,0,1,0,0,1,1,0,1,0,0,1,0,1,0,0,3,16,15
201500002814,15,5,12,1,1,2,1.0,3.0,0.0,7.0,0.0,0.0,9.0,1.0,1,1,3.0,2.0,2.0,0.0,0.0,0.0,1,0.0,1.0,2,1,4,0,0,0,0,4,0,0,4,0,0,0,0,2,2,1,0,0,0,3,17,45
201400056775,14,5,31,1,2,3,1.0,2.0,0.0,32.0,0.0,0.0,2.0,17.0,1,2,4.0,2.0,2.0,1.0,0.0,0.0,1,0.0,1.0,2,2,4,0,0,0,0,4,0,0,2,0,2,4,0,0,0,1,0,0,0,2,6,10
200600036731,6,6,2,1,2,3,1.0,3.0,0.0,5.0,0.0,0.0,2.0,1.0,1,-1,2.0,2.0,2.0,1.0,30.0,30.0,1,0.0,1.0,2,3,4,2,2,0,0,4,0,6,0,0,0,4,2,0,0,1,1,0,0,3,19,10
201500021395,15,4,2,3,1,1,1.0,6.0,0.0,7.0,0.0,3.0,0.0,12.0,1,1,2.0,3.0,2.0,1.0,35.0,70.0,1,0.0,3.0,1,3,1,0,0,0,0,1,0,0,1,0,0,0,0,1,0,1,0,0,0,3,23,45