Num_Acc,an,mois,jour,lum,agg,int,atm,col,senc,catv,occutc,obs,obsm,manv,catu,secu,catr,circ,nbv,prof,lartpc,larrout,surf,infra,situ,nb_veh,grav_simpl,Homme,Femme,Arrière,Autre_x,Avant,Conducteur,Autre_y,Inconnu,Loisirs,Professionnel,Travail,Adulte,Enfant,Jeune,Senior,choc_avant,choc_arriere,choc_lateral,choc_multiple,grav_order_max,heure,minute
200800024315,8,5,23,1,2,1,8.0,6.0,0.0,7.0,0.0,1.0,0.0,14.0,1,1,4.0,2.0,0.0,2.0,0.0,47.0,1,0.0,1.0,1,2,1,0,0,0,0,1,0,0,0,0,1,1,0,0,0,1,0,0,0,2,15,30
201600047435,16,3,21,1,1,1,1.0,4.0,1.0,7.0,0.0,0.0,2.0,2.0,1,1,1.0,3.0,6.0,3.0,15.0,210.0,1,0.0,1.0,3,1,9,0,0,0,0,9,0,9,0,0,0,6,0,3,0,1,1,0,0,2,9,17
201400025009,14,8,23,1,2,9,9.0,3.0,0.0,31.0,0.0,0.0,2.0,1.0,1,2,4.0,4.0,0.0,2.0,0.0,0.0,-1,5.0,1.0,2,3,4,0,0,0,0,4,0,4,0,0,0,0,0,4,0,1,0,1,0,3,14,15
200600067397,6,11,8,1,2,3,1.0,3.0,0.0,1.0,0.0,0.0,2.0,1.0,1,-1,4.0,1.0,1.0,1.0,0.0,0.0,1,0.0,1.0,2,2,2,2,0,0,0,4,0,0,4,0,0,2,0,0,2,1,0,0,0,2,13,45
201000055351,10,10,28,2,1,1,8.0,5.0,0.0,7.0,0.0,0.0,0.0,1.0,1,1,1.0,3.0,2.0,1.0,10.0,70.0,1,0.0,1.0,3,1,9,0,0,0,0,9,3,0,0,0,6,3,0,6,0,1,1,0,0,2,8,23
200500063803,5,10,9,1,2,1,1.0,5.0,0.0,7.0,0.0,0.0,2.0,15.0,1,1,2.0,2.0,0.0,1.0,0.0,97.0,1,0.0,1.0,3,3,6,9,0,0,6,9,0,12,3,0,0,3,0,6,6,1,0,0,0,3,18,0
201300038373,13,4,20,1,2,1,1.0,6.0,0.0,7.0,0.0,0.0,1.0,15.0,1,1,6.0,0.0,0.0,1.0,0.0,0.0,1,0.0,0.0,1,1,0,2,0,1,0,1,2,0,0,0,0,1,0,0,1,1,0,0,0,3,12,0
201600029861,16,9,26,1,2,1,1.0,6.0,1.0,7.0,0.0,0.0,1.0,1.0,1,1,4.0,1.0,1.0,1.0,0.0,109.0,1,0.0,1.0,1,1,1,1,0,1,0,1,1,1,0,0,0,1,1,0,0,1,0,0,0,3,17,55
200600003384,6,1,21,1,2,1,1.0,6.0,0.0,7.0,0.0,0.0,1.0,2.0,1,1,4.0,1.0,1.0,1.0,0.0,0.0,-1,0.0,0.0,1,1,2,0,0,1,0,1,0,1,1,0,0,0,1,1,0,0,0,0,0,2,14,55
201700034390,17,11,3,1,2,1,1.0,7.0,0.0,33.0,0.0,15.0,0.0,1.0,1,2,4.0,2.0,2.0,1.0,0.0,0.0,1,0.0,4.0,1,3,1,0,0,0,0,1,0,0,0,0,1,1,0,0,0,1,0,0,0,3,13,40
201100014864,11,10,11,1,2,1,1.0,6.0,0.0,7.0,0.0,0.0,1.0,1.0,1,1,4.0,1.0,2.0,0.0,0.0,0.0,1,0.0,1.0,1,1,1,1,0,1,0,1,0,0,1,0,1,1,0,1,0,1,0,0,0,2,18,15
201700001438,17,6,29,1,2,1,1.0,7.0,0.0,1.0,0.0,0.0,0.0,0.0,1,0,4.0,2.0,2.0,2.0,0.0,0.0,1,0.0,1.0,1,3,1,0,0,0,0,1,0,0,1,0,0,0,1,0,0,0,0,0,0,3,16,24
201600026046,16,11,17,5,2,1,1.0,2.0,1.0,7.0,0.0,0.0,2.0,1.0,1,1,4.0,2.0,2.0,1.0,0.0,0.0,1,0.0,1.0,2,1,4,0,0,0,0,4,0,0,0,0,4,4,0,0,0,1,1,0,0,2,18,30
201700016544,17,2,14,1,1,1,1.0,1.0,1.0,7.0,0.0,0.0,2.0,1.0,1,1,3.0,2.0,2.0,1.0,0.0,63.0,1,0.0,1.0,2,2,2,2,0,0,0,4,2,0,2,0,0,2,0,0,2,1,0,0,0,3,18,0
201000061472,10,6,24,1,2,1,1.0,6.0,0.0,10.0,0.0,0.0,1.0,4.0,1,-1,4.0,1.0,1.0,1.0,0.0,120.0,1,0.0,0.0,1,1,1,1,0,1,0,1,1,0,0,1,0,2,0,0,0,0,1,0,0,2,12,5
200700036170,7,6,15,1,2,2,1.0,3.0,0.0,7.0,0.0,0.0,2.0,1.0,1,1,4.0,1.0,3.0,1.0,0.0,90.0,1,3.0,1.0,2,2,4,0,0,0,0,4,0,0,0,4,0,4,0,0,0,1,0,0,0,2,9,30
201700021388,17,8,4,1,2,1,1.0,6.0,1.0,7.0,0.0,0.0,1.0,0.0,3,-1,4.0,2.0,2.0,0.0,0.0,88.0,1,0.0,1.0,1,2,0,1,0,1,0,0,0,1,0,0,0,0,1,0,0,1,0,0,0,2,16,35
201200025108,12,5,25,1,2,5,1.0,6.0,0.0,7.0,0.0,7.0,0.0,0.0,1,-1,4.0,3.0,8.0,1.0,0.0,0.0,1,0.0,1.0,1,3,0,1,0,0,0,1,0,0,0,1,0,1,0,0,0,1,0,0,0,3,8,5
200700076807,7,12,14,1,2,1,1.0,2.0,0.0,2.0,0.0,0.0,2.0,2.0,1,2,4.0,2.0,2.0,1.0,0.0,0.0,1,0.0,1.0,2,2,4,0,0,0,0,4,0,0,4,0,0,0,0,2,2,1,1,0,0,2,10,10
200500034790,5,6,10,1,2,1,1.0,6.0,0.0,7.0,0.0,0.0,1.0,1.0,1,1,4.0,1.0,1.0,1.0,0.0,44.0,1,0.0,1.0,1,1,1,1,0,1,0,1,0,0,2,0,0,0,1,1,0,1,0,0,0,2,19,10
201000028055,10,3,20,1,2,1,1.0,3.0,0.0,7.0,0.0,0.0,2.0,15.0,1,1,4.0,2.0,3.0,1.0,0.0,100.0,1,0.0,1.0,2,1,4,2,0,0,2,4,2,0,4,0,0,0,4,2,0,1,0,0,0,2,15,50
200900026880,9,10,9,1,2,2,1.0,3.0,0.0,2.0,0.0,0.0,2.0,13.0,2,2,4.0,1.0,3.0,1.0,0.0,140.0,1,0.0,1.0,2,2,6,0,0,0,2,4,0,0,4,2,0,2,0,4,0,0,1,1,0,2,17,30
201200020801,12,9,23,5,2,1,1.0,7.0,0.0,7.0,0.0,15.0,0.0,1.0,1,1,4.0,1.0,2.0,0.0,0.0,0.0,-1,0.0,1.0,1,3,1,0,0,0,0,1,0,0,1,0,0,0,0,1,0,1,0,0,0,3,5,41
200800040013,8,7,25,1,2,1,1.0,3.0,0.0,7.0,0.0,0.0,2.0,15.0,1,1,4.0,2.0,2.0,1.0,0.0,45.0,1,0.0,1.0,2,1,2,2,0,0,0,4,0,0,2,0,2,2,0,2,0,1,0,1,0,2,14,30
201000002403,10,9,20,3,1,1,1.0,7.0,0.0,7.0,0.0,2.0,0.0,14.0,1,1,3.0,2.0,2.0,0.0,0.0,48.0,1,0.0,1.0,1,3,1,0,0,0,0,1,0,0,1,0,0,1,0,0,0,1,0,0,0,3,5,0
200600025255,6,5,12,1,2,9,1.0,6.0,0.0,7.0,0.0,0.0,1.0,1.0,1,1,4.0,2.0,2.0,4.0,0.0,60.0,1,0.0,1.0,1,1,0,2,0,1,0,1,0,0,2,0,0,0,0,0,2,0,0,1,0,2,9,50
200700055764,7,9,13,1,2,1,1.0,3.0,0.0,7.0,0.0,0.0,2.0,13.0,1,-1,4.0,2.0,2.0,1.0,0.0,45.0,1,0.0,1.0,2,2,2,2,0,0,0,4,2,0,0,2,0,2,0,2,0,1,0,1,0,2,17,0
201300002584,13,1,12,3,1,1,1.0,6.0,0.0,30.0,0.0,13.0,0.0,1.0,1,2,3.0,2.0,2.0,0.0,0.0,0.0,1,0.0,1.0,1,3,1,0,0,0,0,1,1,0,0,0,0,1,0,0,0,1,0,0,0,3,23,0
201400035092,14,2,7,1,2,2,2.0,3.0,0.0,7.0,0.0,0.0,2.0,7.0,1,1,4.0,1.0,1.0,1.0,0.0,50.0,1,0.0,1.0,2,1,4,0,0,0,0,4,0,0,2,2,0,2,2,0,0,1,1,0,0,2,13,45
200900001550,9,3,5,5,2,1,1.0,7.0,0.0,1.0,0.0,0.0,0.0,1.0,1,-1,4.0,1.0,1.0,1.0,0.0,52.0,1,0.0,1.0,1,2,1,0,0,0,0,1,0,0,1,0,0,1,0,0,0,1,0,0,0,2,22,15
201200054405,12,5,5,2,2,3,3.0,7.0,0.0,1.0,0.0,0.0,0.0,1.0,1,-1,4.0,1.0,4.0,1.0,0.0,0.0,1,0.0,5.0,1,2,0,1,0,0,0,1,0,0,1,0,0,1,0,0,0,0,0,0,0,2,19,15
200600051199,6,9,24,3,2,1,1.0,3.0,0.0,33.0,0.0,0.0,2.0,1.0,1,2,2.0,2.0,2.0,0.0,100.0,80.0,1,5.0,1.0,2,3,4,2,2,0,0,4,0,2,4,0,0,4,0,2,0,1,0,1,0,3,1,0
201200017294,12,4,27,1,2,3,1.0,3.0,0.0,30.0,0.0,0.0,2.0,1.0,1,2,4.0,2.0,2.0,1.0,0.0,60.0,1,0.0,1.0,2,3,2,2,0,0,0,4,2,0,0,0,2,2,2,0,0,1,0,0,0,3,12,15
200900068549,9,6,9,1,2,1,1.0,6.0,0.0,7.0,0.0,0.0,1.0,1.0,1,1,4.0,1.0,1.0,1.0,0.0,30.0,1,0.0,1.0,1,1,2,0,0,1,0,1,1,0,0,0,1,1,1,0,0,1,0,0,0,3,17,20
200500035407,5,6,9,1,2,2,1.0,3.0,0.0,4.0,0.0,0.0,2.0,15.0,1,2,4.0,2.0,2.0,1.0,0.0,60.0,1,0.0,1.0,2,1,2,2,0,0,0,4,0,0,2,2,0,2,0,0,2,1,0,0,0,2,13,50
200700075261,7,12,3,3,1,1,2.0,5.0,0.0,7.0,0.0,0.0,2.0,9.0,1,1,3.0,2.0,2.0,1.0,0.0,72.0,1,0.0,1.0,4,2,12,4,0,0,0,16,0,0,0,4,12,8,0,4,4,1,1,1,0,2,7,30
201300045626,13,10,23,1,1,1,1.0,2.0,0.0,7.0,0.0,0.0,2.0,2.0,1,1,1.0,3.0,3.0,1.0,20.0,75.0,1,3.0,1.0,2,2,0,2,0,0,0,2,0,0,2,0,0,0,0,2,0,1,1,0,0,2,9,40
200900028310,9,9,20,1,1,1,1.0,7.0,0.0,7.0,0.0,2.0,0.0,14.0,1,1,3.0,2.0,2.0,1.0,0.0,80.0,1,0.0,3.0,1,1,1,1,0,0,1,1,0,0,2,0,0,0,0,0,2,0,0,1,0,3,17,0
200900012724,9,7,20,1,2,5,1.0,6.0,0.0,33.0,0.0,0.0,1.0,16.0,3,-1,4.0,2.0,2.0,1.0,0.0,120.0,1,0.0,1.0,1,2,1,1,0,1,0,1,0,0,0,0,2,1,0,1,0,1,0,0,0,2,9,59
201700005944,17,10,20,1,2,1,1.0,6.0,2.0,7.0,0.0,0.0,1.0,1.0,1,1,3.0,2.0,2.0,2.0,0.0,0.0,1,0.0,1.0,1,1,1,1,0,1,0,1,0,0,2,0,0,1,1,0,0,1,0,0,0,2,17,35
201600025622,16,1,9,1,2,1,1.0,2.0,0.0,30.0,0.0,0.0,2.0,1.0,1,2,4.0,2.0,2.0,1.0,0.0,0.0,1,0.0,1.0,2,3,4,0,0,0,0,4,4,0,0,0,0,0,0,2,2,1,1,0,0,3,15,45
200600057473,6,9,26,5,2,6,1.0,3.0,0.0,7.0,0.0,0.0,2.0,9.0,1,1,4.0,2.0,0.0,1.0,0.0,500.0,1,5.0,1.0,2,2,4,2,2,0,0,4,0,2,4,0,0,0,0,6,0,1,0,0,0,2,21,10
200700004062,7,1,3,5,2,1,1.0,6.0,0.0,7.0,0.0,1.0,0.0,1.0,1,1,4.0,2.0,2.0,1.0,0.0,60.0,1,0.0,1.0,1,2,1,0,0,0,0,1,0,0,1,0,0,0,0,0,1,1,0,0,0,2,20,53
200600019986,6,4,3,1,2,1,1.0,5.0,0.0,7.0,0.0,0.0,2.0,24.0,1,-1,4.0,3.0,3.0,1.0,0.0,74.0,1,0.0,1.0,3,1,9,0,0,0,0,9,3,6,0,0,0,6,3,0,0,1,0,1,0,2,8,10
200600043007,6,7,22,1,2,1,7.0,1.0,0.0,7.0,0.0,0.0,2.0,15.0,1,1,2.0,2.0,2.0,1.0,0.0,59.0,1,0.0,1.0,2,1,4,2,0,0,2,4,0,2,4,0,0,2,0,4,0,1,0,0,0,3,14,30
201000057840,10,11,29,1,2,1,1.0,3.0,0.0,7.0,0.0,0.0,2.0,15.0,1,1,4.0,2.0,2.0,1.0,0.0,63.0,1,0.0,1.0,2,1,4,0,0,0,0,4,4,0,0,0,0,0,0,2,2,1,0,1,0,2,19,48
201000038535,10,2,27,1,1,1,1.0,1.0,0.0,7.0,0.0,0.0,2.0,1.0,1,1,3.0,2.0,3.0,1.0,0.0,100.0,1,0.0,1.0,2,2,8,2,4,0,2,4,0,0,10,0,0,6,4,0,0,1,0,0,0,3,19,25
201700030708,17,6,17,1,1,3,1.0,5.0,2.0,7.0,0.0,0.0,2.0,19.0,1,1,3.0,2.0,2.0,1.0,0.0,0.0,1,0.0,1.0,3,3,9,3,0,0,3,9,0,0,12,0,0,6,0,3,3,1,0,1,0,3,11,10
200600017518,6,4,11,1,1,1,1.0,6.0,0.0,2.0,0.0,0.0,5.0,1.0,1,2,3.0,2.0,2.0,1.0,0.0,40.0,1,0.0,1.0,1,3,1,0,0,0,0,1,0,0,1,0,0,0,1,0,0,1,0,0,0,3,14,45
201100003038,11,7,2,1,1,1,1.0,1.0,0.0,7.0,0.0,0.0,2.0,13.0,1,1,3.0,2.0,0.0,1.0,0.0,50.0,1,0.0,1.0,2,1,4,0,0,0,0,4,2,0,0,0,2,2,0,2,0,1,0,0,0,3,20,45
201500052440,15,7,9,1,2,1,1.0,3.0,0.0,33.0,0.0,0.0,2.0,17.0,1,2,4.0,2.0,2.0,1.0,0.0,140.0,1,0.0,1.0,2,2,2,2,0,0,0,4,0,0,0,2,2,2,0,0,2,1,1,0,0,2,15,25
200600018338,6,4,19,1,1,1,1.0,6.0,0.0,7.0,0.0,4.0,0.0,1.0,1,-1,3.0,2.0,2.0,4.0,0.0,0.0,1,5.0,1.0,1,3,1,0,0,0,0,1,0,1,0,0,0,0,0,0,1,1,0,0,0,3,7,15
200700076151,7,12,8,3,1,1,1.0,1.0,0.0,7.0,0.0,0.0,2.0,1.0,1,1,3.0,2.0,2.0,1.0,0.0,45.0,1,0.0,1.0,2,2,4,2,0,0,2,4,0,2,4,0,0,4,0,2,0,1,0,0,0,2,1,30
201700027805,17,4,24,1,2,1,1.0,7.0,0.0,33.0,0.0,0.0,0.0,0.0,1,2,4.0,2.0,2.0,1.0,0.0,0.0,1,0.0,1.0,1,2,1,0,0,0,0,1,0,1,0,0,0,0,0,1,0,0,0,0,0,2,9,0
200700027706,7,5,29,1,2,1,1.0,7.0,0.0,34.0,0.0,9.0,0.0,1.0,1,2,4.0,2.0,2.0,1.0,19.0,90.0,1,0.0,1.0,1,2,2,0,0,0,1,1,0,1,1,0,0,0,1,1,0,1,0,0,0,3,20,50
200900072229,9,2,2,1,1,1,1.0,1.0,0.0,7.0,0.0,3.0,2.0,13.0,1,1,2.0,2.0,2.0,2.0,0.0,70.0,1,0.0,1.0,2,1,2,4,0,0,2,4,4,0,2,0,0,4,0,0,2,1,0,0,0,2,16,45
201500038509,15,1,23,1,2,2,1.0,6.0,0.0,7.0,0.0,0.0,1.0,0.0,1,1,4.0,1.0,0.0,1.0,0.0,0.0,1,0.0,1.0,1,1,1,1,0,1,0,1,0,1,0,1,0,1,0,0,1,0,0,0,0,2,11,35
200900027128,9,10,16,1,2,1,1.0,2.0,0.0,10.0,0.0,0.0,2.0,2.0,1,1,4.0,1.0,3.0,1.0,15.0,105.0,1,0.0,1.0,2,1,4,0,0,0,0,4,2,0,0,0,2,2,0,2,0,1,1,0,0,3,8,50
200600036770,6,6,2,1,2,4,1.0,3.0,0.0,7.0,0.0,15.0,2.0,1.0,1,-1,4.0,1.0,2.0,1.0,5.0,60.0,1,5.0,1.0,2,2,4,0,0,0,0,4,0,4,0,0,0,0,0,4,0,1,0,0,0,2,21,5
201400022779,14,10,11,1,2,2,1.0,3.0,0.0,7.0,0.0,0.0,2.0,1.0,1,-1,4.0,1.0,2.0,1.0,0.0,64.0,1,0.0,1.0,2,2,4,6,4,0,2,4,0,10,0,0,0,2,2,4,2,1,0,1,0,2,14,30
201700055114,17,4,19,1,2,3,1.0,6.0,1.0,1.0,0.0,0.0,1.0,1.0,1,0,4.0,1.0,2.0,2.0,10.0,100.0,1,0.0,1.0,1,1,1,1,0,1,0,1,1,0,0,0,1,1,1,0,0,1,0,0,0,2,17,29
200600058737,6,10,15,3,2,1,1.0,2.0,0.0,7.0,0.0,0.0,2.0,1.0,1,-1,3.0,2.0,2.0,1.0,0.0,63.0,1,0.0,1.0,2,3,10,2,4,0,4,4,0,8,4,0,0,2,0,10,0,1,1,0,0,3,5,15
201500024625,15,11,17,1,2,1,1.0,6.0,0.0,40.0,0.0,0.0,1.0,1.0,1,1,4.0,2.0,2.0,1.0,0.0,90.0,1,0.0,4.0,1,1,0,2,0,1,0,1,0,0,1,1,0,0,0,1,1,1,0,0,0,2,11,40
201500002111,15,6,2,1,1,1,1.0,1.0,0.0,7.0,0.0,0.0,0.0,0.0,1,1,4.0,2.0,0.0,0.0,0.0,0.0,1,0.0,1.0,2,1,4,0,0,0,0,4,0,4,0,0,0,0,0,0,4,1,0,0,0,3,17,0
201500044265,15,1,1,1,1,9,1.0,1.0,0.0,7.0,0.0,0.0,0.0,1.0,1,1,2.0,2.0,2.0,1.0,0.0,76.0,1,0.0,1.0,2,2,4,0,0,0,0,4,0,0,4,0,0,2,0,2,0,1,0,0,0,2,13,0
201700018047,17,9,8,1,2,1,1.0,2.0,2.0,7.0,0.0,8.0,2.0,1.0,1,1,3.0,2.0,2.0,1.0,0.0,0.0,1,0.0,1.0,2,3,2,2,0,0,0,4,0,0,4,0,0,2,0,0,2,1,1,0,0,3,14,45
201200009122,12,4,21,2,1,1,1.0,7.0,0.0,7.0,0.0,13.0,0.0,1.0,1,0,3.0,2.0,2.0,1.0,0.0,50.0,1,0.0,3.0,1,3,1,0,0,0,0,1,0,0,1,0,0,1,0,0,0,1,0,0,0,3,19,45
200600079114,6,12,23,5,2,1,1.0,3.0,0.0,7.0,0.0,0.0,9.0,15.0,1,1,4.0,2.0,3.0,1.0,0.0,120.0,1,5.0,1.0,2,1,2,2,0,0,0,4,0,0,4,0,0,2,0,2,0,1,0,0,0,2,17,55
201400044501,14,6,25,1,2,3,1.0,3.0,0.0,33.0,0.0,0.0,2.0,1.0,1,2,4.0,2.0,2.0,1.0,0.0,0.0,1,0.0,1.0,2,2,2,0,0,0,0,2,0,0,2,0,0,0,0,2,0,1,0,0,0,2,20,0
201200000399,12,7,18,1,1,1,1.0,7.0,0.0,33.0,0.0,0.0,0.0,1.0,1,2,3.0,2.0,2.0,1.0,0.0,60.0,1,0.0,1.0,1,3,1,0,0,0,0,1,0,0,1,0,0,0,0,1,0,0,0,0,1,3,15,0
200700069876,7,11,8,5,2,1,1.0,6.0,0.0,7.0,0.0,2.0,0.0,1.0,1,1,4.0,1.0,3.0,1.0,0.0,0.0,1,0.0,1.0,1,3,2,0,0,0,1,1,0,1,1,0,0,0,0,2,0,1,0,0,0,3,5,0
200800025409,8,5,4,1,2,2,1.0,3.0,0.0,7.0,0.0,0.0,2.0,15.0,1,1,3.0,0.0,0.0,0.0,0.0,0.0,-1,0.0,0.0,2,1,2,4,2,0,0,4,0,2,4,0,0,4,2,0,0,1,0,0,0,2,17,0
200900044452,9,5,23,1,2,1,1.0,3.0,0.0,7.0,0.0,0.0,2.0,10.0,1,1,4.0,2.0,2.0,1.0,0.0,60.0,1,0.0,1.0,2,1,4,0,0,0,0,4,0,4,0,0,0,2,0,2,0,1,0,1,0,2,18,30
201400027294,14,11,28,2,2,3,1.0,3.0,0.0,7.0,0.0,0.0,2.0,15.0,1,1,4.0,2.0,2.0,4.0,0.0,80.0,1,0.0,0.0,2,3,4,0,0,0,0,4,0,2,0,0,2,2,0,2,0,1,0,0,0,3,7,5
201200037509,12,7,21,1,2,3,1.0,6.0,0.0,30.0,0.0,12.0,0.0,1.0,1,-1,3.0,-1.0,2.0,-1.0,0.0,-1.0,-1,0.0,-1.0,1,3,1,0,0,0,0,1,0,1,0,0,0,0,0,1,0,1,0,0,0,3,7,30
201200049227,12,3,8,1,1,1,1.0,4.0,0.0,7.0,0.0,0.0,2.0,2.0,1,1,1.0,3.0,2.0,1.0,0.0,-1.0,1,0.0,1.0,3,1,9,0,0,0,0,9,0,0,3,3,3,0,0,9,0,1,1,0,0,2,17,30
201300047937,13,1,18,1,2,3,1.0,3.0,0.0,7.0,0.0,0.0,2.0,1.0,1,1,4.0,2.0,2.0,1.0,0.0,69.0,1,0.0,1.0,2,2,2,2,0,0,0,4,4,0,0,0,0,4,0,0,0,1,0,1,0,2,16,15
201200024361,12,9,7,5,2,2,1.0,1.0,0.0,7.0,0.0,0.0,2.0,0.0,1,1,4.0,-1.0,2.0,-1.0,0.0,-1.0,1,0.0,1.0,2,1,4,0,0,0,0,4,0,0,2,2,0,2,0,2,0,1,0,0,0,2,22,33
201400020837,14,1,23,1,2,1,2.0,6.0,0.0,30.0,0.0,0.0,2.0,17.0,1,2,3.0,2.0,2.0,1.0,20.0,60.0,1,0.0,1.0,2,2,4,0,0,0,0,4,0,2,0,2,0,2,2,0,0,0,0,1,0,2,8,45
201300012465,13,7,9,1,1,1,1.0,2.0,0.0,15.0,0.0,0.0,2.0,1.0,1,1,1.0,3.0,2.0,1.0,35.0,80.0,1,0.0,1.0,2,1,4,0,0,0,0,4,0,0,0,2,2,4,0,0,0,1,1,0,0,4,8,45
200900026385,9,8,22,1,1,1,1.0,7.0,0.0,7.0,0.0,0.0,0.0,1.0,2,1,1.0,0.0,4.0,1.0,0.0,0.0,1,0.0,1.0,1,1,3,1,2,0,1,1,0,0,4,0,0,2,2,0,0,0,0,0,1,3,17,30
201100020718,11,9,16,1,2,1,1.0,6.0,0.0,7.0,0.0,0.0,1.0,1.0,1,1,4.0,2.0,2.0,1.0,0.0,80.0,1,0.0,1.0,1,1,1,1,0,1,0,1,1,0,1,0,0,0,1,0,1,1,0,0,0,2,12,20
201200055972,12,2,15,5,2,2,2.0,7.0,0.0,32.0,0.0,0.0,0.0,21.0,1,2,4.0,2.0,2.0,1.0,100.0,100.0,1,5.0,1.0,1,2,1,0,0,0,0,1,0,0,0,0,1,1,0,0,0,0,0,0,0,2,22,5
201300023724,13,5,15,1,2,3,1.0,3.0,0.0,7.0,0.0,0.0,2.0,4.0,1,-1,4.0,2.0,4.0,1.0,0.0,0.0,1,0.0,1.0,2,1,2,2,0,0,0,4,0,2,0,2,0,2,0,2,0,1,1,0,0,2,9,10
201200045463,12,12,28,1,2,2,1.0,6.0,0.0,7.0,0.0,0.0,2.0,1.0,1,1,4.0,1.0,1.0,1.0,0.0,60.0,1,0.0,1.0,2,1,2,2,0,0,0,4,0,0,4,0,0,4,0,0,0,1,0,0,0,2,15,45
201200056425,12,3,6,1,2,3,1.0,3.0,0.0,30.0,0.0,0.0,2.0,5.0,1,2,4.0,2.0,2.0,1.0,0.0,92.0,1,0.0,1.0,2,2,2,2,0,0,0,4,2,0,0,0,2,0,0,4,0,1,0,1,0,2,17,55
200700039192,7,6,23,1,2,1,8.0,5.0,0.0,7.0,0.0,0.0,0.0,1.0,1,-1,4.0,3.0,2.0,1.0,0.0,92.0,1,0.0,1.0,3,1,9,6,3,0,3,9,3,6,3,3,0,6,0,9,0,1,1,0,0,3,15,35
200600011365,6,3,26,5,2,1,1.0,6.0,0.0,7.0,0.0,0.0,2.0,1.0,1,1,4.0,2.0,2.0,1.0,0.0,64.0,1,0.0,1.0,2,1,4,2,0,0,2,4,0,4,0,0,2,6,0,0,0,1,1,0,0,2,1,15
201300040766,13,7,3,1,2,1,1.0,3.0,0.0,7.0,0.0,0.0,2.0,11.0,1,1,4.0,0.0,2.0,1.0,0.0,200.0,1,0.0,1.0,2,3,4,2,0,0,2,4,0,6,0,0,0,6,0,0,0,1,0,0,0,3,16,55
201100063451,11,10,25,1,2,5,1.0,3.0,0.0,33.0,0.0,0.0,2.0,1.0,1,2,4.0,1.0,3.0,1.0,0.0,0.0,1,0.0,1.0,2,2,4,0,0,0,0,4,2,2,0,0,0,2,0,2,0,1,0,0,0,2,10,40
201700000868,17,3,4,1,1,1,8.0,7.0,2.0,33.0,0.0,5.0,0.0,1.0,1,2,3.0,2.0,2.0,2.0,0.0,53.0,1,0.0,1.0,1,1,2,0,0,0,1,1,0,0,2,0,0,0,1,1,0,1,0,0,0,2,8,45
201500011658,15,3,23,3,1,1,1.0,6.0,0.0,7.0,0.0,0.0,1.0,1.0,1,1,1.0,3.0,3.0,1.0,30.0,240.0,1,0.0,1.0,2,2,8,0,0,2,4,2,0,4,2,2,0,8,0,0,0,1,0,0,0,4,0,1
201000033058,10,10,22,2,2,2,1.0,3.0,0.0,2.0,0.0,0.0,2.0,1.0,1,2,4.0,2.0,4.0,2.0,0.0,120.0,1,0.0,1.0,2,2,4,0,0,0,0,4,0,0,0,0,4,0,2,2,0,1,0,1,0,2,7,36
201300048896,13,3,24,1,1,1,8.0,6.0,0.0,7.0,0.0,7.0,0.0,17.0,1,-1,1.0,3.0,4.0,1.0,40.0,140.0,0,0.0,3.0,1,2,0,1,0,0,0,1,0,0,1,0,0,1,0,0,0,0,0,0,1,2,9,45
201700002518,17,10,16,1,1,1,7.0,2.0,1.0,7.0,0.0,0.0,2.0,15.0,1,1,3.0,2.0,2.0,1.0,0.0,0.0,1,0.0,1.0,2,1,2,8,0,4,2,4,8,0,0,0,2,4,4,2,0,1,1,0,0,3,16,5
200700040996,7,7,6,1,1,1,1.0,1.0,0.0,2.0,0.0,0.0,2.0,17.0,1,-1,3.0,2.0,0.0,1.0,0.0,54.0,1,0.0,1.0,2,4,4,0,0,0,0,4,0,0,2,2,0,2,2,0,0,1,0,0,0,4,13,30
200500070921,5,11,5,3,1,1,1.0,7.0,0.0,7.0,0.0,5.0,0.0,1.0,1,0,3.0,2.0,2.0,0.0,0.0,0.0,1,0.0,3.0,1,4,1,0,0,0,0,1,0,0,0,0,1,1,0,0,0,1,0,0,0,4,21,30
201400026174,14,1,16,2,1,2,1.0,3.0,0.0,2.0,0.0,0.0,2.0,1.0,1,2,4.0,1.0,1.0,1.0,0.0,60.0,1,0.0,1.0,2,2,4,0,0,0,0,4,0,0,4,0,0,0,2,0,2,1,0,0,0,2,17,30
201000019256,10,5,3,1,2,1,1.0,6.0,0.0,7.0,0.0,0.0,2.0,1.0,1,1,4.0,0.0,2.0,1.0,40.0,20.0,1,0.0,1.0,1,1,1,1,0,1,0,1,0,0,2,0,0,1,0,1,0,0,0,0,0,2,12,20
201600025645,16,1,25,1,2,1,1.0,6.0,1.0,7.0,0.0,1.0,2.0,12.0,1,1,4.0,2.0,0.0,1.0,0.0,120.0,1,0.0,1.0,1,2,0,1,0,0,0,1,0,0,0,0,1,1,0,0,0,1,0,0,0,2,9,0
201500016712,15,1,15,1,1,1,2.0,3.0,0.0,7.0,0.0,0.0,2.0,10.0,1,1,3.0,2.0,2.0,1.0,0.0,80.0,1,0.0,1.0,2,1,6,0,0,0,2,4,0,2,0,2,2,2,0,4,0,1,0,1,0,3,10,0