Num_Acc,an,mois,jour,lum,agg,int,atm,col,senc,catv,occutc,obs,obsm,manv,catu,secu,catr,circ,nbv,prof,lartpc,larrout,surf,infra,situ,nb_veh,grav_simpl,Homme,Femme,Arrière,Autre_x,Avant,Conducteur,Autre_y,Inconnu,Loisirs,Professionnel,Travail,Adulte,Enfant,Jeune,Senior,choc_avant,choc_arriere,choc_lateral,choc_multiple,grav_order_max,heure,minute
201400029798,14,8,3,5,2,1,1.0,7.0,0.0,37.0,100.0,0.0,1.0,1.0,1,-1,4.0,2.0,2.0,2.0,0.0,0.0,1,0.0,1.0,1,1,0,5,0,4,0,1,0,0,3,2,0,3,0,0,2,1,0,0,0,4,1,28
200700079365,7,12,12,3,1,1,2.0,6.0,0.0,15.0,0.0,1.0,0.0,1.0,1,1,2.0,3.0,4.0,1.0,0.0,640.0,1,0.0,1.0,1,2,1,0,0,0,0,1,0,0,0,1,0,1,0,0,0,1,0,0,0,2,4,55
200600060353,6,10,2,1,1,1,1.0,3.0,0.0,7.0,0.0,0.0,2.0,1.0,1,1,4.0,2.0,4.0,1.0,0.0,100.0,1,0.0,1.0,2,1,2,2,0,0,0,4,0,0,2,2,0,4,0,0,0,0,0,1,0,2,12,10
200800017092,8,4,18,1,1,1,9.0,1.0,0.0,31.0,0.0,0.0,2.0,0.0,1,2,3.0,2.0,2.0,2.0,0.0,65.0,1,0.0,1.0,2,3,6,0,0,0,2,4,0,2,0,0,4,2,0,4,0,1,0,0,0,3,7,0
200800016546,8,3,21,3,2,1,4.0,6.0,0.0,2.0,0.0,8.0,0.0,1.0,1,0,3.0,2.0,2.0,1.0,0.0,53.0,0,0.0,1.0,1,4,0,1,0,0,0,1,0,0,1,0,0,0,0,1,0,1,0,0,0,4,21,45
200500030982,5,5,11,1,2,1,1.0,6.0,0.0,7.0,0.0,8.0,0.0,1.0,1,1,3.0,2.0,5.0,0.0,0.0,60.0,1,0.0,3.0,1,2,0,1,0,0,0,1,0,0,1,0,0,1,0,0,0,1,0,0,0,2,13,40
201000012945,10,1,10,3,1,1,1.0,6.0,0.0,7.0,0.0,13.0,0.0,1.0,1,1,3.0,2.0,2.0,2.0,0.0,70.0,1,0.0,3.0,1,4,0,1,0,0,0,1,0,0,1,0,0,0,0,1,0,0,0,1,0,4,1,30
200800060734,8,10,14,1,2,1,1.0,7.0,0.0,7.0,0.0,0.0,1.0,1.0,1,1,3.0,0.0,1.0,1.0,0.0,0.0,1,6.0,4.0,1,1,1,1,0,1,0,1,0,0,0,0,2,2,0,0,0,1,0,0,0,2,13,50
201500012605,15,9,8,1,2,1,1.0,2.0,0.0,33.0,0.0,0.0,2.0,2.0,1,2,4.0,4.0,4.0,1.0,0.0,-1.0,1,0.0,1.0,2,3,0,4,0,0,0,4,0,0,4,0,0,4,0,0,0,1,1,0,0,3,16,37
200600058125,6,9,10,3,1,1,1.0,2.0,0.0,7.0,0.0,0.0,2.0,2.0,1,1,1.0,1.0,3.0,3.0,5.0,105.0,1,0.0,1.0,2,1,4,2,0,0,2,4,0,2,4,0,0,4,0,2,0,0,1,1,0,3,22,0
201300000698,13,9,26,2,1,1,1.0,3.0,0.0,7.0,0.0,0.0,0.0,1.0,1,1,3.0,2.0,2.0,1.0,0.0,60.0,1,0.0,1.0,2,1,4,4,0,0,4,4,0,4,4,0,0,8,0,0,0,1,1,0,0,3,19,15
201500001474,15,10,29,3,1,1,2.0,6.0,0.0,30.0,0.0,0.0,1.0,1.0,1,2,4.0,2.0,2.0,0.0,0.0,40.0,0,0.0,1.0,1,2,2,0,0,1,0,1,1,0,1,0,0,1,0,0,1,0,1,0,0,3,19,45
201300024870,13,9,18,1,1,2,1.0,3.0,0.0,40.0,0.0,0.0,2.0,1.0,1,9,3.0,2.0,4.0,1.0,0.0,120.0,1,5.0,1.0,2,1,2,2,0,0,0,4,0,0,2,2,0,2,0,2,0,1,0,0,0,2,12,15
201500005435,15,12,18,3,1,1,1.0,6.0,0.0,7.0,0.0,2.0,0.0,19.0,1,0,3.0,2.0,1.0,2.0,0.0,42.0,1,0.0,3.0,1,3,1,0,0,0,0,1,0,0,1,0,0,1,0,0,0,1,0,0,0,3,22,0
201600036161,16,10,10,1,1,1,1.0,2.0,1.0,10.0,0.0,0.0,2.0,2.0,1,1,3.0,2.0,2.0,1.0,0.0,60.0,1,0.0,1.0,2,1,4,2,0,0,2,4,4,0,2,0,0,2,2,0,2,1,1,0,0,2,8,49
201000026260,10,6,25,1,2,2,1.0,6.0,0.0,7.0,0.0,0.0,1.0,10.0,1,1,3.0,2.0,4.0,1.0,60.0,186.0,1,0.0,1.0,1,1,0,2,0,1,0,1,2,0,0,0,0,1,0,0,1,1,0,0,0,3,10,0
200900027566,9,6,8,1,1,1,1.0,2.0,0.0,14.0,0.0,0.0,2.0,2.0,2,1,1.0,3.0,0.0,1.0,9.0,121.0,1,0.0,1.0,2,1,8,0,0,0,4,4,0,4,0,4,0,0,0,8,0,1,1,0,0,3,11,15
200900012582,9,7,13,1,2,1,1.0,2.0,0.0,37.0,2.0,0.0,2.0,2.0,1,-1,4.0,1.0,3.0,1.0,10.0,160.0,1,0.0,1.0,2,1,6,0,0,2,0,4,0,4,0,2,0,4,0,2,0,0,1,0,0,2,11,0
200800061868,8,10,29,1,2,1,1.0,6.0,0.0,2.0,0.0,0.0,1.0,1.0,1,2,4.0,2.0,3.0,1.0,0.0,100.0,1,0.0,1.0,1,2,2,0,0,1,0,1,0,0,0,1,1,0,0,1,1,0,0,1,0,2,8,55
201500035015,15,5,1,1,1,1,1.0,1.0,0.0,33.0,0.0,0.0,2.0,13.0,1,2,3.0,2.0,2.0,2.0,0.0,70.0,1,0.0,1.0,2,3,4,0,0,0,0,4,0,2,2,0,0,2,0,2,0,1,0,0,0,3,13,50
200900058151,9,11,24,5,2,1,1.0,2.0,0.0,7.0,0.0,0.0,2.0,2.0,1,1,4.0,3.0,2.0,1.0,26.0,70.0,1,0.0,1.0,2,2,2,2,0,0,0,4,0,0,4,0,0,0,0,2,2,1,1,0,0,2,19,45
201500031922,15,3,22,1,2,1,1.0,3.0,0.0,7.0,0.0,0.0,2.0,15.0,1,1,4.0,2.0,1.0,1.0,0.0,70.0,1,0.0,1.0,2,1,4,0,0,0,0,4,2,2,0,0,0,4,0,0,0,1,0,0,0,2,17,0
201500008162,15,8,15,1,2,1,1.0,1.0,0.0,33.0,0.0,0.0,2.0,1.0,1,2,4.0,2.0,1.0,3.0,0.0,40.0,1,0.0,1.0,2,3,4,0,0,0,0,4,0,0,4,0,0,2,0,0,2,1,0,0,0,3,18,0
200500062227,5,9,18,2,2,4,1.0,3.0,0.0,4.0,0.0,0.0,2.0,1.0,1,2,2.0,2.0,2.0,1.0,43.0,170.0,1,0.0,1.0,2,2,2,2,0,0,0,4,2,0,2,0,0,4,0,0,0,1,0,0,0,2,19,0
201700024333,17,8,7,1,1,1,1.0,6.0,1.0,7.0,0.0,15.0,0.0,1.0,1,1,3.0,2.0,2.0,1.0,0.0,60.0,1,0.0,1.0,1,1,2,1,0,2,0,1,0,0,3,0,0,1,2,0,0,1,0,0,0,3,19,0
200700028266,7,5,16,1,2,1,1.0,6.0,0.0,7.0,0.0,0.0,1.0,1.0,1,1,6.0,2.0,2.0,0.0,0.0,0.0,-1,0.0,1.0,1,1,1,1,0,1,0,1,0,0,2,0,0,0,0,1,1,0,0,0,0,2,18,35
200800038910,8,7,26,5,2,7,3.0,2.0,0.0,7.0,0.0,0.0,2.0,2.0,1,1,4.0,2.0,2.0,1.0,0.0,0.0,1,5.0,0.0,2,1,4,0,0,0,0,4,0,0,2,0,2,2,0,2,0,1,1,0,0,2,23,54
200600052208,6,9,2,1,2,1,1.0,6.0,0.0,2.0,0.0,9.0,0.0,1.0,1,2,6.0,0.0,0.0,1.0,0.0,0.0,1,0.0,1.0,1,3,1,0,0,0,0,1,0,0,1,0,0,0,0,0,1,1,0,0,0,3,19,45
200900042878,9,5,5,1,2,1,1.0,1.0,0.0,7.0,0.0,0.0,2.0,1.0,1,1,3.0,2.0,0.0,2.0,0.0,0.0,1,0.0,1.0,2,2,2,2,0,0,0,4,0,0,0,2,2,4,0,0,0,1,0,0,0,3,8,30
201400014345,14,3,6,1,2,1,1.0,6.0,0.0,30.0,0.0,0.0,0.0,21.0,1,-1,4.0,2.0,0.0,1.0,0.0,0.0,1,0.0,1.0,1,1,1,1,0,0,1,1,0,0,2,0,0,0,0,2,0,0,0,0,0,2,13,30
200600019774,6,4,18,1,2,1,1.0,6.0,0.0,7.0,0.0,0.0,2.0,9.0,1,1,9.0,2.0,2.0,1.0,0.0,0.0,1,0.0,1.0,2,1,4,0,0,0,0,4,0,0,2,2,0,4,0,0,0,1,0,0,0,2,17,16
201100000696,11,12,10,3,2,1,1.0,6.0,0.0,30.0,0.0,14.0,0.0,13.0,1,2,3.0,3.0,2.0,1.0,20.0,67.0,1,0.0,1.0,1,3,1,1,0,0,1,1,0,1,1,0,0,0,0,2,0,1,0,0,0,3,21,15
200800039424,8,7,4,1,2,1,1.0,3.0,0.0,7.0,0.0,0.0,2.0,9.0,1,1,4.0,2.0,2.0,1.0,0.0,100.0,1,0.0,1.0,2,1,2,2,0,0,0,4,2,0,2,0,0,2,0,0,2,1,0,0,0,2,16,55
201700031634,17,9,9,1,1,1,1.0,2.0,2.0,7.0,0.0,0.0,2.0,2.0,1,-1,3.0,2.0,2.0,1.0,0.0,0.0,1,0.0,1.0,2,1,4,2,0,0,2,4,6,0,0,0,0,6,0,0,0,1,1,0,0,2,12,0
200900004085,9,2,26,1,2,1,1.0,7.0,0.0,33.0,0.0,0.0,0.0,9.0,1,2,4.0,2.0,2.0,1.0,0.0,0.0,1,0.0,1.0,1,2,0,1,0,0,0,1,0,1,0,0,0,0,0,1,0,0,0,0,0,2,13,28
201600021993,16,5,13,1,2,1,1.0,3.0,1.0,10.0,0.0,0.0,2.0,9.0,1,-1,4.0,2.0,2.0,1.0,0.0,60.0,1,0.0,1.0,2,1,4,0,0,0,0,4,0,0,0,4,0,2,0,2,0,1,0,0,0,3,7,25
201400003696,14,6,3,1,1,1,1.0,2.0,0.0,10.0,0.0,0.0,2.0,15.0,1,1,3.0,2.0,2.0,3.0,0.0,72.0,1,0.0,1.0,2,1,4,4,4,0,0,4,0,4,2,2,0,2,4,2,0,1,1,0,0,3,17,30
200600071876,6,11,24,1,1,1,1.0,1.0,0.0,7.0,0.0,0.0,2.0,1.0,1,1,3.0,2.0,2.0,2.0,0.0,53.0,1,0.0,1.0,2,3,4,0,0,0,0,4,0,0,2,2,0,2,0,0,2,1,0,0,0,3,17,0
200600001693,6,1,27,1,1,1,1.0,3.0,0.0,1.0,0.0,0.0,2.0,1.0,1,-1,4.0,3.0,2.0,1.0,17.0,93.0,1,0.0,4.0,2,2,4,0,0,0,0,4,0,0,2,2,0,2,0,2,0,1,0,0,0,2,15,35
200800022220,8,4,27,1,2,2,1.0,6.0,0.0,30.0,0.0,1.0,2.0,1.0,1,2,4.0,1.0,4.0,1.0,0.0,140.0,1,5.0,1.0,2,2,4,0,0,0,0,4,0,0,2,2,0,2,0,2,0,1,0,0,0,2,15,0
201500045344,15,4,3,1,1,1,3.0,2.0,0.0,7.0,0.0,0.0,2.0,2.0,1,1,1.0,1.0,3.0,1.0,20.0,205.0,1,3.0,1.0,2,1,2,2,0,0,0,4,0,0,0,0,4,4,0,0,0,1,1,0,0,2,18,30
200600032797,6,6,6,1,2,2,7.0,5.0,0.0,7.0,0.0,0.0,2.0,1.0,1,1,4.0,2.0,0.0,1.0,165.0,50.0,1,5.0,1.0,3,3,0,9,0,0,0,9,3,3,3,0,0,3,0,6,0,1,0,0,0,3,13,15
200500016613,5,3,23,1,2,1,1.0,3.0,0.0,7.0,0.0,0.0,2.0,9.0,1,1,4.0,2.0,2.0,1.0,0.0,60.0,1,0.0,1.0,2,1,0,4,0,0,0,4,0,0,0,4,0,2,0,2,0,1,0,0,0,2,8,30
201500010251,15,12,30,2,2,1,1.0,6.0,0.0,7.0,0.0,0.0,1.0,1.0,1,1,4.0,1.0,2.0,1.0,0.0,100.0,1,0.0,1.0,1,1,1,1,0,1,0,1,0,2,0,0,0,1,0,1,0,1,0,0,0,2,18,59
200600007063,6,2,27,4,1,1,1.0,6.0,0.0,7.0,0.0,13.0,0.0,1.0,1,0,3.0,2.0,0.0,1.0,0.0,68.0,1,0.0,3.0,1,2,0,1,0,0,0,1,0,0,0,0,1,1,0,0,0,1,0,0,0,2,6,20
200800042803,8,8,2,1,2,1,1.0,6.0,0.0,7.0,0.0,0.0,1.0,1.0,1,1,4.0,2.0,2.0,1.0,0.0,104.0,1,0.0,1.0,1,1,1,1,0,1,0,1,1,0,1,0,0,2,0,0,0,1,0,0,0,2,13,10
200700021966,7,4,19,1,2,1,1.0,6.0,0.0,15.0,0.0,0.0,2.0,12.0,1,-1,4.0,3.0,3.0,1.0,0.0,103.0,1,0.0,1.0,2,1,2,2,0,0,0,4,0,0,2,2,0,2,0,2,0,1,1,0,0,2,17,1
201300052128,13,9,20,5,2,5,1.0,3.0,1.0,7.0,0.0,0.0,2.0,1.0,1,1,4.0,2.0,2.0,2.0,100.0,70.0,1,0.0,1.0,2,1,2,4,0,0,2,4,0,6,0,0,0,2,0,4,0,1,0,1,0,3,1,15
201000034896,10,7,4,5,2,6,1.0,7.0,0.0,7.0,0.0,14.0,0.0,1.0,1,-1,3.0,3.0,4.0,1.0,0.0,0.0,1,0.0,1.0,1,2,1,0,0,0,0,1,0,0,1,0,0,0,0,0,1,1,0,0,0,2,5,10
200800023733,8,5,11,5,2,1,1.0,2.0,0.0,7.0,0.0,0.0,2.0,2.0,1,1,4.0,2.0,2.0,1.0,0.0,70.0,1,0.0,1.0,2,1,2,2,0,0,0,4,0,2,2,0,0,2,0,2,0,1,1,0,0,2,5,20
201700022884,17,7,20,1,2,1,1.0,2.0,0.0,33.0,0.0,0.0,2.0,1.0,1,2,4.0,1.0,2.0,1.0,0.0,0.0,1,0.0,1.0,2,2,4,0,0,0,0,4,0,0,2,0,2,2,0,2,0,1,1,0,0,2,8,19
201400008204,14,6,23,1,1,1,1.0,2.0,0.0,31.0,0.0,0.0,2.0,18.0,1,2,3.0,2.0,2.0,1.0,0.0,64.0,1,0.0,1.0,2,3,4,0,0,0,0,4,0,2,0,0,2,4,0,0,0,1,1,0,0,3,9,15
200900064660,9,10,17,1,2,1,8.0,6.0,0.0,7.0,0.0,0.0,1.0,1.0,3,-1,3.0,2.0,3.0,1.0,0.0,0.0,1,0.0,1.0,1,2,2,0,0,1,0,1,0,0,2,0,0,0,1,0,1,1,0,0,0,2,10,10
201200045602,12,9,16,1,2,1,1.0,6.0,0.0,7.0,0.0,1.0,1.0,1.0,1,-1,3.0,2.0,4.0,1.0,0.0,119.0,1,6.0,1.0,1,1,1,1,0,1,0,1,0,1,1,0,0,1,0,1,0,1,0,0,0,3,11,15
201200026298,12,10,11,1,2,3,1.0,2.0,0.0,7.0,0.0,0.0,0.0,15.0,1,1,4.0,2.0,4.0,1.0,0.0,120.0,1,0.0,0.0,2,2,0,4,0,0,0,4,0,0,2,0,2,4,0,0,0,1,1,0,0,2,15,35
201200045286,12,7,3,1,2,1,1.0,6.0,1.0,7.0,0.0,0.0,1.0,1.0,3,-1,2.0,1.0,3.0,1.0,0.0,0.0,1,0.0,1.0,1,3,0,1,0,1,0,0,1,0,0,0,0,0,0,0,1,1,0,0,0,3,14,40
200900039028,9,11,1,1,2,1,8.0,3.0,0.0,7.0,0.0,0.0,2.0,13.0,1,1,3.0,2.0,2.0,1.0,62.0,0.0,1,0.0,1.0,2,2,4,0,0,0,0,4,0,0,4,0,0,4,0,0,0,1,0,0,0,2,16,45
200600011773,6,3,30,1,1,3,1.0,3.0,0.0,7.0,0.0,0.0,2.0,15.0,1,1,4.0,2.0,2.0,1.0,0.0,50.0,1,0.0,1.0,2,1,0,4,0,0,0,4,0,0,4,0,0,2,0,2,0,1,0,0,0,2,9,10
201300046793,13,2,13,5,1,1,1.0,5.0,0.0,15.0,0.0,0.0,2.0,0.0,1,1,1.0,1.0,3.0,2.0,5.0,130.0,1,0.0,1.0,3,1,6,3,0,0,0,9,3,0,0,3,3,9,0,0,0,1,0,0,0,2,18,15
200600006545,6,2,9,2,1,1,1.0,6.0,0.0,7.0,0.0,2.0,0.0,16.0,1,1,2.0,2.0,0.0,1.0,0.0,70.0,1,0.0,3.0,1,3,1,0,0,0,0,1,0,0,0,0,1,0,0,1,0,0,0,1,0,3,18,30
201300018301,13,11,26,5,2,1,1.0,6.0,0.0,7.0,0.0,0.0,1.0,1.0,1,1,3.0,2.0,0.0,1.0,0.0,0.0,1,0.0,1.0,1,1,2,0,0,1,0,1,1,0,1,0,0,0,1,0,1,1,0,0,0,3,17,45
201500014702,15,7,5,1,2,1,1.0,7.0,0.0,33.0,0.0,0.0,0.0,1.0,1,2,4.0,2.0,1.0,2.0,0.0,50.0,1,0.0,1.0,1,3,1,0,0,0,0,1,0,0,0,0,1,0,0,1,0,0,0,1,0,3,20,15
201500005724,15,1,21,3,1,1,1.0,5.0,0.0,7.0,0.0,0.0,2.0,1.0,1,1,3.0,2.0,0.0,1.0,0.0,60.0,1,0.0,1.0,3,3,18,0,3,0,6,9,0,9,6,3,0,3,0,15,0,1,0,0,0,3,21,45
201300012261,13,11,12,1,1,1,1.0,3.0,0.0,7.0,0.0,0.0,0.0,23.0,1,1,1.0,1.0,3.0,1.0,15.0,105.0,1,0.0,3.0,2,3,4,0,0,0,0,4,0,0,0,2,2,2,0,0,2,1,0,1,0,3,16,45
201300055355,13,7,8,1,2,7,1.0,6.0,0.0,30.0,0.0,0.0,1.0,1.0,1,2,4.0,2.0,3.0,1.0,0.0,150.0,1,0.0,5.0,1,2,2,1,0,2,0,1,0,0,1,0,2,1,2,0,0,0,0,0,0,2,14,10
201400012540,14,9,22,1,1,1,1.0,7.0,0.0,7.0,0.0,13.0,0.0,14.0,1,1,1.0,1.0,2.0,0.0,0.0,0.0,1,0.0,3.0,1,3,1,0,0,0,0,1,0,0,1,0,0,0,0,0,1,0,0,0,0,3,16,30
200700073263,7,11,4,1,1,1,1.0,1.0,0.0,7.0,0.0,0.0,2.0,13.0,1,1,3.0,2.0,2.0,0.0,0.0,60.0,1,0.0,1.0,2,1,4,2,0,0,2,4,0,2,4,0,0,6,0,0,0,1,0,0,0,3,16,45
200700012681,7,3,23,3,1,1,1.0,4.0,0.0,7.0,0.0,0.0,2.0,1.0,1,1,3.0,2.0,2.0,0.0,0.0,69.0,1,0.0,1.0,3,3,3,6,0,0,0,9,0,0,3,3,3,9,0,0,0,1,0,1,0,3,20,10
201200052986,12,7,31,1,1,1,1.0,6.0,0.0,7.0,0.0,0.0,2.0,18.0,1,1,1.0,1.0,2.0,1.0,20.0,35.0,1,0.0,2.0,3,2,12,0,0,0,3,9,0,0,3,0,9,12,0,0,0,1,1,0,0,2,16,40
201200003694,12,10,12,5,2,1,1.0,3.0,0.0,7.0,0.0,0.0,2.0,15.0,1,1,3.0,2.0,2.0,1.0,65.0,0.0,1,5.0,1.0,2,3,8,2,2,0,2,6,2,6,2,0,0,2,2,6,0,1,0,1,0,3,20,15
200800010081,8,2,11,5,2,2,1.0,3.0,0.0,2.0,0.0,0.0,2.0,3.0,1,-1,2.0,3.0,7.0,1.0,5.0,210.0,1,5.0,1.0,2,2,2,2,0,0,0,4,0,4,0,0,0,2,0,2,0,1,1,0,0,2,18,20
201700029972,17,4,20,1,2,2,1.0,3.0,2.0,37.0,0.0,0.0,4.0,0.0,1,1,3.0,2.0,2.0,1.0,0.0,0.0,1,0.0,1.0,2,3,16,20,0,28,4,4,0,32,0,4,0,20,2,12,2,1,0,1,0,3,17,20
200800063233,8,11,26,3,2,1,9.0,1.0,0.0,7.0,0.0,0.0,2.0,21.0,1,1,3.0,2.0,2.0,1.0,0.0,850.0,0,2.0,1.0,2,1,2,4,0,0,2,4,0,2,2,2,0,0,0,6,0,1,0,0,0,3,6,15
200800072733,8,12,16,1,2,2,1.0,6.0,0.0,2.0,0.0,1.0,2.0,1.0,1,2,4.0,1.0,1.0,1.0,0.0,0.0,1,0.0,1.0,2,2,2,2,0,0,0,4,0,0,2,0,2,2,0,2,0,0,1,0,0,2,13,25
200900035717,9,8,8,1,2,1,1.0,1.0,0.0,7.0,0.0,0.0,2.0,13.0,1,1,3.0,2.0,1.0,1.0,0.0,60.0,1,0.0,1.0,2,1,8,4,6,0,2,4,0,10,2,0,0,6,4,2,0,1,0,0,0,3,8,15
200700020768,7,4,16,1,2,1,1.0,3.0,0.0,32.0,0.0,0.0,2.0,3.0,1,2,3.0,2.0,2.0,1.0,0.0,90.0,1,0.0,1.0,2,2,4,0,0,0,0,4,0,0,4,0,0,4,0,0,0,1,0,1,0,2,18,20
200500080065,5,12,9,1,2,1,1.0,6.0,1.0,7.0,0.0,0.0,0.0,0.0,3,-1,4.0,2.0,2.0,1.0,0.0,30.0,1,6.0,0.0,1,2,1,0,0,1,0,0,1,0,0,0,0,0,1,0,0,0,0,0,0,2,14,0
200600078475,6,12,8,5,2,1,8.0,1.0,0.0,2.0,0.0,0.0,2.0,1.0,1,2,4.0,2.0,2.0,1.0,0.0,70.0,1,0.0,1.0,2,3,2,0,0,0,0,2,0,0,0,2,0,0,0,2,0,1,0,0,0,3,21,5
201500028183,15,10,7,1,2,1,1.0,6.0,0.0,7.0,0.0,0.0,1.0,1.0,1,1,4.0,2.0,2.0,1.0,0.0,50.0,1,0.0,1.0,1,2,1,1,0,1,0,1,1,0,0,0,1,0,1,1,0,1,0,0,0,2,12,35
201700033494,17,10,4,1,2,1,1.0,3.0,1.0,7.0,0.0,0.0,2.0,1.0,1,1,3.0,2.0,1.0,1.0,0.0,71.0,1,0.0,1.0,2,1,2,2,0,0,0,4,2,0,0,0,2,2,2,0,0,1,0,1,0,2,14,0
201400030412,14,8,10,1,2,6,1.0,7.0,0.0,33.0,0.0,0.0,0.0,1.0,1,2,4.0,1.0,2.0,1.0,0.0,78.0,1,0.0,1.0,1,2,2,0,0,0,1,1,0,0,2,0,0,0,0,2,0,0,0,1,0,2,20,30
201100049621,11,10,13,1,2,1,1.0,3.0,0.0,10.0,0.0,0.0,2.0,12.0,1,1,3.0,3.0,0.0,0.0,0.0,0.0,-1,0.0,1.0,2,1,4,0,0,0,0,4,4,0,0,0,0,2,0,2,0,0,0,1,0,2,17,50
201300032009,13,3,31,1,2,1,1.0,3.0,0.0,30.0,0.0,0.0,2.0,7.0,1,2,3.0,2.0,4.0,1.0,0.0,140.0,1,0.0,1.0,2,3,2,2,0,0,0,4,0,0,4,0,0,2,2,0,0,1,0,1,0,3,16,10
201400053945,14,12,30,1,2,3,1.0,3.0,0.0,7.0,0.0,0.0,2.0,10.0,1,1,4.0,3.0,4.0,2.0,0.0,0.0,1,0.0,1.0,2,1,2,6,0,0,4,4,0,0,8,0,0,6,0,2,0,1,0,0,0,2,13,0
201500007479,15,10,20,5,2,1,1.0,6.0,0.0,7.0,0.0,0.0,1.0,0.0,1,1,3.0,3.0,4.0,1.0,10.0,150.0,1,0.0,1.0,1,1,2,0,0,1,0,1,0,0,0,0,2,2,0,0,0,1,0,0,0,2,19,0
201600011706,16,8,3,1,1,1,1.0,4.0,0.0,17.0,0.0,0.0,0.0,24.0,1,1,2.0,2.0,3.0,1.0,0.0,0.0,1,0.0,1.0,3,1,9,0,0,0,0,9,0,0,0,9,0,6,0,0,3,1,0,0,0,4,12,15
201100004599,11,6,8,1,2,1,1.0,1.0,0.0,2.0,0.0,0.0,2.0,9.0,1,2,4.0,2.0,2.0,1.0,0.0,0.0,1,0.0,1.0,2,2,4,0,0,0,0,4,0,0,4,0,0,2,2,0,0,1,0,0,0,2,16,15
200600065243,6,10,22,3,1,1,2.0,7.0,0.0,7.0,0.0,16.0,0.0,17.0,1,1,2.0,3.0,2.0,2.0,20.0,70.0,1,0.0,1.0,1,2,0,2,0,0,1,1,0,1,1,0,0,0,0,2,0,0,0,0,1,2,21,10
200700062061,7,10,27,1,2,1,1.0,3.0,0.0,7.0,0.0,0.0,2.0,10.0,1,1,4.0,2.0,2.0,1.0,100.0,92.0,1,0.0,0.0,2,1,4,0,0,0,0,4,0,2,2,0,0,2,0,0,2,1,1,0,0,2,8,45
200500006377,5,1,19,2,1,1,8.0,2.0,0.0,7.0,0.0,0.0,0.0,11.0,1,1,1.0,3.0,8.0,1.0,10.0,280.0,1,0.0,1.0,2,1,4,0,0,0,0,4,0,0,0,0,4,4,0,0,0,1,1,0,0,3,7,55
200700003697,7,1,23,5,1,1,1.0,6.0,0.0,7.0,0.0,0.0,2.0,1.0,1,1,4.0,2.0,2.0,1.0,0.0,0.0,0,0.0,1.0,2,2,2,2,0,0,0,4,0,0,4,0,0,2,0,2,0,1,1,0,0,2,17,55
201700050537,17,9,4,1,1,1,8.0,6.0,1.0,7.0,0.0,4.0,0.0,1.0,1,1,2.0,1.0,1.0,2.0,0.0,35.0,1,2.0,1.0,1,2,1,1,0,0,1,1,0,0,0,0,2,0,0,2,0,0,0,1,0,2,19,40
201000047950,10,3,7,5,2,1,1.0,6.0,0.0,32.0,0.0,0.0,1.0,1.0,1,2,3.0,1.0,3.0,1.0,0.0,0.0,1,0.0,0.0,1,1,1,1,0,1,0,1,0,2,0,0,0,0,0,2,0,1,0,0,0,3,1,0
201700012468,17,9,26,1,1,1,1.0,7.0,2.0,7.0,0.0,13.0,0.0,13.0,1,1,3.0,2.0,2.0,1.0,0.0,60.0,1,0.0,0.0,1,4,0,1,0,0,0,1,0,1,0,0,0,0,0,0,1,0,0,0,0,4,14,5
201400015728,14,10,21,5,2,2,1.0,6.0,0.0,7.0,0.0,0.0,2.0,1.0,1,-1,4.0,1.0,0.0,2.0,0.0,0.0,1,0.0,1.0,2,1,2,2,0,0,0,4,4,0,0,0,0,2,0,2,0,1,0,0,0,2,22,20
201300043799,13,5,17,1,1,1,1.0,2.0,0.0,10.0,0.0,0.0,2.0,2.0,1,1,2.0,3.0,0.0,1.0,0.0,0.0,1,0.0,1.0,2,1,4,0,0,0,0,4,0,0,0,4,0,4,0,0,0,1,1,0,0,2,19,0
201200037922,12,5,14,1,1,1,1.0,1.0,0.0,7.0,0.0,0.0,2.0,5.0,1,0,3.0,2.0,2.0,1.0,0.0,76.0,1,0.0,1.0,2,4,4,0,0,0,0,4,0,0,2,2,0,4,0,0,0,1,0,0,0,4,10,15
200700000690,7,1,19,2,1,1,1.0,3.0,0.0,7.0,0.0,0.0,2.0,1.0,1,1,3.0,2.0,0.0,1.0,0.0,0.0,1,0.0,1.0,2,2,8,2,4,0,2,4,0,6,4,0,0,2,4,4,0,1,0,1,0,3,19,0
200600041107,6,7,16,1,1,1,1.0,6.0,0.0,7.0,0.0,0.0,1.0,4.0,1,-1,6.0,2.0,1.0,1.0,0.0,50.0,1,0.0,1.0,1,1,0,2,0,1,0,1,0,0,2,0,0,2,0,0,0,0,1,0,0,2,16,25
201500013066,15,7,11,1,2,1,1.0,1.0,0.0,37.0,0.0,0.0,2.0,1.0,1,1,6.0,0.0,0.0,1.0,0.0,30.0,1,0.0,1.0,2,1,4,0,0,0,0,4,0,2,0,2,0,2,0,2,0,1,0,0,0,2,19,40
201700015458,17,7,20,1,2,1,1.0,3.0,1.0,7.0,0.0,0.0,2.0,19.0,1,-1,3.0,2.0,2.0,1.0,4.0,10.0,1,0.0,-1.0,2,1,2,4,0,0,2,4,0,0,6,0,0,2,0,4,0,1,0,0,0,2,19,45