Num_Acc,an,mois,jour,lum,agg,int,atm,col,senc,catv,occutc,obs,obsm,manv,catu,secu,catr,circ,nbv,prof,lartpc,larrout,surf,infra,situ,nb_veh,grav_simpl,Homme,Femme,Arrière,Autre_x,Avant,Conducteur,Autre_y,Inconnu,Loisirs,Professionnel,Travail,Adulte,Enfant,Jeune,Senior,choc_avant,choc_arriere,choc_lateral,choc_multiple,grav_order_max,heure,minute
201400037557,14,3,26,1,2,2,1.0,6.0,0.0,7.0,0.0,1.0,0.0,14.0,1,1,4.0,2.0,2.0,1.0,0.0,60.0,1,0.0,1.0,1,2,1,0,0,0,0,1,0,0,0,0,1,1,0,0,0,1,0,0,0,2,17,34
201100040501,11,7,11,1,1,1,1.0,6.0,0.0,33.0,0.0,9.0,0.0,0.0,1,2,3.0,2.0,2.0,1.0,0.0,75.0,1,0.0,1.0,1,1,1,1,0,0,1,1,0,0,0,0,2,0,0,2,0,0,0,0,1,2,17,40
200600006053,6,2,13,1,1,1,1.0,1.0,0.0,7.0,0.0,0.0,2.0,1.0,1,1,2.0,2.0,2.0,1.0,0.0,75.0,1,0.0,1.0,2,3,4,2,0,0,2,4,0,2,2,2,0,0,0,6,0,1,0,0,0,3,11,30
201100017211,11,7,28,5,2,6,1.0,6.0,0.0,7.0,0.0,14.0,0.0,1.0,1,1,4.0,2.0,2.0,1.0,0.0,70.0,1,5.0,1.0,1,2,1,0,0,0,0,1,0,0,1,0,0,0,0,1,0,1,0,0,0,2,1,0
201300055719,13,9,11,3,2,3,1.0,3.0,0.0,33.0,0.0,0.0,2.0,1.0,1,2,4.0,2.0,2.0,1.0,0.0,70.0,1,0.0,1.0,2,2,2,2,0,0,0,4,0,4,0,0,0,4,0,0,0,1,0,0,0,2,21,40
201700020962,17,11,4,5,2,6,2.0,1.0,1.0,2.0,0.0,0.0,2.0,1.0,1,2,3.0,4.0,1.0,1.0,0.0,20.0,1,5.0,1.0,2,3,2,2,0,0,0,4,0,0,0,0,4,2,2,0,0,1,0,0,0,3,17,27
201600055999,16,9,18,5,2,1,2.0,6.0,1.0,7.0,0.0,11.0,0.0,21.0,1,1,4.0,3.0,4.0,1.0,0.0,0.0,1,0.0,1.0,1,2,1,0,0,0,0,1,1,0,0,0,0,0,0,0,1,0,0,0,1,2,20,45
201700014410,17,10,21,3,1,2,3.0,1.0,2.0,7.0,0.0,9.0,2.0,19.0,1,1,3.0,2.0,2.0,3.0,0.0,-1.0,1,0.0,1.0,2,1,4,14,0,6,8,4,0,0,18,0,0,0,2,16,0,1,0,1,0,3,20,55
201300037786,13,3,4,1,2,1,1.0,4.0,0.0,7.0,0.0,0.0,2.0,2.0,1,1,2.0,3.0,4.0,1.0,0.0,200.0,1,0.0,1.0,3,2,9,3,0,0,3,9,0,12,0,0,0,0,0,6,6,1,1,0,0,2,11,0
200700075731,7,12,7,3,1,1,1.0,6.0,0.0,17.0,0.0,4.0,0.0,0.0,1,1,1.0,3.0,3.0,1.0,25.0,105.0,1,0.0,1.0,1,2,1,0,0,0,0,1,0,0,0,1,0,1,0,0,0,0,0,0,0,2,5,0
201400029216,14,4,16,1,2,1,1.0,6.0,0.0,7.0,0.0,0.0,1.0,0.0,1,1,4.0,1.0,0.0,0.0,0.0,0.0,-1,0.0,1.0,1,1,0,2,0,1,0,1,0,2,0,0,0,1,0,0,1,1,0,0,0,2,10,45
201700043541,17,9,22,5,2,1,1.0,1.0,1.0,7.0,0.0,0.0,2.0,13.0,1,1,4.0,0.0,1.0,1.0,0.0,70.0,1,0.0,1.0,2,1,2,2,0,0,0,4,0,0,4,0,0,2,0,2,0,1,0,0,0,2,20,35
200900008054,9,3,28,3,1,1,1.0,7.0,0.0,7.0,0.0,13.0,0.0,1.0,2,1,3.0,2.0,2.0,3.0,0.0,60.0,1,0.0,3.0,1,1,3,0,1,0,1,1,0,0,3,0,0,0,0,3,0,1,0,0,0,4,1,15
201100006230,11,1,29,1,1,1,8.0,6.0,0.0,7.0,0.0,2.0,0.0,1.0,1,1,3.0,2.0,2.0,1.0,0.0,53.0,1,0.0,3.0,1,3,2,0,0,0,1,1,0,1,1,0,0,0,0,2,0,1,0,0,0,3,17,15
201600051123,16,5,22,1,2,2,2.0,7.0,1.0,2.0,0.0,0.0,0.0,1.0,1,2,4.0,1.0,4.0,1.0,0.0,125.0,1,0.0,1.0,1,2,1,0,0,0,0,1,0,0,0,0,1,1,0,0,0,0,0,0,0,2,11,0
200500034742,5,6,20,1,2,1,1.0,3.0,0.0,7.0,0.0,0.0,2.0,15.0,1,1,3.0,2.0,3.0,1.0,0.0,117.0,1,0.0,1.0,2,1,4,0,0,0,0,4,0,0,0,2,2,4,0,0,0,1,0,1,0,3,8,25
200500064071,5,10,7,1,1,2,1.0,1.0,0.0,7.0,0.0,0.0,2.0,15.0,1,1,2.0,2.0,2.0,2.0,0.0,80.0,1,5.0,1.0,2,4,4,0,0,0,0,4,0,0,2,2,0,2,0,0,2,1,0,0,0,4,11,20
200700022682,7,4,29,5,2,1,3.0,6.0,0.0,7.0,0.0,1.0,2.0,13.0,1,-1,4.0,2.0,2.0,1.0,0.0,79.0,1,0.0,1.0,2,1,6,0,2,0,0,4,2,2,2,0,0,4,0,0,2,1,0,0,0,2,22,45
201500017827,15,1,1,2,1,1,8.0,6.0,0.0,7.0,0.0,0.0,0.0,1.0,1,0,3.0,2.0,3.0,1.0,0.0,0.0,1,2.0,1.0,1,3,1,0,0,0,0,1,1,0,0,0,0,0,0,1,0,0,0,0,1,3,17,15
200900025872,9,2,23,1,2,1,2.0,7.0,0.0,7.0,0.0,0.0,0.0,21.0,1,1,4.0,2.0,2.0,1.0,0.0,60.0,1,0.0,3.0,1,2,1,0,0,0,0,1,0,0,0,0,1,0,0,1,0,0,0,0,0,2,14,0
200700002042,7,1,10,1,2,1,1.0,4.0,0.0,7.0,0.0,0.0,2.0,1.0,1,1,4.0,2.0,2.0,0.0,0.0,0.0,1,0.0,1.0,3,1,3,12,3,0,3,9,0,6,9,0,0,3,3,9,0,1,1,0,0,3,14,0
201300009725,13,12,9,2,1,1,5.0,3.0,0.0,7.0,0.0,0.0,2.0,13.0,1,1,3.0,0.0,0.0,1.0,0.0,74.0,0,0.0,1.0,2,3,2,2,0,0,0,4,0,0,0,0,4,2,0,2,0,1,0,1,0,3,8,0
200900064789,9,12,2,2,2,1,1.0,6.0,0.0,7.0,0.0,0.0,1.0,1.0,1,1,4.0,2.0,1.0,1.0,0.0,58.0,1,0.0,1.0,1,1,1,1,0,1,0,1,1,0,0,0,1,1,0,1,0,1,0,0,0,2,7,50
201300017835,13,7,23,1,1,1,8.0,3.0,0.0,7.0,0.0,0.0,2.0,1.0,1,1,3.0,2.0,2.0,1.0,0.0,120.0,1,0.0,1.0,2,1,4,2,0,0,2,4,0,2,2,2,0,0,0,2,4,1,1,0,0,3,17,15
200600076354,6,12,5,5,2,1,1.0,3.0,0.0,32.0,0.0,0.0,2.0,1.0,1,2,4.0,2.0,2.0,1.0,0.0,60.0,1,0.0,1.0,2,2,2,2,0,0,0,4,0,0,2,0,2,2,0,2,0,1,0,1,0,2,18,0
201500030428,15,5,30,1,2,1,1.0,6.0,0.0,7.0,0.0,0.0,1.0,1.0,1,1,4.0,2.0,2.0,1.0,0.0,0.0,1,0.0,1.0,1,1,2,0,0,1,0,1,0,0,2,0,0,1,1,0,0,1,0,0,0,3,14,20
201300045277,13,1,1,3,1,1,2.0,6.0,0.0,7.0,0.0,3.0,0.0,2.0,1,1,1.0,3.0,4.0,1.0,20.0,70.0,1,0.0,1.0,1,2,1,2,1,0,1,1,0,0,3,0,0,0,0,3,0,1,0,0,0,3,0,20
201600024145,16,9,12,1,2,1,1.0,4.0,2.0,7.0,0.0,0.0,2.0,1.0,1,-1,4.0,3.0,8.0,1.0,0.0,0.0,1,0.0,1.0,4,1,8,12,0,0,4,16,0,16,0,4,0,8,4,4,4,1,1,0,0,2,8,0
201700012696,17,1,8,1,1,1,1.0,6.0,1.0,7.0,0.0,8.0,0.0,1.0,1,1,3.0,2.0,2.0,1.0,0.0,75.0,1,0.0,3.0,1,4,1,0,0,0,0,1,0,0,1,0,0,0,0,0,1,1,0,0,0,4,15,9
201700055503,17,6,23,1,2,3,1.0,3.0,1.0,34.0,0.0,0.0,2.0,17.0,1,2,4.0,2.0,3.0,1.0,0.0,90.0,1,0.0,1.0,2,2,2,2,0,0,0,4,0,0,2,0,2,2,0,2,0,1,0,0,0,2,8,15
201200057997,12,3,14,1,2,5,1.0,3.0,0.0,7.0,0.0,0.0,2.0,1.0,1,1,4.0,2.0,2.0,1.0,130.0,150.0,1,0.0,1.0,2,1,2,2,0,0,0,4,0,0,0,0,4,4,0,0,0,1,0,1,0,2,16,30
201000043425,10,5,7,1,1,1,1.0,1.0,0.0,7.0,0.0,0.0,0.0,1.0,1,1,3.0,2.0,2.0,1.0,0.0,70.0,1,0.0,1.0,2,1,4,0,0,0,0,4,0,4,0,0,0,2,0,2,0,1,0,0,0,3,19,45
201300044127,13,4,20,5,2,1,1.0,3.0,1.0,7.0,0.0,0.0,2.0,14.0,1,2,4.0,2.0,2.0,1.0,0.0,-1.0,1,0.0,1.0,2,2,2,0,0,0,0,2,0,0,2,0,0,0,0,2,0,0,0,1,0,2,3,20
200800073164,8,12,7,1,2,1,1.0,2.0,0.0,10.0,0.0,0.0,9.0,0.0,1,1,3.0,1.0,1.0,1.0,0.0,0.0,1,0.0,1.0,2,1,4,0,0,0,0,4,0,0,4,0,0,4,0,0,0,0,0,0,0,2,12,15
201400039226,14,5,13,1,2,1,2.0,6.0,0.0,30.0,0.0,0.0,1.0,1.0,1,2,4.0,2.0,2.0,1.0,0.0,0.0,1,0.0,1.0,1,1,1,1,0,1,0,1,1,0,1,0,0,1,0,0,1,1,0,0,0,2,17,5
201500043341,15,6,29,1,2,2,1.0,3.0,0.0,1.0,0.0,0.0,2.0,1.0,1,0,4.0,1.0,1.0,1.0,0.0,0.0,1,0.0,1.0,2,2,4,0,0,0,0,4,0,0,2,0,2,2,0,2,0,1,0,1,0,2,19,40
200500024725,5,5,25,1,1,9,1.0,3.0,0.0,5.0,0.0,0.0,2.0,13.0,1,2,3.0,2.0,0.0,2.0,0.0,61.0,1,0.0,1.0,2,3,6,0,0,0,2,4,2,2,2,0,0,0,2,2,2,0,0,1,0,3,18,30
201300032134,13,1,26,5,2,1,8.0,6.0,0.0,10.0,0.0,12.0,0.0,13.0,1,1,3.0,2.0,2.0,2.0,10.0,70.0,1,2.0,1.0,1,3,1,0,0,0,0,1,0,0,1,0,0,1,0,0,0,1,0,0,0,3,4,13
200600000911,6,1,10,1,2,1,1.0,6.0,0.0,7.0,0.0,0.0,1.0,1.0,1,-1,4.0,2.0,4.0,1.0,0.0,100.0,1,0.0,1.0,1,1,1,1,0,1,0,1,0,2,0,0,0,2,0,0,0,0,0,0,0,2,8,10
200900052016,9,8,29,1,1,1,7.0,1.0,0.0,10.0,0.0,0.0,0.0,0.0,1,1,3.0,2.0,2.0,3.0,0.0,60.0,1,0.0,1.0,2,1,4,2,0,0,2,4,0,2,4,0,0,2,0,2,2,1,0,0,0,3,15,0
200800067329,8,11,30,5,2,2,2.0,3.0,0.0,7.0,0.0,0.0,2.0,1.0,1,1,4.0,1.0,3.0,1.0,0.0,100.0,1,0.0,1.0,2,1,4,2,0,0,2,4,0,6,0,0,0,0,0,6,0,1,0,0,0,2,2,50
201000048759,10,10,4,1,2,9,1.0,6.0,0.0,33.0,0.0,0.0,2.0,0.0,1,2,9.0,1.0,0.0,1.0,0.0,0.0,1,5.0,1.0,2,2,2,2,0,0,0,4,0,0,0,2,2,4,0,0,0,1,0,1,0,2,9,20
201000039951,10,7,17,1,1,1,2.0,2.0,0.0,7.0,0.0,0.0,2.0,23.0,1,1,3.0,2.0,2.0,3.0,0.0,90.0,1,0.0,1.0,2,2,4,0,0,0,0,4,0,0,4,0,0,2,0,0,2,1,1,0,0,2,12,15
201400025942,14,11,14,5,2,3,1.0,6.0,0.0,7.0,0.0,0.0,1.0,16.0,1,1,4.0,3.0,2.0,1.0,0.0,0.0,1,5.0,1.0,1,1,1,1,0,1,0,1,0,0,1,0,1,1,0,1,0,1,0,0,0,2,19,15
201600020660,16,10,28,1,2,3,1.0,3.0,2.0,7.0,0.0,0.0,2.0,15.0,1,1,3.0,2.0,2.0,1.0,0.0,0.0,1,0.0,1.0,2,1,2,4,0,0,2,4,0,0,6,0,0,0,4,0,2,1,0,0,0,2,17,55
200900029007,9,3,14,1,2,1,1.0,6.0,0.0,7.0,0.0,0.0,2.0,0.0,1,1,4.0,2.0,2.0,2.0,0.0,56.0,1,0.0,1.0,2,2,0,4,0,0,0,4,2,0,2,0,0,0,0,2,2,1,0,0,0,3,9,7
200600041445,6,7,22,1,2,6,1.0,2.0,0.0,7.0,0.0,15.0,2.0,2.0,1,1,4.0,0.0,2.0,2.0,0.0,20.0,1,0.0,1.0,2,1,0,6,0,0,2,4,0,2,4,0,0,2,0,0,4,1,1,0,0,2,11,10
201200002267,12,6,5,1,1,1,2.0,3.0,0.0,10.0,0.0,0.0,2.0,19.0,1,1,3.0,2.0,0.0,1.0,0.0,0.0,1,5.0,1.0,2,3,4,0,0,0,0,4,0,0,0,4,0,2,0,2,0,1,0,0,0,3,14,45
200900068600,9,12,20,3,1,1,1.0,7.0,0.0,7.0,0.0,9.0,0.0,1.0,1,-1,3.0,1.0,1.0,2.0,0.0,50.0,0,3.0,1.0,1,1,2,1,1,0,1,1,0,1,2,0,0,0,1,2,0,0,0,1,0,2,18,0
201000029539,10,9,16,5,2,3,2.0,3.0,0.0,1.0,0.0,0.0,0.0,1.0,1,-1,4.0,3.0,4.0,1.0,0.0,0.0,1,0.0,1.0,2,2,2,2,0,0,0,4,0,4,0,0,0,2,0,0,2,1,0,0,0,2,6,45
201300020674,13,11,22,1,1,6,2.0,7.0,0.0,2.0,0.0,16.0,0.0,9.0,1,2,3.0,2.0,2.0,1.0,0.0,60.0,1,5.0,1.0,1,3,1,0,0,0,0,1,0,0,1,0,0,0,0,1,0,0,0,1,0,3,13,50
201000015126,10,6,8,1,1,1,1.0,1.0,0.0,7.0,0.0,0.0,2.0,13.0,1,1,3.0,2.0,2.0,1.0,0.0,81.0,1,0.0,1.0,2,3,2,2,0,0,0,4,0,0,2,0,2,2,0,0,2,1,0,0,0,4,17,45
200600066300,6,11,10,1,2,1,9.0,2.0,0.0,7.0,0.0,0.0,2.0,1.0,1,1,4.0,1.0,0.0,1.0,0.0,87.0,-1,0.0,1.0,2,2,0,4,0,0,0,4,2,2,0,0,0,2,0,0,2,1,1,0,0,2,16,0
201400047552,14,9,1,1,1,1,1.0,1.0,0.0,7.0,0.0,0.0,0.0,0.0,1,1,1.0,1.0,4.0,1.0,0.0,0.0,1,2.0,1.0,2,1,4,0,0,0,0,4,0,4,0,0,0,0,0,4,0,1,0,0,0,2,7,15
201100055179,11,9,8,1,1,1,1.0,7.0,0.0,7.0,0.0,4.0,0.0,1.0,1,1,2.0,1.0,3.0,1.0,15.0,105.0,1,0.0,1.0,1,2,1,0,0,0,0,1,0,0,0,0,1,1,0,0,0,1,0,0,0,2,19,0
201100049411,11,12,3,1,1,1,1.0,6.0,0.0,3.0,0.0,0.0,2.0,1.0,1,1,4.0,2.0,2.0,1.0,0.0,120.0,1,0.0,1.0,2,2,4,0,0,0,0,4,0,0,2,2,0,4,0,0,0,1,0,0,0,2,13,55
200700075818,7,12,15,3,2,1,8.0,1.0,0.0,7.0,0.0,0.0,2.0,13.0,1,1,3.0,2.0,2.0,1.0,0.0,75.0,0,0.0,1.0,2,1,10,0,4,0,2,4,0,6,2,2,0,2,2,6,0,1,0,0,0,3,23,0
201100012849,11,1,8,1,1,1,1.0,6.0,0.0,7.0,0.0,8.0,0.0,0.0,1,0,3.0,2.0,2.0,1.0,0.0,0.0,1,0.0,0.0,1,4,1,0,0,0,0,1,0,0,1,0,0,1,0,0,0,0,0,0,0,4,15,45
200800047096,8,8,20,3,1,1,1.0,1.0,0.0,15.0,0.0,0.0,2.0,1.0,1,1,2.0,3.0,2.0,1.0,0.0,70.0,1,0.0,3.0,2,1,4,0,0,0,0,4,0,0,2,2,0,4,0,0,0,1,0,0,0,4,21,30
200500074126,5,11,25,1,2,2,1.0,3.0,0.0,7.0,0.0,0.0,2.0,1.0,1,1,4.0,1.0,3.0,2.0,0.0,0.0,1,0.0,1.0,2,2,2,2,0,0,0,4,0,0,4,0,0,0,0,4,0,1,0,1,0,2,13,25
201200026890,12,10,22,5,2,1,2.0,7.0,0.0,2.0,0.0,11.0,0.0,1.0,1,2,4.0,2.0,2.0,1.0,0.0,0.0,1,0.0,1.0,1,2,2,0,0,0,1,1,2,0,0,0,0,0,2,0,0,0,0,1,0,2,7,55
201200005037,12,2,25,2,2,1,1.0,6.0,0.0,7.0,0.0,0.0,1.0,1.0,1,1,4.0,1.0,1.0,2.0,0.0,59.0,1,0.0,1.0,1,1,1,1,0,1,0,1,1,0,1,0,0,1,1,0,0,1,0,0,0,3,18,15
201700018466,17,9,7,1,1,1,1.0,3.0,1.0,13.0,0.0,0.0,2.0,17.0,1,1,3.0,2.0,2.0,2.0,0.0,105.0,1,0.0,1.0,2,1,4,0,0,0,0,4,0,0,0,4,0,4,0,0,0,0,0,1,0,3,8,20
201300022066,13,3,10,3,1,1,3.0,6.0,0.0,7.0,0.0,13.0,0.0,1.0,1,1,3.0,3.0,4.0,1.0,0.0,0.0,0,0.0,3.0,1,2,3,2,3,0,1,1,0,0,5,0,0,2,3,0,0,1,0,0,0,2,20,0
201400009125,14,12,8,2,2,6,1.0,3.0,0.0,10.0,0.0,0.0,2.0,9.0,1,-1,2.0,2.0,0.0,1.0,50.0,80.0,1,0.0,1.0,2,2,4,0,0,0,0,4,0,0,4,0,0,2,0,0,2,1,1,0,0,3,11,30
201300021878,13,10,29,1,2,1,3.0,2.0,0.0,7.0,0.0,0.0,2.0,1.0,1,1,9.0,2.0,2.0,1.0,0.0,70.0,1,0.0,1.0,2,1,2,2,0,0,0,4,0,2,0,0,2,0,0,4,0,1,1,0,0,2,14,15
201500049010,15,1,24,1,1,1,2.0,5.0,0.0,7.0,0.0,0.0,2.0,0.0,1,1,1.0,1.0,8.0,1.0,10.0,290.0,1,3.0,1.0,3,1,6,9,0,0,6,9,0,15,0,0,0,0,0,12,3,1,1,0,0,2,16,35
200600062383,6,10,11,1,2,2,1.0,6.0,0.0,7.0,0.0,0.0,2.0,15.0,1,1,4.0,2.0,2.0,1.0,0.0,69.0,1,0.0,1.0,2,1,4,0,0,0,0,4,2,0,0,0,2,2,0,0,2,1,0,0,0,2,13,15
200700074720,7,12,9,3,1,1,9.0,6.0,0.0,7.0,0.0,0.0,1.0,21.0,1,1,3.0,2.0,2.0,3.0,0.0,48.0,1,0.0,1.0,1,2,2,0,0,1,0,1,0,0,2,0,0,1,0,0,1,0,0,0,0,4,0,15
200700008272,7,2,12,5,2,1,1.0,6.0,0.0,2.0,0.0,0.0,1.0,1.0,1,2,2.0,2.0,4.0,1.0,0.0,110.0,1,0.0,1.0,1,1,1,1,0,1,0,1,0,0,2,0,0,1,1,0,0,1,0,0,0,2,18,49
201600048938,16,11,12,1,1,1,2.0,6.0,1.0,7.0,0.0,0.0,0.0,0.0,1,1,1.0,3.0,6.0,1.0,0.0,210.0,1,3.0,0.0,2,2,4,2,0,0,2,4,0,0,6,0,0,2,2,0,2,0,0,0,0,2,15,0
200800018227,8,4,3,1,2,1,1.0,1.0,0.0,7.0,0.0,0.0,2.0,1.0,1,1,3.0,2.0,2.0,2.0,0.0,63.0,1,0.0,1.0,2,3,2,4,2,0,0,4,0,2,2,0,2,2,2,2,0,1,0,0,0,3,15,30
200500018084,5,3,7,5,1,1,1.0,6.0,0.0,7.0,0.0,3.0,0.0,1.0,1,1,1.0,3.0,4.0,1.0,15.0,190.0,1,0.0,1.0,1,2,1,2,1,0,0,2,0,2,1,0,0,1,0,2,0,0,0,0,1,2,5,45
201500012872,15,12,5,5,2,3,1.0,3.0,0.0,7.0,0.0,0.0,2.0,1.0,1,-1,3.0,2.0,2.0,1.0,0.0,0.0,1,0.0,1.0,2,2,2,2,0,0,0,4,0,0,4,0,0,2,0,2,0,1,0,1,0,2,20,10
200600071687,6,11,22,3,2,1,2.0,1.0,0.0,7.0,0.0,0.0,2.0,0.0,1,-1,3.0,2.0,2.0,1.0,0.0,0.0,1,0.0,4.0,2,1,2,2,0,0,0,4,0,2,0,0,2,2,2,0,0,1,0,0,0,3,18,30
201600004740,16,10,24,3,1,1,3.0,6.0,1.0,7.0,0.0,4.0,0.0,1.0,1,1,2.0,2.0,0.0,1.0,0.0,60.0,1,0.0,1.0,1,3,0,1,0,0,0,1,1,0,0,0,0,1,0,0,0,1,0,0,0,3,10,0
201100012307,11,11,2,5,2,1,2.0,1.0,0.0,7.0,0.0,0.0,2.0,13.0,1,1,3.0,2.0,0.0,0.0,0.0,0.0,1,0.0,1.0,2,1,4,0,0,0,0,4,0,0,2,0,2,0,0,4,0,1,1,0,0,3,21,30
201000055403,10,11,23,3,1,1,8.0,4.0,0.0,7.0,0.0,0.0,2.0,21.0,1,1,2.0,3.0,2.0,1.0,10.0,70.0,1,0.0,1.0,5,1,15,10,0,0,0,25,0,25,0,0,0,15,0,10,0,1,1,0,0,2,17,40
201500009905,15,9,18,1,2,6,1.0,3.0,0.0,7.0,0.0,0.0,2.0,0.0,1,1,3.0,4.0,2.0,1.0,0.0,0.0,1,5.0,1.0,2,1,4,0,0,0,0,4,0,0,2,0,2,2,0,2,0,1,0,1,0,3,8,0
200700073200,7,11,8,2,1,1,1.0,6.0,0.0,7.0,0.0,0.0,0.0,1.0,1,1,3.0,2.0,2.0,1.0,0.0,60.0,1,0.0,1.0,1,4,1,0,0,0,0,1,0,0,1,0,0,1,0,0,0,0,0,0,1,4,17,30
201700006251,17,6,16,1,2,1,1.0,1.0,1.0,30.0,0.0,0.0,2.0,0.0,1,2,4.0,2.0,2.0,1.0,0.0,60.0,1,0.0,1.0,2,3,4,0,0,0,0,4,0,2,2,0,0,0,0,4,0,1,0,0,0,3,14,30
201600025898,16,8,4,1,1,1,2.0,3.0,1.0,7.0,0.0,0.0,2.0,1.0,1,1,4.0,2.0,2.0,1.0,0.0,70.0,1,0.0,1.0,2,1,2,2,0,0,0,4,0,0,2,2,0,4,0,0,0,1,0,1,0,2,12,20
201500010085,15,1,22,1,2,1,1.0,3.0,0.0,2.0,0.0,0.0,2.0,17.0,1,2,4.0,2.0,2.0,0.0,0.0,60.0,1,0.0,1.0,2,2,4,0,0,0,0,4,2,0,2,0,0,0,2,0,2,1,0,0,0,2,8,0
201600034920,16,4,20,1,2,1,1.0,7.0,0.0,7.0,0.0,0.0,1.0,1.0,1,1,4.0,2.0,2.0,2.0,0.0,0.0,1,0.0,1.0,1,1,2,0,0,1,0,1,0,0,2,0,0,0,1,0,1,1,0,0,0,2,16,40
201500048388,15,7,26,1,1,1,1.0,6.0,0.0,7.0,0.0,4.0,0.0,15.0,1,1,1.0,3.0,4.0,1.0,40.0,150.0,1,0.0,1.0,1,2,1,1,0,0,1,1,0,0,2,0,0,2,0,0,0,1,0,0,0,3,6,20
200500063078,5,10,20,3,1,1,1.0,3.0,0.0,7.0,0.0,0.0,2.0,11.0,1,1,3.0,2.0,3.0,1.0,0.0,100.0,1,0.0,1.0,2,2,4,0,0,0,0,4,0,0,0,0,4,2,0,2,0,1,0,1,0,2,7,45
201600028439,16,10,6,1,2,1,1.0,1.0,0.0,7.0,0.0,0.0,2.0,9.0,1,1,4.0,2.0,3.0,1.0,0.0,95.0,1,0.0,1.0,2,1,4,0,0,0,0,4,2,2,0,0,0,0,0,2,2,1,0,0,0,2,10,35
201700025321,17,12,23,1,2,1,1.0,7.0,1.0,7.0,0.0,0.0,1.0,1.0,1,1,4.0,2.0,2.0,2.0,0.0,0.0,1,0.0,1.0,1,1,2,0,0,1,0,1,0,0,2,0,0,0,0,0,2,1,0,0,0,3,16,5
201100027012,11,12,16,1,2,1,1.0,3.0,0.0,2.0,0.0,0.0,2.0,1.0,1,2,4.0,2.0,2.0,1.0,0.0,69.0,1,0.0,1.0,2,2,2,4,0,0,2,4,4,0,0,0,2,2,0,4,0,1,0,1,0,2,8,15
201000005844,10,7,15,1,1,1,1.0,6.0,0.0,2.0,0.0,6.0,0.0,1.0,1,2,3.0,2.0,2.0,2.0,0.0,68.0,1,0.0,3.0,1,3,1,1,0,0,1,1,0,1,1,0,0,0,2,0,0,0,0,1,0,3,14,15
200500049814,5,8,12,1,1,1,1.0,3.0,0.0,5.0,0.0,0.0,2.0,1.0,1,2,3.0,2.0,0.0,2.0,0.0,56.0,1,0.0,1.0,2,3,4,0,0,0,0,4,0,0,4,0,0,0,0,2,2,1,0,0,0,3,17,45
200800059058,8,10,23,1,2,1,7.0,6.0,0.0,7.0,0.0,0.0,2.0,15.0,1,1,4.0,2.0,2.0,1.0,0.0,80.0,1,0.0,1.0,2,1,4,0,0,0,0,4,0,2,0,0,2,4,0,0,0,1,0,0,0,3,17,10
201200048269,12,8,18,1,2,7,1.0,3.0,0.0,33.0,0.0,0.0,2.0,9.0,1,2,4.0,2.0,2.0,1.0,0.0,-1.0,1,0.0,1.0,2,1,4,2,0,0,2,4,0,0,6,0,0,4,0,2,0,1,0,0,0,2,20,10
201500003584,15,4,20,5,2,1,1.0,6.0,0.0,7.0,0.0,6.0,0.0,13.0,1,1,3.0,2.0,0.0,1.0,0.0,75.0,1,0.0,4.0,1,3,1,0,0,0,0,1,0,0,1,0,0,0,0,1,0,1,0,0,0,3,23,45
200700006428,7,2,19,1,2,1,8.0,3.0,0.0,7.0,0.0,0.0,2.0,19.0,1,1,5.0,2.0,2.0,2.0,0.0,0.0,1,0.0,1.0,2,1,4,0,0,0,0,4,0,0,0,2,2,2,0,2,0,1,0,0,0,3,8,15
201600044397,16,3,30,1,2,1,8.0,6.0,0.0,7.0,0.0,14.0,0.0,1.0,1,1,4.0,2.0,3.0,1.0,0.0,-1.0,1,0.0,0.0,1,2,1,1,0,0,1,1,0,0,2,0,0,0,0,2,0,1,0,0,0,2,10,51
200700068436,7,11,21,4,2,3,3.0,6.0,0.0,7.0,0.0,0.0,1.0,15.0,1,1,4.0,2.0,2.0,1.0,0.0,70.0,1,0.0,1.0,1,1,0,2,0,1,0,1,0,0,1,1,0,1,0,1,0,1,0,0,0,2,17,50
200800032286,8,6,3,1,2,2,1.0,3.0,0.0,7.0,0.0,0.0,2.0,1.0,1,1,4.0,2.0,2.0,1.0,0.0,60.0,1,0.0,1.0,2,1,2,2,0,0,0,4,0,0,2,2,0,2,0,2,0,1,0,0,0,2,8,40
200600065412,6,10,6,1,1,9,8.0,6.0,0.0,7.0,0.0,4.0,0.0,9.0,1,1,1.0,3.0,6.0,1.0,15.0,210.0,1,3.0,2.0,1,2,1,0,0,0,0,1,0,0,0,0,1,1,0,0,0,1,0,0,0,2,13,30
201000012979,10,5,30,2,2,1,1.0,5.0,0.0,7.0,0.0,0.0,2.0,23.0,1,1,3.0,2.0,0.0,1.0,0.0,0.0,1,5.0,1.0,3,1,9,12,6,0,6,9,0,12,9,0,0,12,3,3,3,1,0,0,0,3,13,0
201200006729,12,1,2,3,1,1,1.0,6.0,0.0,7.0,0.0,2.0,0.0,1.0,1,1,3.0,2.0,2.0,1.0,0.0,60.0,1,0.0,3.0,1,2,0,1,0,0,0,1,0,0,1,0,0,1,0,0,0,1,0,0,0,2,18,30
200600027237,6,5,14,5,1,1,1.0,6.0,0.0,30.0,0.0,1.0,0.0,1.0,1,2,4.0,0.0,0.0,1.0,0.0,0.0,1,0.0,0.0,1,2,1,0,0,0,0,1,0,0,1,0,0,0,0,1,0,0,0,0,0,2,22,0