Num_Acc,an,mois,jour,lum,agg,int,atm,col,senc,catv,occutc,obs,obsm,manv,catu,secu,catr,circ,nbv,prof,lartpc,larrout,surf,infra,situ,nb_veh,grav_simpl,Homme,Femme,Arrière,Autre_x,Avant,Conducteur,Autre_y,Inconnu,Loisirs,Professionnel,Travail,Adulte,Enfant,Jeune,Senior,choc_avant,choc_arriere,choc_lateral,choc_multiple,grav_order_max,heure,minute
200600005101,6,1,1,2,1,1,1.0,3.0,0.0,7.0,0.0,0.0,2.0,13.0,1,1,3.0,2.0,2.0,1.0,0.0,75.0,1,0.0,1.0,2,1,4,0,0,0,0,4,0,0,0,0,4,4,0,0,0,1,0,1,0,3,8,30
201600025363,16,10,25,5,2,1,1.0,6.0,0.0,2.0,0.0,1.0,0.0,1.0,1,2,4.0,2.0,2.0,1.0,0.0,0.0,1,0.0,1.0,1,3,1,0,0,0,0,1,0,0,1,0,0,1,0,0,0,1,0,0,0,3,23,14
201400033133,14,2,1,3,1,1,2.0,3.0,0.0,7.0,0.0,0.0,2.0,10.0,1,-1,3.0,2.0,2.0,1.0,0.0,0.0,-1,0.0,1.0,2,3,2,4,0,0,2,4,0,6,0,0,0,2,0,2,2,1,0,1,0,3,17,0
200600004336,6,1,15,3,1,1,9.0,7.0,0.0,7.0,0.0,4.0,0.0,1.0,1,1,1.0,3.0,3.0,2.0,0.0,105.0,1,0.0,1.0,1,1,2,0,0,0,1,1,0,1,0,1,0,0,0,2,0,0,1,0,0,2,1,0
201600038776,16,2,15,1,2,1,1.0,2.0,0.0,37.0,2.0,0.0,2.0,23.0,1,1,3.0,3.0,4.0,1.0,0.0,150.0,1,0.0,1.0,2,2,6,0,2,0,0,4,0,0,2,4,0,6,0,0,0,1,1,0,0,2,12,45
201200039382,12,2,18,1,2,1,1.0,6.0,0.0,10.0,0.0,1.0,1.0,2.0,1,-1,4.0,2.0,2.0,1.0,51.0,131.0,1,0.0,1.0,1,3,2,0,0,1,0,1,0,1,0,0,1,2,0,0,0,1,0,0,0,3,8,45
201300034444,13,7,16,1,2,1,1.0,6.0,0.0,7.0,0.0,0.0,1.0,1.0,1,1,3.0,2.0,2.0,1.0,0.0,58.0,1,0.0,1.0,1,1,0,2,0,1,0,1,1,0,1,0,0,0,1,0,1,1,0,0,0,2,17,45
200800073690,8,12,13,3,2,1,1.0,6.0,1.0,7.0,0.0,0.0,2.0,18.0,1,2,4.0,1.0,2.0,3.0,0.0,70.0,-1,3.0,1.0,2,2,2,0,0,0,0,2,0,0,2,0,0,2,0,0,0,0,1,0,0,2,3,15
201000028852,10,2,22,5,2,1,1.0,1.0,0.0,37.0,1.0,0.0,2.0,1.0,1,-1,4.0,2.0,2.0,1.0,0.0,0.0,1,0.0,1.0,2,1,4,0,0,0,0,4,0,4,0,0,0,4,0,0,0,1,0,0,0,2,23,45
201000023188,10,9,3,1,2,1,1.0,6.0,0.0,7.0,0.0,0.0,9.0,15.0,1,-1,4.0,2.0,2.0,1.0,0.0,60.0,1,0.0,1.0,1,1,0,2,0,1,0,1,0,1,0,0,1,0,0,1,1,1,0,0,0,2,13,50
201400006688,14,6,29,1,1,1,2.0,6.0,0.0,7.0,0.0,13.0,0.0,1.0,1,1,3.0,2.0,2.0,2.0,0.0,57.0,1,0.0,3.0,1,2,0,1,0,0,0,1,1,0,0,0,0,0,0,0,1,1,0,0,0,2,17,15
200700031017,7,5,22,1,2,1,1.0,3.0,0.0,7.0,0.0,0.0,2.0,20.0,1,-1,4.0,1.0,2.0,1.0,0.0,70.0,1,0.0,1.0,2,1,2,2,0,0,0,4,0,4,0,0,0,0,0,4,0,1,0,1,0,3,15,10
201100002597,11,1,25,2,1,1,1.0,6.0,0.0,14.0,0.0,8.0,0.0,17.0,1,1,3.0,2.0,2.0,1.0,25.0,42.0,1,5.0,3.0,1,1,1,2,1,0,1,1,1,2,0,0,0,1,2,0,0,1,0,0,0,3,7,30
200900016521,9,3,6,1,2,1,1.0,2.0,0.0,7.0,0.0,0.0,2.0,1.0,1,1,4.0,1.0,2.0,1.0,0.0,0.0,1,0.0,1.0,2,1,0,4,0,0,0,4,0,4,0,0,0,0,0,2,2,1,0,0,0,2,16,15
201400031863,14,11,16,5,2,1,1.0,6.0,0.0,7.0,0.0,8.0,0.0,0.0,1,1,4.0,2.0,2.0,0.0,0.0,0.0,-1,0.0,1.0,1,1,1,1,0,0,1,1,0,1,1,0,0,0,0,2,0,1,0,0,0,2,2,35
201500040059,15,11,12,4,2,1,1.0,6.0,1.0,99.0,0.0,0.0,0.0,0.0,1,0,9.0,2.0,0.0,1.0,0.0,0.0,1,0.0,1.0,1,2,1,0,0,0,0,1,0,1,0,0,0,0,0,1,0,0,0,0,0,2,23,30
201100035038,11,4,20,1,1,3,1.0,3.0,0.0,10.0,0.0,0.0,2.0,1.0,1,1,3.0,0.0,2.0,1.0,0.0,0.0,1,5.0,1.0,2,1,4,0,0,0,0,4,0,0,2,2,0,0,0,0,4,1,0,0,0,2,13,30
201500000502,15,12,9,1,1,1,8.0,6.0,0.0,7.0,0.0,8.0,0.0,1.0,1,1,3.0,2.0,2.0,1.0,0.0,60.0,1,0.0,3.0,1,4,1,0,0,0,0,1,1,0,0,0,0,0,0,1,0,0,0,1,0,4,14,0
201500017021,15,8,20,1,2,1,1.0,3.0,0.0,7.0,0.0,0.0,2.0,16.0,1,1,3.0,2.0,2.0,1.0,0.0,86.0,1,0.0,5.0,2,1,4,2,0,0,2,4,4,2,0,0,0,2,0,0,4,1,0,0,0,3,11,0
200600026768,6,5,24,1,2,1,1.0,3.0,0.0,7.0,0.0,0.0,2.0,1.0,1,1,9.0,2.0,2.0,1.0,0.0,92.0,1,0.0,1.0,2,1,4,2,0,0,2,4,4,2,0,0,0,0,2,2,2,1,1,0,0,2,14,0
201500000575,15,7,25,1,1,1,1.0,7.0,0.0,7.0,0.0,13.0,0.0,1.0,1,1,3.0,2.0,2.0,3.0,0.0,0.0,-1,0.0,1.0,1,3,0,1,0,0,0,1,1,0,0,0,0,1,0,0,0,1,0,0,0,3,13,30
201400029182,14,12,13,1,2,1,1.0,6.0,1.0,7.0,0.0,0.0,1.0,1.0,1,1,3.0,2.0,2.0,1.0,0.0,0.0,1,0.0,1.0,1,1,1,1,0,1,0,1,1,0,1,0,0,0,0,0,2,1,0,0,0,2,15,4
200700078570,7,12,6,1,2,1,1.0,6.0,0.0,7.0,0.0,0.0,2.0,1.0,1,1,4.0,3.0,4.0,1.0,30.0,192.0,-1,0.0,1.0,1,1,2,0,0,1,0,1,0,2,0,0,0,0,1,1,0,1,0,0,0,2,15,30
201300002091,13,9,18,1,2,1,1.0,3.0,0.0,1.0,0.0,0.0,2.0,19.0,1,0,4.0,2.0,2.0,1.0,0.0,54.0,1,0.0,1.0,2,3,4,0,0,0,0,4,0,0,2,0,2,2,2,0,0,1,0,1,0,3,17,15
201500021609,15,9,8,1,2,1,1.0,2.0,0.0,7.0,0.0,0.0,2.0,1.0,1,1,4.0,2.0,3.0,1.0,0.0,0.0,1,0.0,1.0,2,1,4,0,0,0,0,4,2,0,2,0,0,2,0,2,0,1,1,0,0,2,15,20
201000013133,10,2,8,1,1,1,1.0,6.0,0.0,7.0,0.0,0.0,1.0,1.0,1,1,4.0,2.0,0.0,1.0,0.0,35.0,1,0.0,1.0,1,1,1,1,0,1,0,1,1,0,1,0,0,1,0,0,1,1,0,0,0,3,8,15
200700020430,7,4,24,1,2,1,1.0,3.0,0.0,7.0,0.0,0.0,2.0,15.0,1,1,4.0,2.0,3.0,1.0,0.0,0.0,1,0.0,1.0,2,1,4,0,0,0,0,4,0,4,0,0,0,2,0,0,2,1,0,1,0,2,8,50
200800005083,8,1,6,5,2,1,2.0,6.0,0.0,30.0,0.0,0.0,0.0,0.0,1,2,4.0,0.0,1.0,1.0,0.0,50.0,1,0.0,0.0,1,3,1,0,0,0,0,1,1,0,0,0,0,0,0,1,0,1,0,0,0,3,0,45
201500016006,15,10,7,1,2,1,1.0,3.0,0.0,7.0,0.0,0.0,2.0,1.0,1,1,4.0,2.0,2.0,1.0,0.0,0.0,1,0.0,1.0,2,1,4,0,0,0,0,4,0,2,2,0,0,2,0,0,2,1,1,0,0,2,16,0
200800003899,8,1,4,1,2,9,1.0,3.0,0.0,7.0,0.0,0.0,2.0,1.0,1,-1,4.0,2.0,2.0,1.0,0.0,81.0,1,4.0,1.0,2,3,4,0,0,0,0,4,0,4,0,0,0,2,0,2,0,1,0,0,0,3,8,40
200700080370,7,12,13,5,1,1,1.0,6.0,0.0,7.0,0.0,0.0,0.0,0.0,1,1,1.0,3.0,4.0,1.0,25.0,140.0,1,0.0,1.0,5,2,15,15,0,0,5,25,0,30,0,0,0,30,0,0,0,0,0,0,0,2,7,10
200700071934,7,11,4,1,1,1,1.0,2.0,0.0,10.0,0.0,0.0,2.0,2.0,1,1,1.0,1.0,3.0,1.0,0.0,105.0,1,0.0,1.0,2,2,4,0,0,0,0,4,0,0,4,0,0,2,0,2,0,1,0,0,0,2,16,45
201700037660,17,1,31,1,2,1,1.0,6.0,0.0,7.0,0.0,0.0,1.0,1.0,1,1,4.0,2.0,3.0,1.0,0.0,100.0,1,0.0,1.0,1,1,2,0,0,1,0,1,1,0,0,1,0,1,0,0,1,1,0,0,0,2,9,30
200800024362,8,5,14,1,1,1,1.0,6.0,0.0,34.0,0.0,0.0,0.0,0.0,1,2,1.0,3.0,3.0,1.0,0.0,125.0,1,0.0,1.0,1,3,1,0,0,0,0,1,0,0,0,0,1,1,0,0,0,0,0,0,0,3,9,57
201400026818,14,6,19,1,2,2,1.0,3.0,0.0,7.0,0.0,0.0,0.0,1.0,1,1,4.0,2.0,2.0,1.0,0.0,59.0,1,0.0,1.0,2,1,2,2,0,0,0,4,0,2,0,2,0,2,0,2,0,1,0,0,0,2,19,0
201600045387,16,2,2,1,1,1,1.0,6.0,2.0,34.0,0.0,0.0,2.0,3.0,1,2,1.0,1.0,3.0,1.0,0.0,105.0,1,1.0,1.0,1,2,1,0,0,0,0,1,0,1,0,0,0,1,0,0,0,1,0,0,0,2,17,15
200600063264,6,10,9,1,2,3,1.0,3.0,0.0,5.0,0.0,0.0,2.0,18.0,1,2,4.0,1.0,2.0,1.0,0.0,60.0,1,0.0,1.0,2,2,4,0,0,0,0,4,0,0,0,4,0,4,0,0,0,1,0,0,0,2,9,30
200700070718,7,11,22,1,2,3,1.0,3.0,0.0,7.0,0.0,0.0,2.0,1.0,1,1,2.0,2.0,2.0,1.0,0.0,100.0,1,0.0,1.0,2,1,4,0,0,0,0,4,0,0,4,0,0,2,0,0,2,1,0,1,0,2,12,0
201000047842,10,11,19,5,2,1,1.0,6.0,0.0,33.0,0.0,0.0,1.0,1.0,1,2,4.0,2.0,2.0,2.0,0.0,0.0,1,0.0,1.0,1,1,1,1,0,1,0,1,1,0,0,0,1,1,0,1,0,1,0,0,0,2,17,45
201100013111,11,7,17,1,1,1,1.0,5.0,0.0,7.0,0.0,0.0,2.0,13.0,1,1,3.0,2.0,2.0,1.0,0.0,112.0,1,0.0,1.0,3,3,9,0,0,0,0,9,0,0,6,3,0,9,0,0,0,1,0,0,0,4,10,45
200900010909,9,5,19,1,1,3,1.0,3.0,0.0,7.0,0.0,0.0,0.0,15.0,1,1,3.0,2.0,2.0,0.0,0.0,50.0,-1,0.0,0.0,2,3,2,2,0,0,0,4,0,2,2,0,0,2,0,0,2,1,0,1,0,3,9,45
200800048286,8,9,28,3,1,1,1.0,6.0,0.0,7.0,0.0,2.0,0.0,1.0,1,1,3.0,2.0,0.0,1.0,0.0,71.0,1,0.0,3.0,1,3,1,0,0,0,0,1,0,0,1,0,0,0,0,1,0,1,0,0,0,3,2,45
200600070151,6,11,24,1,2,1,2.0,2.0,0.0,7.0,0.0,0.0,0.0,0.0,1,1,3.0,1.0,0.0,2.0,0.0,70.0,1,0.0,1.0,2,3,2,2,0,0,0,4,0,0,0,4,0,2,0,2,0,1,1,0,0,3,12,0
200700029063,7,5,14,5,2,1,8.0,3.0,0.0,7.0,0.0,0.0,2.0,19.0,1,-1,4.0,2.0,1.0,1.0,0.0,71.0,1,0.0,1.0,2,1,4,0,0,0,0,4,0,0,4,0,0,0,2,2,0,1,0,1,0,2,22,40
201200042624,12,10,13,1,2,1,1.0,3.0,0.0,7.0,0.0,0.0,2.0,11.0,1,1,4.0,1.0,0.0,1.0,0.0,0.0,1,0.0,1.0,2,1,2,2,0,0,0,4,0,2,2,0,0,0,0,4,0,1,0,1,0,2,15,5
200600059319,6,10,23,2,1,1,2.0,6.0,0.0,14.0,0.0,2.0,0.0,21.0,1,1,3.0,2.0,0.0,1.0,0.0,0.0,1,0.0,3.0,1,3,1,0,0,0,0,1,0,0,0,1,0,1,0,0,0,1,0,0,0,3,17,30
200900029759,9,4,7,1,2,9,1.0,3.0,0.0,7.0,0.0,0.0,0.0,1.0,1,1,9.0,2.0,2.0,2.0,0.0,109.0,1,5.0,1.0,2,2,2,2,0,0,0,4,0,4,0,0,0,2,0,2,0,1,0,1,0,2,7,58
201600046699,16,2,28,3,1,1,1.0,6.0,1.0,7.0,0.0,14.0,0.0,1.0,1,1,2.0,0.0,2.0,1.0,15.0,115.0,1,0.0,0.0,1,2,1,1,0,0,1,1,0,1,1,0,0,0,0,0,2,1,0,0,0,2,23,35
201300032613,13,1,29,1,2,2,1.0,6.0,0.0,7.0,0.0,0.0,1.0,16.0,1,1,4.0,2.0,2.0,1.0,0.0,-1.0,1,0.0,1.0,1,1,1,1,0,1,0,1,0,0,0,0,2,1,0,0,1,1,0,0,0,2,12,10
200700045431,7,7,16,1,1,1,2.0,6.0,0.0,31.0,0.0,0.0,0.0,0.0,1,2,1.0,3.0,2.0,1.0,25.0,95.0,1,0.0,1.0,1,3,1,0,0,0,0,1,0,1,0,0,0,1,0,0,0,0,0,0,0,3,16,15
201500004092,15,11,21,1,1,1,1.0,6.0,0.0,7.0,0.0,2.0,0.0,1.0,1,1,3.0,2.0,0.0,1.0,0.0,64.0,1,0.0,3.0,1,3,1,0,0,0,0,1,0,0,1,0,0,0,0,1,0,1,0,0,0,3,8,45
201700010897,17,11,28,1,2,1,1.0,2.0,1.0,7.0,0.0,0.0,2.0,24.0,1,1,4.0,2.0,1.0,1.0,0.0,0.0,1,0.0,1.0,2,1,2,4,0,0,2,4,0,2,4,0,0,4,0,2,0,1,1,0,0,2,12,45
200600065618,6,10,15,3,1,1,2.0,7.0,0.0,7.0,0.0,0.0,0.0,21.0,1,-1,1.0,3.0,4.0,3.0,20.0,140.0,1,0.0,3.0,1,2,1,1,0,0,1,1,0,1,1,0,0,0,0,2,0,1,0,0,0,2,5,15
201500031765,15,4,10,1,2,1,1.0,6.0,0.0,7.0,0.0,0.0,1.0,1.0,1,1,3.0,0.0,0.0,1.0,20.0,80.0,1,6.0,0.0,1,1,2,0,0,1,0,1,0,1,1,0,0,1,0,0,1,1,0,0,0,2,8,35
201500031327,15,9,15,1,2,1,2.0,7.0,0.0,32.0,0.0,0.0,0.0,15.0,1,2,4.0,2.0,2.0,1.0,0.0,0.0,1,0.0,1.0,1,2,1,0,0,0,0,1,0,0,0,0,1,1,0,0,0,0,0,0,0,2,18,4
201400038415,14,11,4,1,2,1,2.0,3.0,0.0,7.0,0.0,0.0,2.0,15.0,1,1,3.0,2.0,2.0,1.0,0.0,0.0,1,0.0,1.0,2,1,2,2,0,0,0,4,0,0,0,0,4,2,0,2,0,1,0,1,0,2,9,10
200800059188,8,10,9,1,2,2,1.0,3.0,0.0,7.0,0.0,0.0,2.0,15.0,1,1,4.0,1.0,1.0,1.0,0.0,85.0,-1,0.0,1.0,2,1,4,2,0,0,2,4,2,2,2,0,0,2,0,4,0,1,0,0,0,2,14,30
201000041602,10,5,25,1,2,2,1.0,1.0,0.0,10.0,0.0,0.0,2.0,19.0,1,1,4.0,2.0,2.0,1.0,0.0,83.0,1,5.0,1.0,2,1,2,2,0,0,0,4,0,0,2,0,2,2,0,0,2,1,0,0,0,2,18,50
200700055439,7,9,15,1,2,3,1.0,7.0,0.0,7.0,0.0,0.0,0.0,15.0,1,1,4.0,2.0,2.0,1.0,0.0,0.0,1,0.0,1.0,2,1,4,0,0,0,0,4,2,0,2,0,0,4,0,0,0,0,0,1,0,2,14,54
200800016945,8,3,30,5,2,1,1.0,6.0,0.0,7.0,0.0,6.0,0.0,1.0,1,1,4.0,2.0,2.0,2.0,0.0,65.0,1,0.0,4.0,1,3,3,0,1,0,1,1,0,2,1,0,0,0,0,3,0,1,0,0,0,3,0,45
200700010036,7,2,13,5,2,2,1.0,3.0,0.0,1.0,0.0,0.0,2.0,1.0,1,-1,4.0,1.0,1.0,1.0,0.0,30.0,1,0.0,1.0,2,2,4,0,0,0,0,4,0,0,4,0,0,4,0,0,0,1,0,0,0,2,22,50
201000028465,10,11,25,5,1,1,1.0,3.0,0.0,10.0,0.0,0.0,2.0,0.0,1,1,1.0,0.0,0.0,1.0,0.0,125.0,1,0.0,1.0,2,1,4,0,0,0,0,4,0,4,0,0,0,4,0,0,0,1,0,1,0,2,20,20
201000017305,10,12,20,1,2,1,1.0,6.0,0.0,1.0,0.0,0.0,1.0,1.0,1,2,3.0,2.0,2.0,2.0,0.0,64.0,1,0.0,1.0,1,1,2,0,0,1,0,1,0,0,1,0,1,1,0,0,1,0,0,0,0,2,10,30
200500017649,5,3,4,1,2,3,1.0,2.0,0.0,7.0,0.0,0.0,0.0,19.0,1,1,4.0,2.0,2.0,1.0,0.0,100.0,1,0.0,1.0,2,1,4,0,0,0,0,4,0,4,0,0,0,2,0,2,0,1,1,0,0,3,11,40
200700076687,7,12,21,5,2,3,1.0,3.0,0.0,7.0,0.0,0.0,2.0,1.0,1,1,4.0,2.0,2.0,1.0,0.0,95.0,1,0.0,1.0,2,1,2,2,0,0,0,4,0,4,0,0,0,2,0,2,0,1,0,0,0,2,2,10
201200036092,12,11,7,1,2,1,1.0,3.0,0.0,7.0,0.0,0.0,2.0,9.0,1,-1,4.0,1.0,1.0,0.0,0.0,30.0,1,0.0,1.0,2,1,2,2,0,0,0,4,0,4,0,0,0,4,0,0,0,1,0,0,0,2,12,15
200500048903,5,8,28,3,1,1,9.0,7.0,0.0,7.0,0.0,2.0,0.0,15.0,1,1,3.0,0.0,0.0,2.0,0.0,90.0,1,0.0,1.0,1,3,0,1,0,0,1,0,0,0,0,0,1,1,0,0,0,0,1,0,0,3,4,40
200500062524,5,10,14,1,1,6,1.0,7.0,0.0,14.0,0.0,0.0,9.0,14.0,1,1,3.0,4.0,0.0,1.0,0.0,84.0,1,0.0,1.0,1,2,1,0,0,0,0,1,0,1,0,0,0,1,0,0,0,0,0,0,1,2,14,45
201100064580,11,5,8,1,2,1,1.0,3.0,0.0,32.0,0.0,0.0,2.0,1.0,1,2,4.0,1.0,3.0,1.0,15.0,105.0,1,0.0,1.0,2,2,4,0,0,0,0,4,0,0,4,0,0,0,0,4,0,0,0,1,0,2,12,25
201500044393,15,1,10,5,2,3,1.0,3.0,0.0,30.0,0.0,0.0,2.0,1.0,1,2,4.0,2.0,2.0,1.0,0.0,0.0,1,0.0,1.0,2,2,4,0,0,0,0,4,0,0,2,2,0,2,0,2,0,1,0,1,0,2,21,0
201700028114,17,7,21,1,2,3,8.0,6.0,1.0,7.0,0.0,0.0,1.0,15.0,1,-1,4.0,1.0,2.0,1.0,0.0,0.0,1,0.0,1.0,1,1,2,0,0,1,0,1,0,2,0,0,0,1,0,1,0,1,0,0,0,3,16,0
201300034480,13,12,29,5,2,1,2.0,6.0,0.0,7.0,0.0,2.0,0.0,0.0,1,0,3.0,3.0,4.0,1.0,69.0,189.0,1,0.0,1.0,1,4,3,0,1,0,1,1,3,0,0,0,0,0,1,2,0,0,1,0,0,4,6,43
201500025617,15,9,8,1,2,3,1.0,3.0,0.0,30.0,0.0,0.0,2.0,17.0,1,-1,4.0,2.0,2.0,1.0,0.0,70.0,1,0.0,1.0,2,2,6,0,0,0,2,4,0,0,6,0,0,2,4,0,0,1,0,0,0,2,19,30
201200008762,12,10,15,1,2,1,1.0,3.0,0.0,99.0,0.0,0.0,2.0,2.0,1,1,3.0,2.0,2.0,1.0,20.0,66.0,1,0.0,1.0,2,3,4,0,0,0,0,4,0,0,2,2,0,2,0,0,2,0,0,1,0,3,11,45
200600025026,6,5,23,2,1,1,1.0,3.0,0.0,7.0,0.0,0.0,2.0,21.0,1,1,3.0,2.0,0.0,1.0,80.0,0.0,1,0.0,1.0,2,1,4,6,4,0,2,4,0,6,2,0,2,4,0,6,0,1,0,1,0,3,6,0
201700057303,17,5,25,1,2,7,1.0,6.0,1.0,7.0,0.0,0.0,1.0,4.0,1,1,4.0,3.0,1.0,1.0,0.0,0.0,1,0.0,4.0,1,1,2,0,0,1,0,1,0,0,2,0,0,2,0,0,0,0,1,0,0,2,11,30
200600056840,6,9,26,1,2,1,1.0,6.0,0.0,1.0,0.0,0.0,2.0,19.0,1,-1,4.0,2.0,2.0,2.0,0.0,66.0,1,0.0,1.0,2,2,2,4,0,0,2,4,0,2,2,2,0,2,4,0,0,1,0,0,0,2,16,25
201700022646,17,7,5,1,2,4,1.0,6.0,1.0,7.0,0.0,0.0,1.0,19.0,1,1,3.0,-1.0,2.0,-1.0,0.0,-1.0,-1,5.0,-1.0,1,1,1,1,0,1,0,1,2,0,0,0,0,0,1,1,0,1,0,0,0,4,14,18
201500018641,15,2,23,1,1,1,1.0,2.0,0.0,10.0,0.0,0.0,2.0,1.0,1,1,3.0,2.0,2.0,1.0,0.0,60.0,1,0.0,1.0,2,4,4,0,0,0,0,4,0,0,0,4,0,2,0,2,0,1,1,0,0,4,12,15
200900033028,9,9,11,1,2,9,1.0,3.0,0.0,31.0,0.0,0.0,2.0,1.0,1,2,4.0,2.0,2.0,1.0,0.0,0.0,1,0.0,1.0,2,2,4,0,0,0,0,4,2,0,2,0,0,2,0,2,0,1,0,0,0,2,17,10
201400038313,14,11,14,1,2,6,1.0,3.0,0.0,10.0,0.0,0.0,2.0,0.0,1,1,4.0,2.0,2.0,1.0,0.0,0.0,1,0.0,1.0,2,1,4,0,0,0,0,4,0,2,0,2,0,4,0,0,0,1,0,1,0,2,13,10
200600050827,6,9,15,3,1,1,1.0,1.0,0.0,7.0,0.0,0.0,2.0,13.0,1,1,3.0,2.0,2.0,1.0,0.0,0.0,-1,0.0,1.0,2,3,4,0,0,0,0,4,0,0,0,0,4,2,0,2,0,1,0,0,0,3,20,0
201100016655,11,4,13,1,1,1,1.0,3.0,0.0,7.0,0.0,0.0,2.0,15.0,1,1,3.0,2.0,1.0,1.0,0.0,0.0,1,0.0,1.0,2,1,2,2,0,0,0,4,2,2,0,0,0,2,0,2,0,1,0,0,0,2,18,30
201000065398,10,9,17,1,2,2,1.0,7.0,0.0,30.0,0.0,0.0,1.0,21.0,1,2,4.0,1.0,2.0,1.0,0.0,70.0,1,0.0,1.0,1,2,0,1,0,0,0,1,0,0,1,0,0,1,0,0,0,1,0,0,0,2,14,0
200800033086,8,6,18,5,2,1,1.0,6.0,0.0,7.0,0.0,0.0,2.0,10.0,1,1,4.0,2.0,2.0,1.0,0.0,80.0,1,0.0,1.0,2,2,6,0,0,0,2,4,0,6,0,0,0,0,0,6,0,1,0,1,0,2,22,15
200800033510,8,6,2,1,2,6,1.0,2.0,0.0,30.0,0.0,0.0,2.0,15.0,1,2,4.0,2.0,2.0,0.0,0.0,0.0,-1,5.0,1.0,2,2,2,0,0,0,0,2,0,0,0,0,2,0,0,2,0,0,1,0,0,2,17,10
201700008850,17,1,7,1,2,3,1.0,3.0,2.0,7.0,0.0,0.0,9.0,15.0,1,-1,4.0,2.0,1.0,1.0,0.0,30.0,1,0.0,1.0,2,1,0,4,0,0,0,4,0,0,4,0,0,0,0,2,2,1,0,0,0,2,16,35
201300051609,13,10,24,1,2,5,1.0,1.0,0.0,32.0,0.0,0.0,2.0,5.0,1,2,4.0,1.0,1.0,1.0,0.0,40.0,1,0.0,0.0,2,1,4,0,0,0,0,4,0,0,2,2,0,4,0,0,0,1,0,0,0,2,17,20
201200041428,12,5,18,1,2,5,1.0,3.0,0.0,7.0,0.0,0.0,2.0,1.0,1,1,3.0,2.0,2.0,1.0,0.0,0.0,-1,0.0,1.0,2,2,0,4,0,0,0,4,0,4,0,0,0,2,0,2,0,1,0,1,0,2,17,5
201700031474,17,6,16,1,1,1,1.0,3.0,2.0,14.0,0.0,0.0,2.0,1.0,1,-1,3.0,2.0,2.0,1.0,9.0,10.0,1,0.0,-1.0,2,2,6,6,4,4,0,4,8,0,0,4,0,2,0,10,0,1,0,1,0,2,7,35
200800004753,8,1,28,5,2,1,1.0,7.0,0.0,32.0,0.0,14.0,0.0,12.0,1,2,4.0,1.0,0.0,1.0,0.0,127.0,1,0.0,1.0,1,2,1,0,0,0,0,1,0,0,0,0,1,1,0,0,0,0,0,0,0,2,23,25
201000014714,10,4,7,1,1,1,1.0,6.0,0.0,7.0,0.0,2.0,0.0,1.0,1,1,3.0,2.0,2.0,1.0,0.0,60.0,1,0.0,3.0,1,4,1,0,0,0,0,1,1,0,0,0,0,1,0,0,0,0,0,0,1,4,17,0
200600027101,6,5,14,1,2,1,1.0,7.0,0.0,1.0,0.0,12.0,0.0,1.0,1,-1,9.0,2.0,4.0,1.0,0.0,0.0,1,2.0,1.0,1,2,0,1,0,0,0,1,0,1,0,0,0,0,1,0,0,1,0,0,0,2,16,10
200600032509,6,6,6,1,2,1,1.0,3.0,0.0,7.0,0.0,0.0,2.0,22.0,1,1,4.0,1.0,1.0,1.0,0.0,65.0,1,0.0,1.0,2,1,4,0,0,0,0,4,0,2,2,0,0,0,0,2,2,1,0,0,0,2,8,50
200900059883,9,10,14,1,1,1,1.0,3.0,0.0,10.0,0.0,0.0,0.0,2.0,1,-1,3.0,2.0,1.0,1.0,0.0,65.0,1,0.0,1.0,2,1,4,0,0,0,0,4,0,2,0,0,2,2,2,0,0,1,0,1,0,3,16,20
200600068630,6,11,8,1,2,1,1.0,6.0,0.0,7.0,0.0,11.0,2.0,1.0,1,0,4.0,2.0,4.0,1.0,0.0,120.0,1,0.0,1.0,2,2,2,2,0,0,0,4,0,0,4,0,0,4,0,0,0,1,0,0,0,2,12,35
201100029197,11,3,7,1,2,2,1.0,3.0,0.0,7.0,0.0,0.0,2.0,1.0,1,1,4.0,2.0,1.0,1.0,0.0,0.0,1,5.0,1.0,2,1,0,4,0,0,0,4,0,0,2,0,2,2,0,2,0,1,0,1,0,2,8,20
200500054895,5,9,25,1,2,1,2.0,1.0,0.0,7.0,0.0,0.0,0.0,0.0,1,1,3.0,2.0,0.0,1.0,0.0,0.0,-1,0.0,1.0,2,2,4,0,0,0,0,4,0,4,0,0,0,0,0,2,2,1,0,0,0,2,17,0
201600056553,16,6,15,1,2,1,1.0,6.0,2.0,30.0,0.0,0.0,1.0,1.0,1,2,4.0,2.0,2.0,1.0,0.0,0.0,1,0.0,1.0,1,1,1,1,0,1,0,1,0,1,1,0,0,0,1,1,0,1,0,0,0,2,19,30
201000066885,10,6,5,1,2,1,1.0,3.0,0.0,7.0,0.0,0.0,2.0,13.0,1,1,4.0,1.0,4.0,1.0,15.0,140.0,1,0.0,1.0,2,1,4,0,0,0,0,4,0,0,2,0,2,2,0,2,0,1,0,0,0,2,12,20
201100010264,11,10,29,5,2,1,1.0,6.0,0.0,7.0,0.0,6.0,0.0,1.0,1,1,3.0,2.0,2.0,0.0,0.0,62.0,1,0.0,1.0,1,2,2,0,0,0,1,1,0,1,1,0,0,0,0,2,0,1,0,0,0,2,6,0