Num_Acc,an,mois,jour,lum,agg,int,atm,col,senc,catv,occutc,obs,obsm,manv,catu,secu,catr,circ,nbv,prof,lartpc,larrout,surf,infra,situ,nb_veh,grav_simpl,Homme,Femme,Arrière,Autre_x,Avant,Conducteur,Autre_y,Inconnu,Loisirs,Professionnel,Travail,Adulte,Enfant,Jeune,Senior,choc_avant,choc_arriere,choc_lateral,choc_multiple,grav_order_max,heure,minute
201300014799,13,5,23,1,2,1,1.0,6.0,0.0,31.0,0.0,0.0,1.0,11.0,1,2,4.0,1.0,2.0,0.0,15.0,70.0,1,0.0,1.0,1,3,2,0,0,1,0,1,0,2,0,0,0,0,0,1,1,1,0,0,0,4,12,15
201400022743,14,9,1,1,2,2,1.0,3.0,0.0,7.0,0.0,1.0,2.0,1.0,1,1,4.0,1.0,1.0,1.0,0.0,54.0,1,0.0,0.0,2,1,2,2,0,0,0,4,0,0,0,0,4,2,0,2,0,1,0,0,0,2,18,30
200800017627,8,4,23,1,1,1,1.0,6.0,0.0,7.0,0.0,0.0,0.0,1.0,1,1,3.0,2.0,2.0,1.0,0.0,59.0,1,0.0,3.0,1,3,0,1,0,0,0,1,0,0,1,0,0,1,0,0,0,0,0,0,1,3,10,30
200700030601,7,5,5,1,2,1,1.0,6.0,0.0,7.0,0.0,0.0,1.0,1.0,1,1,3.0,3.0,2.0,2.0,0.0,60.0,1,0.0,1.0,1,1,0,2,0,1,0,1,0,0,2,0,0,1,1,0,0,1,0,0,0,3,9,45
201600016836,16,2,13,3,1,1,3.0,6.0,2.0,31.0,0.0,13.0,0.0,1.0,1,2,3.0,2.0,2.0,0.0,0.0,66.0,1,0.0,3.0,1,3,1,0,0,0,0,1,0,0,0,0,1,0,0,1,0,1,0,0,0,3,19,0
200900039839,9,6,1,1,1,3,1.0,3.0,0.0,7.0,0.0,0.0,2.0,15.0,1,1,3.0,2.0,0.0,1.0,0.0,71.0,1,5.0,1.0,2,1,6,6,4,0,4,4,0,8,4,0,0,6,0,6,0,1,1,0,0,3,14,0
201700003861,17,4,30,2,1,1,1.0,7.0,1.0,7.0,0.0,0.0,0.0,1.0,1,1,3.0,2.0,2.0,1.0,0.0,40.0,1,0.0,3.0,1,1,3,1,0,2,1,1,0,0,4,0,0,1,0,3,0,1,0,0,0,3,6,30
200500066377,5,10,17,1,2,2,1.0,3.0,0.0,7.0,0.0,0.0,2.0,15.0,1,1,4.0,1.0,1.0,1.0,0.0,35.0,1,0.0,1.0,2,1,2,2,0,0,0,4,0,0,4,0,0,0,0,0,4,1,0,1,0,3,9,20
200500061476,5,9,30,1,2,1,1.0,1.0,0.0,2.0,0.0,0.0,2.0,3.0,1,2,4.0,2.0,2.0,1.0,0.0,60.0,1,0.0,1.0,2,2,4,0,0,0,0,4,0,4,0,0,0,2,2,0,0,1,0,0,0,2,18,20
200600064366,6,10,5,2,2,1,1.0,3.0,0.0,33.0,0.0,0.0,2.0,17.0,1,2,4.0,1.0,1.0,1.0,0.0,58.0,1,0.0,1.0,2,3,0,4,0,0,0,4,2,0,0,0,2,0,0,4,0,1,0,0,0,3,7,30
200800063369,8,11,15,1,2,1,1.0,6.0,0.0,7.0,0.0,0.0,1.0,4.0,1,1,9.0,0.0,0.0,1.0,0.0,60.0,1,0.0,1.0,1,1,1,1,0,1,0,1,2,0,0,0,0,0,0,0,2,0,1,0,0,3,11,0
201000016935,10,8,14,1,2,1,3.0,6.0,0.0,30.0,0.0,1.0,0.0,1.0,1,-1,4.0,2.0,2.0,2.0,0.0,0.0,1,0.0,1.0,1,4,1,0,0,0,0,1,0,1,0,0,0,1,0,0,0,0,0,0,0,4,16,30
201500002693,15,7,15,5,1,1,1.0,6.0,0.0,31.0,0.0,16.0,0.0,0.0,1,2,4.0,2.0,2.0,1.0,0.0,0.0,1,0.0,0.0,1,3,2,0,0,0,1,1,0,1,1,0,0,0,0,2,0,1,0,0,0,3,2,45
200800043432,8,8,29,1,2,3,1.0,3.0,0.0,7.0,0.0,0.0,2.0,16.0,1,1,2.0,2.0,1.0,1.0,0.0,0.0,1,0.0,1.0,2,1,4,0,0,0,0,4,0,0,2,2,0,0,0,4,0,1,0,0,0,3,11,25
201500009177,15,1,29,1,1,1,2.0,3.0,0.0,7.0,0.0,0.0,2.0,13.0,1,1,2.0,2.0,0.0,0.0,0.0,73.0,1,0.0,1.0,2,4,2,2,0,0,0,4,0,0,2,0,2,2,0,2,0,1,0,1,0,4,17,30
200700066600,7,10,7,1,1,1,1.0,3.0,0.0,33.0,0.0,0.0,1.0,0.0,1,2,1.0,1.0,3.0,1.0,10.0,105.0,1,0.0,1.0,2,3,2,0,0,0,0,2,2,0,0,0,0,2,0,0,0,0,1,0,0,3,18,0
201200024093,12,2,3,1,2,1,1.0,3.0,0.0,31.0,0.0,0.0,2.0,18.0,1,2,4.0,2.0,2.0,1.0,0.0,105.0,1,0.0,1.0,2,2,4,0,0,0,0,4,4,0,0,0,0,2,0,0,2,1,0,1,0,2,17,15
201000056625,10,4,30,3,1,1,1.0,2.0,0.0,7.0,0.0,0.0,2.0,2.0,1,1,1.0,1.0,3.0,1.0,25.0,35.0,1,0.0,1.0,2,3,4,0,0,0,0,4,0,0,2,0,2,2,0,2,0,1,1,0,0,3,4,50
201400027088,14,6,28,5,2,1,3.0,1.0,0.0,7.0,0.0,0.0,2.0,13.0,1,1,4.0,2.0,2.0,2.0,0.0,0.0,1,0.0,1.0,2,1,2,4,0,0,2,4,2,0,4,0,0,0,0,6,0,1,0,0,0,2,23,20
201200002518,12,9,16,1,1,3,1.0,1.0,0.0,7.0,0.0,0.0,9.0,15.0,1,1,3.0,0.0,2.0,1.0,0.0,54.0,1,5.0,0.0,2,1,4,2,0,0,2,4,0,2,4,0,0,0,0,0,6,1,0,1,0,2,11,45
200700065756,7,10,18,1,2,6,1.0,1.0,0.0,32.0,0.0,0.0,2.0,0.0,1,0,4.0,2.0,2.0,1.0,0.0,0.0,1,0.0,0.0,2,3,2,0,0,0,0,2,0,2,0,0,0,0,0,2,0,1,0,0,0,3,17,0
200600063301,6,10,3,5,2,1,3.0,7.0,0.0,2.0,0.0,0.0,0.0,1.0,1,2,4.0,2.0,4.0,1.0,0.0,120.0,1,0.0,1.0,1,2,0,1,0,0,0,1,0,0,1,0,0,0,0,1,0,0,0,0,0,2,4,40
200700026527,7,5,12,1,2,1,1.0,6.0,0.0,33.0,0.0,12.0,0.0,1.0,1,2,3.0,3.0,0.0,2.0,20.0,62.0,-1,0.0,1.0,1,3,1,1,0,0,1,1,0,1,1,0,0,0,0,0,2,0,0,1,0,3,15,0
201000045561,10,9,29,1,2,2,1.0,3.0,0.0,33.0,0.0,0.0,2.0,1.0,1,2,4.0,1.0,1.0,2.0,0.0,30.0,1,0.0,1.0,2,2,4,0,0,0,0,4,0,0,2,0,2,0,0,2,2,1,0,1,0,2,19,0
201500043959,15,6,16,1,2,1,1.0,6.0,0.0,7.0,0.0,0.0,1.0,1.0,1,1,4.0,2.0,2.0,2.0,0.0,-1.0,1,0.0,1.0,1,1,0,2,0,1,0,1,1,0,0,0,1,1,1,0,0,1,0,0,0,2,8,35
200500006911,5,2,10,1,2,1,1.0,3.0,0.0,7.0,0.0,1.0,2.0,15.0,1,1,4.0,2.0,30.0,1.0,0.0,80.0,1,0.0,1.0,2,1,2,2,0,0,0,4,0,0,0,0,4,2,0,2,0,1,0,1,0,2,8,40
201500013210,15,5,15,1,1,3,1.0,2.0,0.0,7.0,0.0,0.0,2.0,1.0,1,1,3.0,3.0,1.0,2.0,0.0,35.0,1,3.0,1.0,2,1,6,0,0,0,2,4,0,6,0,0,0,0,0,6,0,1,1,0,0,2,10,50
200700003333,7,1,2,4,2,1,2.0,6.0,0.0,7.0,0.0,0.0,1.0,1.0,1,1,4.0,2.0,3.0,4.0,0.0,114.0,1,0.0,1.0,1,1,2,0,0,1,0,1,1,1,0,0,0,1,0,0,1,1,0,0,0,3,18,20
201100046837,11,3,10,1,2,1,1.0,3.0,0.0,7.0,0.0,0.0,2.0,1.0,1,1,2.0,3.0,8.0,1.0,0.0,0.0,1,0.0,1.0,2,1,4,0,0,0,0,4,0,0,4,0,0,0,0,2,2,0,0,1,0,2,13,30
200900041973,9,8,25,1,1,1,1.0,2.0,0.0,7.0,0.0,0.0,2.0,2.0,1,1,1.0,3.0,3.0,1.0,25.0,105.0,1,0.0,1.0,2,2,2,6,2,0,2,4,0,0,8,0,0,4,0,2,2,1,1,0,0,2,15,15
200900064483,9,9,5,1,2,1,1.0,2.0,0.0,32.0,0.0,0.0,2.0,1.0,1,2,3.0,2.0,2.0,1.0,0.0,30.0,1,0.0,1.0,2,2,4,0,0,0,0,4,0,0,4,0,0,2,2,0,0,1,1,0,0,2,11,15
200700075648,7,12,26,1,1,1,2.0,6.0,0.0,7.0,0.0,13.0,0.0,1.0,1,1,4.0,0.0,1.0,1.0,0.0,56.0,0,0.0,1.0,1,3,1,1,0,0,1,1,1,1,0,0,0,1,0,1,0,0,0,1,0,3,10,0
200600071744,6,11,12,3,2,1,2.0,6.0,0.0,7.0,0.0,6.0,0.0,14.0,1,1,3.0,2.0,3.0,2.0,0.0,95.0,1,0.0,1.0,1,2,4,0,2,0,1,1,0,3,1,0,0,0,0,4,0,1,0,0,0,3,6,30
201200008554,12,8,22,1,1,1,1.0,2.0,0.0,7.0,0.0,0.0,2.0,15.0,1,1,3.0,2.0,2.0,1.0,0.0,72.0,1,5.0,1.0,2,1,4,2,0,0,2,4,2,2,2,0,0,2,0,0,4,1,1,0,0,2,16,30
201300032723,13,12,5,1,2,1,1.0,6.0,0.0,10.0,0.0,0.0,1.0,1.0,1,1,3.0,2.0,2.0,1.0,0.0,0.0,1,0.0,1.0,1,1,1,2,0,2,0,1,2,0,0,1,0,0,2,0,1,0,0,1,0,2,8,0
200500061287,5,9,16,1,2,1,1.0,6.0,0.0,7.0,0.0,8.0,1.0,4.0,1,-1,9.0,0.0,1.0,1.0,0.0,0.0,1,0.0,4.0,1,1,1,1,0,1,0,1,2,0,0,0,0,0,0,0,2,0,1,0,0,3,15,55
200900044904,9,11,19,5,2,1,1.0,4.0,0.0,7.0,0.0,0.0,2.0,2.0,1,1,4.0,3.0,4.0,1.0,0.0,0.0,1,0.0,1.0,4,2,8,8,0,0,0,16,0,4,4,0,8,8,0,8,0,1,1,0,0,2,20,16
201300042397,13,7,31,1,2,1,1.0,7.0,0.0,10.0,0.0,14.0,1.0,1.0,1,1,4.0,2.0,2.0,1.0,1.0,1.0,1,0.0,1.0,1,1,2,0,0,1,0,1,0,0,0,2,0,2,0,0,0,0,0,1,0,3,16,45
201000048317,10,7,8,1,2,2,1.0,6.0,0.0,10.0,0.0,0.0,1.0,1.0,1,1,3.0,2.0,3.0,1.0,0.0,0.0,1,0.0,1.0,1,1,2,0,0,1,0,1,0,0,1,1,0,1,1,0,0,1,0,0,0,3,12,45
200600037229,6,6,30,1,1,1,1.0,2.0,0.0,7.0,0.0,0.0,0.0,11.0,1,1,1.0,3.0,6.0,1.0,20.0,210.0,1,0.0,1.0,2,1,4,2,0,0,2,4,0,2,0,0,4,4,0,2,0,1,1,0,0,2,18,45
201100025727,11,2,25,5,2,1,2.0,6.0,2.0,30.0,0.0,0.0,1.0,0.0,3,-1,4.0,2.0,2.0,1.0,0.0,0.0,1,0.0,1.0,1,2,1,0,0,1,0,0,0,1,0,0,0,0,0,1,0,1,0,0,0,2,2,53
201100023588,11,1,5,1,1,1,7.0,6.0,0.0,7.0,0.0,0.0,0.0,0.0,1,0,2.0,3.0,2.0,1.0,22.0,70.0,1,0.0,1.0,2,3,4,0,0,0,0,4,2,0,2,0,0,0,0,2,2,0,1,0,0,3,9,30
201000047118,10,12,7,1,2,1,8.0,6.0,0.0,7.0,0.0,8.0,0.0,14.0,1,1,3.0,2.0,1.0,1.0,0.0,0.0,1,0.0,1.0,1,2,0,1,0,0,0,1,0,0,0,0,1,0,0,1,0,1,0,0,0,2,14,0
201000041145,10,3,5,5,2,1,1.0,6.0,0.0,7.0,0.0,0.0,1.0,4.0,1,1,3.0,2.0,2.0,1.0,0.0,90.0,1,0.0,1.0,1,1,2,0,0,1,0,1,0,0,2,0,0,2,0,0,0,0,1,0,0,2,18,42
200600034467,6,6,4,1,2,3,1.0,3.0,0.0,2.0,0.0,0.0,2.0,1.0,1,2,4.0,2.0,1.0,0.0,0.0,0.0,1,0.0,1.0,2,2,4,0,0,0,0,4,0,0,4,0,0,0,2,0,2,1,0,0,0,2,8,55
200700061490,7,10,29,3,1,1,2.0,5.0,0.0,3.0,0.0,0.0,2.0,5.0,1,1,3.0,2.0,3.0,1.0,0.0,100.0,1,0.0,1.0,4,3,12,4,0,0,0,16,0,0,4,0,12,12,0,4,0,1,0,1,0,3,19,15
200600019104,6,4,11,1,2,4,1.0,3.0,0.0,7.0,0.0,0.0,2.0,15.0,1,1,4.0,2.0,2.0,2.0,0.0,100.0,1,0.0,1.0,2,2,4,2,0,0,2,4,0,2,2,0,2,4,2,0,0,1,0,1,0,2,8,0
200700021178,7,4,25,1,2,1,1.0,6.0,0.0,7.0,0.0,0.0,2.0,24.0,1,-1,4.0,2.0,2.0,0.0,0.0,0.0,1,0.0,1.0,2,1,4,0,0,0,0,4,0,4,0,0,0,2,0,0,2,1,0,0,0,3,8,44
200800030013,8,6,15,3,1,1,1.0,7.0,0.0,7.0,0.0,13.0,0.0,1.0,1,0,3.0,2.0,2.0,2.0,0.0,65.0,1,0.0,3.0,1,3,1,0,0,0,0,1,0,0,1,0,0,1,0,0,0,0,0,0,1,3,1,45
200500072238,5,11,6,1,1,1,1.0,1.0,0.0,7.0,0.0,0.0,2.0,5.0,1,1,3.0,2.0,0.0,1.0,0.0,55.0,1,0.0,1.0,2,3,2,2,0,0,0,4,0,0,4,0,0,2,0,2,0,1,0,0,0,3,10,0
201100057750,11,1,1,3,1,1,1.0,6.0,0.0,7.0,0.0,3.0,0.0,14.0,1,1,1.0,3.0,2.0,1.0,36.0,70.0,1,0.0,2.0,2,3,4,0,0,0,0,4,0,0,4,0,0,4,0,0,0,1,0,1,0,3,5,50
200700061984,7,10,13,1,2,1,1.0,3.0,0.0,7.0,0.0,0.0,2.0,9.0,1,1,4.0,3.0,6.0,1.0,30.0,114.0,1,0.0,1.0,2,1,2,2,0,0,0,4,0,2,2,0,0,2,0,2,0,0,0,0,0,2,13,45
200700035924,7,6,17,1,2,1,1.0,7.0,0.0,2.0,0.0,16.0,0.0,2.0,1,0,4.0,1.0,1.0,1.0,0.0,0.0,-1,0.0,1.0,1,3,1,0,0,0,0,1,0,0,1,0,0,0,0,1,0,1,0,0,0,3,19,50
200600007746,6,2,5,5,2,1,1.0,3.0,0.0,7.0,0.0,0.0,2.0,0.0,1,-1,4.0,2.0,3.0,1.0,30.0,70.0,1,5.0,1.0,2,1,4,0,0,0,0,4,0,2,2,0,0,2,0,2,0,1,0,0,0,3,19,0
200500040098,5,6,17,1,1,1,1.0,2.0,0.0,7.0,0.0,3.0,2.0,2.0,1,1,1.0,3.0,0.0,1.0,20.0,100.0,1,0.0,1.0,2,2,4,0,0,0,0,4,0,0,0,2,2,0,0,2,2,1,1,0,0,2,8,15
201200053763,12,4,19,5,2,1,1.0,6.0,0.0,7.0,0.0,0.0,1.0,4.0,1,-1,4.0,1.0,1.0,1.0,0.0,0.0,1,0.0,1.0,1,1,2,0,0,1,0,1,0,0,2,0,0,1,0,1,0,0,1,0,0,2,23,10
201500005514,15,1,3,5,2,1,2.0,6.0,0.0,7.0,0.0,0.0,1.0,1.0,1,1,3.0,2.0,2.0,2.0,0.0,78.0,1,0.0,1.0,1,1,1,1,0,1,0,1,0,0,2,0,0,1,0,1,0,1,0,0,0,3,18,15
201400014895,14,6,6,4,2,1,1.0,2.0,0.0,7.0,0.0,0.0,2.0,15.0,1,1,4.0,1.0,0.0,1.0,0.0,0.0,1,0.0,1.0,2,1,4,0,0,0,0,4,4,0,0,0,0,2,0,2,0,1,1,0,0,2,23,45
200700069596,7,11,10,1,2,1,2.0,2.0,0.0,7.0,0.0,0.0,2.0,2.0,1,-1,4.0,2.0,2.0,1.0,0.0,72.0,1,0.0,1.0,2,1,4,2,0,0,2,4,0,4,2,0,0,4,0,0,2,1,1,0,0,2,15,30
201600021318,16,11,16,5,2,1,1.0,2.0,0.0,7.0,0.0,0.0,2.0,2.0,1,1,4.0,1.0,2.0,1.0,0.0,0.0,1,0.0,0.0,2,1,0,4,0,0,0,4,0,4,0,0,0,2,0,2,0,1,1,0,0,2,18,25
200900068529,9,4,3,5,2,1,1.0,6.0,0.0,7.0,0.0,0.0,1.0,1.0,1,-1,3.0,2.0,1.0,1.0,90.0,90.0,1,0.0,1.0,1,1,2,0,0,1,0,1,0,2,0,0,0,1,0,1,0,0,0,1,0,3,21,30
200800050071,8,9,20,1,2,1,1.0,6.0,0.0,31.0,0.0,0.0,2.0,1.0,1,2,3.0,1.0,2.0,1.0,0.0,0.0,1,5.0,1.0,2,3,2,2,0,0,0,4,0,2,2,0,0,2,2,0,0,1,0,0,0,3,15,40
201500010202,15,8,31,5,2,3,1.0,6.0,0.0,2.0,0.0,0.0,0.0,1.0,1,2,4.0,1.0,1.0,1.0,0.0,60.0,1,0.0,1.0,2,2,6,0,2,0,0,4,0,6,0,0,0,0,4,2,0,1,0,1,0,2,1,0
200900013482,9,6,29,1,1,1,1.0,6.0,0.0,7.0,0.0,0.0,5.0,1.0,1,1,3.0,2.0,2.0,1.0,0.0,58.0,1,0.0,1.0,1,3,0,1,0,0,0,1,0,0,0,0,1,1,0,0,0,1,0,0,0,3,8,45
201400037318,14,4,10,1,2,1,1.0,6.0,0.0,7.0,0.0,0.0,1.0,1.0,1,1,4.0,2.0,2.0,1.0,0.0,70.0,1,0.0,1.0,2,1,4,2,0,2,0,4,4,0,0,2,0,2,0,4,0,1,0,0,0,3,18,30
200700018355,7,3,29,1,1,1,1.0,2.0,0.0,7.0,0.0,0.0,2.0,2.0,1,1,2.0,2.0,2.0,2.0,0.0,72.0,1,0.0,1.0,2,2,4,0,0,0,0,4,0,0,0,0,4,2,0,2,0,1,1,0,0,3,12,20
200500079352,5,12,22,3,1,1,1.0,1.0,0.0,7.0,0.0,0.0,2.0,13.0,1,1,3.0,2.0,2.0,1.0,0.0,56.0,1,0.0,1.0,2,3,4,0,0,0,0,4,0,0,4,0,0,0,0,2,2,1,0,0,0,3,19,0
201100035424,11,5,11,2,2,2,1.0,6.0,0.0,10.0,0.0,0.0,2.0,2.0,1,1,4.0,2.0,2.0,1.0,0.0,0.0,1,0.0,1.0,2,1,4,2,2,0,0,4,0,2,0,4,0,4,0,2,0,1,0,1,0,2,20,10
201100064097,11,6,28,1,2,1,1.0,6.0,0.0,7.0,0.0,0.0,1.0,1.0,1,1,4.0,2.0,3.0,1.0,0.0,104.0,1,0.0,1.0,1,1,1,1,0,1,0,1,0,2,0,0,0,1,0,1,0,1,0,0,0,4,13,57
201100016331,11,10,22,1,2,2,1.0,6.0,1.0,10.0,0.0,0.0,0.0,0.0,1,2,4.0,1.0,1.0,1.0,0.0,32.0,1,0.0,1.0,2,2,4,0,0,0,2,2,0,0,4,0,0,0,0,4,0,0,0,0,0,2,15,35
201200045123,12,3,7,5,2,1,3.0,6.0,0.0,33.0,0.0,0.0,1.0,19.0,1,2,4.0,2.0,2.0,1.0,30.0,10.0,1,0.0,1.0,1,1,2,1,0,2,0,1,0,0,1,0,2,3,0,0,0,0,0,0,0,2,19,30
200500056945,5,9,22,5,2,3,1.0,2.0,0.0,2.0,0.0,0.0,2.0,2.0,1,2,2.0,2.0,2.0,2.0,0.0,78.0,1,0.0,1.0,2,1,6,0,2,0,0,4,0,2,4,0,0,0,2,2,2,1,1,0,0,2,22,59
201400001935,14,2,19,1,1,1,1.0,7.0,0.0,7.0,0.0,13.0,0.0,13.0,1,1,3.0,2.0,2.0,0.0,0.0,60.0,1,0.0,1.0,1,3,0,1,0,0,0,1,0,0,0,0,1,0,0,1,0,1,0,0,0,3,9,15
201000003824,10,5,28,1,1,1,1.0,3.0,0.0,16.0,0.0,0.0,2.0,1.0,1,1,4.0,2.0,2.0,0.0,0.0,43.0,1,0.0,1.0,2,1,4,0,0,0,0,4,0,0,2,2,0,2,0,0,2,1,0,0,0,3,11,15
201000007422,10,4,28,1,2,1,1.0,3.0,0.0,17.0,0.0,0.0,2.0,14.0,1,1,3.0,1.0,2.0,1.0,0.0,0.0,1,5.0,1.0,2,1,2,4,0,0,2,4,0,2,2,2,0,2,0,2,2,0,0,1,0,3,9,0
200700025375,7,5,6,3,1,1,1.0,7.0,0.0,7.0,0.0,0.0,0.0,1.0,1,0,3.0,2.0,1.0,1.0,0.0,59.0,1,0.0,1.0,1,4,2,0,0,0,1,1,0,1,1,0,0,0,0,2,0,0,0,0,1,4,3,15
200600058678,6,10,31,1,1,2,1.0,1.0,0.0,7.0,0.0,6.0,0.0,1.0,1,1,3.0,2.0,2.0,1.0,0.0,65.0,1,0.0,3.0,2,3,2,4,0,0,2,4,0,2,2,2,0,4,0,2,0,1,0,0,0,3,11,0
200900031356,9,5,5,1,2,1,2.0,6.0,0.0,7.0,0.0,0.0,1.0,1.0,1,1,4.0,2.0,2.0,1.0,0.0,0.0,1,0.0,1.0,1,1,2,0,0,1,0,1,0,0,2,0,0,1,0,0,1,1,0,0,0,2,11,0
200500035761,5,6,14,1,2,2,1.0,3.0,0.0,5.0,0.0,0.0,2.0,1.0,1,2,3.0,2.0,2.0,1.0,0.0,60.0,1,0.0,1.0,2,3,4,2,2,0,0,4,0,2,4,0,0,6,0,0,0,1,0,0,0,3,20,0
200800032459,8,6,21,1,1,1,1.0,3.0,0.0,7.0,0.0,0.0,0.0,10.0,1,1,4.0,2.0,2.0,1.0,0.0,60.0,1,0.0,1.0,2,1,4,2,0,0,2,4,0,6,0,0,0,2,0,4,0,1,0,1,0,3,10,0
201100005395,11,12,24,1,2,2,1.0,3.0,0.0,10.0,0.0,0.0,2.0,1.0,1,1,4.0,2.0,2.0,1.0,0.0,122.0,1,5.0,1.0,2,1,2,2,0,0,0,4,0,0,4,0,0,2,0,0,2,1,0,0,0,3,11,45
200500034635,5,6,14,1,2,1,8.0,6.0,0.0,7.0,0.0,6.0,0.0,14.0,1,1,4.0,2.0,2.0,2.0,0.0,62.0,1,0.0,4.0,1,3,1,0,0,0,0,1,1,0,0,0,0,1,0,0,0,1,0,0,0,3,10,0
200600021412,6,4,6,1,2,1,1.0,6.0,0.0,10.0,0.0,0.0,1.0,4.0,1,1,4.0,2.0,2.0,1.0,0.0,60.0,1,0.0,1.0,1,1,1,1,0,1,0,1,0,0,1,1,0,1,0,0,1,0,1,0,0,2,19,15
201100041805,11,2,3,3,2,1,1.0,2.0,0.0,7.0,0.0,0.0,2.0,21.0,1,1,4.0,0.0,0.0,1.0,0.0,0.0,1,0.0,1.0,2,2,2,2,0,0,0,4,0,2,0,0,2,2,0,2,0,1,1,0,0,2,19,5
200600079367,6,12,22,5,2,2,1.0,3.0,0.0,7.0,0.0,9.0,0.0,1.0,1,-1,4.0,2.0,2.0,1.0,0.0,70.0,1,0.0,1.0,2,3,2,4,0,0,2,4,0,6,0,0,0,6,0,0,0,1,0,1,0,3,3,35
201200005602,12,3,23,1,1,1,1.0,3.0,0.0,7.0,0.0,0.0,0.0,10.0,1,1,3.0,2.0,2.0,2.0,0.0,61.0,1,0.0,1.0,2,3,4,0,0,0,0,4,0,0,2,0,2,0,0,2,2,1,0,1,0,3,18,0
201600016317,16,6,12,1,1,1,1.0,6.0,0.0,7.0,0.0,13.0,0.0,1.0,1,1,3.0,2.0,2.0,1.0,0.0,0.0,1,0.0,1.0,1,3,1,1,0,0,1,1,0,1,0,0,1,1,1,0,0,1,0,0,0,3,12,45
201300000527,13,7,29,3,1,1,1.0,2.0,0.0,7.0,0.0,0.0,2.0,2.0,1,1,3.0,3.0,4.0,1.0,0.0,60.0,1,0.0,1.0,2,1,4,2,0,0,2,4,0,0,0,0,6,4,0,2,0,1,1,0,0,3,3,0
200800046809,8,8,19,1,1,1,1.0,5.0,0.0,7.0,0.0,0.0,2.0,13.0,1,1,3.0,3.0,2.0,1.0,0.0,70.0,1,0.0,1.0,3,3,9,3,0,0,3,9,0,6,6,0,0,9,0,0,3,1,0,1,0,3,18,15
201500012093,15,8,20,1,1,1,1.0,3.0,0.0,7.0,0.0,0.0,0.0,1.0,1,1,1.0,1.0,4.0,1.0,15.0,35.0,1,0.0,1.0,2,3,2,2,0,0,0,4,0,0,0,2,2,4,0,0,0,1,1,0,0,3,9,0
200600024356,6,5,2,5,2,1,1.0,2.0,0.0,7.0,0.0,0.0,2.0,1.0,1,1,3.0,1.0,0.0,1.0,0.0,71.0,1,0.0,1.0,2,3,4,0,0,0,0,4,0,4,0,0,0,2,0,0,2,1,1,0,0,3,0,45
200700069526,7,11,20,1,2,1,3.0,7.0,0.0,7.0,0.0,0.0,1.0,1.0,1,1,4.0,2.0,2.0,1.0,0.0,0.0,1,0.0,1.0,1,1,0,2,0,1,0,1,0,1,1,0,0,0,0,1,1,1,0,0,0,3,11,14
200900001508,9,3,3,1,2,1,1.0,6.0,0.0,7.0,0.0,0.0,1.0,1.0,3,-1,4.0,2.0,3.0,1.0,0.0,120.0,1,0.0,1.0,1,3,2,0,0,1,0,1,0,0,1,1,0,1,0,1,0,0,1,0,0,3,8,50
200900010070,9,5,1,1,1,1,1.0,7.0,0.0,33.0,0.0,3.0,0.0,17.0,1,2,3.0,0.0,3.0,4.0,0.0,64.0,1,0.0,1.0,1,4,1,0,0,0,0,1,0,0,1,0,0,0,0,1,0,0,0,0,0,4,19,45
201600009371,16,2,7,5,1,1,2.0,7.0,2.0,7.0,0.0,8.0,0.0,19.0,1,1,9.0,2.0,2.0,1.0,0.0,63.0,1,0.0,3.0,1,1,2,2,3,0,0,1,0,3,1,0,0,3,0,1,0,0,0,0,1,2,6,30
201400055029,14,1,10,1,2,3,1.0,3.0,0.0,7.0,0.0,0.0,0.0,16.0,1,1,4.0,3.0,2.0,1.0,60.0,30.0,1,0.0,5.0,2,1,2,2,0,0,0,4,2,0,0,0,2,4,0,0,0,0,1,0,0,2,14,8
201200007850,12,4,11,1,1,1,1.0,3.0,0.0,7.0,0.0,0.0,2.0,15.0,1,1,3.0,2.0,2.0,2.0,0.0,0.0,1,0.0,1.0,2,1,2,2,0,0,0,4,2,0,0,0,2,4,0,0,0,1,0,1,0,3,16,45
201700014823,17,9,17,3,1,1,1.0,6.0,0.0,33.0,0.0,14.0,0.0,1.0,1,2,3.0,2.0,2.0,2.0,0.0,0.0,1,0.0,1.0,1,3,1,0,0,0,0,1,0,0,1,0,0,0,0,1,0,0,0,0,1,3,4,15
200600043819,6,7,23,5,2,1,1.0,1.0,0.0,7.0,0.0,0.0,2.0,13.0,1,1,3.0,2.0,2.0,1.0,0.0,65.0,1,0.0,1.0,2,1,2,6,0,0,4,4,0,6,2,0,0,4,2,2,0,1,0,0,0,3,4,0
201600032463,16,5,23,1,2,2,3.0,1.0,1.0,1.0,0.0,0.0,2.0,1.0,1,-1,4.0,2.0,2.0,1.0,0.0,90.0,1,0.0,1.0,2,3,4,0,0,0,0,4,0,2,0,0,2,2,0,2,0,1,1,0,0,3,10,50
200500043584,5,7,22,1,2,1,1.0,3.0,0.0,14.0,0.0,0.0,2.0,0.0,1,-1,4.0,3.0,8.0,1.0,0.0,0.0,1,0.0,1.0,2,1,4,0,0,0,0,4,0,2,0,2,0,4,0,0,0,1,0,0,0,2,15,35
201300021295,13,7,10,1,2,1,1.0,6.0,0.0,7.0,0.0,0.0,1.0,1.0,1,1,4.0,2.0,2.0,1.0,0.0,90.0,1,0.0,1.0,1,1,2,1,0,2,0,1,0,0,2,0,1,1,1,0,1,1,0,0,0,2,9,30