Num_Acc,an,mois,jour,lum,agg,int,atm,col,senc,catv,occutc,obs,obsm,manv,catu,secu,catr,circ,nbv,prof,lartpc,larrout,surf,infra,situ,nb_veh,grav_simpl,Homme,Femme,Arrière,Autre_x,Avant,Conducteur,Autre_y,Inconnu,Loisirs,Professionnel,Travail,Adulte,Enfant,Jeune,Senior,choc_avant,choc_arriere,choc_lateral,choc_multiple,grav_order_max,heure,minute
200800031741,8,6,20,1,2,3,1.0,6.0,0.0,7.0,0.0,0.0,1.0,15.0,1,1,4.0,2.0,2.0,1.0,0.0,0.0,1,0.0,0.0,1,1,2,0,0,1,0,1,0,0,2,0,0,1,0,0,1,1,0,0,0,4,12,20
200900042639,9,5,5,1,2,1,1.0,1.0,0.0,31.0,0.0,0.0,0.0,13.0,1,9,3.0,2.0,2.0,1.0,0.0,60.0,1,0.0,1.0,2,3,2,2,0,0,0,4,0,0,0,0,4,2,0,2,0,1,0,0,1,3,8,30
200900052495,9,6,2,1,2,1,1.0,3.0,0.0,7.0,0.0,0.0,2.0,2.0,1,-1,4.0,1.0,1.0,1.0,0.0,80.0,1,0.0,1.0,2,3,2,0,0,0,0,2,0,2,0,0,0,2,0,0,0,1,0,0,0,3,10,55
201200045325,12,1,6,5,2,2,1.0,3.0,0.0,7.0,0.0,1.0,2.0,1.0,1,1,4.0,1.0,1.0,1.0,0.0,0.0,1,0.0,1.0,2,1,4,0,0,0,0,4,4,0,0,0,0,2,0,2,0,1,0,1,0,3,22,25
200800037927,8,7,19,1,1,1,1.0,3.0,0.0,7.0,0.0,0.0,2.0,13.0,1,1,2.0,2.0,0.0,2.0,0.0,30.0,1,0.0,1.0,2,2,6,4,0,0,4,6,0,6,4,0,0,2,0,0,8,1,0,0,0,2,8,45
201700015783,17,8,10,1,1,1,2.0,1.0,2.0,7.0,0.0,0.0,2.0,1.0,1,-1,3.0,2.0,2.0,1.0,0.0,59.0,1,0.0,1.0,2,3,6,4,2,0,4,4,0,0,10,0,0,4,0,0,6,1,0,0,0,4,18,10
201300029947,13,6,8,1,1,9,1.0,7.0,1.0,7.0,0.0,0.0,0.0,17.0,1,2,3.0,2.0,3.0,0.0,0.0,150.0,-1,2.0,1.0,2,3,2,0,0,0,0,2,0,0,0,0,2,2,0,0,0,0,0,0,0,3,20,35
201400056602,14,11,27,5,2,1,1.0,6.0,0.0,32.0,0.0,0.0,1.0,1.0,1,2,4.0,2.0,3.0,1.0,0.0,120.0,1,0.0,1.0,1,1,2,0,0,1,0,1,0,0,1,0,1,1,0,1,0,1,0,0,0,2,21,45
200500047405,5,7,16,1,2,2,1.0,1.0,0.0,7.0,0.0,0.0,2.0,15.0,1,1,2.0,2.0,2.0,1.0,0.0,100.0,1,0.0,1.0,2,1,2,2,0,0,0,4,0,0,0,0,4,2,0,2,0,1,0,0,0,3,20,27
201700046738,17,7,26,1,1,1,1.0,3.0,1.0,10.0,0.0,0.0,2.0,1.0,1,1,1.0,0.0,4.0,1.0,0.0,0.0,1,0.0,1.0,2,1,4,0,0,0,0,4,0,0,0,2,2,4,0,0,0,1,1,0,0,2,7,0
200800057477,8,10,28,5,2,2,1.0,6.0,0.0,33.0,0.0,0.0,2.0,1.0,1,2,4.0,1.0,3.0,1.0,0.0,0.0,1,0.0,1.0,2,2,10,0,2,0,2,6,0,6,4,0,0,0,0,10,0,1,0,1,0,2,23,0
200500019165,5,4,9,2,2,6,1.0,6.0,0.0,7.0,0.0,0.0,2.0,1.0,1,1,2.0,2.0,2.0,1.0,0.0,67.0,1,0.0,1.0,2,1,2,2,0,0,0,4,0,4,0,0,0,0,0,2,2,1,1,0,0,2,14,53
201500046258,15,2,15,1,1,1,1.0,2.0,0.0,7.0,0.0,0.0,0.0,2.0,1,1,1.0,0.0,3.0,1.0,30.0,105.0,1,0.0,0.0,2,2,4,0,0,0,0,4,0,2,2,0,0,4,0,0,0,1,1,0,0,2,13,10
201200040106,12,7,10,3,1,3,1.0,3.0,0.0,7.0,0.0,0.0,2.0,1.0,1,1,3.0,2.0,2.0,0.0,0.0,60.0,1,0.0,1.0,2,2,2,2,0,0,0,4,0,0,0,0,4,2,0,2,0,1,0,0,0,2,5,20
201400027475,14,7,13,1,2,1,1.0,6.0,0.0,7.0,0.0,0.0,1.0,15.0,1,1,2.0,2.0,2.0,2.0,0.0,70.0,1,0.0,1.0,1,1,0,2,0,1,0,1,0,0,2,0,0,1,0,0,1,1,0,0,0,3,14,45
200800044318,8,8,7,1,2,7,1.0,6.0,0.0,1.0,0.0,0.0,1.0,1.0,1,0,4.0,2.0,2.0,1.0,0.0,66.0,1,0.0,1.0,1,3,1,1,0,1,0,1,1,0,0,0,1,2,0,0,0,1,0,0,0,3,12,10
201700019081,17,3,25,3,1,1,3.0,7.0,0.0,33.0,0.0,0.0,0.0,1.0,1,2,4.0,2.0,2.0,2.0,0.0,55.0,1,0.0,3.0,1,4,1,0,0,0,0,1,0,0,1,0,0,1,0,0,0,1,0,0,0,4,4,0
201400057045,14,4,3,1,2,2,1.0,6.0,0.0,30.0,0.0,6.0,0.0,13.0,1,2,4.0,1.0,1.0,1.0,0.0,30.0,1,0.0,4.0,1,1,1,1,0,0,1,1,0,0,0,0,2,0,0,2,0,1,0,0,0,2,9,30
201200052942,12,12,4,1,2,4,1.0,3.0,0.0,7.0,0.0,0.0,2.0,1.0,1,1,4.0,2.0,2.0,2.0,31.0,130.0,1,0.0,1.0,2,2,2,4,0,0,2,4,0,0,6,0,0,0,0,0,6,1,0,1,0,2,14,50
200800011962,8,3,14,1,2,1,1.0,3.0,0.0,7.0,0.0,0.0,2.0,16.0,1,1,4.0,2.0,0.0,1.0,0.0,58.0,1,0.0,1.0,2,1,2,4,0,0,2,4,0,6,0,0,0,0,0,6,0,0,0,1,0,2,16,45
200500050064,5,8,31,1,1,1,1.0,1.0,0.0,7.0,0.0,0.0,2.0,1.0,1,1,4.0,2.0,2.0,0.0,0.0,0.0,1,0.0,1.0,2,2,0,4,0,0,0,4,4,0,0,0,0,4,0,0,0,1,0,0,0,2,18,15
201400026707,14,9,15,1,2,2,1.0,3.0,0.0,30.0,0.0,0.0,9.0,21.0,1,2,4.0,2.0,3.0,1.0,0.0,0.0,1,0.0,1.0,2,3,4,0,0,0,0,4,0,0,2,2,0,2,0,2,0,1,0,1,0,3,13,0
201600002384,16,9,8,2,1,1,1.0,1.0,1.0,7.0,0.0,0.0,2.0,13.0,1,1,3.0,2.0,2.0,1.0,0.0,65.0,1,0.0,1.0,2,2,2,2,0,0,0,4,0,0,0,2,2,4,0,0,0,1,0,0,0,3,7,0
201700051222,17,12,7,1,2,1,1.0,6.0,1.0,7.0,0.0,0.0,1.0,1.0,1,1,4.0,2.0,4.0,1.0,0.0,0.0,1,0.0,1.0,1,1,0,2,0,1,0,1,1,0,0,0,1,1,0,1,0,1,0,0,0,3,14,0
200600075044,6,12,4,5,2,3,1.0,4.0,0.0,7.0,0.0,0.0,2.0,1.0,1,1,4.0,2.0,2.0,1.0,0.0,60.0,1,0.0,1.0,3,1,9,0,0,0,0,9,9,0,0,0,0,6,0,3,0,1,1,0,0,2,17,20
201500051696,15,6,26,1,2,1,1.0,6.0,0.0,7.0,0.0,0.0,1.0,20.0,1,1,4.0,1.0,0.0,0.0,0.0,0.0,-1,0.0,1.0,1,1,1,1,0,1,0,1,0,2,0,0,0,2,0,0,0,0,1,0,0,2,18,55
201300040477,13,9,13,1,2,1,2.0,2.0,0.0,30.0,0.0,0.0,2.0,1.0,1,2,3.0,2.0,2.0,2.0,0.0,77.0,1,0.0,1.0,2,2,4,0,0,0,0,4,0,0,2,2,0,0,0,4,0,1,1,0,0,2,17,45
200900062305,9,10,14,1,1,2,1.0,6.0,0.0,7.0,0.0,0.0,1.0,15.0,3,-1,4.0,2.0,2.0,1.0,0.0,0.0,1,0.0,1.0,1,2,1,1,0,1,0,1,0,0,0,1,1,2,0,0,0,0,0,0,0,2,10,30
201700020637,17,11,15,1,1,1,1.0,1.0,1.0,7.0,0.0,0.0,2.0,1.0,1,1,3.0,2.0,2.0,1.0,0.0,49.0,1,2.0,1.0,2,2,0,4,0,0,0,4,0,2,2,0,0,0,0,2,2,1,0,0,0,3,9,18
201400032191,14,12,25,5,2,2,1.0,6.0,0.0,7.0,0.0,0.0,2.0,1.0,1,1,4.0,2.0,2.0,1.0,0.0,0.0,1,0.0,1.0,2,1,6,0,0,0,2,4,0,4,0,2,0,2,0,4,0,1,0,0,0,3,22,10
200500051581,5,8,17,1,2,1,3.0,6.0,0.0,7.0,0.0,0.0,2.0,2.0,1,1,2.0,2.0,4.0,1.0,0.0,140.0,1,2.0,1.0,1,2,0,1,0,0,0,1,0,0,1,0,0,0,0,1,0,0,1,0,0,2,18,17
200700066024,7,10,7,1,2,2,1.0,3.0,0.0,7.0,0.0,0.0,2.0,1.0,1,1,3.0,3.0,4.0,1.0,20.0,180.0,1,5.0,1.0,2,2,0,2,0,0,0,2,0,0,0,0,2,2,0,0,0,1,0,1,0,2,16,10
201300018382,13,2,4,1,2,1,2.0,1.0,0.0,36.0,0.0,0.0,2.0,10.0,1,2,4.0,2.0,2.0,2.0,0.0,48.0,1,0.0,1.0,2,3,4,0,0,0,0,4,0,0,4,0,0,0,0,4,0,1,0,0,0,3,13,0
200500020490,5,4,21,1,2,3,1.0,3.0,0.0,7.0,0.0,0.0,2.0,16.0,1,1,4.0,2.0,2.0,1.0,0.0,128.0,1,5.0,5.0,2,1,2,2,0,0,0,4,0,0,0,2,2,0,0,4,0,1,0,1,0,2,8,55
201700014882,17,6,19,1,1,1,1.0,6.0,1.0,7.0,0.0,2.0,0.0,13.0,1,-1,3.0,2.0,2.0,2.0,0.0,0.0,1,0.0,3.0,1,3,1,0,0,0,0,1,0,0,1,0,0,0,0,0,1,1,0,0,0,3,9,30
201200027763,12,1,13,1,2,2,1.0,3.0,0.0,7.0,0.0,0.0,2.0,1.0,1,1,4.0,2.0,2.0,1.0,0.0,80.0,1,0.0,1.0,2,1,6,0,0,0,4,2,0,0,0,6,0,4,0,2,0,1,0,0,0,2,15,5
200600020377,6,4,30,1,2,1,1.0,3.0,0.0,30.0,0.0,0.0,2.0,6.0,1,0,4.0,3.0,2.0,2.0,0.0,0.0,1,0.0,1.0,2,3,4,0,0,0,0,4,0,0,4,0,0,2,0,2,0,1,0,0,0,3,18,23
200800057825,8,10,21,5,2,1,1.0,2.0,0.0,7.0,0.0,0.0,2.0,2.0,2,1,4.0,2.0,2.0,1.0,0.0,85.0,1,0.0,1.0,2,2,4,2,0,0,2,4,0,2,0,2,2,6,0,0,0,1,1,0,0,2,20,8
201700053243,17,7,6,1,2,5,1.0,3.0,2.0,31.0,0.0,0.0,2.0,7.0,1,2,4.0,0.0,4.0,1.0,0.0,0.0,1,0.0,1.0,2,2,2,2,0,0,0,4,0,2,0,2,0,4,0,0,0,1,0,0,0,2,11,0
200600022972,6,4,20,1,1,1,1.0,6.0,0.0,33.0,0.0,0.0,0.0,1.0,1,2,1.0,3.0,4.0,2.0,0.0,140.0,1,0.0,1.0,1,2,1,0,0,0,0,1,1,0,0,0,0,0,0,1,0,0,0,0,0,2,7,30
200600024630,6,5,24,1,1,1,1.0,3.0,0.0,30.0,0.0,8.0,2.0,9.0,1,2,4.0,0.0,1.0,0.0,0.0,0.0,1,0.0,1.0,2,3,4,0,0,0,0,4,0,0,2,0,2,2,2,0,0,0,0,1,0,3,15,30
201100006125,11,5,24,1,1,1,7.0,3.0,0.0,7.0,0.0,0.0,0.0,1.0,1,1,2.0,2.0,3.0,1.0,0.0,69.0,1,0.0,1.0,2,1,4,2,0,0,2,4,2,2,0,2,0,2,2,0,2,1,0,0,0,3,8,0
201100008920,11,9,22,1,1,1,1.0,3.0,0.0,7.0,0.0,0.0,2.0,1.0,1,1,3.0,2.0,2.0,1.0,0.0,67.0,1,0.0,1.0,2,3,0,4,0,0,0,4,0,0,2,0,2,0,0,2,2,1,0,0,0,3,15,30
200700069090,7,11,20,1,2,3,1.0,3.0,0.0,2.0,0.0,0.0,2.0,1.0,1,2,4.0,2.0,2.0,1.0,0.0,79.0,1,0.0,1.0,2,3,4,0,0,0,0,4,0,2,0,2,0,0,0,4,0,1,0,0,0,3,13,10
201500023901,15,10,19,1,2,1,1.0,3.0,0.0,10.0,0.0,0.0,0.0,16.0,1,-1,4.0,2.0,5.0,1.0,0.0,120.0,1,0.0,1.0,2,1,4,2,0,0,2,4,0,0,6,0,0,4,0,0,2,1,0,1,0,2,17,17
201100014121,11,10,2,1,2,9,1.0,7.0,0.0,33.0,0.0,0.0,0.0,1.0,1,2,3.0,0.0,2.0,1.0,0.0,40.0,1,0.0,1.0,1,3,1,0,0,0,0,1,0,0,1,0,0,1,0,0,0,0,0,0,0,3,16,30
201300015316,13,8,6,1,2,1,1.0,7.0,0.0,31.0,0.0,0.0,0.0,1.0,1,2,4.0,2.0,1.0,1.0,0.0,45.0,1,0.0,1.0,1,2,1,0,0,0,0,1,0,0,0,0,1,1,0,0,0,0,0,0,0,2,12,15
200500026676,5,5,24,1,1,1,1.0,1.0,0.0,7.0,0.0,0.0,2.0,1.0,1,1,3.0,2.0,0.0,1.0,0.0,68.0,1,0.0,0.0,2,1,4,2,0,0,2,4,0,2,2,2,0,0,0,2,4,1,0,0,0,4,16,0
200900025848,9,8,15,5,2,1,1.0,6.0,0.0,33.0,0.0,16.0,0.0,13.0,1,2,3.0,2.0,2.0,1.0,0.0,70.0,1,0.0,1.0,1,3,1,0,0,0,0,1,0,0,1,0,0,0,0,1,0,1,0,0,0,3,23,50
201600028444,16,10,8,5,2,2,1.0,6.0,1.0,7.0,0.0,0.0,1.0,15.0,1,1,4.0,2.0,2.0,1.0,0.0,98.0,1,0.0,1.0,1,1,1,1,0,1,0,1,0,0,2,0,0,0,0,1,1,1,0,0,0,2,20,10
201000048806,10,4,26,1,2,1,1.0,6.0,0.0,7.0,0.0,0.0,1.0,4.0,1,1,4.0,1.0,1.0,1.0,0.0,0.0,1,0.0,0.0,1,1,2,1,0,1,1,1,0,1,1,1,0,3,0,0,0,0,1,0,0,3,13,50
200700066216,7,10,19,1,1,1,1.0,3.0,0.0,33.0,0.0,0.0,2.0,18.0,1,2,1.0,3.0,4.0,0.0,15.0,280.0,-1,0.0,1.0,2,2,4,0,0,0,0,4,0,0,2,0,2,2,0,2,0,0,0,1,0,2,16,45
200600035740,6,6,30,1,2,1,1.0,2.0,0.0,10.0,0.0,0.0,2.0,2.0,1,1,4.0,3.0,4.0,1.0,15.0,120.0,1,0.0,1.0,2,1,6,0,0,0,2,4,0,2,0,0,4,2,0,2,2,1,1,0,0,2,16,25
201200028614,12,11,26,1,2,1,2.0,6.0,0.0,7.0,0.0,0.0,1.0,4.0,1,1,4.0,2.0,1.0,1.0,0.0,0.0,1,0.0,1.0,1,1,1,1,0,1,0,1,0,0,0,1,1,2,0,0,0,0,1,0,0,2,8,40
200800049565,8,9,11,3,1,1,1.0,1.0,0.0,7.0,0.0,0.0,2.0,13.0,1,1,3.0,2.0,2.0,1.0,0.0,70.0,1,0.0,1.0,2,3,4,0,0,0,0,4,0,0,0,0,4,2,0,2,0,1,0,0,0,3,20,30
201500048712,15,7,4,5,2,2,1.0,3.0,0.0,33.0,0.0,0.0,2.0,1.0,1,2,4.0,1.0,2.0,0.0,0.0,50.0,-1,5.0,1.0,2,2,2,2,0,0,0,4,0,0,0,4,0,2,0,2,0,1,0,1,0,2,22,45
200900002473,9,1,7,1,1,1,1.0,5.0,0.0,7.0,0.0,0.0,2.0,1.0,1,1,3.0,2.0,2.0,1.0,0.0,0.0,1,0.0,1.0,3,3,9,9,6,0,3,9,0,9,3,3,3,9,3,0,6,1,0,0,0,3,13,45
200500058888,5,9,19,1,2,1,1.0,7.0,0.0,1.0,0.0,0.0,0.0,1.0,1,-1,9.0,2.0,2.0,1.0,0.0,0.0,1,0.0,1.0,1,2,0,1,0,0,0,1,1,0,0,0,0,0,0,1,0,1,0,0,0,2,18,50
201000005037,10,10,28,1,2,1,7.0,6.0,0.0,10.0,0.0,0.0,1.0,1.0,1,-1,3.0,2.0,2.0,1.0,0.0,85.0,1,0.0,1.0,1,1,1,1,0,1,0,1,0,0,1,0,1,1,0,0,1,1,0,0,0,3,16,15
201200001938,12,8,20,1,1,1,1.0,1.0,0.0,15.0,0.0,0.0,2.0,1.0,1,1,3.0,2.0,2.0,0.0,0.0,70.0,1,0.0,1.0,2,1,2,2,0,0,0,4,0,0,2,2,0,2,0,2,0,1,0,0,0,4,13,15
201500017666,15,8,7,1,2,1,2.0,6.0,0.0,7.0,0.0,16.0,0.0,14.0,1,1,3.0,2.0,2.0,4.0,0.0,0.0,1,0.0,1.0,1,1,2,0,0,0,1,1,0,1,1,0,0,1,0,1,0,0,0,0,1,2,17,30
201000044303,10,4,9,1,2,1,1.0,6.0,0.0,7.0,0.0,2.0,1.0,21.0,1,1,4.0,2.0,2.0,3.0,0.0,317.0,1,0.0,1.0,2,1,2,6,0,4,0,4,2,0,4,2,0,6,2,0,0,1,1,0,0,4,19,0
201600040991,16,2,24,1,2,1,1.0,7.0,0.0,7.0,0.0,0.0,2.0,2.0,1,-1,4.0,2.0,1.0,1.0,0.0,0.0,1,2.0,1.0,2,1,2,2,0,0,0,4,0,0,0,2,2,2,0,2,0,1,1,0,0,2,13,40
201100061872,11,2,6,5,2,1,1.0,6.0,0.0,7.0,0.0,0.0,2.0,1.0,1,-1,4.0,2.0,2.0,1.0,0.0,0.0,1,0.0,1.0,2,2,2,0,0,0,0,2,0,2,0,0,0,2,0,0,0,1,0,0,0,2,0,5
200700056395,7,9,8,1,2,1,1.0,3.0,0.0,7.0,0.0,0.0,2.0,20.0,1,1,4.0,2.0,2.0,1.0,0.0,0.0,1,0.0,1.0,2,1,4,0,0,0,0,4,0,4,0,0,0,0,2,2,0,1,1,0,0,2,7,40
201500051345,15,12,14,5,2,5,1.0,3.0,0.0,32.0,0.0,0.0,2.0,1.0,1,2,4.0,2.0,2.0,1.0,0.0,60.0,1,0.0,1.0,2,2,4,0,0,0,0,4,0,4,0,0,0,2,0,0,2,1,0,0,0,2,17,40
200800067341,8,11,15,5,2,1,1.0,6.0,0.0,7.0,0.0,0.0,2.0,12.0,1,1,4.0,1.0,4.0,1.0,15.0,140.0,1,0.0,1.0,2,1,4,0,0,0,0,4,0,0,2,0,2,0,0,4,0,1,0,0,0,2,19,20
201100012586,11,8,24,1,1,1,7.0,4.0,0.0,7.0,0.0,0.0,2.0,1.0,1,1,3.0,2.0,2.0,1.0,0.0,64.0,1,0.0,1.0,3,1,9,0,0,0,0,9,0,0,6,3,0,9,0,0,0,1,1,0,0,3,17,45
200500022842,5,4,1,1,1,1,5.0,7.0,0.0,10.0,0.0,0.0,0.0,1.0,1,1,3.0,2.0,2.0,1.0,0.0,60.0,1,0.0,1.0,1,3,1,0,0,0,0,1,0,0,0,1,0,1,0,0,0,0,0,1,0,3,9,30
201200000919,12,10,4,3,1,1,1.0,6.0,0.0,7.0,0.0,13.0,0.0,1.0,1,1,3.0,0.0,2.0,0.0,0.0,50.0,1,0.0,1.0,1,3,1,0,0,0,0,1,0,0,1,0,0,0,0,1,0,1,0,0,0,3,20,0
201400006524,14,11,2,1,1,1,1.0,3.0,0.0,33.0,0.0,0.0,2.0,1.0,1,2,3.0,2.0,2.0,1.0,0.0,70.0,1,1.0,1.0,2,3,4,0,0,0,0,4,0,0,4,0,0,4,0,0,0,0,0,1,0,3,15,0
200600020494,6,4,28,1,2,1,1.0,6.0,0.0,7.0,0.0,0.0,1.0,1.0,1,1,4.0,3.0,5.0,1.0,20.0,60.0,1,0.0,1.0,1,1,2,0,0,1,0,1,0,0,2,0,0,1,0,1,0,1,0,0,0,3,19,20
201200018445,12,9,22,3,1,1,2.0,6.0,0.0,7.0,0.0,13.0,0.0,5.0,1,-1,3.0,2.0,0.0,1.0,0.0,95.0,1,0.0,1.0,1,3,2,0,1,0,0,1,0,1,1,0,0,1,0,1,0,1,0,0,0,3,3,0
201700054770,17,6,9,1,2,1,1.0,2.0,2.0,1.0,0.0,0.0,2.0,17.0,1,0,4.0,2.0,2.0,1.0,0.0,0.0,1,0.0,5.0,2,1,2,2,0,0,0,4,0,2,0,0,2,2,0,2,0,1,0,0,0,2,9,15
200800009908,8,2,3,5,2,2,1.0,2.0,0.0,7.0,0.0,9.0,2.0,1.0,1,1,3.0,3.0,4.0,2.0,0.0,60.0,0,0.0,1.0,2,1,6,0,0,0,2,4,0,2,4,0,0,0,0,6,0,1,1,0,0,2,1,55
200700030830,7,5,10,1,2,1,1.0,4.0,0.0,7.0,0.0,0.0,0.0,0.0,1,1,3.0,2.0,2.0,1.0,0.0,86.0,1,0.0,1.0,3,2,3,6,0,0,0,9,3,0,0,3,3,9,0,0,0,1,1,0,0,2,9,25
201700019965,17,6,20,1,1,1,1.0,7.0,0.0,33.0,0.0,0.0,0.0,13.0,1,2,4.0,2.0,2.0,1.0,0.0,56.0,1,0.0,3.0,1,3,2,0,0,0,1,1,0,0,2,0,0,1,0,1,0,1,0,0,0,3,17,15
200700030221,7,5,23,1,2,1,1.0,3.0,0.0,1.0,0.0,0.0,2.0,17.0,1,2,4.0,2.0,2.0,1.0,0.0,80.0,1,0.0,1.0,2,2,4,0,0,0,0,4,2,0,2,0,0,0,2,2,0,0,0,1,0,2,16,10
200600047967,6,8,29,1,2,2,1.0,6.0,0.0,7.0,0.0,0.0,1.0,1.0,1,1,4.0,3.0,3.0,1.0,0.0,0.0,1,0.0,1.0,1,1,1,1,0,1,0,1,0,1,0,0,1,1,0,0,1,1,0,0,0,3,17,10
200800057044,8,10,15,3,1,1,1.0,3.0,0.0,7.0,0.0,0.0,2.0,15.0,1,-1,2.0,2.0,2.0,1.0,0.0,35.0,1,0.0,1.0,2,1,2,4,0,0,2,4,0,4,2,0,0,0,0,6,0,1,0,1,0,3,21,50
200900051226,9,4,20,1,2,1,1.0,6.0,0.0,37.0,0.0,0.0,1.0,7.0,1,-1,4.0,2.0,5.0,1.0,0.0,0.0,1,0.0,1.0,1,1,1,1,0,1,0,1,1,0,0,1,0,2,0,0,0,1,0,0,0,3,17,5
201600037415,16,2,12,5,2,2,1.0,3.0,0.0,7.0,0.0,0.0,2.0,1.0,1,1,3.0,2.0,0.0,1.0,0.0,0.0,1,0.0,1.0,2,1,2,2,0,0,0,4,2,0,0,2,0,0,0,4,0,1,0,0,0,2,2,0
201600024504,16,6,5,1,1,1,1.0,6.0,0.0,32.0,0.0,0.0,0.0,0.0,1,2,3.0,0.0,0.0,1.0,0.0,0.0,1,0.0,0.0,1,3,1,0,0,0,0,1,0,0,1,0,0,1,0,0,0,0,0,0,0,3,16,20
201200009426,12,11,4,2,1,1,1.0,7.0,0.0,33.0,0.0,0.0,0.0,1.0,1,2,2.0,2.0,2.0,1.0,0.0,0.0,1,0.0,1.0,1,3,1,0,0,0,0,1,0,0,0,0,1,1,0,0,0,1,0,0,0,3,17,30
200600042003,6,7,26,5,1,1,1.0,2.0,0.0,7.0,0.0,0.0,2.0,0.0,1,1,1.0,3.0,2.0,1.0,20.0,80.0,1,0.0,1.0,2,2,6,0,0,0,0,6,0,6,0,0,0,4,0,2,0,1,1,0,0,2,0,45
200800066599,8,11,25,1,2,1,1.0,2.0,0.0,7.0,0.0,0.0,2.0,2.0,1,1,4.0,3.0,3.0,1.0,0.0,0.0,1,0.0,1.0,2,1,2,2,0,0,0,4,0,0,2,2,0,4,0,0,0,1,1,0,0,2,11,0
201400000514,14,7,3,1,2,1,1.0,6.0,0.0,7.0,0.0,0.0,1.0,0.0,1,1,3.0,3.0,0.0,0.0,0.0,0.0,-1,0.0,0.0,1,1,1,1,0,1,0,1,0,0,2,0,0,0,0,1,1,0,0,0,0,3,10,0
201700031787,17,7,8,5,2,1,1.0,3.0,2.0,7.0,0.0,0.0,2.0,14.0,1,1,4.0,2.0,0.0,1.0,0.0,0.0,1,0.0,1.0,2,3,2,2,0,0,0,4,0,0,4,0,0,2,0,2,0,1,0,1,0,3,3,0
201700023844,17,1,10,5,2,1,1.0,6.0,2.0,7.0,0.0,0.0,1.0,1.0,1,1,4.0,2.0,2.0,2.0,0.0,60.0,1,0.0,1.0,1,1,1,1,0,1,0,1,0,2,0,0,0,0,0,1,1,0,0,1,0,2,19,20
201700002954,17,12,27,5,2,9,2.0,1.0,1.0,7.0,0.0,0.0,2.0,5.0,1,1,3.0,2.0,3.0,2.0,9.0,720.0,1,0.0,-1.0,2,1,4,2,0,0,2,4,4,2,0,0,0,6,0,0,0,1,0,0,0,3,20,20
200900051532,9,12,17,5,2,1,8.0,6.0,0.0,7.0,0.0,0.0,2.0,15.0,1,1,3.0,2.0,2.0,1.0,0.0,0.0,1,0.0,1.0,2,1,4,2,0,0,2,4,0,4,2,0,0,0,0,4,2,1,0,1,0,3,18,30
200500049611,5,8,7,1,1,1,1.0,1.0,0.0,5.0,0.0,0.0,2.0,15.0,1,2,3.0,2.0,2.0,1.0,0.0,54.0,1,0.0,1.0,2,3,4,0,0,0,0,4,0,0,4,0,0,4,0,0,0,1,0,0,0,3,12,30
201700051409,17,7,31,1,1,1,1.0,2.0,2.0,7.0,0.0,0.0,0.0,1.0,1,1,1.0,3.0,4.0,1.0,40.0,140.0,1,0.0,1.0,2,2,2,6,2,0,2,4,0,4,0,4,0,6,0,2,0,1,1,0,0,2,12,0
201500030330,15,6,16,1,2,3,1.0,6.0,0.0,7.0,0.0,0.0,1.0,1.0,1,1,4.0,2.0,2.0,1.0,0.0,0.0,1,0.0,0.0,1,1,1,1,0,1,0,1,0,0,2,0,0,0,1,0,1,1,0,0,0,3,16,30
201600053483,16,6,15,1,2,1,1.0,2.0,1.0,7.0,0.0,0.0,2.0,9.0,1,-1,4.0,2.0,2.0,1.0,0.0,120.0,1,0.0,1.0,2,1,4,0,0,0,0,4,0,0,0,4,0,4,0,0,0,1,0,0,0,2,12,40
200600050673,6,8,23,3,1,1,1.0,7.0,0.0,7.0,0.0,4.0,0.0,0.0,1,1,1.0,1.0,1.0,1.0,0.0,30.0,1,0.0,1.0,1,2,1,0,0,0,0,1,1,0,0,0,0,1,0,0,0,1,0,0,0,2,5,15
201300007374,13,9,9,1,2,1,1.0,1.0,0.0,7.0,0.0,0.0,2.0,9.0,1,1,3.0,2.0,1.0,1.0,0.0,69.0,1,5.0,1.0,2,1,2,2,0,0,0,4,0,0,2,0,2,2,0,2,0,1,0,0,0,3,17,15
200900044074,9,9,27,1,1,1,1.0,7.0,0.0,30.0,0.0,0.0,0.0,1.0,1,2,3.0,2.0,2.0,2.0,0.0,0.0,1,0.0,0.0,1,2,1,0,0,0,0,1,0,0,1,0,0,0,1,0,0,0,0,1,0,2,16,15
201500033813,15,1,13,5,2,2,1.0,3.0,0.0,30.0,0.0,0.0,2.0,1.0,1,2,4.0,0.0,2.0,1.0,0.0,112.0,1,0.0,1.0,2,2,0,2,0,0,0,2,0,0,2,0,0,0,0,2,0,1,0,1,0,2,20,50
201100055898,11,6,23,1,2,2,1.0,6.0,0.0,7.0,0.0,0.0,1.0,4.0,1,1,4.0,1.0,1.0,1.0,0.0,0.0,1,0.0,1.0,1,1,1,1,0,1,0,1,0,0,2,0,0,1,0,0,1,0,1,0,0,2,16,0
200900037723,9,1,27,1,2,1,1.0,3.0,0.0,32.0,0.0,0.0,2.0,0.0,2,2,4.0,2.0,3.0,2.0,0.0,0.0,1,0.0,1.0,2,2,6,0,0,0,2,4,2,2,2,0,0,2,0,2,2,0,0,0,0,3,17,45
200600026482,6,5,20,5,2,7,1.0,6.0,0.0,32.0,0.0,0.0,2.0,0.0,1,2,4.0,3.0,2.0,1.0,0.0,38.0,1,0.0,1.0,1,3,1,0,0,0,0,1,0,1,0,0,0,0,0,1,0,1,0,0,0,3,4,0