Num_Acc,an,mois,jour,lum,agg,int,atm,col,senc,catv,occutc,obs,obsm,manv,catu,secu,catr,circ,nbv,prof,lartpc,larrout,surf,infra,situ,nb_veh,grav_simpl,Homme,Femme,Arrière,Autre_x,Avant,Conducteur,Autre_y,Inconnu,Loisirs,Professionnel,Travail,Adulte,Enfant,Jeune,Senior,choc_avant,choc_arriere,choc_lateral,choc_multiple,grav_order_max,heure,minute
201400057646,14,12,19,5,2,1,1.0,6.0,0.0,31.0,0.0,1.0,2.0,1.0,1,2,4.0,2.0,2.0,1.0,0.0,106.0,1,0.0,1.0,2,3,2,0,0,0,0,2,0,0,0,0,2,0,0,2,0,1,0,0,0,3,21,15
201100036208,11,6,18,1,2,2,1.0,3.0,0.0,7.0,0.0,0.0,2.0,1.0,1,1,4.0,1.0,1.0,1.0,60.0,30.0,1,0.0,1.0,2,2,2,4,0,0,2,4,0,0,6,0,0,4,2,0,0,1,0,1,0,2,15,45
201200032227,12,5,11,1,2,1,1.0,6.0,1.0,10.0,0.0,0.0,1.0,1.0,3,-1,4.0,1.0,2.0,1.0,0.0,0.0,1,0.0,1.0,1,2,0,1,0,1,0,0,0,0,1,0,0,0,1,0,0,1,0,0,0,2,13,0
200700000601,7,1,15,1,2,1,1.0,1.0,0.0,14.0,0.0,0.0,0.0,15.0,1,-1,3.0,2.0,2.0,1.0,0.0,63.0,1,0.0,0.0,2,1,4,4,4,0,0,4,0,4,0,4,0,6,0,0,2,1,0,0,0,4,11,0
201200048439,12,7,31,1,2,1,1.0,6.0,0.0,7.0,0.0,0.0,1.0,16.0,1,0,3.0,1.0,1.0,1.0,10.0,70.0,1,0.0,1.0,1,1,1,1,0,1,0,1,0,0,2,0,0,1,0,0,1,1,0,0,0,2,18,25
201700008444,17,5,25,1,1,1,1.0,6.0,2.0,7.0,0.0,13.0,0.0,1.0,1,1,1.0,1.0,4.0,1.0,10.0,74.0,1,0.0,3.0,1,3,2,1,0,1,1,1,0,0,3,0,0,1,0,0,2,1,0,0,0,3,12,55
200700048825,7,8,27,2,2,1,1.0,6.0,0.0,7.0,0.0,5.0,0.0,1.0,1,1,4.0,2.0,2.0,2.0,0.0,715.0,1,0.0,1.0,1,2,1,0,0,0,0,1,0,1,0,0,0,1,0,0,0,0,0,1,0,2,5,15
200700051726,7,8,6,5,1,1,1.0,6.0,0.0,7.0,0.0,0.0,0.0,0.0,1,1,1.0,3.0,2.0,1.0,25.0,95.0,1,0.0,1.0,1,2,1,0,0,0,0,1,0,1,0,0,0,0,0,1,0,0,0,0,0,2,22,20
200600050120,6,8,28,1,2,1,2.0,1.0,0.0,7.0,0.0,0.0,2.0,1.0,1,1,4.0,1.0,2.0,1.0,0.0,40.0,1,0.0,1.0,2,1,4,0,0,0,0,4,0,0,0,0,4,2,0,2,0,1,0,0,0,2,8,20
201500034705,15,7,1,1,2,3,1.0,7.0,0.0,10.0,0.0,0.0,1.0,15.0,1,1,4.0,2.0,2.0,1.0,0.0,0.0,1,0.0,1.0,1,1,2,0,0,1,0,1,0,1,0,1,0,1,1,0,0,1,0,0,0,2,9,50
201200044511,12,3,27,1,2,1,1.0,4.0,0.0,15.0,0.0,0.0,2.0,1.0,1,-1,4.0,3.0,4.0,1.0,0.0,0.0,1,0.0,1.0,3,1,9,0,0,0,0,9,3,0,0,0,6,9,0,0,0,1,1,0,0,2,16,30
201300011575,13,2,28,3,1,1,1.0,2.0,0.0,14.0,0.0,0.0,2.0,1.0,1,1,1.0,3.0,4.0,1.0,30.0,140.0,1,0.0,1.0,2,3,4,0,0,0,0,4,0,0,0,4,0,2,0,2,0,1,1,0,0,3,5,45
201500005806,15,10,11,5,2,1,1.0,7.0,0.0,7.0,0.0,0.0,0.0,1.0,1,1,3.0,2.0,2.0,1.0,0.0,60.0,1,0.0,1.0,1,2,2,1,1,0,1,1,0,2,1,0,0,2,0,1,0,0,0,0,1,2,4,0
201600027575,16,5,23,1,2,1,1.0,1.0,0.0,7.0,0.0,0.0,0.0,0.0,1,1,4.0,0.0,0.0,0.0,0.0,0.0,1,0.0,0.0,2,1,4,0,0,0,0,4,0,4,0,0,0,0,0,4,0,0,0,0,0,2,8,35
201700015149,17,11,2,5,2,1,1.0,6.0,1.0,7.0,0.0,0.0,6.0,1.0,1,1,4.0,2.0,2.0,1.0,0.0,0.0,1,0.0,1.0,1,1,2,0,0,0,1,1,0,0,2,0,0,0,1,1,0,1,0,0,0,2,21,45
200700038647,7,6,18,1,2,1,1.0,7.0,0.0,33.0,0.0,0.0,0.0,1.0,1,-1,4.0,1.0,2.0,0.0,0.0,60.0,1,0.0,1.0,1,2,1,0,0,0,0,1,0,1,0,0,0,1,0,0,0,0,0,0,0,2,21,25
201000010887,10,6,28,2,2,9,1.0,3.0,0.0,7.0,0.0,0.0,2.0,1.0,1,1,3.0,2.0,2.0,2.0,0.0,68.0,1,0.0,1.0,2,1,4,0,0,0,0,4,0,0,4,0,0,0,2,0,2,1,0,1,0,3,21,30
201100031848,11,1,17,1,2,2,1.0,3.0,0.0,30.0,0.0,0.0,2.0,1.0,1,2,4.0,2.0,2.0,1.0,0.0,0.0,1,0.0,1.0,2,2,4,0,0,0,0,4,0,2,2,0,0,2,2,0,0,1,1,0,0,2,17,5
200700064071,7,10,18,1,2,1,2.0,3.0,0.0,7.0,0.0,0.0,2.0,15.0,1,1,3.0,2.0,2.0,1.0,0.0,60.0,1,0.0,1.0,2,1,2,2,0,0,0,4,2,0,0,2,0,2,2,0,0,1,0,0,0,2,8,55
200600016110,6,3,18,5,1,1,1.0,1.0,0.0,7.0,0.0,0.0,2.0,15.0,1,1,3.0,2.0,2.0,1.0,0.0,70.0,1,0.0,1.0,2,2,10,4,8,0,2,4,0,10,4,0,0,2,4,8,0,1,0,0,0,3,19,0
201400041319,14,12,1,4,2,1,1.0,3.0,0.0,7.0,0.0,0.0,2.0,11.0,1,1,3.0,1.0,4.0,1.0,0.0,0.0,1,0.0,1.0,2,1,6,0,0,0,2,4,0,4,2,0,0,0,0,6,0,1,0,1,0,2,20,30
200700032310,7,6,10,1,1,3,1.0,3.0,0.0,33.0,0.0,0.0,2.0,0.0,1,2,3.0,2.0,0.0,1.0,0.0,63.0,1,0.0,1.0,2,2,6,0,0,0,2,4,0,2,4,0,0,0,0,6,0,1,0,0,0,2,15,30
200500013620,5,3,20,1,2,1,1.0,3.0,0.0,7.0,0.0,0.0,2.0,17.0,1,1,4.0,2.0,2.0,1.0,0.0,40.0,1,0.0,1.0,2,1,2,2,0,0,0,4,0,0,4,0,0,4,0,0,0,0,0,1,0,2,15,0
201600023884,16,5,12,1,2,1,1.0,4.0,0.0,7.0,0.0,0.0,2.0,23.0,1,1,4.0,2.0,2.0,1.0,0.0,0.0,1,0.0,1.0,3,2,3,6,0,0,0,9,0,0,0,9,0,3,0,3,3,1,1,0,0,2,8,20
200900067220,9,12,16,3,1,1,1.0,6.0,0.0,7.0,0.0,0.0,1.0,1.0,2,1,3.0,2.0,0.0,1.0,0.0,70.0,1,0.0,1.0,1,1,0,3,0,1,1,1,1,1,0,0,1,1,1,1,0,1,0,0,0,3,17,30
201400058170,14,12,16,5,2,1,1.0,3.0,0.0,31.0,0.0,0.0,2.0,3.0,1,2,4.0,1.0,4.0,1.0,15.0,140.0,1,0.0,1.0,2,2,2,2,0,0,0,4,0,0,2,0,2,2,0,2,0,1,0,1,0,2,17,15
201100050255,11,9,3,1,2,2,1.0,3.0,0.0,33.0,0.0,0.0,2.0,21.0,1,-1,2.0,2.0,4.0,2.0,0.0,227.0,1,5.0,1.0,2,2,4,0,0,0,0,4,2,0,0,0,2,2,0,2,0,1,1,0,0,2,10,0
201300003197,13,10,13,1,2,9,1.0,6.0,0.0,7.0,0.0,12.0,1.0,17.0,1,1,3.0,2.0,0.0,1.0,0.0,65.0,1,0.0,1.0,1,1,1,2,0,2,0,1,0,0,3,0,0,2,0,1,0,1,0,0,0,3,16,15
200600024498,6,5,24,1,1,1,1.0,1.0,0.0,7.0,0.0,0.0,2.0,13.0,1,1,2.0,2.0,2.0,0.0,0.0,74.0,1,0.0,1.0,2,3,2,2,0,0,0,4,0,0,4,0,0,2,0,0,2,1,0,0,0,3,15,30
200900060224,9,10,10,1,1,1,1.0,5.0,0.0,15.0,0.0,0.0,2.0,1.0,1,1,3.0,2.0,2.0,1.0,0.0,65.0,1,0.0,1.0,3,1,12,6,6,0,3,9,0,9,6,3,0,9,6,0,3,1,0,1,0,3,7,45
200600011358,6,3,24,1,2,5,1.0,3.0,0.0,7.0,0.0,0.0,2.0,15.0,1,1,4.0,2.0,2.0,1.0,16.0,140.0,1,0.0,1.0,2,2,2,2,0,0,0,4,0,0,2,2,0,0,0,4,0,1,0,0,0,2,16,25
201000025794,10,12,29,5,2,1,2.0,3.0,0.0,7.0,0.0,0.0,2.0,10.0,1,1,4.0,2.0,3.0,1.0,0.0,102.0,1,0.0,1.0,2,1,2,2,0,0,0,4,0,0,4,0,0,0,2,2,0,1,0,1,0,2,18,40
200600033558,6,6,6,1,2,1,1.0,6.0,0.0,7.0,0.0,7.0,0.0,1.0,1,-1,4.0,3.0,2.0,1.0,18.0,130.0,1,0.0,1.0,1,2,0,1,0,0,0,1,0,1,0,0,0,1,0,0,0,1,0,0,0,2,17,5
200800017413,8,4,26,1,1,1,1.0,6.0,0.0,7.0,0.0,0.0,0.0,0.0,1,1,3.0,2.0,2.0,1.0,0.0,66.0,1,0.0,1.0,2,3,4,0,0,0,0,4,0,0,4,0,0,4,0,0,0,0,1,0,0,3,11,15
200600045148,6,8,24,1,1,3,1.0,3.0,0.0,2.0,0.0,0.0,2.0,1.0,1,2,3.0,2.0,2.0,1.0,0.0,45.0,1,0.0,1.0,2,2,0,4,0,0,0,4,0,0,4,0,0,2,2,0,0,1,0,0,0,2,18,30
201500046620,15,9,11,1,1,1,1.0,3.0,0.0,15.0,0.0,0.0,2.0,3.0,1,1,1.0,1.0,4.0,2.0,0.0,0.0,1,0.0,1.0,2,1,4,0,0,0,0,4,0,0,0,4,0,4,0,0,0,1,0,0,0,2,10,48
201400001089,14,4,30,1,2,6,3.0,6.0,0.0,30.0,0.0,8.0,0.0,16.0,1,2,9.0,1.0,0.0,1.0,0.0,0.0,1,0.0,1.0,1,3,1,0,0,0,0,1,0,0,1,0,0,0,1,0,0,1,0,0,0,3,18,15
201500031998,15,10,15,1,1,1,1.0,6.0,0.0,7.0,0.0,0.0,1.0,21.0,1,1,4.0,2.0,1.0,1.0,0.0,80.0,1,0.0,1.0,1,1,2,0,0,1,0,1,2,0,0,0,0,1,1,0,0,1,0,0,0,2,17,20
201500025422,15,4,21,1,2,1,1.0,7.0,0.0,33.0,0.0,0.0,0.0,1.0,1,2,4.0,2.0,2.0,1.0,0.0,60.0,-1,0.0,1.0,1,3,1,0,0,0,0,1,0,0,1,0,0,1,0,0,0,0,0,1,0,3,17,40
201400002985,14,10,17,3,1,1,1.0,6.0,0.0,7.0,0.0,13.0,0.0,13.0,1,1,3.0,2.0,2.0,1.0,0.0,0.0,1,0.0,1.0,1,3,1,0,0,0,0,1,0,0,1,0,0,0,0,1,0,1,0,0,0,3,2,30
200600046867,6,8,10,3,1,1,1.0,1.0,0.0,7.0,0.0,3.0,0.0,2.0,1,-1,1.0,1.0,2.0,1.0,47.0,73.0,1,0.0,1.0,2,3,8,6,6,0,4,4,0,10,4,0,0,2,0,10,2,1,0,0,1,3,5,45
200700013007,7,3,7,3,1,1,1.0,6.0,0.0,7.0,0.0,2.0,0.0,0.0,1,-1,3.0,2.0,2.0,1.0,0.0,50.0,1,0.0,1.0,1,3,1,0,0,0,0,1,1,0,0,0,0,1,0,0,0,1,0,0,0,3,20,55
201200023154,12,7,5,1,2,1,2.0,4.0,0.0,7.0,0.0,0.0,2.0,2.0,1,1,4.0,0.0,2.0,1.0,0.0,0.0,1,0.0,1.0,3,1,6,3,0,0,0,9,0,0,0,0,9,3,0,6,0,1,1,0,0,2,8,35
201600022141,16,6,12,1,2,4,2.0,3.0,0.0,7.0,0.0,0.0,2.0,15.0,1,1,4.0,2.0,0.0,1.0,0.0,0.0,1,0.0,1.0,2,1,4,8,6,0,2,4,2,8,2,0,0,6,2,0,4,1,0,0,0,2,10,24
200700075093,7,12,28,5,1,1,5.0,1.0,0.0,7.0,0.0,0.0,2.0,15.0,1,1,3.0,2.0,3.0,1.0,0.0,117.0,1,3.0,1.0,2,1,2,2,0,0,0,4,0,0,4,0,0,0,0,4,0,1,0,0,0,3,18,30
201100016979,11,12,27,1,1,1,1.0,1.0,0.0,30.0,0.0,0.0,2.0,13.0,1,2,3.0,2.0,2.0,2.0,0.0,0.0,1,0.0,1.0,2,3,4,2,0,0,2,4,0,2,4,0,0,0,2,4,0,1,0,0,0,3,17,0
201700051280,17,1,13,5,1,1,1.0,4.0,2.0,7.0,0.0,0.0,2.0,2.0,1,1,1.0,3.0,6.0,1.0,40.0,210.0,1,0.0,1.0,4,1,12,4,0,0,0,16,0,12,0,0,4,8,0,8,0,1,1,0,0,2,19,0
200700062363,7,10,10,1,2,1,1.0,2.0,0.0,32.0,0.0,0.0,2.0,2.0,1,2,4.0,2.0,6.0,1.0,0.0,180.0,1,0.0,1.0,2,2,4,0,0,0,0,4,0,0,4,0,0,2,0,2,0,1,1,0,0,2,15,0
200500056223,5,9,3,1,2,1,1.0,3.0,0.0,7.0,0.0,0.0,2.0,17.0,1,1,3.0,2.0,2.0,1.0,0.0,80.0,1,0.0,1.0,2,1,4,0,0,0,0,4,0,0,4,0,0,0,0,2,2,1,0,1,0,3,13,45
201400007739,14,10,9,2,1,1,1.0,5.0,0.0,20.0,0.0,0.0,2.0,1.0,1,1,3.0,2.0,2.0,1.0,0.0,63.0,1,0.0,1.0,3,1,6,3,0,0,0,9,0,0,3,3,3,3,0,3,3,1,0,1,0,4,7,15
200600048930,6,8,23,1,2,3,1.0,2.0,0.0,1.0,0.0,0.0,2.0,0.0,1,-1,3.0,2.0,2.0,1.0,0.0,78.0,1,0.0,1.0,2,3,2,2,0,0,0,4,0,0,2,0,2,2,0,0,2,1,0,1,0,3,15,40
201700001165,17,8,27,1,1,3,1.0,1.0,1.0,7.0,0.0,0.0,2.0,1.0,1,1,3.0,2.0,2.0,2.0,0.0,10.0,1,0.0,1.0,2,2,2,2,0,0,0,4,0,0,4,0,0,2,0,2,0,1,0,0,0,2,19,30
200500042504,5,7,10,1,1,1,1.0,1.0,0.0,7.0,0.0,0.0,2.0,13.0,1,1,3.0,2.0,1.0,2.0,0.0,0.0,1,0.0,1.0,2,1,4,0,0,0,0,4,0,0,2,2,0,4,0,0,0,1,0,0,0,4,14,0
200600015953,6,3,3,1,1,1,1.0,6.0,0.0,7.0,0.0,2.0,0.0,1.0,1,1,4.0,2.0,0.0,1.0,0.0,33.0,-1,0.0,3.0,1,3,0,1,0,0,0,1,0,0,0,1,0,1,0,0,0,0,0,1,0,3,16,30
200900038740,9,9,7,5,1,1,1.0,6.0,0.0,7.0,0.0,4.0,0.0,14.0,1,1,1.0,1.0,4.0,1.0,0.0,155.0,1,0.0,1.0,1,2,0,1,0,0,0,1,0,1,0,0,0,1,0,0,0,1,0,0,0,2,23,50
201200015488,12,6,16,1,2,1,1.0,6.0,0.0,33.0,0.0,0.0,1.0,1.0,1,2,4.0,2.0,3.0,0.0,0.0,0.0,1,0.0,1.0,1,3,1,1,0,1,0,1,0,0,2,0,0,1,0,1,0,1,0,0,0,3,10,50
201000021377,10,6,8,1,2,2,1.0,3.0,0.0,1.0,0.0,0.0,0.0,0.0,1,0,3.0,4.0,0.0,1.0,0.0,0.0,1,0.0,1.0,2,2,4,0,0,0,0,4,0,4,0,0,0,0,0,2,2,1,0,0,0,2,11,45
200700045993,7,7,13,1,2,1,1.0,2.0,0.0,7.0,0.0,0.0,1.0,2.0,1,1,9.0,1.0,2.0,1.0,0.0,100.0,1,0.0,1.0,2,1,4,0,0,0,0,4,0,0,4,0,0,2,0,2,0,1,1,0,0,2,14,55
200600002739,6,1,30,1,2,3,1.0,6.0,0.0,7.0,0.0,0.0,1.0,1.0,1,1,4.0,1.0,1.0,1.0,0.0,30.0,1,0.0,1.0,1,1,2,0,0,1,0,1,0,0,1,1,0,1,0,0,1,1,0,0,0,2,13,55
201700011350,17,3,28,1,1,1,1.0,2.0,2.0,15.0,0.0,0.0,0.0,1.0,1,1,1.0,3.0,4.0,1.0,40.0,140.0,1,0.0,1.0,2,1,6,2,0,0,4,4,4,0,0,4,0,4,0,4,0,1,1,0,0,2,12,37
200800071410,8,12,3,2,2,1,1.0,1.0,0.0,7.0,0.0,0.0,2.0,13.0,1,1,4.0,2.0,2.0,1.0,0.0,0.0,1,0.0,1.0,2,1,2,2,0,0,0,4,0,2,2,0,0,0,0,2,2,1,0,0,0,2,7,50
200700076323,7,10,7,1,1,1,1.0,7.0,0.0,33.0,0.0,0.0,0.0,2.0,1,2,1.0,3.0,2.0,1.0,15.0,70.0,1,0.0,1.0,1,3,0,1,0,0,0,1,0,0,1,0,0,1,0,0,0,0,0,1,0,3,11,25
201300035832,13,10,25,5,2,1,2.0,2.0,0.0,7.0,0.0,0.0,2.0,2.0,1,1,3.0,2.0,2.0,1.0,0.0,78.0,1,0.0,1.0,2,1,2,2,0,0,0,4,0,4,0,0,0,2,0,2,0,1,1,0,0,3,19,0
201700013152,17,3,10,1,2,9,1.0,6.0,1.0,7.0,0.0,0.0,1.0,15.0,1,1,3.0,2.0,2.0,1.0,0.0,10.0,0,0.0,-1.0,1,1,1,1,0,1,0,1,1,0,1,0,0,1,0,0,1,1,0,0,0,3,11,0
201100051223,11,4,20,1,2,1,1.0,2.0,0.0,2.0,0.0,0.0,2.0,2.0,1,2,4.0,2.0,1.0,1.0,0.0,70.0,1,0.0,1.0,2,2,4,0,0,0,0,4,0,0,0,0,4,2,0,2,0,1,1,0,0,2,6,50
200900044523,9,5,15,1,1,1,2.0,4.0,0.0,7.0,0.0,0.0,2.0,2.0,1,1,1.0,1.0,0.0,2.0,26.0,35.0,1,1.0,1.0,3,2,9,0,0,0,0,9,0,0,0,0,9,3,0,6,0,1,1,0,0,2,13,0
201000062040,10,5,12,1,2,1,1.0,2.0,0.0,10.0,0.0,0.0,2.0,2.0,1,1,4.0,2.0,3.0,2.0,0.0,110.0,1,0.0,1.0,2,1,4,2,2,0,0,4,0,2,2,2,0,4,2,0,0,1,1,0,0,2,10,50
200500035510,5,6,22,1,2,1,1.0,2.0,0.0,7.0,0.0,0.0,2.0,1.0,1,1,4.0,2.0,4.0,1.0,0.0,120.0,1,0.0,1.0,2,1,2,2,0,0,0,4,0,0,0,2,2,4,0,0,0,1,1,0,0,2,16,45
201400040516,14,6,3,1,2,1,8.0,6.0,0.0,7.0,0.0,0.0,1.0,4.0,1,1,2.0,2.0,5.0,1.0,0.0,161.0,1,0.0,1.0,1,1,1,1,0,1,0,1,0,0,0,1,1,2,0,0,0,0,1,0,0,2,12,40
200500080826,5,12,28,1,2,1,1.0,3.0,0.0,7.0,0.0,0.0,2.0,1.0,1,1,4.0,2.0,4.0,1.0,0.0,128.0,1,0.0,1.0,2,2,0,4,0,0,0,4,0,0,2,0,2,0,0,2,2,1,0,0,0,2,12,44
200700052334,7,8,8,1,2,1,3.0,6.0,0.0,7.0,0.0,0.0,2.0,9.0,1,1,4.0,1.0,1.0,3.0,0.0,39.0,1,0.0,1.0,2,1,4,0,0,0,0,4,0,0,2,0,2,2,0,2,0,1,0,0,0,2,9,10
201000016317,10,2,2,5,2,1,1.0,1.0,0.0,1.0,0.0,0.0,2.0,1.0,1,2,4.0,2.0,1.0,1.0,0.0,0.0,1,0.0,5.0,2,2,4,0,0,0,0,4,0,0,4,0,0,2,0,2,0,1,0,0,0,2,19,0
200800020231,8,4,10,1,2,1,1.0,6.0,0.0,99.0,0.0,0.0,1.0,1.0,1,1,4.0,2.0,2.0,1.0,0.0,71.0,1,0.0,1.0,1,1,1,1,0,1,0,1,0,0,1,1,0,1,0,1,0,0,1,0,0,2,15,0
201200038416,12,9,24,1,2,1,1.0,6.0,0.0,7.0,0.0,0.0,1.0,2.0,1,1,4.0,2.0,2.0,1.0,0.0,80.0,1,6.0,1.0,1,1,1,1,0,1,0,1,0,0,2,0,0,1,0,0,1,1,0,0,0,3,16,40
201700015570,17,7,13,1,1,1,1.0,5.0,0.0,7.0,0.0,0.0,2.0,1.0,1,1,3.0,2.0,2.0,1.0,0.0,70.0,1,0.0,1.0,3,1,6,9,3,3,0,9,0,3,12,0,0,6,6,3,0,1,1,0,0,3,19,5
201100008181,11,10,22,3,1,1,5.0,6.0,0.0,30.0,0.0,3.0,0.0,1.0,1,2,3.0,2.0,2.0,2.0,0.0,71.0,1,0.0,3.0,1,3,2,0,0,0,1,1,0,1,1,0,0,0,2,0,0,1,0,0,0,3,1,30
201100015070,11,9,2,1,2,1,1.0,1.0,0.0,7.0,0.0,0.0,2.0,17.0,1,-1,4.0,2.0,2.0,3.0,0.0,60.0,1,0.0,1.0,2,1,2,2,0,0,0,4,0,0,0,2,2,4,0,0,0,1,0,0,0,2,14,30
201500032725,15,9,20,2,2,2,1.0,3.0,0.0,2.0,0.0,0.0,2.0,0.0,1,2,4.0,2.0,1.0,1.0,0.0,80.0,1,5.0,1.0,2,3,4,2,0,0,2,4,0,2,4,0,0,2,4,0,0,1,0,1,0,3,19,20
200800058412,8,10,7,1,2,1,2.0,2.0,0.0,7.0,0.0,0.0,2.0,0.0,1,1,4.0,2.0,2.0,1.0,0.0,0.0,1,0.0,1.0,2,1,4,0,0,0,0,4,0,0,0,0,4,4,0,0,0,1,1,0,0,2,15,45
201400037713,14,8,29,1,2,3,1.0,3.0,0.0,7.0,0.0,0.0,2.0,15.0,1,1,2.0,2.0,3.0,1.0,0.0,90.0,1,0.0,1.0,2,1,2,2,0,0,0,4,0,2,0,0,2,4,0,0,0,1,0,0,0,3,13,21
201500015663,15,12,9,1,2,1,1.0,2.0,0.0,2.0,0.0,14.0,2.0,1.0,1,2,4.0,2.0,2.0,2.0,0.0,72.0,1,0.0,1.0,2,2,4,2,0,0,2,4,0,0,4,0,2,0,0,2,4,1,0,0,0,2,8,0
201700043550,17,11,7,1,2,1,1.0,2.0,2.0,7.0,0.0,0.0,2.0,11.0,1,1,4.0,1.0,1.0,1.0,0.0,40.0,1,0.0,1.0,2,1,2,2,0,0,0,4,0,0,2,0,2,2,0,2,0,1,1,0,0,3,14,35
201300041892,13,9,11,1,2,2,1.0,3.0,0.0,33.0,0.0,0.0,2.0,2.0,1,2,4.0,2.0,1.0,1.0,0.0,0.0,1,0.0,1.0,2,3,4,0,0,0,0,4,0,0,4,0,0,2,0,0,2,1,0,0,0,3,10,20
201300042363,13,6,17,1,2,1,1.0,3.0,0.0,7.0,0.0,0.0,9.0,1.0,1,-1,4.0,2.0,4.0,1.0,0.0,60.0,1,0.0,1.0,2,1,2,2,0,0,0,4,0,4,0,0,0,2,0,2,0,1,0,1,0,2,16,30
201000043068,10,11,6,5,2,1,1.0,7.0,0.0,2.0,0.0,0.0,0.0,0.0,1,2,4.0,1.0,3.0,1.0,0.0,35.0,1,0.0,1.0,1,3,1,0,0,0,0,1,0,0,1,0,0,0,0,1,0,0,0,0,1,3,2,5
201400047915,14,1,6,1,1,1,1.0,5.0,0.0,33.0,0.0,0.0,2.0,17.0,1,2,1.0,1.0,1.0,2.0,15.0,35.0,1,0.0,1.0,3,2,9,0,0,0,0,9,0,0,0,0,9,9,0,0,0,1,0,0,0,2,8,45
200600003332,6,1,11,1,2,2,1.0,6.0,0.0,7.0,0.0,0.0,1.0,21.0,3,-1,3.0,1.0,1.0,1.0,0.0,60.0,1,0.0,1.0,1,2,0,1,0,1,0,0,1,0,0,0,0,0,0,1,0,1,0,0,0,2,8,20
201700026254,17,9,5,1,2,1,1.0,3.0,1.0,7.0,0.0,0.0,2.0,1.0,1,1,4.0,2.0,2.0,1.0,0.0,48.0,1,0.0,1.0,2,1,4,0,0,0,0,4,0,0,0,0,4,4,0,0,0,1,0,0,0,2,7,45
200700074237,7,11,20,5,2,1,2.0,3.0,0.0,17.0,0.0,0.0,2.0,1.0,1,1,2.0,2.0,2.0,1.0,0.0,70.0,1,0.0,1.0,2,1,6,2,0,0,4,4,2,4,0,2,0,2,0,2,4,1,0,0,0,3,18,0
200900027972,9,7,26,1,2,1,1.0,3.0,0.0,7.0,0.0,0.0,2.0,1.0,1,1,4.0,2.0,4.0,1.0,0.0,140.0,1,0.0,1.0,2,1,2,2,0,0,0,4,0,4,0,0,0,0,0,0,4,1,0,1,0,2,11,10
200500023171,5,4,14,1,1,1,2.0,6.0,0.0,7.0,0.0,2.0,0.0,1.0,1,1,3.0,2.0,2.0,1.0,0.0,52.0,1,0.0,3.0,1,3,0,1,0,0,0,1,0,0,1,0,0,0,0,0,1,1,0,0,0,3,10,30
201700007315,17,11,2,3,1,1,1.0,5.0,2.0,10.0,0.0,3.0,2.0,1.0,1,-1,1.0,3.0,4.0,1.0,0.0,0.0,1,0.0,1.0,6,3,36,6,0,0,6,36,0,6,0,36,0,42,0,0,0,1,1,1,0,3,6,50
201100038401,11,8,19,1,2,1,1.0,6.0,0.0,10.0,0.0,0.0,2.0,1.0,1,1,3.0,2.0,1.0,1.0,0.0,75.0,1,0.0,1.0,1,1,2,0,0,1,0,1,0,0,0,2,0,0,0,2,0,1,0,0,0,3,13,25
200600014068,6,3,15,5,2,1,1.0,7.0,0.0,7.0,0.0,0.0,5.0,1.0,1,1,4.0,2.0,2.0,0.0,0.0,0.0,1,0.0,1.0,1,1,0,4,1,1,1,1,0,2,2,0,0,1,0,3,0,1,0,0,0,3,21,0
200700049065,7,8,29,1,2,1,1.0,6.0,0.0,7.0,0.0,0.0,1.0,4.0,3,-1,4.0,2.0,2.0,1.0,0.0,110.0,1,0.0,1.0,1,2,1,1,0,1,0,1,0,0,1,0,1,1,0,0,1,1,0,0,0,2,9,20
201100045863,11,4,21,1,2,1,1.0,2.0,0.0,33.0,0.0,0.0,2.0,1.0,1,2,3.0,2.0,2.0,1.0,0.0,0.0,1,0.0,1.0,2,2,2,2,0,0,0,4,0,0,0,0,4,2,0,2,0,1,1,0,0,2,8,58
200500031942,5,5,10,1,1,1,1.0,4.0,0.0,7.0,0.0,0.0,2.0,2.0,1,1,1.0,3.0,5.0,1.0,25.0,175.0,1,3.0,1.0,3,1,6,6,0,0,3,9,3,3,0,0,6,3,0,9,0,1,1,0,0,3,10,5
201500034953,15,10,11,3,1,1,1.0,6.0,0.0,7.0,0.0,2.0,0.0,13.0,1,1,3.0,2.0,2.0,1.0,0.0,0.0,1,0.0,3.0,1,3,1,0,0,0,0,1,0,0,0,0,1,1,0,0,0,0,0,0,1,3,7,10
200500081338,5,12,22,1,2,1,1.0,2.0,0.0,7.0,0.0,0.0,0.0,20.0,1,1,4.0,2.0,2.0,1.0,0.0,95.0,1,0.0,1.0,2,1,4,2,0,0,2,4,0,2,4,0,0,2,0,0,4,0,1,0,0,2,8,30
200500016478,5,3,15,1,2,4,1.0,3.0,0.0,7.0,0.0,0.0,2.0,9.0,1,1,4.0,2.0,3.0,1.0,0.0,90.0,1,0.0,1.0,2,1,4,0,0,0,0,4,0,0,0,4,0,4,0,0,0,1,0,0,0,2,17,0
200900063927,9,6,11,2,2,1,1.0,3.0,0.0,7.0,0.0,0.0,2.0,17.0,1,1,4.0,2.0,2.0,1.0,0.0,60.0,1,0.0,0.0,2,1,4,0,0,0,0,4,2,2,0,0,0,4,0,0,0,1,0,1,0,3,21,30