Num_Acc,an,mois,jour,lum,agg,int,atm,col,senc,catv,occutc,obs,obsm,manv,catu,secu,catr,circ,nbv,prof,lartpc,larrout,surf,infra,situ,nb_veh,grav_simpl,Homme,Femme,Arrière,Autre_x,Avant,Conducteur,Autre_y,Inconnu,Loisirs,Professionnel,Travail,Adulte,Enfant,Jeune,Senior,choc_avant,choc_arriere,choc_lateral,choc_multiple,grav_order_max,heure,minute
201200000468,12,5,15,1,1,1,3.0,1.0,0.0,7.0,0.0,0.0,2.0,1.0,1,1,3.0,0.0,2.0,0.0,0.0,35.0,1,0.0,1.0,2,2,0,4,0,0,0,4,0,0,4,0,0,2,0,0,2,1,0,0,0,2,19,5
200600018243,6,4,20,1,1,1,1.0,2.0,0.0,7.0,0.0,0.0,0.0,19.0,1,1,2.0,2.0,2.0,0.0,0.0,101.0,1,0.0,1.0,2,4,4,2,0,0,2,4,2,2,0,0,2,2,0,4,0,1,1,0,0,4,12,45
201100004043,11,9,2,1,1,1,1.0,3.0,0.0,33.0,0.0,0.0,2.0,17.0,1,2,3.0,3.0,2.0,1.0,15.0,187.0,1,0.0,1.0,2,3,4,0,0,0,0,4,0,0,4,0,0,2,0,2,0,1,1,0,0,3,9,15
201700016600,17,5,29,1,2,1,1.0,6.0,1.0,7.0,0.0,6.0,0.0,0.0,1,1,3.0,2.0,2.0,1.0,0.0,70.0,1,0.0,3.0,1,3,0,1,0,0,0,1,0,0,1,0,0,0,0,0,1,1,0,0,0,3,17,0
201000056396,10,12,11,1,1,1,1.0,7.0,0.0,7.0,0.0,4.0,0.0,1.0,1,1,1.0,3.0,6.0,1.0,20.0,210.0,1,0.0,1.0,1,2,1,0,0,0,0,1,0,0,1,0,0,0,0,1,0,1,0,0,0,2,15,20
200800021110,8,4,15,1,2,1,1.0,3.0,0.0,7.0,0.0,0.0,2.0,0.0,1,1,3.0,2.0,4.0,1.0,0.0,0.0,1,0.0,1.0,2,1,4,0,0,0,0,4,0,4,0,0,0,2,0,2,0,1,0,1,0,2,7,0
200700009281,7,2,15,5,2,2,1.0,3.0,0.0,7.0,0.0,0.0,9.0,15.0,1,1,4.0,2.0,2.0,1.0,0.0,90.0,1,0.0,1.0,2,1,6,0,0,0,2,4,0,2,4,0,0,4,0,2,0,1,0,0,0,3,19,55
200700042367,7,7,5,1,2,1,1.0,6.0,0.0,1.0,0.0,0.0,2.0,0.0,1,0,4.0,2.0,2.0,0.0,0.0,0.0,-1,0.0,1.0,2,3,2,0,0,0,0,2,0,0,2,0,0,0,0,0,2,0,1,0,0,3,8,56
200700051218,7,8,31,5,2,3,1.0,3.0,0.0,7.0,0.0,0.0,2.0,1.0,1,1,4.0,1.0,3.0,1.0,0.0,87.0,1,0.0,1.0,2,1,2,4,0,0,2,4,0,6,0,0,0,0,0,4,2,1,0,1,0,3,21,20
201600002294,16,7,8,3,1,1,1.0,6.0,0.0,7.0,0.0,2.0,0.0,1.0,1,1,4.0,2.0,0.0,0.0,0.0,70.0,1,0.0,3.0,1,2,1,1,1,0,0,1,0,1,1,0,0,0,0,2,0,0,1,0,0,4,1,15
201400017977,14,3,20,2,1,2,1.0,3.0,0.0,7.0,0.0,0.0,2.0,15.0,1,1,3.0,2.0,2.0,1.0,0.0,62.0,1,0.0,1.0,2,1,4,0,0,0,0,4,0,0,2,0,2,4,0,0,0,1,0,1,0,3,19,30
200600021178,6,4,9,5,2,2,1.0,3.0,0.0,7.0,0.0,0.0,2.0,1.0,1,1,4.0,1.0,1.0,1.0,0.0,30.0,1,0.0,1.0,2,1,6,0,0,2,0,4,0,0,6,0,0,4,0,2,0,1,0,0,0,3,3,40
200800074464,8,12,7,3,1,1,1.0,1.0,0.0,7.0,0.0,0.0,6.0,21.0,1,1,1.0,3.0,3.0,1.0,20.0,105.0,1,0.0,1.0,2,2,4,4,2,0,2,4,0,4,4,0,0,0,0,8,0,1,0,0,0,2,1,50
201600038445,16,1,8,1,2,1,1.0,2.0,0.0,32.0,0.0,0.0,2.0,1.0,1,2,4.0,1.0,1.0,1.0,0.0,0.0,1,0.0,1.0,2,2,4,0,0,0,0,4,0,4,0,0,0,4,0,0,0,1,1,0,0,2,10,0
200900066216,9,10,24,1,2,1,2.0,6.0,0.0,7.0,0.0,0.0,1.0,1.0,1,1,3.0,2.0,2.0,1.0,0.0,0.0,1,0.0,1.0,1,1,2,0,0,1,0,1,1,0,0,0,1,0,1,0,1,0,0,1,0,2,13,28
200800039263,8,7,25,1,2,3,1.0,3.0,0.0,1.0,0.0,0.0,2.0,1.0,1,-1,4.0,1.0,1.0,1.0,0.0,0.0,1,0.0,1.0,2,2,0,2,0,0,0,2,0,2,0,0,0,0,0,2,0,1,0,0,0,2,13,30
200900008180,9,4,12,3,1,1,1.0,7.0,0.0,33.0,0.0,14.0,0.0,2.0,1,1,3.0,2.0,0.0,0.0,0.0,97.0,1,0.0,1.0,1,3,2,0,0,0,1,1,0,1,1,0,0,0,0,2,0,1,0,0,0,3,22,45
200600009111,6,2,9,2,1,4,2.0,3.0,0.0,7.0,0.0,0.0,2.0,15.0,1,1,3.0,2.0,2.0,1.0,0.0,70.0,1,0.0,1.0,2,2,4,0,0,0,0,4,2,0,0,0,2,2,0,2,0,1,0,1,0,2,7,35
201000001787,10,6,19,1,1,2,1.0,3.0,0.0,7.0,0.0,0.0,2.0,15.0,1,1,4.0,2.0,0.0,1.0,60.0,0.0,-1,0.0,1.0,2,2,2,2,0,0,0,4,0,0,4,0,0,0,0,2,2,1,0,0,0,3,14,30
200600049555,6,8,13,5,2,1,2.0,7.0,0.0,10.0,0.0,2.0,0.0,1.0,1,1,4.0,1.0,1.0,1.0,0.0,0.0,1,0.0,4.0,1,1,2,1,1,0,1,1,0,3,0,0,0,0,1,2,0,1,0,0,0,3,23,50
200800034837,8,6,25,1,1,1,1.0,7.0,0.0,33.0,0.0,0.0,0.0,21.0,1,2,1.0,3.0,8.0,1.0,15.0,280.0,1,0.0,1.0,1,2,2,0,0,0,1,1,0,1,1,0,0,1,0,1,0,0,0,0,1,2,21,30
201400018962,14,3,9,1,1,1,1.0,2.0,0.0,7.0,0.0,0.0,0.0,15.0,1,1,3.0,2.0,2.0,1.0,0.0,69.0,1,0.0,1.0,2,1,4,4,2,0,2,4,0,4,4,0,0,6,2,0,0,1,1,0,0,3,14,15
201400042954,14,1,17,5,2,1,8.0,3.0,0.0,2.0,0.0,0.0,2.0,1.0,1,2,2.0,3.0,4.0,1.0,30.0,60.0,1,0.0,1.0,2,1,4,0,2,0,0,2,0,0,4,0,0,2,0,2,0,0,0,1,0,3,19,0
200500008611,5,2,15,1,2,1,8.0,6.0,0.0,7.0,0.0,0.0,1.0,2.0,1,-1,4.0,2.0,2.0,2.0,0.0,50.0,1,0.0,1.0,1,1,2,1,0,1,1,1,0,2,1,0,0,2,1,0,0,0,0,0,0,2,18,0
201200058632,12,11,14,5,2,1,1.0,3.0,0.0,1.0,0.0,0.0,2.0,19.0,1,-1,4.0,2.0,2.0,1.0,0.0,70.0,1,0.0,1.0,2,3,2,2,0,0,0,4,0,0,0,2,2,2,0,2,0,1,0,1,0,3,18,30
201000001845,10,1,25,1,2,1,1.0,6.0,0.0,7.0,0.0,0.0,1.0,15.0,1,1,9.0,1.0,0.0,0.0,40.0,0.0,1,0.0,3.0,1,1,1,1,0,1,0,1,0,0,1,1,0,1,0,0,1,1,0,0,0,3,16,0
201000045919,10,3,2,3,1,3,1.0,3.0,0.0,7.0,0.0,0.0,2.0,1.0,1,1,2.0,2.0,2.0,1.0,0.0,140.0,1,0.0,1.0,2,1,2,4,2,0,0,4,6,0,0,0,0,0,2,4,0,1,0,0,0,2,19,10
201600048125,16,5,13,1,1,1,1.0,6.0,2.0,14.0,0.0,2.0,0.0,13.0,1,1,2.0,1.0,2.0,1.0,37.0,67.0,1,0.0,3.0,1,3,1,0,0,0,0,1,0,0,0,1,0,1,0,0,0,1,0,0,0,3,12,25
200600079850,6,12,23,3,1,1,1.0,3.0,0.0,7.0,0.0,0.0,2.0,23.0,1,1,2.0,3.0,2.0,1.0,15.0,35.0,1,0.0,1.0,2,1,4,2,0,0,2,4,0,2,4,0,0,6,0,0,0,1,1,0,0,2,21,50
201000012158,10,6,28,1,1,1,1.0,3.0,0.0,7.0,0.0,0.0,2.0,15.0,1,-1,5.0,2.0,0.0,2.0,0.0,0.0,1,0.0,1.0,2,1,4,0,0,0,0,4,0,0,4,0,0,0,2,2,0,1,0,0,0,3,17,30
200500054922,5,9,28,1,1,1,1.0,1.0,0.0,7.0,0.0,0.0,2.0,15.0,1,1,3.0,2.0,0.0,1.0,0.0,56.0,1,0.0,1.0,2,2,4,0,0,0,0,4,0,0,2,2,0,4,0,0,0,1,0,0,0,3,15,30
201400003476,14,12,28,1,1,1,1.0,6.0,0.0,7.0,0.0,2.0,0.0,1.0,1,1,3.0,2.0,2.0,1.0,0.0,67.0,1,0.0,3.0,1,3,1,0,0,0,0,1,0,0,0,0,1,0,0,1,0,1,0,0,0,3,9,0
201200045638,12,11,3,3,2,2,1.0,1.0,0.0,7.0,0.0,0.0,2.0,15.0,1,1,2.0,0.0,1.0,1.0,0.0,0.0,1,0.0,1.0,2,1,4,0,0,0,0,4,0,0,4,0,0,4,0,0,0,1,0,0,0,2,19,50
201600037108,16,5,19,5,2,1,1.0,3.0,1.0,7.0,0.0,15.0,2.0,15.0,1,1,3.0,2.0,2.0,1.0,0.0,0.0,1,0.0,1.0,2,2,8,0,2,0,2,4,0,0,8,0,0,0,0,8,0,1,0,1,0,2,22,15
201200058027,12,4,2,1,2,1,1.0,3.0,0.0,33.0,0.0,0.0,2.0,17.0,1,2,4.0,2.0,1.0,1.0,0.0,0.0,1,0.0,0.0,2,2,4,0,0,0,0,4,2,2,0,0,0,2,0,2,0,1,0,0,0,2,8,10
201100064490,11,3,24,1,2,1,1.0,7.0,0.0,33.0,0.0,0.0,0.0,3.0,1,2,4.0,1.0,3.0,1.0,15.0,105.0,1,0.0,1.0,1,2,1,0,0,0,0,1,0,0,0,0,1,1,0,0,0,0,0,1,0,2,17,50
201600051817,16,1,16,1,2,2,1.0,2.0,2.0,1.0,0.0,0.0,2.0,1.0,1,0,4.0,1.0,1.0,1.0,0.0,50.0,1,0.0,1.0,2,2,0,4,0,0,0,4,0,0,4,0,0,0,0,0,4,0,1,0,0,2,15,15
201700004343,17,6,30,1,2,1,1.0,2.0,0.0,1.0,0.0,0.0,2.0,1.0,1,0,4.0,0.0,2.0,1.0,0.0,10.0,1,0.0,-1.0,2,3,4,0,0,0,0,4,0,4,0,0,0,4,0,0,0,0,1,1,0,3,18,50
201200047988,12,9,14,1,2,1,1.0,7.0,0.0,1.0,0.0,16.0,-1.0,1.0,1,-1,4.0,2.0,2.0,2.0,0.0,-1.0,1,0.0,1.0,1,2,1,0,0,0,0,1,0,0,1,0,0,0,1,0,0,0,0,0,1,2,18,0
200600001679,6,1,6,1,2,1,1.0,3.0,0.0,7.0,0.0,0.0,2.0,15.0,1,1,4.0,2.0,2.0,1.0,0.0,107.0,1,0.0,1.0,2,1,4,0,0,0,0,4,0,0,2,0,2,0,0,2,2,1,1,0,0,3,12,15
201500006607,15,7,21,1,1,1,1.0,1.0,0.0,7.0,0.0,0.0,0.0,1.0,1,1,3.0,2.0,2.0,2.0,0.0,-1.0,1,0.0,1.0,2,3,4,4,2,0,2,4,0,4,2,0,2,2,2,4,0,1,0,0,0,3,17,45
201000011199,10,9,30,1,1,1,2.0,3.0,0.0,7.0,0.0,0.0,2.0,17.0,1,1,3.0,2.0,2.0,1.0,0.0,72.0,1,0.0,3.0,2,1,2,2,0,0,0,4,0,0,2,0,2,2,0,2,0,1,1,0,0,2,13,30
201100026795,11,9,3,5,2,1,3.0,6.0,0.0,7.0,0.0,0.0,1.0,1.0,1,-1,4.0,1.0,1.0,1.0,0.0,75.0,1,0.0,1.0,1,1,2,0,0,1,0,1,0,0,2,0,0,0,0,0,2,0,0,0,0,2,21,20
201700040388,17,2,13,5,2,2,1.0,6.0,0.0,7.0,0.0,0.0,1.0,1.0,1,-1,4.0,1.0,2.0,1.0,0.0,0.0,1,0.0,1.0,1,1,1,1,0,1,0,1,0,2,0,0,0,1,0,1,0,1,0,0,0,2,20,45
200900056983,9,8,25,1,1,1,1.0,6.0,0.0,7.0,0.0,3.0,0.0,14.0,1,1,1.0,1.0,2.0,1.0,40.0,70.0,1,0.0,1.0,1,2,1,0,0,0,0,1,0,0,0,0,1,0,0,1,0,1,0,0,0,2,16,40
201100008271,11,5,21,1,1,1,1.0,1.0,0.0,7.0,0.0,0.0,2.0,13.0,1,1,3.0,3.0,2.0,1.0,0.0,0.0,1,0.0,1.0,2,3,2,6,2,0,2,4,0,6,2,0,0,2,2,4,0,1,0,0,0,3,16,15
201700029759,17,11,13,5,2,1,1.0,7.0,0.0,1.0,0.0,0.0,1.0,1.0,3,-1,4.0,1.0,1.0,1.0,0.0,0.0,1,0.0,1.0,1,2,1,0,0,1,0,0,0,0,0,0,1,1,0,0,0,1,0,0,0,2,7,45
201200023283,12,11,29,1,1,1,1.0,7.0,0.0,7.0,0.0,13.0,0.0,1.0,1,1,3.0,2.0,2.0,1.0,0.0,70.0,1,0.0,3.0,1,2,0,1,0,0,0,1,0,0,1,0,0,1,0,0,0,1,0,0,0,2,12,25
200700034726,7,6,28,1,2,1,1.0,6.0,0.0,7.0,0.0,0.0,1.0,19.0,1,1,4.0,2.0,2.0,1.0,0.0,0.0,1,0.0,1.0,1,1,1,1,0,1,0,1,1,1,0,0,0,1,0,0,1,1,0,0,0,3,11,30
200700046065,7,7,31,5,2,1,1.0,6.0,0.0,30.0,0.0,1.0,0.0,14.0,1,-1,4.0,1.0,1.0,1.0,0.0,26.0,1,0.0,1.0,1,3,1,0,0,0,0,1,0,1,0,0,0,1,0,0,0,1,0,0,0,3,0,18
201400055169,14,6,4,1,2,1,2.0,6.0,0.0,34.0,0.0,14.0,2.0,2.0,1,2,4.0,2.0,5.0,1.0,0.0,150.0,1,0.0,1.0,2,2,4,0,0,0,0,4,0,0,0,0,4,4,0,0,0,1,1,0,0,2,9,40
200900002193,9,1,18,3,1,1,1.0,1.0,0.0,7.0,0.0,0.0,2.0,13.0,1,1,2.0,2.0,3.0,0.0,0.0,107.0,1,0.0,1.0,2,3,4,0,0,0,0,4,0,0,2,2,0,4,0,0,0,1,0,0,0,3,21,30
200600070519,6,11,13,1,2,3,1.0,6.0,0.0,7.0,0.0,0.0,1.0,0.0,1,1,3.0,1.0,1.0,1.0,0.0,32.0,1,0.0,1.0,1,1,1,1,0,1,0,1,1,1,0,0,0,0,0,1,1,1,0,0,0,3,9,50
200900045263,9,10,30,1,2,1,1.0,3.0,0.0,1.0,0.0,0.0,2.0,1.0,1,-1,4.0,2.0,3.0,1.0,0.0,84.0,1,0.0,1.0,2,2,4,0,0,0,0,4,0,0,4,0,0,2,0,0,2,1,0,0,0,2,14,0
201000059512,10,11,20,1,1,1,1.0,2.0,0.0,7.0,0.0,0.0,2.0,1.0,1,1,1.0,1.0,4.0,1.0,0.0,140.0,1,0.0,1.0,2,1,6,0,0,0,2,4,0,0,6,0,0,2,0,2,2,1,1,0,0,2,15,50
201000048589,10,4,21,1,2,3,1.0,6.0,0.0,7.0,0.0,0.0,1.0,15.0,1,-1,3.0,2.0,2.0,1.0,0.0,0.0,1,0.0,1.0,1,1,0,2,0,1,0,1,0,1,1,0,0,1,0,0,1,1,0,0,0,2,12,36
200900010746,9,3,22,1,2,6,1.0,3.0,0.0,7.0,0.0,6.0,2.0,1.0,1,1,4.0,3.0,2.0,1.0,70.0,65.0,1,5.0,1.0,2,1,4,0,0,0,0,4,0,0,4,0,0,0,0,4,0,1,0,1,0,2,17,0
201500031371,15,1,21,1,2,2,2.0,3.0,0.0,30.0,0.0,0.0,2.0,15.0,1,2,4.0,2.0,2.0,1.0,0.0,0.0,1,0.0,1.0,2,1,2,4,0,0,2,4,0,0,6,0,0,2,2,2,0,1,0,0,0,2,14,18
200600040835,6,7,10,1,2,1,1.0,2.0,0.0,7.0,0.0,0.0,2.0,1.0,1,1,4.0,2.0,2.0,3.0,0.0,140.0,1,0.0,1.0,2,1,4,0,0,0,0,4,0,4,0,0,0,2,2,0,0,1,1,0,0,2,16,35
200900044112,9,10,21,1,2,3,1.0,6.0,1.0,7.0,0.0,0.0,2.0,0.0,3,-1,4.0,1.0,1.0,1.0,0.0,0.0,1,0.0,1.0,2,2,2,2,0,2,0,2,0,0,4,0,0,0,2,2,0,0,0,1,0,2,18,25
200800010641,8,2,27,1,1,1,1.0,7.0,0.0,7.0,0.0,12.0,0.0,16.0,1,1,1.0,3.0,1.0,1.0,0.0,35.0,1,3.0,1.0,1,2,0,1,0,0,0,1,0,0,0,1,0,0,0,1,0,1,0,0,0,2,7,15
201600047504,16,4,27,1,1,1,1.0,6.0,2.0,7.0,0.0,3.0,0.0,1.0,1,1,1.0,3.0,6.0,1.0,15.0,210.0,1,0.0,1.0,1,2,0,1,0,0,0,1,0,1,0,0,0,1,0,0,0,1,0,0,0,2,7,30
201400043304,14,8,4,2,2,1,1.0,3.0,0.0,7.0,0.0,0.0,2.0,10.0,1,1,4.0,2.0,4.0,1.0,0.0,0.0,1,0.0,1.0,2,1,4,0,0,0,0,4,0,4,0,0,0,0,0,2,2,1,0,0,0,3,19,0
201300013242,13,10,1,5,2,1,1.0,7.0,0.0,10.0,0.0,0.0,0.0,17.0,1,0,3.0,2.0,0.0,1.0,0.0,55.0,1,0.0,1.0,1,4,1,0,0,0,0,1,0,0,1,0,0,1,0,0,0,0,0,0,1,4,20,45
200700040741,7,7,2,1,1,1,9.0,1.0,0.0,7.0,0.0,0.0,2.0,13.0,1,1,2.0,2.0,2.0,2.0,0.0,73.0,1,0.0,1.0,2,3,6,0,0,0,2,4,2,2,0,0,2,2,0,4,0,1,0,0,0,3,12,45
201700041205,17,11,20,5,2,6,1.0,3.0,2.0,7.0,0.0,0.0,2.0,15.0,1,1,4.0,2.0,0.0,1.0,0.0,0.0,1,5.0,1.0,2,1,2,2,0,0,0,4,0,2,0,0,2,0,0,2,2,1,0,1,0,2,19,15
200800000785,8,1,18,2,2,1,8.0,3.0,0.0,7.0,0.0,0.0,0.0,1.0,1,1,3.0,2.0,0.0,0.0,0.0,55.0,1,0.0,1.0,2,1,6,0,0,0,2,4,0,2,4,0,0,2,2,2,0,1,0,0,0,3,17,0
200700070904,7,11,1,5,2,1,1.0,3.0,0.0,7.0,0.0,0.0,2.0,0.0,1,1,2.0,1.0,0.0,1.0,0.0,0.0,1,0.0,1.0,2,1,2,2,0,0,0,4,0,2,0,0,2,0,0,4,0,1,0,0,1,3,23,40
200600024717,6,5,14,1,2,1,1.0,3.0,0.0,7.0,0.0,0.0,2.0,15.0,1,1,3.0,2.0,0.0,0.0,0.0,39.0,1,0.0,0.0,2,1,4,4,0,0,4,4,0,4,4,0,0,6,0,0,2,0,0,1,0,3,20,0
201300006978,13,6,17,1,2,1,1.0,3.0,1.0,7.0,0.0,0.0,2.0,15.0,1,1,3.0,2.0,2.0,1.0,0.0,70.0,1,0.0,1.0,2,2,4,0,0,0,0,4,2,0,2,0,0,0,2,0,2,1,0,1,0,3,13,30
201500034368,15,1,28,5,2,1,2.0,7.0,0.0,7.0,0.0,6.0,0.0,0.0,1,1,4.0,0.0,2.0,1.0,30.0,30.0,1,0.0,4.0,1,3,0,1,0,0,0,1,0,1,0,0,0,0,1,0,0,1,0,0,0,3,18,30
201500002976,15,7,29,1,1,1,2.0,2.0,0.0,7.0,0.0,0.0,2.0,1.0,1,1,3.0,3.0,2.0,1.0,108.0,0.0,1,0.0,1.0,2,4,4,0,0,0,0,4,0,0,2,2,0,2,0,0,2,1,1,0,0,4,15,30
201000065551,10,4,7,1,2,1,1.0,6.0,0.0,31.0,0.0,0.0,1.0,1.0,1,2,4.0,2.0,2.0,2.0,0.0,60.0,1,0.0,1.0,1,1,1,1,0,1,0,1,0,1,0,0,1,2,0,0,0,1,0,0,0,2,13,45
200900011940,9,2,5,1,1,1,1.0,2.0,0.0,7.0,0.0,0.0,2.0,1.0,1,1,3.0,2.0,2.0,1.0,0.0,78.0,1,0.0,1.0,2,3,0,4,0,0,0,4,0,2,2,0,0,0,0,0,4,1,1,0,0,3,10,0
200600043107,6,7,12,1,2,2,1.0,2.0,0.0,2.0,0.0,0.0,2.0,1.0,1,2,3.0,2.0,2.0,0.0,0.0,53.0,1,0.0,1.0,2,3,4,2,0,0,2,4,0,2,4,0,0,0,0,2,4,1,1,0,0,3,20,50
200900037130,9,6,23,1,2,1,1.0,2.0,0.0,7.0,0.0,0.0,1.0,1.0,1,1,4.0,3.0,4.0,1.0,0.0,0.0,-1,0.0,1.0,2,1,2,2,0,0,0,4,0,4,0,0,0,4,0,0,0,1,1,0,0,2,17,5
201700050357,17,11,8,1,2,2,1.0,3.0,2.0,7.0,0.0,7.0,2.0,15.0,1,1,4.0,2.0,2.0,4.0,0.0,60.0,1,5.0,1.0,2,2,2,4,0,0,2,4,0,4,2,0,0,2,2,0,2,1,0,1,0,2,13,20
200500067518,5,10,25,1,2,1,1.0,3.0,0.0,7.0,0.0,0.0,2.0,20.0,1,1,4.0,2.0,2.0,1.0,0.0,162.0,1,0.0,1.0,2,1,8,0,0,0,4,4,0,4,4,0,0,2,0,6,0,1,0,0,0,3,17,30
201600056775,16,2,26,5,2,2,1.0,6.0,1.0,33.0,0.0,0.0,2.0,7.0,1,2,4.0,1.0,3.0,1.0,0.0,0.0,1,0.0,1.0,2,3,4,0,0,0,0,4,2,0,0,2,0,2,0,2,0,0,0,1,0,3,22,35
200700067109,7,10,19,3,2,1,1.0,2.0,0.0,2.0,0.0,0.0,2.0,2.0,1,2,4.0,2.0,4.0,1.0,0.0,204.0,1,0.0,1.0,2,2,6,0,0,0,2,4,0,6,0,0,0,2,0,4,0,1,1,0,0,2,21,20
200500023554,5,4,2,5,2,1,1.0,6.0,0.0,7.0,0.0,8.0,0.0,13.0,1,-1,3.0,2.0,2.0,1.0,0.0,0.0,1,5.0,1.0,1,3,0,1,0,0,0,1,0,0,1,0,0,0,0,1,0,0,0,1,0,3,1,0
201400034638,14,9,1,5,2,1,2.0,6.0,0.0,7.0,0.0,8.0,0.0,2.0,1,-1,4.0,2.0,2.0,2.0,0.0,0.0,1,5.0,3.0,1,3,1,0,0,0,0,1,0,0,1,0,0,0,0,1,0,0,0,0,1,3,3,20
201500038691,15,5,26,1,2,1,1.0,7.0,0.0,32.0,0.0,0.0,0.0,1.0,1,2,3.0,1.0,3.0,1.0,0.0,0.0,1,0.0,1.0,1,2,1,0,0,0,0,1,0,1,0,0,0,1,0,0,0,0,0,1,0,2,18,32
200600048545,6,8,11,5,2,3,1.0,6.0,0.0,7.0,0.0,6.0,0.0,1.0,1,-1,4.0,2.0,2.0,2.0,0.0,115.0,1,0.0,1.0,1,3,1,0,0,0,0,1,0,0,1,0,0,0,0,1,0,1,0,0,0,3,22,35
201500051553,15,1,30,1,2,2,2.0,6.0,0.0,31.0,0.0,0.0,1.0,1.0,1,2,4.0,2.0,8.0,1.0,0.0,200.0,1,0.0,1.0,1,1,2,0,0,1,0,1,0,0,1,1,0,1,0,1,0,1,0,0,0,2,14,30
200500011343,5,2,28,1,2,6,1.0,1.0,0.0,7.0,0.0,0.0,2.0,16.0,1,1,3.0,4.0,0.0,1.0,0.0,0.0,1,0.0,1.0,2,1,4,0,0,0,0,4,4,0,0,0,0,4,0,0,0,1,0,1,0,2,14,15
201400013653,14,7,18,1,2,1,1.0,3.0,0.0,33.0,0.0,0.0,2.0,2.0,1,2,3.0,2.0,2.0,1.0,0.0,75.0,1,5.0,1.0,2,2,4,0,0,0,0,4,0,0,4,0,0,2,0,2,0,1,0,1,0,2,18,0
201300039111,13,7,14,1,2,1,1.0,6.0,0.0,10.0,0.0,0.0,1.0,1.0,1,1,4.0,1.0,1.0,1.0,0.0,0.0,1,0.0,1.0,1,1,2,0,0,1,0,1,1,0,1,0,0,0,1,1,0,1,0,0,0,2,11,40
200900022357,9,7,13,5,2,1,1.0,6.0,0.0,2.0,0.0,0.0,1.0,0.0,3,-1,4.0,3.0,0.0,1.0,0.0,0.0,1,0.0,1.0,1,3,1,1,0,1,0,1,0,2,0,0,0,0,2,0,0,0,0,1,0,3,22,38
201600022079,16,1,20,1,1,1,1.0,3.0,2.0,7.0,0.0,3.0,2.0,0.0,1,1,3.0,3.0,4.0,2.0,0.0,0.0,1,0.0,1.0,2,2,4,0,0,0,0,4,0,4,0,0,0,0,0,2,2,0,0,1,1,2,8,30
201500047899,15,5,17,1,2,1,1.0,3.0,0.0,7.0,0.0,0.0,2.0,10.0,1,1,4.0,2.0,2.0,1.0,0.0,67.0,1,0.0,1.0,2,3,6,2,2,0,2,4,0,6,0,0,2,6,0,2,0,1,0,0,0,3,13,20
201100004622,11,7,25,1,1,1,2.0,1.0,0.0,7.0,0.0,0.0,2.0,13.0,1,1,3.0,2.0,2.0,1.0,0.0,65.0,1,0.0,1.0,2,1,2,2,0,0,0,4,0,0,2,2,0,2,0,0,2,1,0,1,0,3,11,0
201300045379,13,4,1,2,1,1,1.0,6.0,0.0,7.0,0.0,4.0,0.0,2.0,1,1,1.0,3.0,3.0,1.0,20.0,125.0,1,0.0,1.0,1,2,1,0,0,0,0,1,0,0,1,0,0,0,0,1,0,1,0,0,0,2,7,45
200800013302,8,3,25,2,2,3,1.0,1.0,0.0,7.0,0.0,0.0,2.0,9.0,1,-1,4.0,2.0,2.0,1.0,0.0,120.0,1,0.0,1.0,2,1,2,6,2,0,2,4,0,8,0,0,0,0,2,4,2,1,0,0,0,2,19,7
201400015017,14,6,28,1,2,6,1.0,3.0,0.0,7.0,0.0,0.0,2.0,9.0,1,1,3.0,2.0,0.0,2.0,0.0,0.0,1,0.0,1.0,2,1,2,2,0,0,0,4,4,0,0,0,0,2,0,0,2,0,1,1,0,2,11,50
201100006047,11,7,9,1,1,1,1.0,1.0,0.0,7.0,0.0,0.0,2.0,1.0,1,1,3.0,2.0,2.0,1.0,0.0,65.0,1,0.0,1.0,2,1,2,4,2,0,0,4,0,2,4,0,0,4,2,0,0,1,0,0,0,3,10,45
201300002188,13,12,22,2,2,3,1.0,3.0,0.0,33.0,0.0,0.0,2.0,17.0,1,2,4.0,2.0,0.0,0.0,60.0,0.0,1,0.0,1.0,2,3,2,2,0,0,0,4,4,0,0,0,0,4,0,0,0,1,0,0,0,3,17,45
201200056649,12,10,16,1,2,2,1.0,6.0,0.0,7.0,0.0,0.0,1.0,7.0,1,1,4.0,2.0,2.0,1.0,15.0,70.0,1,0.0,1.0,1,1,2,0,0,1,0,1,0,0,1,1,0,2,0,0,0,1,0,0,0,2,11,15
200600076076,6,12,18,5,2,3,1.0,3.0,0.0,7.0,0.0,0.0,2.0,15.0,1,1,4.0,2.0,2.0,1.0,0.0,73.0,1,0.0,1.0,2,1,2,4,0,0,2,4,0,4,2,0,0,2,0,0,4,1,0,0,0,2,17,50
200600001039,6,1,24,5,2,2,1.0,3.0,0.0,5.0,0.0,0.0,2.0,1.0,1,2,4.0,2.0,2.0,1.0,0.0,90.0,1,0.0,1.0,2,2,2,2,0,0,0,4,0,2,0,0,2,4,0,0,0,1,0,0,0,2,6,5
200800022714,8,2,9,1,1,1,1.0,6.0,0.0,33.0,0.0,0.0,9.0,1.0,1,2,1.0,3.0,3.0,2.0,10.0,105.0,1,0.0,1.0,1,2,1,1,1,0,0,1,0,1,1,0,0,0,0,2,0,1,0,0,0,2,17,30
201400002071,14,12,14,1,2,1,9.0,6.0,0.0,7.0,0.0,0.0,1.0,24.0,1,1,3.0,2.0,2.0,0.0,0.0,0.0,0,0.0,4.0,1,1,2,0,0,1,0,1,2,0,0,0,0,1,0,0,1,1,0,0,0,3,8,30