Num_Acc,an,mois,jour,lum,agg,int,atm,col,senc,catv,occutc,obs,obsm,manv,catu,secu,catr,circ,nbv,prof,lartpc,larrout,surf,infra,situ,nb_veh,grav_simpl,Homme,Femme,Arrière,Autre_x,Avant,Conducteur,Autre_y,Inconnu,Loisirs,Professionnel,Travail,Adulte,Enfant,Jeune,Senior,choc_avant,choc_arriere,choc_lateral,choc_multiple,grav_order_max,heure,minute
201300006134,13,3,1,3,2,1,1.0,6.0,0.0,7.0,0.0,10.0,0.0,1.0,1,1,3.0,2.0,2.0,2.0,0.0,70.0,1,0.0,3.0,1,3,2,0,0,0,1,1,0,1,1,0,0,0,0,2,0,1,0,0,0,3,1,45
201700052152,17,3,17,3,1,1,1.0,2.0,1.0,7.0,0.0,4.0,2.0,1.0,1,1,1.0,3.0,4.0,1.0,20.0,140.0,1,0.0,1.0,2,2,4,0,0,0,2,2,0,0,4,0,0,2,2,0,0,1,1,0,0,2,23,10
201400053669,14,4,22,1,2,1,2.0,6.0,1.0,32.0,0.0,0.0,1.0,3.0,3,-1,4.0,1.0,1.0,1.0,0.0,70.0,1,0.0,1.0,1,2,0,1,0,1,0,0,0,0,1,0,0,0,1,0,0,1,0,0,0,2,16,55
201500024321,15,7,14,1,2,1,1.0,6.0,0.0,7.0,0.0,0.0,1.0,1.0,1,1,6.0,-1.0,0.0,1.0,0.0,0.0,1,0.0,0.0,1,1,1,1,0,1,0,1,0,1,1,0,0,1,0,0,1,1,0,0,0,2,19,35
201300006988,13,2,1,1,1,1,3.0,5.0,0.0,7.0,0.0,0.0,2.0,1.0,1,1,1.0,3.0,6.0,2.0,30.0,270.0,1,0.0,1.0,6,2,24,24,0,0,12,36,0,12,24,12,0,12,0,18,18,1,1,1,0,3,16,55
200700011454,7,2,9,1,1,2,8.0,3.0,0.0,33.0,0.0,0.0,2.0,3.0,1,2,1.0,3.0,3.0,1.0,10.0,25.0,1,0.0,1.0,2,2,2,2,0,0,0,4,0,4,0,0,0,2,0,2,0,1,0,0,0,2,9,30
200600043956,6,7,1,1,1,1,1.0,3.0,0.0,7.0,0.0,0.0,2.0,15.0,1,1,3.0,2.0,2.0,3.0,63.0,0.0,1,0.0,1.0,2,1,2,4,0,0,2,4,0,2,2,0,2,6,0,0,0,1,1,0,0,3,16,30
200900039151,9,8,8,2,2,2,1.0,6.0,0.0,33.0,0.0,0.0,1.0,1.0,3,-1,4.0,2.0,3.0,1.0,0.0,0.0,1,0.0,1.0,1,3,1,1,0,1,0,1,1,0,1,0,0,1,0,1,0,1,0,0,0,3,21,10
201100016804,11,11,4,1,1,1,2.0,6.0,0.0,7.0,0.0,10.0,0.0,1.0,1,1,1.0,3.0,2.0,1.0,0.0,0.0,1,0.0,1.0,1,3,0,1,0,0,0,1,0,0,1,0,0,0,0,0,1,1,0,0,0,3,12,45
201700002373,17,5,13,5,1,1,8.0,5.0,0.0,7.0,0.0,0.0,2.0,0.0,1,1,2.0,2.0,2.0,1.0,0.0,0.0,1,2.0,1.0,3,1,9,0,0,0,0,9,0,6,3,0,0,6,0,3,0,1,0,0,0,3,0,11
200900005401,9,3,7,1,1,1,1.0,3.0,0.0,33.0,0.0,0.0,2.0,1.0,1,2,3.0,2.0,2.0,0.0,0.0,82.0,1,0.0,1.0,2,2,2,2,0,0,0,4,0,0,4,0,0,4,0,0,0,1,0,0,0,2,11,15
201700048946,17,12,19,1,1,1,5.0,2.0,2.0,7.0,0.0,0.0,2.0,1.0,1,1,1.0,1.0,3.0,2.0,0.0,105.0,1,1.0,1.0,2,3,2,0,0,0,0,2,0,0,0,0,2,2,0,0,0,1,1,0,0,3,12,32
201000007010,10,3,24,1,1,1,1.0,2.0,0.0,2.0,0.0,0.0,0.0,2.0,1,2,3.0,2.0,2.0,1.0,0.0,58.0,1,0.0,1.0,2,3,4,0,0,0,0,4,0,0,4,0,0,0,2,0,2,1,1,0,0,3,18,0
200800072505,8,12,1,1,2,2,8.0,3.0,0.0,32.0,0.0,6.0,2.0,1.0,1,2,3.0,1.0,1.0,2.0,0.0,58.0,1,0.0,1.0,2,3,2,2,0,0,0,4,0,0,2,0,2,0,0,0,4,1,0,1,0,3,12,55
200500015253,5,3,17,1,2,3,1.0,3.0,0.0,1.0,0.0,0.0,0.0,1.0,1,-1,4.0,0.0,2.0,0.0,0.0,60.0,1,0.0,1.0,2,2,4,0,0,0,0,4,2,2,0,0,0,2,0,2,0,1,0,0,0,2,8,40
200600079943,6,12,15,1,1,1,1.0,7.0,0.0,10.0,0.0,3.0,0.0,1.0,1,1,2.0,3.0,4.0,2.0,10.0,70.0,1,0.0,3.0,1,2,1,0,0,0,0,1,0,0,0,1,0,1,0,0,0,1,0,0,0,2,14,10
201600022266,16,12,13,2,2,6,1.0,3.0,1.0,7.0,0.0,0.0,2.0,1.0,1,1,3.0,2.0,2.0,1.0,45.0,115.0,1,5.0,1.0,2,1,2,2,0,0,0,4,0,4,0,0,0,2,0,0,2,1,0,0,0,2,18,50
200700074317,7,11,29,1,1,1,1.0,1.0,0.0,30.0,0.0,0.0,2.0,1.0,1,-1,4.0,2.0,0.0,1.0,0.0,0.0,1,0.0,1.0,2,3,4,0,0,0,0,4,0,0,0,2,2,2,2,0,0,1,0,0,0,3,13,30
200800037152,8,7,26,1,1,1,1.0,1.0,0.0,7.0,0.0,0.0,2.0,19.0,1,1,3.0,2.0,2.0,1.0,35.0,85.0,1,0.0,1.0,2,1,4,2,0,0,2,4,0,2,4,0,0,2,0,2,2,1,1,0,0,2,14,45
200600035233,6,6,12,1,2,1,1.0,3.0,0.0,7.0,0.0,0.0,2.0,22.0,1,1,4.0,2.0,2.0,1.0,0.0,60.0,1,0.0,1.0,2,1,4,2,0,0,2,4,0,2,4,0,0,4,0,2,0,1,1,0,0,2,20,0
201000012843,10,2,5,1,1,1,2.0,3.0,0.0,7.0,0.0,0.0,2.0,15.0,1,1,3.0,2.0,2.0,1.0,0.0,0.0,1,0.0,1.0,2,1,4,0,0,0,0,4,0,0,0,2,2,2,0,2,0,1,0,1,0,3,8,45
200900028736,9,7,1,1,2,1,1.0,6.0,0.0,33.0,0.0,14.0,0.0,21.0,1,2,4.0,2.0,2.0,1.0,0.0,-1.0,1,0.0,1.0,1,3,2,0,0,0,1,1,0,0,2,0,0,2,0,0,0,1,0,0,0,3,18,50
201000049824,10,1,1,5,2,1,1.0,6.0,0.0,7.0,0.0,0.0,1.0,1.0,1,-1,2.0,3.0,2.0,1.0,20.0,40.0,1,0.0,1.0,1,1,1,1,0,1,0,1,1,0,0,0,1,2,0,0,0,1,0,0,0,2,17,40
201300002169,13,9,17,1,1,1,2.0,6.0,0.0,7.0,0.0,13.0,0.0,1.0,1,1,3.0,2.0,2.0,2.0,0.0,60.0,1,0.0,1.0,1,3,1,1,0,0,1,1,0,1,1,0,0,0,0,2,0,1,0,0,0,3,14,15
200700020381,7,4,28,1,2,4,1.0,2.0,0.0,2.0,0.0,0.0,9.0,1.0,1,2,4.0,2.0,2.0,1.0,0.0,40.0,1,5.0,1.0,2,2,6,0,0,0,2,4,0,2,2,2,0,0,6,0,0,1,1,0,0,2,20,10
200800012117,8,3,9,3,2,1,9.0,6.0,0.0,7.0,0.0,13.0,0.0,2.0,1,-1,2.0,2.0,3.0,1.0,0.0,36.0,1,0.0,1.0,2,2,4,4,2,0,2,4,2,6,0,0,0,0,0,6,2,1,0,0,1,2,22,18
201700021553,17,3,26,1,2,1,1.0,6.0,0.0,7.0,0.0,2.0,0.0,1.0,1,1,4.0,2.0,1.0,1.0,0.0,30.0,1,0.0,1.0,1,4,1,0,0,0,0,1,0,0,1,0,0,0,0,1,0,0,0,1,0,4,8,40
200500075823,5,11,25,2,2,1,1.0,7.0,0.0,7.0,0.0,0.0,1.0,1.0,1,1,4.0,2.0,2.0,2.0,0.0,70.0,1,0.0,1.0,1,1,2,1,0,2,0,1,0,0,3,0,0,2,1,0,0,1,0,0,0,3,18,5
200700018936,7,4,27,5,2,1,8.0,1.0,0.0,7.0,0.0,0.0,2.0,15.0,1,1,3.0,2.0,2.0,1.0,0.0,60.0,1,5.0,1.0,2,1,2,2,0,0,0,4,0,0,4,0,0,0,0,2,2,1,0,0,0,3,20,15
201600011466,16,7,29,1,2,3,1.0,6.0,2.0,16.0,0.0,0.0,1.0,0.0,1,1,4.0,2.0,2.0,1.0,0.0,0.0,1,0.0,1.0,1,1,1,1,0,1,0,1,0,0,0,1,1,0,0,2,0,0,0,0,0,2,9,30
201500044599,15,4,9,3,1,1,1.0,4.0,0.0,7.0,0.0,0.0,2.0,2.0,1,1,2.0,3.0,4.0,1.0,20.0,140.0,1,0.0,1.0,3,2,9,0,0,0,0,9,6,0,0,3,0,9,0,0,0,1,1,0,0,2,5,20
200800039220,8,7,4,1,2,1,7.0,2.0,0.0,10.0,0.0,0.0,2.0,1.0,1,1,4.0,2.0,2.0,1.0,0.0,60.0,1,0.0,1.0,2,2,6,0,2,0,0,4,0,4,0,0,2,4,0,2,0,1,1,0,0,2,6,45
200700054797,7,9,3,1,2,2,1.0,6.0,0.0,7.0,0.0,0.0,1.0,15.0,1,-1,4.0,1.0,2.0,1.0,0.0,75.0,1,0.0,1.0,1,1,1,1,0,1,0,1,0,1,1,0,0,1,0,0,1,1,0,0,0,2,8,45
200900061545,9,3,6,1,2,1,1.0,7.0,0.0,33.0,0.0,0.0,0.0,1.0,1,2,4.0,2.0,2.0,1.0,0.0,80.0,1,0.0,1.0,1,2,1,0,0,0,0,1,1,0,0,0,0,1,0,0,0,0,0,1,0,2,16,55
200500028162,5,5,13,5,2,2,1.0,3.0,0.0,7.0,0.0,0.0,2.0,1.0,1,1,4.0,2.0,0.0,1.0,0.0,0.0,1,0.0,1.0,2,2,2,2,0,0,0,4,0,0,4,0,0,0,0,4,0,1,0,1,0,2,2,50
201000039861,10,11,15,1,2,1,1.0,3.0,0.0,7.0,0.0,0.0,2.0,1.0,1,1,4.0,2.0,2.0,1.0,0.0,78.0,1,0.0,1.0,2,2,2,2,0,0,0,4,0,0,4,0,0,4,0,0,0,1,0,0,0,2,12,0
200700021172,7,4,16,1,1,9,1.0,3.0,0.0,5.0,0.0,14.0,2.0,11.0,1,-1,3.0,2.0,2.0,1.0,28.0,111.0,1,0.0,1.0,2,4,4,0,0,0,0,4,0,0,0,2,2,4,0,0,0,0,1,1,0,4,7,50
201100036799,11,3,27,1,2,1,1.0,6.0,0.0,7.0,0.0,0.0,1.0,1.0,1,1,4.0,2.0,2.0,1.0,30.0,170.0,1,0.0,1.0,1,1,2,0,0,1,0,1,0,0,2,0,0,0,1,1,0,1,0,0,0,4,13,10
200500050333,5,8,6,1,2,1,1.0,6.0,0.0,7.0,0.0,0.0,1.0,0.0,1,1,4.0,0.0,2.0,2.0,0.0,80.0,0,0.0,1.0,1,1,0,2,0,1,0,1,0,1,1,0,0,1,0,1,0,1,0,0,0,3,12,0
201500019392,15,7,30,1,2,1,1.0,6.0,0.0,1.0,0.0,0.0,2.0,19.0,1,-1,4.0,1.0,0.0,1.0,0.0,0.0,1,0.0,0.0,2,2,2,2,0,0,0,4,0,0,4,0,0,2,0,0,2,1,0,0,0,2,12,40
201100061510,11,3,12,4,2,3,2.0,3.0,0.0,7.0,0.0,0.0,2.0,14.0,1,1,4.0,1.0,2.0,1.0,0.0,6.0,1,0.0,1.0,2,1,6,0,0,0,2,4,2,2,2,0,0,0,0,6,0,1,0,1,0,2,20,40
200500026242,5,5,2,1,1,1,1.0,6.0,0.0,7.0,0.0,3.0,0.0,1.0,1,1,3.0,2.0,2.0,1.0,0.0,61.0,1,0.0,3.0,1,3,2,0,0,0,1,1,0,1,1,0,0,0,0,2,0,0,0,1,0,3,16,0
201600056372,16,11,23,1,2,7,1.0,6.0,1.0,34.0,0.0,0.0,1.0,1.0,1,2,4.0,0.0,0.0,1.0,0.0,0.0,1,6.0,0.0,1,1,2,0,0,1,0,1,0,1,0,1,0,1,0,0,1,1,0,0,0,2,14,0
201300033653,13,11,27,1,2,3,1.0,6.0,0.0,7.0,0.0,0.0,2.0,9.0,1,1,4.0,2.0,1.0,1.0,0.0,66.0,1,0.0,1.0,2,1,4,0,0,0,0,4,2,0,0,0,2,2,0,2,0,1,0,0,0,2,8,5
201600042420,16,6,20,1,2,1,2.0,6.0,0.0,7.0,0.0,0.0,1.0,15.0,1,1,3.0,3.0,6.0,1.0,0.0,67.0,1,5.0,1.0,1,1,1,1,0,1,0,1,2,0,0,0,0,1,1,0,0,1,0,0,0,2,16,40
201500039542,15,7,13,1,2,1,1.0,4.0,0.0,7.0,0.0,0.0,2.0,2.0,1,-1,4.0,2.0,3.0,1.0,0.0,0.0,1,0.0,1.0,4,1,16,4,0,0,4,16,0,20,0,0,0,16,4,0,0,1,1,0,0,2,17,40
201700002082,17,7,24,1,1,1,1.0,2.0,0.0,7.0,0.0,0.0,0.0,1.0,1,-1,3.0,2.0,2.0,1.0,0.0,0.0,1,0.0,1.0,2,1,4,0,0,0,0,4,0,2,0,0,2,2,0,2,0,1,1,0,0,2,17,30
201000038817,10,11,21,3,1,1,1.0,1.0,0.0,7.0,0.0,0.0,2.0,1.0,1,1,3.0,2.0,2.0,1.0,0.0,80.0,1,0.0,1.0,2,3,6,6,4,0,4,4,0,0,12,0,0,0,2,6,4,1,0,0,0,3,18,0
201600023181,16,10,19,5,2,1,1.0,3.0,1.0,10.0,0.0,0.0,2.0,15.0,1,1,4.0,2.0,2.0,1.0,0.0,0.0,1,0.0,1.0,2,1,4,0,0,0,0,4,4,0,0,0,0,2,0,2,0,1,0,1,0,2,20,40
201700003761,17,8,22,1,1,1,1.0,1.0,1.0,10.0,0.0,0.0,2.0,1.0,1,1,3.0,2.0,2.0,1.0,0.0,0.0,1,0.0,1.0,2,1,4,0,0,0,0,4,0,0,4,0,0,2,0,0,2,1,0,0,0,2,18,55
201200011422,12,5,30,1,2,1,1.0,6.0,0.0,7.0,0.0,0.0,1.0,1.0,1,1,4.0,1.0,4.0,1.0,0.0,0.0,1,0.0,1.0,1,1,1,1,0,1,0,1,0,0,2,0,0,0,0,1,1,1,0,0,0,3,12,5
200500081350,5,12,5,1,2,2,1.0,3.0,0.0,7.0,0.0,0.0,2.0,15.0,1,1,2.0,3.0,4.0,1.0,0.0,135.0,1,0.0,1.0,2,2,4,2,0,0,2,4,0,2,2,2,0,2,0,2,2,1,0,0,0,2,10,21
201100033607,11,1,19,1,2,3,1.0,6.0,0.0,7.0,0.0,0.0,1.0,0.0,1,1,4.0,2.0,2.0,1.0,0.0,100.0,1,0.0,1.0,1,1,1,1,0,1,0,1,0,0,0,0,2,2,0,0,0,1,0,0,0,2,8,7
201400034393,14,10,21,1,2,1,1.0,1.0,0.0,7.0,0.0,15.0,2.0,1.0,1,-1,4.0,2.0,2.0,1.0,0.0,57.0,1,0.0,1.0,2,2,2,2,0,0,0,4,0,0,2,0,2,4,0,0,0,1,0,0,0,2,17,10
200800068427,8,7,23,1,1,1,1.0,4.0,0.0,7.0,0.0,0.0,2.0,2.0,1,1,1.0,3.0,2.0,1.0,10.0,70.0,1,2.0,1.0,3,1,15,3,6,0,3,9,0,9,3,3,3,6,0,12,0,1,1,0,0,2,19,10
201500017748,15,1,11,5,2,1,1.0,1.0,0.0,7.0,0.0,0.0,2.0,1.0,1,1,3.0,2.0,2.0,0.0,0.0,0.0,1,0.0,1.0,2,3,6,2,0,0,4,4,0,6,2,0,0,8,0,0,0,1,0,0,0,4,18,15
201000046755,10,7,28,1,2,2,3.0,3.0,0.0,7.0,0.0,15.0,0.0,2.0,1,1,3.0,1.0,2.0,0.0,0.0,40.0,1,0.0,1.0,2,2,4,0,0,0,0,4,2,0,0,0,2,2,0,0,2,1,0,1,0,2,10,55
201500019308,15,4,6,2,2,1,1.0,7.0,0.0,2.0,0.0,0.0,0.0,0.0,1,2,4.0,2.0,2.0,1.0,0.0,0.0,1,0.0,1.0,1,3,0,1,0,0,0,1,0,0,1,0,0,1,0,0,0,0,0,0,0,3,19,0
201700006182,17,4,22,1,2,2,1.0,3.0,1.0,10.0,0.0,0.0,2.0,1.0,1,1,4.0,1.0,2.0,1.0,0.0,0.0,1,0.0,1.0,2,2,6,0,0,0,2,4,0,0,0,6,0,6,0,0,0,1,0,0,0,2,8,45
200500077320,5,11,15,1,2,1,1.0,2.0,0.0,2.0,0.0,0.0,1.0,1.0,1,2,4.0,2.0,4.0,1.0,0.0,0.0,1,0.0,1.0,2,2,2,2,0,0,0,4,0,2,0,2,0,2,0,2,0,1,1,0,0,2,10,15
200700037098,7,6,22,1,1,1,1.0,1.0,0.0,33.0,0.0,0.0,2.0,13.0,1,2,3.0,2.0,2.0,1.0,0.0,650.0,1,0.0,1.0,2,4,4,0,0,0,0,4,0,0,2,2,0,2,0,2,0,1,0,0,0,4,18,55
201400015725,14,10,14,5,2,1,1.0,6.0,0.0,2.0,0.0,1.0,0.0,1.0,1,2,4.0,2.0,0.0,1.0,0.0,0.0,1,0.0,1.0,2,2,2,0,0,0,0,2,0,0,2,0,0,0,0,2,0,0,1,0,0,2,22,20
201700034451,17,3,28,1,2,1,1.0,7.0,0.0,7.0,0.0,0.0,1.0,0.0,1,1,4.0,1.0,1.0,1.0,0.0,0.0,1,0.0,1.0,1,1,1,1,0,1,0,1,2,0,0,0,0,1,1,0,0,1,0,0,0,3,13,40
200700056509,7,9,21,1,1,1,1.0,3.0,0.0,33.0,0.0,0.0,2.0,1.0,1,2,3.0,2.0,2.0,1.0,0.0,78.0,1,0.0,1.0,2,3,4,0,0,0,0,4,0,0,0,2,2,4,0,0,0,1,0,0,0,3,12,45
200900019889,9,1,23,1,2,2,3.0,6.0,0.0,7.0,0.0,0.0,1.0,1.0,1,-1,4.0,2.0,2.0,1.0,0.0,79.0,1,0.0,1.0,1,1,0,2,0,1,0,1,0,2,0,0,0,1,1,0,0,1,0,0,0,2,10,25
201500053491,15,6,16,1,2,7,1.0,6.0,0.0,10.0,0.0,0.0,1.0,1.0,1,1,4.0,2.0,4.0,1.0,100.0,60.0,1,4.0,1.0,1,1,2,0,0,1,0,1,0,0,1,1,0,1,0,0,1,1,0,0,0,2,8,20
201600048652,16,10,2,1,2,1,1.0,3.0,2.0,33.0,0.0,0.0,2.0,17.0,1,2,4.0,2.0,2.0,1.0,0.0,0.0,1,0.0,1.0,2,2,4,0,0,0,0,4,0,2,2,0,0,4,0,0,0,1,0,0,0,2,11,40
201300048606,13,3,16,1,1,1,1.0,6.0,0.0,7.0,0.0,4.0,0.0,0.0,1,1,1.0,3.0,8.0,1.0,10.0,280.0,1,3.0,1.0,2,3,2,6,0,0,4,4,0,0,8,0,0,8,0,0,0,1,0,1,0,3,11,20
201600037154,16,5,18,1,2,3,3.0,3.0,0.0,10.0,0.0,0.0,2.0,0.0,1,1,3.0,2.0,4.0,1.0,0.0,120.0,1,0.0,1.0,2,1,4,0,0,0,0,4,0,0,4,0,0,2,0,0,2,1,0,0,0,2,17,50
200900003461,9,1,24,1,2,1,1.0,1.0,0.0,30.0,0.0,0.0,2.0,1.0,1,2,4.0,2.0,2.0,1.0,0.0,0.0,1,0.0,1.0,2,2,4,0,0,0,0,4,0,0,4,0,0,0,2,2,0,0,0,0,0,2,14,45
200900000613,9,2,2,5,2,2,2.0,6.0,0.0,30.0,0.0,0.0,1.0,1.0,1,-1,4.0,1.0,2.0,1.0,20.0,98.0,1,0.0,1.0,1,1,1,1,0,1,0,1,0,0,1,0,1,1,1,0,0,1,0,0,0,2,20,30
200600023495,6,5,22,1,1,1,1.0,7.0,0.0,33.0,0.0,0.0,0.0,0.0,1,2,2.0,2.0,2.0,0.0,0.0,71.0,1,0.0,0.0,1,3,1,0,0,0,0,1,0,0,1,0,0,1,0,0,0,0,0,0,0,3,10,45
201500005524,15,5,11,1,1,1,1.0,1.0,0.0,33.0,0.0,0.0,2.0,5.0,1,2,3.0,2.0,2.0,1.0,0.0,64.0,1,0.0,1.0,2,4,4,2,0,0,2,4,0,2,2,2,0,2,0,4,0,1,0,0,0,4,15,0
201700007220,17,10,2,1,1,1,2.0,5.0,2.0,10.0,0.0,0.0,2.0,11.0,1,1,1.0,1.0,4.0,1.0,10.0,70.0,1,0.0,1.0,4,1,20,0,0,0,4,16,0,0,4,0,16,12,0,4,4,1,1,0,0,3,11,0
201200029349,12,11,28,2,1,1,1.0,4.0,0.0,7.0,0.0,0.0,2.0,1.0,1,-1,3.0,3.0,2.0,1.0,11.0,68.0,1,7.0,1.0,5,1,20,5,0,0,0,25,0,25,0,0,0,10,0,5,10,1,1,0,0,2,8,15
200700016602,7,3,3,1,2,1,1.0,3.0,0.0,7.0,0.0,0.0,2.0,9.0,1,1,4.0,2.0,4.0,1.0,0.0,120.0,1,0.0,1.0,2,1,4,0,0,0,0,4,0,0,4,0,0,2,0,2,0,1,0,0,0,3,16,0
201100036536,11,5,10,1,2,1,1.0,6.0,0.0,32.0,0.0,0.0,2.0,0.0,1,2,4.0,1.0,1.0,1.0,0.0,60.0,1,0.0,1.0,1,1,1,1,0,1,0,1,0,0,2,0,0,0,1,1,0,1,0,0,0,2,19,40
200500082060,5,12,20,5,2,1,1.0,3.0,0.0,7.0,0.0,0.0,2.0,15.0,1,1,4.0,2.0,3.0,1.0,0.0,100.0,1,0.0,1.0,2,1,4,0,0,0,0,4,0,0,0,0,4,2,0,2,0,1,1,0,0,3,7,35
201000062703,10,3,12,1,2,3,1.0,3.0,0.0,7.0,0.0,0.0,2.0,10.0,1,-1,4.0,2.0,2.0,2.0,0.0,89.0,1,0.0,1.0,2,1,4,0,0,0,0,4,0,0,2,2,0,2,0,2,0,1,0,0,0,2,17,40
200600063754,6,10,29,1,2,2,8.0,6.0,0.0,18.0,0.0,0.0,1.0,1.0,1,-1,4.0,2.0,3.0,1.0,0.0,90.0,1,0.0,1.0,1,1,2,0,0,1,0,1,0,0,1,1,0,1,0,0,1,1,0,0,0,2,14,10
201600049228,16,5,30,1,2,6,1.0,3.0,0.0,7.0,0.0,0.0,9.0,9.0,1,1,3.0,1.0,0.0,1.0,0.0,85.0,1,0.0,1.0,2,3,2,2,0,0,0,4,0,0,2,2,0,2,0,0,2,1,0,0,0,3,13,25
201700022247,17,10,22,1,2,2,1.0,3.0,1.0,7.0,0.0,0.0,2.0,1.0,1,1,3.0,1.0,1.0,1.0,0.0,0.0,1,0.0,1.0,2,2,0,4,0,0,0,4,0,2,2,0,0,2,0,2,0,1,0,0,0,2,13,50
200800063435,8,11,23,1,1,6,1.0,3.0,0.0,7.0,0.0,0.0,2.0,9.0,1,1,3.0,2.0,2.0,1.0,0.0,90.0,1,5.0,1.0,2,1,2,2,0,0,0,4,0,0,4,0,0,2,0,2,0,1,0,0,0,2,12,15
201300056115,13,10,5,5,2,1,1.0,6.0,0.0,7.0,0.0,5.0,0.0,1.0,1,0,4.0,1.0,1.0,1.0,18.0,60.0,1,3.0,1.0,1,3,1,0,0,0,0,1,0,1,0,0,0,0,0,1,0,1,0,0,0,3,5,40
200600055099,6,9,13,1,2,1,1.0,6.0,0.0,7.0,0.0,0.0,2.0,1.0,1,-1,4.0,2.0,4.0,1.0,0.0,122.0,1,0.0,1.0,2,1,2,2,0,0,0,4,0,2,0,0,2,4,0,0,0,1,0,1,0,3,14,45
200700070519,7,11,13,1,2,1,1.0,3.0,0.0,99.0,0.0,0.0,2.0,15.0,1,1,3.0,2.0,2.0,1.0,0.0,82.0,-1,0.0,1.0,2,1,6,2,0,0,4,4,0,4,2,2,0,6,0,2,0,1,0,0,0,2,10,45
201100043460,11,9,15,1,2,1,1.0,6.0,0.0,7.0,0.0,0.0,1.0,0.0,1,-1,4.0,1.0,1.0,1.0,0.0,60.0,1,0.0,1.0,1,1,1,1,0,1,0,1,0,2,0,0,0,1,0,0,1,0,0,0,0,3,11,15
200800040404,8,7,23,1,2,1,1.0,3.0,0.0,33.0,0.0,0.0,2.0,2.0,1,2,3.0,2.0,2.0,1.0,0.0,60.0,1,0.0,1.0,2,3,4,0,0,0,0,4,0,2,0,0,2,4,0,0,0,1,0,0,0,3,19,47
200800055773,8,10,8,1,1,1,3.0,5.0,0.0,7.0,0.0,0.0,2.0,13.0,1,1,3.0,2.0,2.0,2.0,0.0,60.0,1,0.0,1.0,3,2,3,6,0,0,0,9,3,0,6,0,0,9,0,0,0,1,0,0,0,2,17,30
201300016428,13,4,15,1,2,3,1.0,3.0,0.0,7.0,0.0,0.0,2.0,9.0,1,1,3.0,0.0,2.0,1.0,0.0,0.0,1,0.0,1.0,2,2,4,0,0,0,0,4,2,0,0,0,2,2,0,2,0,1,0,0,0,2,11,0
201600029394,16,10,12,2,2,1,1.0,3.0,2.0,31.0,0.0,0.0,2.0,17.0,1,2,3.0,2.0,2.0,0.0,0.0,61.0,1,0.0,1.0,2,3,4,0,0,0,0,4,0,0,2,2,0,2,0,2,0,0,0,1,0,3,7,15
200800024285,8,5,2,5,2,2,1.0,3.0,1.0,7.0,0.0,0.0,2.0,0.0,1,-1,4.0,3.0,2.0,1.0,0.0,0.0,1,5.0,1.0,2,2,2,0,0,0,0,2,0,0,2,0,0,2,0,0,0,0,0,0,0,2,1,5
201400030534,14,8,26,1,2,1,1.0,7.0,0.0,37.0,1.0,0.0,1.0,1.0,1,-1,9.0,2.0,2.0,1.0,0.0,74.0,1,0.0,1.0,1,1,2,0,0,1,0,1,0,0,1,1,0,1,0,0,1,0,1,0,0,3,18,20
201200054330,12,12,3,2,2,5,2.0,3.0,0.0,10.0,0.0,0.0,2.0,16.0,1,1,4.0,2.0,3.0,1.0,0.0,0.0,1,0.0,1.0,2,1,4,0,0,0,0,4,0,0,0,0,4,4,0,0,0,0,0,1,0,2,7,50
200500003753,5,1,5,5,2,1,2.0,6.0,0.0,7.0,0.0,0.0,1.0,2.0,3,-1,4.0,2.0,3.0,1.0,0.0,98.0,1,0.0,1.0,1,3,0,1,0,1,0,0,0,1,0,0,0,0,0,1,0,1,0,0,0,3,22,30
201700034708,17,4,24,1,2,3,1.0,2.0,1.0,7.0,0.0,0.0,2.0,1.0,1,1,4.0,2.0,2.0,1.0,0.0,53.0,1,0.0,0.0,2,1,0,4,0,0,0,4,0,2,2,0,0,4,0,0,0,1,1,0,0,2,17,30
200600020487,6,4,8,5,2,2,1.0,3.0,0.0,2.0,0.0,0.0,2.0,1.0,1,2,4.0,2.0,2.0,2.0,0.0,0.0,1,5.0,1.0,2,2,2,2,0,0,0,4,0,0,4,0,0,2,2,0,0,1,1,0,0,2,23,55
201200001338,12,9,10,1,2,1,1.0,6.0,0.0,7.0,0.0,0.0,1.0,1.0,1,1,4.0,2.0,2.0,1.0,15.0,75.0,1,0.0,1.0,1,1,0,2,0,1,0,1,0,0,2,0,0,1,0,0,1,1,0,0,0,3,11,0
200900051114,9,4,2,1,2,1,1.0,6.0,0.0,7.0,0.0,0.0,1.0,1.0,1,1,4.0,2.0,2.0,1.0,100.0,50.0,1,0.0,1.0,1,1,1,1,0,1,0,1,0,0,2,0,0,0,1,1,0,1,0,0,0,2,12,10
201700038564,17,3,25,1,2,1,1.0,3.0,2.0,7.0,0.0,0.0,2.0,15.0,1,1,3.0,2.0,2.0,1.0,0.0,0.0,1,0.0,1.0,2,1,6,0,0,0,2,4,0,0,6,0,0,2,0,4,0,1,0,1,0,3,16,25
201000016256,10,1,15,5,2,2,1.0,3.0,0.0,7.0,0.0,0.0,0.0,1.0,1,1,4.0,2.0,2.0,1.0,0.0,0.0,1,0.0,1.0,2,1,4,0,0,0,0,4,0,0,0,2,2,0,2,2,0,1,0,1,0,2,20,57