Num_Acc,an,mois,jour,lum,agg,int,atm,col,senc,catv,occutc,obs,obsm,manv,catu,secu,catr,circ,nbv,prof,lartpc,larrout,surf,infra,situ,nb_veh,grav_simpl,Homme,Femme,Arrière,Autre_x,Avant,Conducteur,Autre_y,Inconnu,Loisirs,Professionnel,Travail,Adulte,Enfant,Jeune,Senior,choc_avant,choc_arriere,choc_lateral,choc_multiple,grav_order_max,heure,minute
201000033537,10,9,19,1,2,1,1.0,6.0,0.0,7.0,0.0,0.0,0.0,4.0,3,-1,4.0,1.0,0.0,1.0,0.0,0.0,1,0.0,1.0,1,2,0,1,0,1,0,0,0,1,0,0,0,1,0,0,0,0,0,0,0,2,16,20
201500026656,15,1,6,1,2,1,1.0,6.0,1.0,7.0,0.0,0.0,1.0,0.0,3,-1,4.0,0.0,1.0,0.0,0.0,0.0,-1,0.0,1.0,1,2,0,1,0,1,0,0,0,1,0,0,0,0,0,1,0,0,0,0,0,2,17,35
201400003498,14,8,23,3,1,1,1.0,1.0,0.0,7.0,0.0,0.0,0.0,1.0,1,1,3.0,2.0,2.0,0.0,0.0,75.0,1,0.0,1.0,2,1,8,0,2,0,2,4,0,4,4,0,0,4,0,4,0,1,0,0,0,3,23,45
201300038464,13,3,30,1,2,1,1.0,3.0,0.0,7.0,0.0,0.0,2.0,9.0,1,1,4.0,2.0,2.0,1.0,0.0,59.0,1,0.0,1.0,2,1,4,0,0,0,0,4,2,0,0,2,0,2,0,2,0,1,0,1,0,2,12,30
200600071509,6,11,9,2,2,1,5.0,3.0,0.0,7.0,0.0,0.0,2.0,19.0,1,1,4.0,2.0,2.0,1.0,0.0,0.0,1,0.0,1.0,2,2,4,0,0,0,0,4,0,0,0,0,4,0,2,2,0,1,0,0,0,3,7,45
200900048624,9,9,4,1,2,3,2.0,3.0,0.0,2.0,0.0,0.0,2.0,1.0,1,2,4.0,3.0,3.0,1.0,0.0,0.0,1,0.0,1.0,2,2,4,0,0,0,0,4,2,2,0,0,0,0,2,2,0,1,0,0,0,2,7,20
200500069727,5,10,25,1,2,1,1.0,6.0,0.0,7.0,0.0,0.0,2.0,2.0,1,-1,3.0,2.0,2.0,1.0,0.0,70.0,1,0.0,1.0,3,1,3,6,0,0,0,9,6,3,0,0,0,6,0,3,0,1,1,0,0,2,17,30
200600011789,6,3,19,1,2,1,1.0,3.0,0.0,7.0,0.0,0.0,9.0,15.0,1,1,3.0,2.0,2.0,1.0,0.0,60.0,1,0.0,1.0,2,1,4,0,0,0,0,4,0,0,2,0,2,0,0,2,2,1,0,1,0,2,15,34
200800027644,8,5,22,1,1,1,1.0,6.0,0.0,7.0,0.0,6.0,0.0,1.0,1,1,3.0,2.0,2.0,0.0,63.0,0.0,1,0.0,0.0,1,3,1,0,0,0,0,1,0,0,0,0,1,1,0,0,0,1,0,0,0,3,20,45
201000013562,10,2,15,1,1,1,1.0,6.0,0.0,30.0,0.0,5.0,0.0,1.0,1,2,3.0,2.0,0.0,0.0,0.0,67.0,1,0.0,1.0,1,3,1,0,0,0,0,1,0,0,1,0,0,1,0,0,0,1,0,0,0,3,11,30
201500007363,15,4,5,1,1,1,1.0,6.0,0.0,33.0,0.0,13.0,0.0,1.0,1,2,3.0,2.0,1.0,1.0,0.0,0.0,1,0.0,1.0,1,3,1,0,0,0,0,1,0,0,1,0,0,0,0,1,0,0,0,0,0,3,13,0
201100041185,11,9,17,5,2,3,2.0,5.0,0.0,7.0,0.0,0.0,2.0,23.0,1,1,3.0,3.0,2.0,1.0,40.0,65.0,1,0.0,1.0,3,1,9,3,0,0,3,9,3,0,9,0,0,6,0,6,0,1,0,0,0,2,23,50
200900041761,9,9,4,1,2,4,1.0,3.0,0.0,2.0,0.0,0.0,2.0,1.0,1,2,4.0,2.0,2.0,3.0,0.0,59.0,1,0.0,1.0,2,3,2,2,0,0,0,4,2,0,0,0,2,0,2,2,0,1,0,0,0,3,13,55
200600054188,6,9,29,5,2,1,1.0,6.0,0.0,5.0,0.0,8.0,0.0,1.0,1,2,4.0,2.0,2.0,1.0,0.0,90.0,1,0.0,1.0,1,3,0,1,0,0,0,1,0,0,1,0,0,0,0,1,0,0,0,0,1,3,23,50
201700048642,17,7,11,1,1,1,1.0,4.0,1.0,7.0,0.0,0.0,2.0,0.0,1,1,1.0,1.0,2.0,1.0,20.0,35.0,1,2.0,1.0,4,2,12,12,4,0,4,16,0,24,0,0,0,8,8,8,0,1,1,0,0,2,12,15
201700030485,17,6,24,1,2,1,1.0,6.0,1.0,7.0,0.0,0.0,1.0,9.0,1,1,4.0,2.0,2.0,1.0,0.0,0.0,1,0.0,1.0,1,1,1,3,0,2,1,1,0,0,4,0,0,1,0,2,1,1,0,0,0,2,10,30
200800010468,8,2,17,1,2,1,1.0,3.0,0.0,33.0,0.0,1.0,2.0,17.0,1,2,4.0,2.0,2.0,1.0,0.0,125.0,1,0.0,1.0,2,2,2,2,0,0,0,4,0,2,0,2,0,2,0,2,0,1,0,0,0,2,13,18
201200034226,12,11,2,1,2,3,1.0,3.0,0.0,7.0,0.0,0.0,2.0,9.0,1,1,4.0,1.0,1.0,1.0,0.0,50.0,1,5.0,1.0,2,2,0,4,0,0,0,4,0,4,0,0,0,2,0,2,0,1,0,0,0,2,11,0
201500002924,15,7,28,1,2,1,1.0,7.0,0.0,1.0,0.0,0.0,0.0,14.0,1,2,3.0,2.0,2.0,0.0,0.0,80.0,-1,0.0,0.0,1,3,1,0,0,0,0,1,0,0,1,0,0,0,0,0,1,0,0,0,0,3,8,0
201200013055,12,7,29,2,2,1,1.0,3.0,0.0,31.0,0.0,0.0,0.0,1.0,1,2,3.0,2.0,0.0,1.0,0.0,0.0,1,0.0,1.0,2,3,4,0,0,0,0,4,0,0,2,0,2,0,2,2,0,1,0,1,0,3,20,30
200500031814,5,5,18,5,1,1,1.0,6.0,0.0,7.0,0.0,3.0,0.0,1.0,1,1,2.0,3.0,4.0,1.0,15.0,155.0,1,0.0,1.0,1,2,1,0,0,0,0,1,0,1,0,0,0,0,0,1,0,0,0,0,1,2,21,20
201500002809,15,10,3,1,2,1,1.0,1.0,0.0,31.0,0.0,0.0,2.0,18.0,1,2,9.0,2.0,2.0,1.0,0.0,53.0,1,0.0,1.0,2,3,4,0,0,0,0,4,0,0,4,0,0,0,2,2,0,1,0,0,0,3,15,30
201200048299,12,7,18,1,2,1,1.0,6.0,1.0,7.0,0.0,0.0,1.0,1.0,3,-1,4.0,2.0,2.0,1.0,0.0,25.0,1,0.0,1.0,1,2,1,0,0,1,0,0,0,0,1,0,0,1,0,0,0,1,0,0,0,2,15,15
201500004469,15,5,12,1,2,1,1.0,6.0,0.0,30.0,0.0,15.0,0.0,1.0,1,2,4.0,3.0,2.0,1.0,30.0,160.0,1,0.0,1.0,1,2,1,1,0,0,1,1,0,0,0,0,2,2,0,0,0,1,0,0,0,3,8,0
200800020762,8,4,12,1,2,3,1.0,3.0,0.0,2.0,0.0,0.0,2.0,16.0,1,2,4.0,1.0,1.0,1.0,0.0,81.0,1,0.0,0.0,2,3,4,0,0,0,0,4,0,2,2,0,0,2,0,2,0,1,0,0,0,3,15,0
201300016370,13,12,9,1,2,1,1.0,6.0,0.0,7.0,0.0,0.0,1.0,1.0,1,1,3.0,2.0,2.0,1.0,0.0,0.0,1,0.0,1.0,1,1,0,2,0,1,0,1,1,0,1,0,0,1,1,0,0,1,0,0,0,2,17,30
200700067148,7,10,9,1,2,1,1.0,6.0,0.0,32.0,0.0,1.0,2.0,12.0,1,2,4.0,2.0,2.0,1.0,0.0,0.0,1,0.0,1.0,2,2,4,0,0,0,0,4,0,0,4,0,0,2,0,2,0,0,0,1,0,2,18,10
201600005414,16,7,1,1,1,1,1.0,3.0,1.0,7.0,0.0,0.0,9.0,1.0,1,1,3.0,2.0,2.0,2.0,0.0,70.0,1,0.0,1.0,2,1,4,0,0,0,0,4,0,0,4,0,0,0,0,2,2,1,1,0,0,3,14,15
200900023418,9,7,15,1,2,1,1.0,7.0,0.0,1.0,0.0,16.0,0.0,2.0,1,4,3.0,0.0,2.0,1.0,0.0,60.0,1,0.0,1.0,1,2,0,1,0,0,0,1,0,0,1,0,0,0,1,0,0,1,0,0,0,2,17,23
200500046864,5,7,21,1,2,1,1.0,6.0,0.0,5.0,0.0,1.0,1.0,2.0,1,2,3.0,2.0,0.0,1.0,0.0,0.0,1,0.0,1.0,1,1,2,0,0,1,0,1,1,1,0,0,0,1,0,1,0,1,0,0,0,2,12,35
201500023882,15,10,16,1,2,1,1.0,2.0,0.0,1.0,0.0,0.0,0.0,0.0,1,-1,4.0,2.0,2.0,1.0,0.0,0.0,1,0.0,1.0,2,2,2,2,0,0,0,4,0,2,2,0,0,2,0,0,2,1,0,0,0,2,10,50
200900029564,9,6,25,3,1,1,1.0,5.0,0.0,14.0,0.0,0.0,2.0,15.0,1,1,3.0,2.0,2.0,1.0,0.0,90.0,1,0.0,1.0,3,1,9,0,0,0,0,9,0,0,6,3,0,9,0,0,0,1,0,0,0,2,23,40
200700074898,7,12,4,1,1,6,1.0,3.0,0.0,30.0,0.0,0.0,2.0,1.0,1,2,3.0,0.0,0.0,1.0,0.0,85.0,1,0.0,1.0,2,3,4,0,0,0,0,4,2,0,0,0,2,2,2,0,0,1,0,1,0,3,8,45
201100031439,11,1,20,1,2,1,1.0,6.0,0.0,32.0,0.0,0.0,1.0,1.0,1,2,4.0,2.0,2.0,3.0,0.0,0.0,1,0.0,0.0,1,3,1,1,0,1,0,1,0,1,1,0,0,1,0,0,1,1,0,0,0,3,13,45
200800033497,8,6,6,1,2,3,1.0,6.0,0.0,7.0,0.0,0.0,1.0,15.0,3,-1,4.0,2.0,2.0,1.0,0.0,80.0,1,0.0,1.0,1,2,0,2,0,1,0,1,0,0,1,0,1,1,0,0,1,1,0,0,0,2,17,35
200600059708,6,10,5,3,1,1,1.0,6.0,0.0,7.0,0.0,13.0,0.0,1.0,2,1,3.0,2.0,2.0,2.0,0.0,65.0,1,0.0,3.0,1,3,2,0,0,0,1,1,0,1,1,0,0,0,1,0,1,1,0,0,0,3,22,45
200900031702,9,6,19,1,1,1,1.0,3.0,0.0,7.0,0.0,0.0,2.0,1.0,2,1,3.0,2.0,2.0,1.0,0.0,75.0,1,5.0,1.0,2,3,12,4,8,0,4,4,0,12,4,0,0,6,10,0,0,1,0,1,0,3,18,30
201400027110,14,5,8,1,1,1,1.0,1.0,0.0,7.0,0.0,0.0,0.0,0.0,1,1,3.0,2.0,2.0,2.0,0.0,80.0,1,0.0,1.0,2,2,8,4,4,0,4,4,0,0,12,0,0,6,0,6,0,1,0,0,0,3,16,30
201200019578,12,4,5,1,1,3,1.0,3.0,0.0,14.0,0.0,0.0,2.0,1.0,1,1,3.0,2.0,0.0,0.0,0.0,76.0,1,0.0,1.0,2,1,6,2,0,0,4,4,0,4,0,2,2,8,0,0,0,1,0,0,0,2,7,15
201500050337,15,10,11,1,1,1,1.0,7.0,0.0,33.0,0.0,0.0,0.0,15.0,1,2,1.0,1.0,2.0,1.0,0.0,35.0,1,0.0,1.0,1,2,1,1,0,0,1,1,0,0,2,0,0,0,0,2,0,0,0,1,0,2,14,30
201200033225,12,10,20,2,2,1,1.0,6.0,0.0,7.0,0.0,8.0,2.0,0.0,1,9,4.0,2.0,2.0,1.0,0.0,0.0,1,0.0,1.0,2,2,4,2,0,0,2,4,0,2,4,0,0,0,0,6,0,0,0,0,0,2,6,45
200600000167,6,1,9,1,2,1,1.0,6.0,0.0,7.0,0.0,0.0,9.0,9.0,1,1,4.0,1.0,2.0,1.0,0.0,28.0,1,0.0,1.0,2,1,2,2,0,0,0,4,2,0,0,2,0,2,0,2,0,1,0,0,0,2,16,36
201400010912,14,2,23,5,2,1,1.0,3.0,0.0,7.0,0.0,0.0,2.0,15.0,1,1,4.0,2.0,2.0,0.0,0.0,0.0,-1,0.0,1.0,2,1,4,0,0,0,0,4,0,0,4,0,0,2,0,2,0,1,0,0,0,2,19,30
200600066942,6,11,7,5,2,2,1.0,3.0,0.0,7.0,0.0,0.0,2.0,15.0,1,-1,4.0,2.0,4.0,1.0,9.0,57.0,1,0.0,1.0,2,1,4,2,0,0,2,4,0,6,0,0,0,4,0,2,0,1,0,1,0,2,6,45
201600043721,16,8,2,1,2,1,2.0,3.0,0.0,7.0,0.0,0.0,2.0,0.0,1,1,2.0,2.0,2.0,1.0,0.0,0.0,1,0.0,1.0,2,1,2,2,0,0,0,4,2,0,2,0,0,0,0,4,0,1,0,0,0,2,8,20
200900057564,9,5,22,1,2,1,1.0,6.0,0.0,30.0,0.0,9.0,0.0,14.0,1,2,4.0,2.0,0.0,3.0,0.0,0.0,1,0.0,3.0,1,2,1,0,0,0,0,1,0,0,1,0,0,0,1,0,0,1,0,0,0,2,16,0
201100012563,11,7,21,1,1,1,1.0,3.0,0.0,10.0,0.0,0.0,2.0,1.0,1,1,3.0,2.0,2.0,1.0,0.0,62.0,1,0.0,1.0,2,1,2,4,0,0,2,4,0,2,0,2,2,4,0,2,0,1,0,1,0,4,14,0
201000054048,10,3,17,1,2,3,1.0,3.0,0.0,7.0,0.0,0.0,2.0,1.0,1,1,4.0,2.0,2.0,1.0,0.0,0.0,1,0.0,1.0,2,1,4,2,0,0,2,4,0,0,2,2,2,2,0,4,0,1,1,0,0,2,13,15
201200013156,12,7,14,1,1,1,1.0,1.0,0.0,7.0,0.0,0.0,2.0,0.0,1,1,3.0,2.0,1.0,2.0,0.0,70.0,1,0.0,1.0,2,2,8,6,6,0,4,4,0,10,4,0,0,4,2,2,6,1,0,0,0,3,16,45
201300047879,13,11,28,1,1,1,1.0,3.0,0.0,7.0,0.0,0.0,2.0,12.0,1,1,1.0,3.0,4.0,1.0,15.0,140.0,1,0.0,1.0,2,1,2,2,0,0,0,4,0,4,0,0,0,4,0,0,0,1,1,0,0,2,9,5
201600022616,16,4,9,1,2,1,1.0,1.0,0.0,30.0,0.0,0.0,2.0,13.0,1,2,4.0,2.0,1.0,1.0,0.0,32.0,1,0.0,1.0,2,3,4,0,0,0,0,4,0,0,4,0,0,0,0,4,0,1,0,0,0,3,14,15
201000037475,10,11,6,5,2,1,3.0,6.0,1.0,7.0,0.0,0.0,2.0,2.0,1,2,4.0,1.0,1.0,1.0,0.0,0.0,1,0.0,1.0,2,2,2,0,0,0,0,2,0,0,2,0,0,0,0,2,0,1,1,0,0,2,4,50
201300008249,13,8,3,1,1,1,1.0,1.0,0.0,7.0,0.0,0.0,2.0,6.0,1,1,3.0,2.0,1.0,1.0,0.0,60.0,1,0.0,1.0,2,1,2,4,0,0,2,4,2,2,2,0,0,6,0,0,0,1,0,1,0,3,11,15
200900058806,9,12,19,1,2,1,1.0,7.0,0.0,7.0,0.0,0.0,0.0,0.0,3,-1,4.0,0.0,1.0,0.0,0.0,75.0,-1,0.0,0.0,1,2,1,1,0,1,0,1,0,2,0,0,0,0,0,0,2,0,0,0,0,2,9,30
200900040617,9,12,1,1,2,1,1.0,7.0,0.0,32.0,0.0,0.0,0.0,1.0,1,2,4.0,1.0,2.0,2.0,0.0,0.0,1,0.0,1.0,1,2,1,0,0,0,0,1,0,0,0,0,1,1,0,0,0,0,0,1,0,2,9,15
200700040059,7,7,26,1,1,1,1.0,7.0,0.0,31.0,0.0,0.0,0.0,1.0,1,2,3.0,2.0,2.0,2.0,0.0,72.0,-1,0.0,1.0,1,3,0,1,0,0,0,1,0,0,1,0,0,0,1,0,0,0,0,1,0,3,16,15
200600020105,6,4,16,5,2,1,1.0,3.0,0.0,2.0,0.0,0.0,2.0,15.0,1,2,6.0,1.0,1.0,1.0,0.0,30.0,1,0.0,1.0,2,2,4,0,0,0,0,4,0,2,2,0,0,0,0,4,0,1,0,1,0,2,21,30
200900007339,9,1,25,1,2,2,1.0,3.0,0.0,7.0,0.0,0.0,2.0,1.0,2,1,4.0,2.0,3.0,1.0,0.0,105.0,1,0.0,1.0,2,1,4,4,4,0,0,4,0,0,8,0,0,2,6,0,0,1,0,1,0,2,14,0
200800051474,8,9,16,1,2,3,1.0,5.0,0.0,33.0,0.0,0.0,2.0,1.0,1,2,4.0,2.0,3.0,1.0,0.0,95.0,1,0.0,1.0,3,3,3,6,0,0,0,9,0,0,6,3,0,6,0,3,0,1,0,1,0,3,15,50
200600045131,6,8,27,1,1,1,1.0,6.0,0.0,7.0,0.0,13.0,0.0,1.0,1,1,4.0,2.0,2.0,2.0,0.0,55.0,-1,0.0,1.0,1,3,0,1,0,0,0,1,0,0,1,0,0,0,0,0,1,1,0,0,0,3,9,45
201200044096,12,12,11,5,2,9,1.0,7.0,0.0,30.0,0.0,6.0,0.0,0.0,1,-1,9.0,0.0,0.0,0.0,0.0,0.0,1,6.0,4.0,1,2,1,0,0,0,0,1,0,1,0,0,0,0,0,1,0,1,0,0,0,2,17,40
201700022912,17,11,28,5,2,3,1.0,3.0,0.0,7.0,0.0,0.0,2.0,9.0,1,1,4.0,2.0,0.0,4.0,0.0,0.0,1,0.0,1.0,2,1,2,4,2,0,0,4,0,6,0,0,0,0,2,2,2,1,0,1,0,2,19,55
201300055474,13,11,21,5,2,3,1.0,2.0,0.0,7.0,0.0,0.0,2.0,1.0,1,1,4.0,1.0,2.0,1.0,0.0,0.0,1,0.0,1.0,2,1,4,0,0,0,0,4,0,4,0,0,0,4,0,0,0,1,1,0,0,2,19,10
200800002400,8,1,4,2,2,1,9.0,6.0,0.0,7.0,0.0,0.0,1.0,4.0,1,-1,9.0,0.0,1.0,1.0,0.0,50.0,1,0.0,1.0,1,1,1,1,0,1,0,1,0,1,1,0,0,1,0,0,1,0,1,0,0,3,16,20
200800018722,8,4,1,1,2,1,1.0,2.0,0.0,7.0,0.0,0.0,2.0,2.0,1,1,4.0,2.0,2.0,1.0,0.0,0.0,1,0.0,1.0,2,1,0,4,0,0,0,4,0,0,0,2,2,0,0,2,2,1,1,0,0,2,19,10
201000023587,10,10,29,3,1,1,1.0,7.0,0.0,7.0,0.0,0.0,0.0,1.0,1,-1,3.0,2.0,2.0,1.0,0.0,47.0,1,0.0,3.0,1,3,1,0,0,0,0,1,0,0,1,0,0,0,0,1,0,1,0,0,0,3,3,30
201100018623,11,4,6,1,1,6,1.0,1.0,0.0,7.0,0.0,0.0,2.0,1.0,1,1,3.0,1.0,1.0,1.0,0.0,61.0,1,0.0,1.0,2,2,0,4,0,0,0,4,0,4,0,0,0,4,0,0,0,1,0,0,0,2,18,40
201600045255,16,1,2,1,1,1,1.0,2.0,2.0,7.0,0.0,4.0,0.0,14.0,1,1,1.0,1.0,2.0,1.0,0.0,-1.0,1,0.0,1.0,2,1,0,4,0,0,0,4,0,0,4,0,0,2,0,2,0,1,0,0,1,2,11,0
200800006583,8,2,1,1,1,1,1.0,6.0,0.0,7.0,0.0,13.0,0.0,14.0,1,1,3.0,2.0,2.0,1.0,0.0,51.0,1,0.0,1.0,1,1,1,2,1,0,1,1,0,2,1,0,0,2,1,0,0,1,0,0,0,3,11,30
201600016585,16,3,23,3,1,1,1.0,2.0,2.0,7.0,0.0,0.0,2.0,1.0,1,1,1.0,3.0,4.0,1.0,30.0,140.0,1,0.0,1.0,2,2,4,0,0,0,0,4,0,0,2,2,0,2,0,2,0,1,1,0,0,2,23,45
201300047906,13,12,16,1,1,1,1.0,4.0,0.0,7.0,0.0,0.0,2.0,2.0,1,1,1.0,1.0,2.0,1.0,15.0,70.0,1,0.0,1.0,4,2,12,4,0,0,0,16,0,16,0,0,0,4,0,12,0,1,1,0,0,2,16,36
200700073095,7,11,19,1,2,1,1.0,3.0,0.0,7.0,0.0,0.0,2.0,19.0,1,1,3.0,2.0,2.0,1.0,0.0,68.0,1,5.0,1.0,2,2,2,2,0,0,0,4,0,0,0,2,2,4,0,0,0,1,0,0,0,2,13,30
200500077021,5,11,23,1,1,1,1.0,2.0,0.0,7.0,0.0,0.0,2.0,2.0,1,1,1.0,0.0,2.0,1.0,15.0,70.0,1,0.0,1.0,2,2,2,2,0,0,0,4,0,0,0,4,0,2,0,2,0,1,1,0,0,2,15,10
201400051434,14,9,7,1,1,1,1.0,7.0,0.0,33.0,0.0,0.0,0.0,1.0,1,2,1.0,1.0,3.0,1.0,150.0,105.0,1,0.0,1.0,1,3,1,0,0,0,0,1,0,0,1,0,0,0,0,1,0,0,0,1,0,3,20,0
201100021596,11,11,5,3,1,6,8.0,3.0,0.0,7.0,0.0,0.0,2.0,9.0,1,1,2.0,4.0,2.0,1.0,0.0,0.0,1,5.0,0.0,2,1,2,2,0,0,0,4,0,2,2,0,0,4,0,0,0,1,0,1,0,3,6,25
201500048622,15,6,7,1,2,1,1.0,3.0,0.0,7.0,0.0,0.0,0.0,1.0,1,1,4.0,3.0,4.0,1.0,0.0,0.0,1,0.0,1.0,2,1,4,4,4,0,0,4,0,0,8,0,0,2,4,2,0,1,0,1,0,2,15,15
201600037486,16,6,30,1,2,1,1.0,6.0,0.0,33.0,0.0,6.0,0.0,0.0,1,2,3.0,2.0,0.0,1.0,0.0,0.0,1,0.0,1.0,1,2,1,0,0,0,0,1,0,0,0,0,1,1,0,0,0,1,0,0,0,2,17,30
200900022313,9,7,20,1,1,1,1.0,2.0,0.0,30.0,0.0,0.0,2.0,1.0,1,2,3.0,2.0,2.0,1.0,10.0,134.0,1,0.0,1.0,2,3,4,2,0,0,2,4,0,2,4,0,0,2,4,0,0,1,1,0,0,3,18,15
201100053896,11,7,23,1,1,1,2.0,7.0,0.0,7.0,0.0,4.0,0.0,1.0,1,1,1.0,1.0,0.0,1.0,0.0,0.0,1,2.0,1.0,1,3,1,0,0,0,0,1,0,0,0,0,1,1,0,0,0,1,0,0,0,3,20,45
201700022857,17,3,29,1,1,6,1.0,3.0,0.0,1.0,0.0,0.0,2.0,1.0,1,2,4.0,1.0,1.0,1.0,0.0,0.0,1,0.0,1.0,2,2,4,0,0,0,0,4,0,4,0,0,0,2,0,2,0,1,0,1,0,2,17,0
200600063144,6,10,5,1,2,3,1.0,6.0,0.0,10.0,0.0,0.0,1.0,1.0,1,1,4.0,1.0,2.0,1.0,0.0,60.0,1,0.0,1.0,1,1,1,1,0,1,0,1,1,0,0,1,0,1,1,0,0,1,0,0,0,2,13,0
201000001948,10,8,2,1,1,1,1.0,7.0,0.0,33.0,0.0,13.0,0.0,14.0,1,2,3.0,2.0,2.0,1.0,0.0,46.0,1,0.0,3.0,1,4,1,0,0,0,0,1,0,0,1,0,0,0,0,1,0,1,0,0,0,4,16,30
201100034669,11,4,3,1,1,1,2.0,6.0,0.0,7.0,0.0,0.0,1.0,20.0,1,1,3.0,0.0,2.0,1.0,0.0,70.0,1,0.0,4.0,1,1,2,0,0,1,0,1,0,0,2,0,0,1,0,0,1,0,1,0,0,2,12,15
201600003703,16,6,28,1,1,1,1.0,6.0,1.0,7.0,0.0,2.0,0.0,14.0,1,1,3.0,2.0,2.0,0.0,0.0,60.0,1,0.0,1.0,1,4,0,1,0,0,0,1,1,0,0,0,0,0,0,0,1,1,0,0,0,4,19,0
200500052741,5,8,29,1,2,2,7.0,6.0,0.0,7.0,0.0,0.0,1.0,16.0,1,1,4.0,1.0,2.0,1.0,0.0,60.0,1,0.0,1.0,1,1,1,1,0,1,0,1,0,0,0,2,0,1,0,1,0,1,0,0,0,2,19,35
201200046456,12,7,31,1,2,1,1.0,6.0,0.0,7.0,0.0,0.0,1.0,2.0,1,1,3.0,2.0,2.0,2.0,0.0,0.0,1,0.0,1.0,1,1,1,1,0,1,0,1,0,0,1,1,0,2,0,0,0,1,0,0,0,3,15,55
200900016735,9,5,24,5,2,1,1.0,7.0,0.0,7.0,0.0,12.0,0.0,1.0,2,0,3.0,2.0,2.0,1.0,0.0,65.0,1,0.0,3.0,1,2,3,0,1,0,1,1,0,2,1,0,0,0,0,3,0,1,0,0,0,4,4,15
201000057165,10,4,1,1,1,1,1.0,7.0,0.0,33.0,0.0,3.0,0.0,14.0,1,2,2.0,1.0,3.0,1.0,15.0,105.0,1,2.0,2.0,1,2,1,0,0,0,0,1,0,1,0,0,0,0,0,1,0,1,0,0,0,2,19,20
201700027065,17,1,26,5,2,1,1.0,6.0,2.0,7.0,0.0,0.0,1.0,1.0,1,1,4.0,2.0,2.0,1.0,0.0,60.0,1,0.0,1.0,1,1,2,0,0,1,0,1,0,0,2,0,0,0,1,1,0,1,0,0,0,2,19,40
200800015530,8,2,17,1,2,1,1.0,7.0,0.0,7.0,0.0,4.0,0.0,13.0,1,1,4.0,2.0,2.0,2.0,0.0,50.0,1,0.0,1.0,1,1,1,1,0,0,1,1,0,1,1,0,0,0,0,0,2,0,1,0,0,3,11,55
201400032756,14,4,19,1,2,1,1.0,3.0,0.0,32.0,0.0,0.0,2.0,18.0,1,2,4.0,2.0,2.0,1.0,0.0,80.0,1,0.0,1.0,2,2,4,2,0,0,2,4,0,0,6,0,0,6,0,0,0,1,0,1,0,2,16,35
200800035154,8,6,2,1,2,2,2.0,2.0,0.0,7.0,0.0,0.0,0.0,2.0,1,1,4.0,1.0,2.0,1.0,0.0,60.0,1,0.0,1.0,2,1,2,4,0,0,2,4,2,4,0,0,0,0,0,6,0,0,0,0,0,2,15,30
200700021601,7,4,7,1,2,4,1.0,2.0,0.0,7.0,0.0,5.0,2.0,1.0,1,1,4.0,3.0,4.0,2.0,15.0,168.0,1,5.0,1.0,2,2,2,4,0,0,2,4,0,2,4,0,0,2,0,4,0,1,1,0,0,2,13,30
201500045671,15,7,17,2,1,1,1.0,2.0,0.0,10.0,0.0,0.0,2.0,2.0,1,-1,1.0,3.0,5.0,1.0,15.0,350.0,1,0.0,1.0,2,2,6,0,0,0,2,4,0,6,0,0,0,2,0,4,0,1,1,0,0,3,21,20
200500020774,5,4,7,1,2,2,1.0,6.0,0.0,7.0,0.0,0.0,1.0,1.0,1,1,4.0,2.0,2.0,1.0,0.0,60.0,1,0.0,1.0,1,1,1,1,0,1,0,1,0,0,1,0,1,2,0,0,0,1,0,0,0,2,19,15
200800011513,8,3,19,2,2,1,3.0,3.0,0.0,7.0,0.0,0.0,2.0,9.0,1,1,4.0,2.0,2.0,2.0,0.0,100.0,1,0.0,1.0,2,1,4,0,0,0,0,4,0,0,2,0,2,4,0,0,0,1,0,0,0,2,18,10
201400028904,14,11,12,1,2,1,1.0,7.0,0.0,7.0,0.0,0.0,1.0,1.0,1,1,4.0,1.0,1.0,1.0,0.0,53.0,1,0.0,1.0,1,1,2,0,0,1,0,1,0,0,2,0,0,0,0,0,2,1,0,0,0,2,11,40
200800059449,8,10,31,1,2,2,1.0,3.0,2.0,30.0,0.0,0.0,2.0,1.0,2,2,4.0,1.0,2.0,1.0,0.0,54.0,1,0.0,1.0,2,3,4,0,0,0,2,2,0,2,2,0,0,2,2,0,0,1,0,0,0,3,11,30
200700034915,7,6,15,5,2,3,1.0,3.0,0.0,30.0,0.0,0.0,2.0,1.0,1,2,4.0,2.0,2.0,1.0,0.0,0.0,1,0.0,1.0,2,2,0,4,0,0,0,4,0,2,2,0,0,0,0,4,0,1,0,1,0,2,22,45
201200036491,12,3,15,1,2,1,7.0,3.0,0.0,33.0,0.0,0.0,2.0,1.0,1,2,4.0,2.0,2.0,1.0,0.0,44.0,1,0.0,1.0,2,2,4,0,0,0,0,4,2,0,0,2,0,2,0,2,0,1,0,0,0,2,16,0
201500012299,15,8,8,1,2,1,1.0,6.0,0.0,34.0,0.0,0.0,1.0,1.0,1,2,2.0,2.0,2.0,1.0,0.0,86.0,1,0.0,1.0,1,2,1,1,0,1,0,1,1,0,1,0,0,0,0,2,0,1,0,0,0,3,15,30
200500004206,5,1,4,1,2,3,1.0,1.0,0.0,7.0,0.0,0.0,2.0,15.0,1,1,4.0,2.0,2.0,1.0,0.0,86.0,1,0.0,1.0,2,2,4,2,2,0,0,4,2,2,2,0,0,2,2,0,2,1,0,0,0,2,15,50