Num_Acc,an,mois,jour,lum,agg,int,atm,col,senc,catv,occutc,obs,obsm,manv,catu,secu,catr,circ,nbv,prof,lartpc,larrout,surf,infra,situ,nb_veh,grav_simpl,Homme,Femme,Arrière,Autre_x,Avant,Conducteur,Autre_y,Inconnu,Loisirs,Professionnel,Travail,Adulte,Enfant,Jeune,Senior,choc_avant,choc_arriere,choc_lateral,choc_multiple,grav_order_max,heure,minute
201000034490,10,10,4,1,2,3,2.0,6.0,0.0,7.0,0.0,0.0,2.0,1.0,1,1,4.0,2.0,2.0,1.0,0.0,80.0,1,0.0,1.0,3,2,3,6,0,0,0,9,3,0,0,6,0,6,0,3,0,1,0,1,0,2,17,40
200800049881,8,9,26,1,2,2,1.0,6.0,0.0,7.0,0.0,0.0,2.0,16.0,1,1,4.0,1.0,1.0,2.0,0.0,80.0,1,0.0,1.0,1,2,0,1,0,0,0,1,0,0,1,0,0,0,0,0,1,1,0,0,0,2,13,56
200800052969,8,9,23,1,1,1,1.0,1.0,0.0,7.0,0.0,0.0,2.0,1.0,1,1,2.0,2.0,2.0,1.0,0.0,0.0,1,0.0,1.0,2,3,0,4,0,0,0,4,0,4,0,0,0,4,0,0,0,1,0,0,0,3,15,10
200900044947,9,11,15,1,2,3,1.0,6.0,0.0,2.0,0.0,0.0,2.0,1.0,1,2,4.0,2.0,2.0,0.0,0.0,0.0,1,0.0,1.0,2,3,0,2,0,0,0,2,0,0,2,0,0,0,0,2,0,1,0,0,0,3,13,45
200600053519,6,9,15,1,2,1,1.0,2.0,0.0,7.0,0.0,0.0,2.0,1.0,1,1,4.0,3.0,2.0,2.0,180.0,145.0,1,0.0,1.0,2,1,2,4,0,2,0,4,0,4,0,0,2,4,0,2,0,1,1,0,0,2,16,15
201600027821,16,12,10,1,2,1,1.0,4.0,0.0,7.0,0.0,0.0,2.0,1.0,1,1,4.0,2.0,2.0,1.0,0.0,66.0,1,0.0,1.0,3,1,9,0,0,0,0,9,0,0,6,0,3,3,0,6,0,1,1,0,0,2,14,10
201100017370,11,10,22,3,1,1,1.0,7.0,0.0,7.0,0.0,0.0,0.0,17.0,1,1,1.0,3.0,2.0,1.0,35.0,75.0,1,0.0,1.0,1,3,1,0,0,0,0,1,0,0,1,0,0,1,0,0,0,0,0,0,1,3,1,15
201300023009,13,8,14,1,2,1,1.0,6.0,0.0,7.0,0.0,0.0,1.0,15.0,1,1,4.0,1.0,1.0,1.0,0.0,60.0,1,0.0,1.0,1,1,1,1,0,1,0,1,0,2,0,0,0,0,0,1,1,1,0,0,0,2,18,15
201600010906,16,1,12,1,2,1,1.0,3.0,2.0,31.0,0.0,0.0,2.0,1.0,1,2,4.0,3.0,1.0,2.0,0.0,82.0,1,0.0,1.0,2,2,2,2,0,0,0,4,0,4,0,0,0,2,0,2,0,0,0,1,0,2,14,30
201700052380,17,7,6,1,1,1,1.0,2.0,2.0,7.0,0.0,0.0,2.0,2.0,1,1,1.0,1.0,3.0,1.0,15.0,105.0,1,0.0,1.0,2,2,6,2,2,0,2,4,0,0,8,0,0,2,4,0,2,1,1,0,0,2,11,20
201400000676,14,6,29,1,1,2,1.0,6.0,0.0,33.0,0.0,0.0,2.0,1.0,1,2,3.0,2.0,2.0,-1.0,0.0,-1.0,-1,0.0,2.0,2,4,4,0,0,0,0,4,0,0,4,0,0,4,0,0,0,1,0,1,0,4,17,0
200600046021,6,8,11,1,1,1,2.0,7.0,0.0,7.0,0.0,0.0,0.0,1.0,1,-1,3.0,2.0,0.0,1.0,0.0,65.0,1,0.0,0.0,1,2,1,0,0,0,0,1,0,0,1,0,0,1,0,0,0,0,0,0,0,2,18,15
200800045952,8,8,8,1,2,1,1.0,6.0,0.0,7.0,0.0,0.0,2.0,20.0,1,1,4.0,2.0,2.0,1.0,0.0,60.0,-1,0.0,1.0,2,1,2,2,0,0,0,4,0,2,0,0,2,4,0,0,0,1,0,0,0,2,8,0
201600009135,16,3,15,1,2,1,1.0,1.0,1.0,7.0,0.0,0.0,2.0,15.0,1,1,3.0,2.0,2.0,1.0,0.0,0.0,1,0.0,1.0,2,2,4,0,0,0,0,4,0,0,2,2,0,2,0,0,2,1,0,0,0,2,10,30
201500026054,15,11,24,2,2,1,2.0,6.0,0.0,7.0,0.0,0.0,1.0,1.0,1,1,4.0,2.0,2.0,1.0,0.0,80.0,1,0.0,1.0,1,1,1,1,0,1,0,1,1,0,0,0,1,1,0,0,1,1,0,0,0,3,18,15
201500002276,15,11,20,2,1,1,3.0,6.0,0.0,7.0,0.0,0.0,1.0,1.0,1,1,3.0,2.0,0.0,1.0,15.0,70.0,1,0.0,1.0,1,1,1,1,0,1,0,1,1,0,1,0,0,0,1,1,0,1,0,0,0,3,16,45
200700067370,7,10,12,1,2,1,1.0,4.0,0.0,7.0,0.0,0.0,2.0,2.0,1,1,4.0,2.0,1.0,2.0,0.0,90.0,1,0.0,1.0,3,1,6,9,6,0,0,9,3,9,0,0,3,6,6,3,0,1,1,0,0,2,8,10
200700043263,7,7,7,5,2,1,1.0,6.0,0.0,7.0,0.0,7.0,0.0,1.0,1,-1,4.0,3.0,3.0,1.0,0.0,90.0,1,0.0,1.0,1,1,5,1,4,0,1,1,0,6,0,0,0,4,1,1,0,0,0,0,0,2,2,25
201200017838,12,1,12,1,2,1,1.0,6.0,0.0,14.0,0.0,0.0,1.0,4.0,1,1,4.0,1.0,1.0,1.0,0.0,25.0,1,0.0,1.0,1,1,2,0,0,1,0,1,0,0,1,1,0,1,0,0,1,0,1,0,0,3,15,0
200500069527,5,10,17,1,2,1,1.0,6.0,0.0,7.0,0.0,0.0,1.0,9.0,1,1,4.0,0.0,1.0,0.0,0.0,45.0,1,0.0,1.0,1,1,1,1,0,1,0,1,2,0,0,0,0,0,0,0,2,0,0,0,0,3,16,15
201600045089,16,10,14,1,1,1,1.0,4.0,1.0,7.0,0.0,0.0,2.0,2.0,1,1,1.0,3.0,3.0,1.0,0.0,28.0,1,0.0,1.0,3,1,12,0,3,0,0,9,0,0,9,3,0,3,3,3,3,1,1,0,1,2,15,45
200800060214,8,10,1,1,2,5,2.0,3.0,0.0,7.0,0.0,0.0,2.0,16.0,1,1,3.0,3.0,6.0,1.0,50.0,230.0,1,0.0,1.0,2,1,2,2,0,0,0,4,0,0,4,0,0,0,0,2,2,1,0,1,0,2,16,40
201600057263,16,6,15,1,2,1,1.0,2.0,1.0,33.0,0.0,0.0,2.0,1.0,1,2,4.0,0.0,4.0,1.0,15.0,140.0,1,0.0,1.0,2,2,4,0,0,0,0,4,0,0,0,0,4,4,0,0,0,1,1,0,0,2,19,50
201700022538,17,7,24,1,2,3,1.0,6.0,1.0,7.0,0.0,0.0,2.0,13.0,1,1,4.0,-1.0,2.0,-1.0,0.0,-1.0,-1,0.0,-1.0,2,1,4,0,0,0,0,4,2,0,2,0,0,2,0,2,0,1,0,0,0,3,15,50
201300051545,13,8,27,5,2,1,1.0,7.0,0.0,2.0,0.0,0.0,2.0,3.0,1,2,4.0,3.0,4.0,2.0,0.0,200.0,1,0.0,1.0,1,2,1,0,0,0,0,1,0,0,1,0,0,0,0,1,0,0,0,0,0,2,0,20
200600018162,6,4,29,1,2,3,1.0,3.0,0.0,7.0,0.0,0.0,2.0,13.0,1,1,3.0,2.0,2.0,2.0,0.0,80.0,1,5.0,1.0,2,1,4,2,0,0,2,4,0,2,4,0,0,4,0,2,0,1,0,0,0,3,18,45
201600023662,16,2,13,1,2,2,1.0,1.0,1.0,7.0,0.0,0.0,2.0,13.0,1,-1,4.0,1.0,2.0,1.0,0.0,0.0,1,0.0,1.0,2,2,4,0,0,0,2,2,0,4,0,0,0,0,2,2,0,1,0,0,0,2,18,0
200500030189,5,5,13,2,2,1,1.0,3.0,0.0,7.0,0.0,0.0,2.0,22.0,1,0,4.0,3.0,2.0,1.0,15.0,60.0,1,0.0,1.0,2,1,4,0,0,0,0,4,0,0,2,2,0,2,0,0,2,1,1,0,0,2,19,45
200600016713,6,3,31,5,2,9,1.0,1.0,0.0,7.0,0.0,0.0,0.0,15.0,1,1,3.0,2.0,2.0,0.0,0.0,68.0,1,0.0,1.0,2,2,4,0,0,0,0,4,2,0,0,0,2,2,0,2,0,0,0,1,0,2,5,30
201400031425,14,7,6,1,2,1,1.0,3.0,0.0,7.0,0.0,0.0,2.0,15.0,1,1,3.0,2.0,2.0,1.0,0.0,123.0,1,0.0,1.0,2,1,4,0,0,0,0,4,0,0,4,0,0,2,0,2,0,1,0,1,0,3,15,45
201600001739,16,7,9,1,1,2,1.0,3.0,1.0,7.0,0.0,0.0,2.0,1.0,1,1,3.0,2.0,2.0,1.0,0.0,63.0,1,0.0,1.0,2,1,2,2,0,0,0,4,0,0,4,0,0,0,0,2,2,1,0,0,0,3,18,0
201700036316,17,10,27,1,2,1,1.0,6.0,1.0,10.0,0.0,0.0,1.0,4.0,1,-1,4.0,1.0,1.0,1.0,0.0,35.0,1,0.0,1.0,1,1,1,1,0,1,0,1,1,1,0,0,0,1,0,0,1,0,1,0,0,3,10,20
200900023257,9,4,30,1,2,5,1.0,3.0,0.0,7.0,0.0,0.0,2.0,15.0,1,1,4.0,2.0,5.0,1.0,0.0,0.0,1,0.0,1.0,2,1,4,0,0,0,0,4,0,0,0,0,4,4,0,0,0,1,0,0,0,2,9,0
200500067068,5,10,21,5,2,1,1.0,4.0,0.0,7.0,0.0,0.0,2.0,23.0,1,1,4.0,3.0,4.0,1.0,57.0,168.0,1,0.0,1.0,7,2,49,14,7,0,7,49,0,14,49,0,0,35,7,14,7,1,1,0,0,3,19,30
201100031998,11,6,1,1,1,4,1.0,3.0,0.0,10.0,0.0,0.0,2.0,1.0,1,1,3.0,2.0,2.0,1.0,0.0,120.0,1,3.0,1.0,2,1,2,2,0,0,0,4,0,0,2,2,0,4,0,0,0,1,0,0,0,2,17,35
200600057075,6,9,10,1,2,3,2.0,3.0,0.0,7.0,0.0,0.0,2.0,15.0,1,-1,9.0,2.0,2.0,1.0,0.0,68.0,1,0.0,1.0,2,1,2,2,0,0,0,4,2,0,2,0,0,0,0,4,0,1,0,1,0,2,19,0
200800028861,8,5,11,1,1,1,8.0,1.0,0.0,33.0,0.0,0.0,2.0,13.0,1,2,2.0,2.0,0.0,2.0,0.0,66.0,1,0.0,1.0,2,3,4,4,2,0,2,4,0,4,4,0,0,4,2,2,0,1,0,0,0,3,16,15
201500037615,15,6,30,5,2,1,1.0,6.0,0.0,7.0,0.0,1.0,0.0,13.0,1,-1,4.0,1.0,0.0,1.0,0.0,0.0,1,0.0,1.0,1,2,1,1,0,0,1,1,0,0,2,0,0,2,0,0,0,1,0,0,0,2,2,20
201400051033,14,6,26,1,2,1,1.0,6.0,0.0,7.0,0.0,0.0,1.0,1.0,1,1,4.0,2.0,2.0,1.0,0.0,62.0,1,0.0,1.0,1,1,2,0,0,1,0,1,2,0,0,0,0,1,1,0,0,0,0,1,0,3,8,25
201400042329,14,4,12,1,2,1,1.0,6.0,0.0,33.0,0.0,0.0,1.0,3.0,1,2,4.0,2.0,2.0,1.0,0.0,60.0,1,0.0,1.0,1,1,1,1,0,1,0,1,0,1,1,0,0,1,0,1,0,1,0,0,0,2,12,55
200700002425,7,1,26,4,2,3,1.0,3.0,0.0,7.0,0.0,0.0,2.0,1.0,1,1,4.0,2.0,2.0,1.0,0.0,0.0,1,0.0,1.0,2,2,0,4,0,0,0,4,0,0,0,0,4,2,0,2,0,1,0,1,0,2,13,20
201700055093,17,4,3,1,2,1,1.0,6.0,1.0,7.0,0.0,1.0,0.0,13.0,1,1,4.0,1.0,2.0,2.0,0.0,0.0,1,0.0,1.0,1,2,1,0,0,0,0,1,0,0,0,1,0,1,0,0,0,1,0,0,0,2,17,22
201000066189,10,2,4,1,2,1,1.0,3.0,0.0,1.0,0.0,0.0,2.0,23.0,1,2,4.0,1.0,2.0,1.0,0.0,0.0,-1,0.0,1.0,2,2,2,2,0,0,0,4,0,0,0,4,0,2,0,2,0,1,0,0,0,2,12,0
200700005672,7,1,24,1,1,1,1.0,4.0,0.0,7.0,0.0,0.0,2.0,1.0,1,1,1.0,3.0,4.0,1.0,15.0,120.0,1,0.0,1.0,6,2,30,6,0,0,0,36,0,0,6,30,0,30,0,6,0,1,1,0,0,2,12,40
201000039820,10,10,18,1,1,1,1.0,2.0,0.0,33.0,0.0,0.0,2.0,2.0,1,2,3.0,2.0,2.0,1.0,0.0,0.0,1,0.0,1.0,2,2,2,2,0,0,0,4,0,0,4,0,0,0,0,2,2,1,1,0,0,2,16,10
200500067668,5,10,31,5,2,1,2.0,1.0,0.0,7.0,0.0,0.0,2.0,1.0,1,1,4.0,2.0,3.0,1.0,0.0,100.0,1,0.0,1.0,2,2,4,4,0,0,4,4,4,4,0,0,0,4,0,4,0,1,0,0,0,2,20,50
200900061426,9,12,10,5,2,6,8.0,6.0,0.0,7.0,0.0,0.0,1.0,1.0,1,1,4.0,2.0,1.0,1.0,0.0,40.0,1,0.0,1.0,1,1,0,2,0,1,0,1,1,0,1,0,0,1,0,0,1,1,0,0,0,3,7,55
201700045493,17,12,4,2,2,1,1.0,4.0,2.0,7.0,0.0,0.0,2.0,2.0,1,1,3.0,3.0,1.0,1.0,5.0,50.0,1,5.0,1.0,3,1,6,6,0,0,3,9,0,12,0,0,0,9,3,0,0,1,1,0,0,2,17,44
200800019457,8,4,11,1,2,2,2.0,7.0,0.0,7.0,0.0,14.0,0.0,1.0,1,1,4.0,2.0,1.0,1.0,0.0,60.0,1,0.0,0.0,1,2,1,0,0,0,0,1,1,0,0,0,0,1,0,0,0,1,0,0,0,2,14,50
201400052192,14,9,29,5,2,2,2.0,7.0,0.0,30.0,0.0,0.0,0.0,21.0,1,2,4.0,1.0,2.0,1.0,0.0,50.0,1,0.0,1.0,1,2,1,0,0,0,0,1,1,0,0,0,0,0,0,1,0,0,0,1,0,2,21,40
201300041447,13,6,11,1,2,1,1.0,1.0,0.0,7.0,0.0,6.0,2.0,0.0,1,1,4.0,2.0,2.0,1.0,0.0,0.0,1,0.0,1.0,2,1,2,2,0,0,2,2,0,0,4,0,0,2,0,0,2,1,0,0,0,2,15,20
201500021103,15,3,16,1,1,1,1.0,1.0,0.0,7.0,0.0,0.0,2.0,17.0,1,1,3.0,2.0,2.0,1.0,0.0,0.0,1,0.0,1.0,2,3,4,2,0,0,2,4,0,2,4,0,0,2,0,0,4,1,0,0,0,3,10,15
201600038765,16,2,1,1,2,1,9.0,6.0,0.0,33.0,0.0,12.0,1.0,2.0,1,2,3.0,1.0,2.0,1.0,0.0,70.0,1,0.0,1.0,1,2,2,0,0,1,0,1,0,1,0,1,0,1,0,1,0,1,0,0,0,2,12,30
200600049324,6,8,23,1,2,2,1.0,3.0,0.0,2.0,0.0,0.0,2.0,1.0,1,2,4.0,2.0,4.0,1.0,0.0,120.0,1,0.0,1.0,2,2,4,0,0,0,0,4,0,0,4,0,0,0,0,2,2,1,0,0,0,2,18,50
200500073144,5,11,23,1,2,2,1.0,3.0,0.0,7.0,0.0,0.0,2.0,1.0,1,1,4.0,2.0,2.0,1.0,0.0,55.0,1,0.0,1.0,2,1,6,0,0,0,2,4,0,2,2,2,0,2,4,0,0,1,0,1,0,3,14,15
201400035083,14,2,16,1,2,1,1.0,6.0,1.0,7.0,0.0,0.0,1.0,0.0,3,-1,4.0,2.0,1.0,1.0,0.0,50.0,1,0.0,1.0,1,2,1,0,0,1,0,0,0,0,1,0,0,1,0,0,0,0,0,0,0,2,13,20
201400010649,14,8,5,1,2,1,1.0,7.0,0.0,7.0,0.0,0.0,1.0,20.0,1,-1,4.0,1.0,1.0,1.0,0.0,0.0,1,0.0,1.0,1,1,2,0,0,1,0,1,0,2,0,0,0,0,0,2,0,0,1,0,0,2,19,0
201200015137,12,1,5,1,2,1,1.0,2.0,1.0,7.0,0.0,0.0,2.0,1.0,1,1,4.0,2.0,0.0,1.0,0.0,0.0,1,0.0,1.0,2,2,0,2,0,0,0,2,0,0,0,0,2,2,0,0,0,1,1,0,0,2,14,0
200500013539,5,3,3,3,1,1,1.0,6.0,0.0,7.0,0.0,6.0,0.0,0.0,1,1,2.0,2.0,2.0,1.0,0.0,64.0,1,0.0,1.0,1,1,2,0,0,0,1,1,0,1,1,0,0,0,0,2,0,1,0,0,0,2,2,30
201600013413,16,4,20,4,1,1,1.0,2.0,1.0,7.0,0.0,0.0,0.0,0.0,1,1,4.0,1.0,1.0,0.0,0.0,0.0,-1,5.0,1.0,2,1,12,0,4,0,4,4,0,12,0,0,0,8,0,4,0,1,0,0,0,3,2,50
200700038578,7,6,15,1,2,2,1.0,7.0,0.0,10.0,0.0,0.0,1.0,4.0,1,1,4.0,1.0,1.0,1.0,0.0,52.0,1,0.0,1.0,1,1,2,0,0,1,0,1,1,0,0,1,0,1,0,0,1,0,0,0,0,3,10,47
201600037126,16,7,26,1,2,1,1.0,2.0,0.0,33.0,0.0,0.0,2.0,2.0,1,2,4.0,2.0,2.0,1.0,0.0,0.0,1,0.0,1.0,2,3,4,0,0,0,0,4,0,2,0,2,0,4,0,0,0,1,1,0,0,3,16,30
201700029202,17,2,17,1,2,1,1.0,6.0,1.0,32.0,0.0,0.0,2.0,0.0,1,2,4.0,2.0,2.0,1.0,0.0,0.0,1,0.0,1.0,2,2,4,0,0,0,0,4,2,0,2,0,0,2,0,0,2,1,0,0,0,2,16,40
201100027898,11,9,26,1,2,2,1.0,3.0,0.0,7.0,0.0,0.0,2.0,1.0,1,-1,4.0,1.0,2.0,1.0,0.0,0.0,1,0.0,1.0,2,2,0,4,0,0,0,4,0,4,0,0,0,4,0,0,0,1,0,0,0,2,12,10
200900037181,9,7,30,1,2,5,1.0,3.0,0.0,7.0,0.0,0.0,2.0,1.0,1,1,9.0,4.0,4.0,3.0,0.0,0.0,1,0.0,1.0,2,1,4,2,0,0,2,4,0,0,6,0,0,2,0,0,4,1,1,0,0,2,13,0
200600039568,6,7,4,1,2,1,1.0,3.0,0.0,7.0,0.0,0.0,2.0,24.0,1,1,4.0,2.0,2.0,1.0,0.0,70.0,1,0.0,1.0,2,1,4,2,0,0,2,4,0,4,0,2,0,6,0,0,0,1,0,1,0,2,14,0
201100061290,11,6,22,1,2,4,1.0,6.0,0.0,32.0,0.0,0.0,1.0,17.0,1,2,4.0,2.0,0.0,1.0,0.0,0.0,1,0.0,1.0,1,1,1,1,0,1,0,1,0,2,0,0,0,0,0,2,0,1,0,0,0,2,17,40
201700030471,17,6,15,1,2,3,1.0,6.0,1.0,7.0,0.0,0.0,1.0,1.0,1,1,4.0,2.0,2.0,1.0,0.0,0.0,1,0.0,1.0,1,1,2,1,0,2,0,1,0,0,3,0,0,0,0,3,0,1,0,0,0,2,8,0
201100043023,11,8,6,1,2,1,1.0,6.0,0.0,7.0,0.0,0.0,1.0,21.0,1,1,4.0,2.0,2.0,1.0,0.0,35.0,1,0.0,1.0,1,1,2,1,0,2,0,1,0,0,2,1,0,0,2,0,1,1,0,0,0,3,10,40
201000020151,10,3,14,5,2,1,6.0,1.0,0.0,7.0,0.0,0.0,0.0,1.0,1,1,3.0,2.0,2.0,1.0,0.0,71.0,1,0.0,1.0,2,1,8,2,4,0,4,2,0,0,10,0,0,6,4,0,0,1,0,0,0,4,19,30
201700052498,17,9,11,1,1,1,1.0,2.0,2.0,7.0,0.0,0.0,2.0,2.0,1,1,1.0,1.0,3.0,1.0,25.0,35.0,1,0.0,1.0,2,2,2,2,0,0,0,4,0,2,0,2,0,4,0,0,0,1,1,0,0,2,8,25
201600034880,16,1,22,3,1,6,1.0,3.0,2.0,1.0,0.0,0.0,2.0,1.0,1,-1,3.0,2.0,2.0,1.0,0.0,0.0,1,0.0,1.0,2,3,2,2,0,0,0,4,0,0,0,0,4,2,0,0,2,1,0,1,0,3,8,0
200500045807,5,7,6,1,1,6,3.0,3.0,0.0,2.0,0.0,0.0,2.0,1.0,1,2,4.0,2.0,2.0,1.0,925.0,700.0,1,5.0,1.0,2,2,4,0,0,0,0,4,0,0,0,0,4,2,0,2,0,1,0,1,0,2,12,15
200800069335,8,12,12,5,1,1,1.0,7.0,0.0,10.0,0.0,0.0,0.0,1.0,1,1,3.0,2.0,2.0,1.0,0.0,0.0,1,0.0,1.0,1,3,1,0,0,0,0,1,0,0,0,1,0,1,0,0,0,0,0,0,0,3,18,0
201300010901,13,4,10,1,2,1,1.0,1.0,0.0,7.0,0.0,0.0,2.0,15.0,1,1,4.0,2.0,2.0,1.0,0.0,81.0,1,0.0,1.0,2,1,2,2,0,0,0,4,0,2,2,0,0,4,0,0,0,1,0,0,0,2,10,50
200700050387,7,8,5,5,2,2,1.0,3.0,0.0,7.0,0.0,0.0,0.0,1.0,1,1,4.0,1.0,3.0,1.0,0.0,90.0,1,5.0,1.0,2,2,4,0,0,0,0,4,0,2,2,0,0,2,0,2,0,1,0,0,0,2,3,50
201300017596,13,11,17,1,1,1,1.0,1.0,0.0,32.0,0.0,0.0,2.0,13.0,1,2,3.0,2.0,2.0,2.0,0.0,70.0,1,0.0,1.0,2,3,4,0,0,0,0,4,2,0,2,0,0,4,0,0,0,1,0,0,0,3,12,0
200500064358,5,10,13,1,1,1,1.0,2.0,0.0,7.0,0.0,0.0,2.0,23.0,1,1,3.0,2.0,2.0,1.0,0.0,75.0,1,0.0,1.0,2,3,0,4,0,0,0,4,0,0,0,2,2,4,0,0,0,1,1,0,0,3,17,15
201700002798,17,7,29,1,1,1,1.0,7.0,1.0,33.0,0.0,13.0,0.0,21.0,1,2,3.0,2.0,2.0,1.0,0.0,64.0,1,0.0,3.0,1,3,1,0,0,0,0,1,0,0,0,0,1,0,0,1,0,0,0,0,0,3,11,0
200500051097,5,8,14,3,1,1,1.0,6.0,0.0,7.0,0.0,13.0,0.0,1.0,1,1,3.0,2.0,2.0,1.0,0.0,74.0,1,0.0,1.0,1,2,2,0,0,0,1,1,0,1,1,0,0,0,0,2,0,1,0,0,0,2,5,45
201600042438,16,11,18,1,2,1,1.0,6.0,2.0,7.0,0.0,0.0,1.0,1.0,1,1,4.0,2.0,1.0,1.0,0.0,60.0,1,0.0,1.0,1,1,0,2,0,1,0,1,1,0,1,0,0,0,1,0,1,1,0,0,0,3,13,50
201100064596,11,5,16,1,2,1,1.0,4.0,0.0,7.0,0.0,0.0,2.0,12.0,1,1,4.0,3.0,2.0,1.0,15.0,70.0,1,0.0,1.0,3,1,6,3,0,0,0,9,0,0,3,3,3,9,0,0,0,0,0,1,0,2,18,25
200600009024,6,2,27,1,2,2,8.0,3.0,0.0,7.0,0.0,0.0,2.0,1.0,1,1,4.0,1.0,10.0,1.0,0.0,60.0,1,0.0,1.0,2,1,4,0,0,0,0,4,2,0,0,2,0,2,2,0,0,1,0,0,0,2,8,0
201200001117,12,10,10,1,2,1,1.0,3.0,0.0,7.0,0.0,0.0,2.0,15.0,1,1,3.0,0.0,2.0,1.0,0.0,60.0,1,5.0,1.0,2,1,6,0,0,0,2,4,4,2,0,0,0,2,2,2,0,1,0,0,0,2,17,30
200500069585,5,10,31,1,2,1,1.0,6.0,0.0,7.0,0.0,0.0,1.0,1.0,1,1,4.0,1.0,1.0,1.0,0.0,58.0,1,0.0,1.0,1,1,1,1,0,1,0,1,0,0,2,0,0,0,0,1,1,1,0,0,0,2,14,40
201400005065,14,11,7,5,1,1,1.0,4.0,0.0,7.0,0.0,0.0,2.0,1.0,1,1,2.0,2.0,0.0,1.0,0.0,70.0,1,0.0,1.0,3,1,6,3,0,0,0,9,3,3,0,0,3,6,0,3,0,1,1,0,0,3,18,0
200500055760,5,9,4,1,1,1,1.0,3.0,0.0,7.0,0.0,9.0,2.0,17.0,1,1,2.0,2.0,2.0,1.0,0.0,69.0,-1,0.0,1.0,2,1,2,2,0,0,0,4,0,2,2,0,0,2,0,0,2,1,0,1,0,3,15,0
201300046063,13,5,15,1,1,1,1.0,3.0,0.0,15.0,0.0,0.0,2.0,12.0,1,1,1.0,1.0,5.0,1.0,0.0,-1.0,1,0.0,1.0,2,1,2,2,0,0,0,4,0,0,0,2,2,2,0,2,0,1,0,0,0,3,15,15
201000045949,10,4,30,5,2,3,1.0,3.0,0.0,7.0,0.0,0.0,2.0,1.0,1,1,4.0,1.0,1.0,2.0,0.0,50.0,1,5.0,1.0,2,1,2,2,0,0,0,4,4,0,0,0,0,0,0,4,0,1,0,0,0,3,23,45
200800056566,8,10,19,3,1,1,1.0,6.0,0.0,7.0,0.0,4.0,0.0,13.0,1,1,1.0,3.0,2.0,1.0,5.0,112.0,1,0.0,2.0,1,1,5,0,3,0,1,1,0,4,1,0,0,1,0,4,0,0,0,1,0,4,0,15
200600028797,6,5,10,1,2,1,1.0,3.0,0.0,7.0,0.0,0.0,2.0,9.0,1,1,4.0,3.0,2.0,3.0,40.0,70.0,1,0.0,1.0,2,1,2,2,0,0,0,4,0,0,0,0,4,0,0,4,0,1,0,1,0,2,8,19
201300054682,13,7,10,1,2,3,1.0,6.0,0.0,10.0,0.0,0.0,1.0,4.0,1,1,4.0,2.0,1.0,2.0,0.0,0.0,1,0.0,1.0,1,1,1,1,0,1,0,1,0,0,1,1,0,0,0,1,1,0,1,0,0,4,11,40
201500025520,15,6,21,1,2,1,1.0,7.0,0.0,1.0,0.0,0.0,0.0,1.0,1,-1,4.0,1.0,1.0,2.0,0.0,50.0,1,0.0,1.0,1,2,0,1,0,0,0,1,0,0,1,0,0,0,0,1,0,1,0,0,0,2,14,0
200600073505,6,12,18,1,2,1,1.0,7.0,0.0,2.0,0.0,12.0,0.0,1.0,1,2,3.0,3.0,2.0,4.0,33.0,66.0,1,0.0,4.0,1,3,1,0,0,0,0,1,0,0,0,0,1,1,0,0,0,0,0,1,0,3,13,30
201600055889,16,5,29,1,2,1,1.0,3.0,1.0,10.0,0.0,0.0,2.0,9.0,1,1,4.0,1.0,1.0,2.0,0.0,30.0,1,0.0,1.0,2,1,4,0,0,0,0,4,0,0,2,0,2,2,0,2,0,0,0,1,0,3,18,25
201200035919,12,4,10,1,2,2,1.0,3.0,2.0,7.0,0.0,0.0,2.0,0.0,1,1,4.0,1.0,1.0,1.0,0.0,60.0,1,0.0,1.0,2,2,0,4,0,0,2,2,0,2,2,0,0,2,0,0,2,1,0,1,0,2,12,6
200500031209,5,5,20,1,2,2,1.0,3.0,0.0,2.0,0.0,0.0,2.0,1.0,1,2,3.0,1.0,2.0,1.0,0.0,60.0,1,0.0,1.0,2,2,4,2,0,0,2,4,0,2,4,0,0,6,0,0,0,1,1,0,0,2,18,20
200600068607,6,11,7,1,2,2,8.0,6.0,0.0,4.0,0.0,0.0,1.0,1.0,1,2,4.0,1.0,2.0,1.0,0.0,60.0,1,0.0,1.0,1,1,1,1,0,1,0,1,0,0,0,1,1,1,0,1,0,1,0,0,0,2,9,0
201500037764,15,12,9,1,2,6,1.0,2.0,0.0,7.0,0.0,0.0,2.0,0.0,1,1,4.0,2.0,2.0,1.0,0.0,0.0,1,0.0,1.0,2,1,2,2,0,0,0,4,0,2,2,0,0,4,0,0,0,1,0,0,0,2,13,25
200800032569,8,6,11,1,2,1,2.0,3.0,0.0,10.0,0.0,0.0,2.0,1.0,1,1,4.0,0.0,0.0,1.0,0.0,0.0,1,0.0,1.0,2,1,4,0,0,0,0,4,0,4,0,0,0,2,2,0,0,0,1,0,0,2,17,5
200900041651,9,11,20,5,2,6,1.0,6.0,0.0,7.0,0.0,0.0,2.0,9.0,1,1,4.0,1.0,1.0,1.0,0.0,0.0,1,0.0,1.0,2,1,4,0,0,0,0,4,4,0,0,0,0,4,0,0,0,0,0,0,0,2,20,20