Num_Acc,an,mois,jour,lum,agg,int,atm,col,senc,catv,occutc,obs,obsm,manv,catu,secu,catr,circ,nbv,prof,lartpc,larrout,surf,infra,situ,nb_veh,grav_simpl,Homme,Femme,Arrière,Autre_x,Avant,Conducteur,Autre_y,Inconnu,Loisirs,Professionnel,Travail,Adulte,Enfant,Jeune,Senior,choc_avant,choc_arriere,choc_lateral,choc_multiple,grav_order_max,heure,minute
201700016438,17,2,4,1,2,6,1.0,7.0,1.0,33.0,0.0,12.0,0.0,1.0,1,2,3.0,1.0,1.0,1.0,7.0,25.0,1,0.0,-1.0,1,3,1,0,0,0,0,1,0,0,1,0,0,1,0,0,0,1,0,0,0,3,14,5
201500042713,15,8,26,1,2,2,2.0,2.0,0.0,7.0,0.0,0.0,0.0,2.0,1,1,2.0,3.0,2.0,1.0,0.0,0.0,1,0.0,1.0,2,1,0,6,0,0,2,4,0,6,0,0,0,0,0,4,2,1,1,0,0,2,10,35
201000048325,10,8,10,1,2,1,1.0,6.0,1.0,7.0,0.0,0.0,1.0,1.0,1,-1,3.0,2.0,3.0,2.0,0.0,0.0,1,0.0,1.0,1,1,2,0,0,1,0,1,0,0,0,1,1,2,0,0,0,0,0,0,0,2,19,10
200700060877,7,10,7,3,1,1,1.0,1.0,0.0,7.0,0.0,0.0,2.0,13.0,1,1,3.0,2.0,2.0,2.0,0.0,79.0,1,0.0,1.0,2,3,2,2,0,0,0,4,0,0,4,0,0,2,0,2,0,1,0,0,0,3,21,30
200900070692,9,12,1,5,1,1,1.0,2.0,0.0,7.0,0.0,4.0,0.0,2.0,1,1,1.0,3.0,6.0,2.0,15.0,210.0,1,0.0,1.0,2,2,4,0,0,0,0,4,0,0,0,0,4,2,0,2,0,1,0,0,0,2,20,12
201600032757,16,12,7,3,1,1,1.0,3.0,0.0,33.0,0.0,0.0,2.0,0.0,1,2,3.0,2.0,2.0,1.0,0.0,0.0,1,0.0,0.0,2,3,4,0,0,0,0,4,0,4,0,0,0,2,0,2,0,0,0,1,0,3,17,45
201200000234,12,9,15,2,1,1,1.0,7.0,0.0,10.0,0.0,0.0,0.0,1.0,1,1,3.0,2.0,2.0,0.0,0.0,63.0,1,0.0,1.0,1,2,3,1,2,0,1,1,0,3,1,0,0,0,2,2,0,0,0,0,1,3,20,15
201700028208,17,1,3,1,1,3,1.0,3.0,0.0,1.0,0.0,0.0,2.0,0.0,1,0,4.0,2.0,0.0,2.0,0.0,0.0,1,0.0,1.0,2,2,2,4,0,0,2,4,2,2,0,0,2,4,0,2,0,1,0,1,0,2,8,35
200900016215,9,8,24,1,2,1,1.0,6.0,0.0,7.0,0.0,0.0,1.0,1.0,1,1,4.0,2.0,2.0,1.0,0.0,73.0,1,0.0,1.0,1,1,2,0,0,1,0,1,1,0,0,0,1,1,1,0,0,1,0,0,0,2,9,55
200900026949,9,10,10,5,2,5,2.0,6.0,0.0,31.0,0.0,0.0,1.0,1.0,1,2,4.0,2.0,2.0,1.0,0.0,0.0,1,0.0,1.0,1,1,2,0,0,1,0,1,0,0,2,0,0,1,0,1,0,1,0,0,0,2,3,50
201700015221,17,2,12,3,1,1,1.0,7.0,1.0,7.0,0.0,16.0,0.0,1.0,1,0,3.0,2.0,2.0,2.0,0.0,53.0,1,0.0,3.0,1,4,1,0,0,0,0,1,0,0,1,0,0,1,0,0,0,0,0,0,1,4,22,10
200500054227,5,9,25,1,1,1,1.0,1.0,0.0,7.0,0.0,0.0,2.0,13.0,1,1,3.0,2.0,2.0,2.0,0.0,56.0,1,0.0,1.0,2,1,4,2,0,0,2,4,0,2,4,0,0,4,0,2,0,1,0,0,0,2,15,15
201100054044,11,10,8,3,1,1,1.0,6.0,0.0,7.0,0.0,4.0,0.0,21.0,1,1,2.0,1.0,2.0,1.0,15.0,70.0,1,0.0,2.0,1,2,1,1,0,0,1,1,0,0,2,0,0,1,0,1,0,1,0,0,0,2,21,30
200700031605,7,5,13,1,1,1,1.0,7.0,0.0,33.0,0.0,0.0,0.0,16.0,1,2,2.0,3.0,4.0,1.0,20.0,140.0,1,0.0,1.0,1,2,0,1,0,0,0,1,0,0,1,0,0,0,0,1,0,1,0,0,0,2,10,45
200700050349,7,8,5,1,2,3,1.0,3.0,0.0,31.0,0.0,0.0,2.0,17.0,1,-1,4.0,2.0,2.0,1.0,0.0,60.0,1,0.0,1.0,2,3,2,4,2,0,0,4,0,2,4,0,0,0,2,4,0,1,0,1,0,3,20,50
200500030875,5,5,14,1,2,1,1.0,6.0,0.0,7.0,0.0,0.0,1.0,0.0,1,1,2.0,2.0,0.0,1.0,0.0,0.0,1,0.0,1.0,1,1,1,1,0,1,0,1,0,0,2,0,0,2,0,0,0,1,0,0,0,3,10,40
201600013711,16,8,19,5,2,6,1.0,6.0,1.0,7.0,0.0,0.0,1.0,1.0,1,1,4.0,1.0,2.0,1.0,0.0,125.0,1,0.0,1.0,1,1,0,2,0,1,0,1,0,0,2,0,0,0,1,1,0,0,0,1,0,2,0,50
200500021352,5,4,27,1,2,3,1.0,6.0,0.0,7.0,0.0,0.0,2.0,2.0,1,-1,3.0,2.0,2.0,1.0,0.0,78.0,1,0.0,4.0,1,1,1,1,0,1,0,1,1,0,1,0,0,1,0,0,1,0,0,1,0,4,17,45
200800071235,8,12,3,5,2,2,1.0,3.0,0.0,7.0,0.0,9.0,2.0,1.0,1,1,4.0,2.0,3.0,1.0,0.0,0.0,1,5.0,1.0,2,2,2,0,0,0,0,2,0,0,0,0,2,2,0,0,0,1,1,0,0,2,17,55
201500015014,15,3,12,1,2,6,1.0,6.0,0.0,7.0,0.0,0.0,2.0,9.0,1,-1,3.0,4.0,1.0,1.0,0.0,77.0,1,5.0,1.0,2,1,2,2,0,0,0,4,2,0,2,0,0,4,0,0,0,1,0,0,0,2,11,15
200500035651,5,6,30,3,2,1,3.0,6.0,0.0,7.0,0.0,0.0,1.0,1.0,1,1,4.0,2.0,2.0,1.0,0.0,60.0,1,0.0,1.0,1,1,0,2,0,1,0,1,0,0,1,0,1,0,0,1,1,1,0,0,0,2,18,22
200800032991,8,6,19,1,2,2,1.0,3.0,0.0,7.0,0.0,0.0,2.0,15.0,1,1,3.0,2.0,2.0,2.0,0.0,70.0,1,0.0,1.0,2,1,2,2,0,0,0,4,2,2,0,0,0,2,0,2,0,1,0,0,0,2,16,30
200900045731,9,10,22,1,2,3,1.0,3.0,0.0,7.0,0.0,0.0,2.0,16.0,1,1,4.0,2.0,2.0,1.0,0.0,100.0,1,0.0,1.0,2,1,2,2,0,0,0,4,0,2,0,0,2,2,0,2,0,1,0,1,0,2,17,40
200700055602,7,9,25,1,2,1,8.0,2.0,0.0,7.0,0.0,0.0,2.0,17.0,1,-1,4.0,2.0,2.0,1.0,0.0,70.0,1,0.0,1.0,2,1,2,2,0,0,0,4,2,0,2,0,0,0,2,2,0,1,1,0,0,2,18,10
200800045035,8,8,28,1,2,1,1.0,6.0,1.0,10.0,0.0,0.0,1.0,1.0,3,-1,3.0,2.0,2.0,1.0,0.0,0.0,1,0.0,1.0,1,2,0,1,0,1,0,0,0,1,0,0,0,1,0,0,0,1,0,0,0,2,8,55
200500007694,5,2,22,1,2,2,1.0,1.0,0.0,7.0,0.0,0.0,2.0,0.0,1,-1,4.0,1.0,1.0,1.0,0.0,58.0,1,0.0,1.0,2,3,2,2,0,0,0,4,0,2,2,0,0,4,0,0,0,1,0,0,0,3,12,15
200900009317,9,6,24,1,2,1,1.0,6.0,0.0,34.0,0.0,0.0,0.0,3.0,3,-1,4.0,2.0,0.0,1.0,0.0,0.0,1,0.0,1.0,1,3,1,1,0,1,0,1,0,1,0,0,1,0,0,2,0,1,0,0,0,3,20,0
201200007782,12,7,20,1,1,1,2.0,3.0,0.0,7.0,0.0,0.0,2.0,13.0,1,-1,2.0,2.0,2.0,1.0,0.0,77.0,1,0.0,1.0,2,3,10,2,4,0,4,4,0,8,2,0,2,4,4,4,0,1,0,1,0,4,14,45
200600036014,6,6,9,5,2,1,1.0,6.0,0.0,7.0,0.0,0.0,1.0,1.0,2,1,3.0,2.0,4.0,1.0,20.0,180.0,1,0.0,1.0,1,1,3,0,0,1,1,1,1,1,0,0,1,0,1,2,0,1,0,0,0,2,22,30
200500070285,5,11,16,5,2,1,8.0,3.0,0.0,7.0,0.0,8.0,2.0,13.0,1,1,3.0,2.0,2.0,1.0,60.0,0.0,1,0.0,1.0,2,3,2,4,0,0,2,4,0,2,4,0,0,0,0,0,6,1,1,0,0,3,19,0
201200006142,12,7,23,1,1,1,1.0,1.0,0.0,7.0,0.0,0.0,2.0,1.0,1,1,3.0,2.0,2.0,0.0,0.0,41.0,1,0.0,1.0,2,1,4,0,0,0,0,4,0,0,0,2,2,4,0,0,0,1,0,1,0,4,14,15
201000060416,10,1,30,5,2,5,1.0,3.0,0.0,10.0,0.0,0.0,2.0,15.0,1,-1,4.0,1.0,2.0,1.0,0.0,102.0,1,5.0,1.0,2,1,2,2,0,0,0,4,0,0,2,0,2,0,0,4,0,1,0,1,0,2,18,40
201000027198,10,6,3,1,2,1,1.0,3.0,0.0,1.0,0.0,0.0,0.0,2.0,1,-1,9.0,0.0,1.0,1.0,0.0,0.0,1,6.0,1.0,2,2,4,0,0,0,0,4,0,0,4,0,0,0,4,0,0,0,0,0,0,2,15,7
200800006491,8,2,25,1,2,2,1.0,3.0,0.0,7.0,0.0,0.0,2.0,1.0,1,1,2.0,2.0,2.0,2.0,100.0,0.0,1,5.0,1.0,2,2,2,6,2,0,2,4,2,4,2,0,0,2,2,0,4,1,0,0,0,2,17,45
201300016938,13,10,26,5,2,1,1.0,7.0,0.0,30.0,0.0,0.0,0.0,1.0,1,2,4.0,2.0,2.0,1.0,0.0,0.0,1,0.0,1.0,1,2,1,0,0,0,0,1,0,0,1,0,0,0,1,0,0,0,0,0,0,2,23,20
200900020283,9,9,3,1,2,1,1.0,3.0,0.0,10.0,0.0,0.0,2.0,11.0,1,1,4.0,1.0,0.0,1.0,0.0,108.0,1,0.0,1.0,2,1,4,0,0,0,0,4,0,2,0,2,0,2,0,2,0,1,0,0,0,2,10,5
201500045919,15,10,4,1,1,1,1.0,2.0,0.0,7.0,0.0,0.0,2.0,1.0,1,1,1.0,3.0,8.0,1.0,0.0,-1.0,1,0.0,1.0,2,1,2,2,0,0,0,4,0,0,4,0,0,2,0,0,2,1,1,0,0,3,12,40
201300031848,13,10,24,1,2,1,1.0,6.0,0.0,1.0,0.0,0.0,4.0,1.0,1,-1,4.0,0.0,0.0,1.0,0.0,0.0,1,0.0,1.0,2,2,4,0,0,0,0,4,0,2,0,2,0,2,0,2,0,1,0,0,0,2,7,40
201200058881,12,9,18,1,2,1,1.0,6.0,0.0,34.0,0.0,1.0,2.0,1.0,1,-1,4.0,1.0,3.0,1.0,0.0,0.0,1,0.0,1.0,2,2,4,0,0,0,0,4,0,4,0,0,0,4,0,0,0,1,0,1,0,2,10,5
201700013651,17,9,21,2,1,1,1.0,1.0,1.0,30.0,0.0,0.0,2.0,13.0,1,2,4.0,2.0,2.0,1.0,0.0,30.0,1,0.0,1.0,2,3,2,2,0,0,0,4,0,0,2,0,2,2,0,2,0,1,0,0,0,3,20,0
201200021867,12,3,31,3,1,1,1.0,6.0,0.0,7.0,0.0,4.0,0.0,11.0,1,-1,3.0,1.0,2.0,2.0,0.0,71.0,1,0.0,3.0,1,3,1,0,0,0,0,1,0,0,1,0,0,1,0,0,0,0,0,1,0,3,0,1
200500045063,5,7,3,1,2,1,1.0,2.0,0.0,3.0,0.0,0.0,2.0,15.0,1,1,9.0,2.0,2.0,2.0,0.0,0.0,1,0.0,1.0,2,1,6,2,0,0,4,4,0,4,4,0,0,4,0,4,0,1,1,0,0,3,14,55
201300019499,13,8,12,2,2,1,1.0,3.0,0.0,7.0,0.0,0.0,9.0,12.0,1,1,3.0,0.0,2.0,0.0,0.0,0.0,1,0.0,1.0,2,1,4,0,0,0,0,4,0,4,0,0,0,0,0,2,2,0,0,0,0,3,19,44
200500001306,5,1,11,3,1,2,1.0,3.0,0.0,17.0,0.0,0.0,2.0,1.0,1,1,2.0,2.0,2.0,4.0,0.0,260.0,1,0.0,1.0,2,1,4,0,0,0,0,4,2,2,0,0,0,2,0,2,0,1,0,1,0,2,17,45
201600021935,16,10,7,1,2,1,1.0,4.0,1.0,7.0,0.0,0.0,2.0,1.0,1,1,4.0,2.0,2.0,1.0,0.0,0.0,1,0.0,1.0,4,1,20,4,4,0,4,16,0,20,0,0,4,8,0,16,0,1,0,0,0,2,8,45
200900025740,9,7,24,1,2,1,1.0,6.0,0.0,37.0,1.0,0.0,1.0,1.0,1,1,4.0,3.0,4.0,1.0,0.0,120.0,1,0.0,1.0,1,1,2,0,0,1,0,1,0,1,0,1,0,2,0,0,0,0,1,0,0,2,18,30
200700015061,7,3,1,5,2,1,2.0,3.0,0.0,7.0,0.0,0.0,2.0,15.0,1,1,4.0,3.0,4.0,1.0,0.0,120.0,1,0.0,1.0,2,1,2,2,0,0,0,4,0,0,0,0,4,4,0,0,0,1,0,0,0,3,18,53
200500021968,5,4,27,1,2,4,1.0,3.0,0.0,7.0,0.0,0.0,2.0,15.0,1,1,3.0,2.0,2.0,1.0,0.0,66.0,1,0.0,1.0,2,1,4,0,0,0,0,4,0,0,2,0,2,4,0,0,0,1,0,0,0,3,9,50
201100025650,11,9,23,1,2,1,1.0,2.0,0.0,30.0,0.0,0.0,0.0,2.0,1,2,4.0,2.0,2.0,1.0,0.0,0.0,1,0.0,1.0,2,2,2,2,0,0,0,4,0,0,0,0,4,2,0,2,0,0,1,0,0,2,14,25
201300040966,13,10,7,1,2,1,1.0,6.0,1.0,2.0,0.0,1.0,0.0,0.0,1,2,9.0,2.0,1.0,1.0,0.0,0.0,1,0.0,1.0,1,3,1,0,0,0,0,1,0,1,0,0,0,0,0,1,0,0,0,0,0,3,17,55
200700020766,7,4,5,1,2,1,1.0,3.0,0.0,32.0,0.0,0.0,2.0,1.0,1,2,4.0,2.0,5.0,1.0,0.0,125.0,1,0.0,1.0,2,3,2,2,0,0,0,4,0,4,0,0,0,2,0,2,0,1,0,1,0,3,8,40
201000052337,10,2,4,1,2,2,1.0,2.0,0.0,7.0,0.0,0.0,2.0,18.0,1,1,2.0,2.0,2.0,1.0,0.0,0.0,1,0.0,1.0,2,2,6,2,2,0,2,4,6,0,0,2,0,8,0,0,0,1,1,0,0,2,15,30
201100060820,11,2,27,5,2,2,1.0,6.0,0.0,7.0,0.0,0.0,1.0,1.0,1,-1,4.0,0.0,4.0,1.0,0.0,150.0,1,0.0,1.0,1,1,1,1,0,1,0,1,0,2,0,0,0,2,0,0,0,1,0,0,0,2,23,10
200700053664,7,9,12,1,1,1,1.0,7.0,0.0,33.0,0.0,8.0,0.0,1.0,1,2,3.0,2.0,0.0,1.0,11.0,65.0,1,0.0,1.0,1,4,1,0,0,0,0,1,0,0,1,0,0,0,0,1,0,1,0,0,0,4,19,30
201000057131,10,3,9,1,1,1,1.0,4.0,0.0,7.0,0.0,0.0,2.0,2.0,1,1,1.0,1.0,3.0,1.0,15.0,105.0,1,0.0,1.0,3,1,9,6,6,0,0,9,0,3,6,0,6,3,3,9,0,1,1,0,0,2,9,50
201100035446,11,5,18,1,2,1,1.0,6.0,1.0,7.0,0.0,0.0,2.0,1.0,3,-1,4.0,2.0,1.0,1.0,0.0,0.0,1,0.0,1.0,1,2,1,0,0,1,0,0,0,1,0,0,0,0,1,0,0,0,0,0,0,2,16,40
201500006298,15,6,30,1,1,3,1.0,3.0,0.0,7.0,0.0,0.0,2.0,9.0,1,1,3.0,2.0,2.0,1.0,0.0,107.0,1,5.0,1.0,2,1,2,2,0,0,0,4,2,0,0,0,2,4,0,0,0,1,0,0,0,3,20,30
200800065671,8,11,10,1,2,1,1.0,6.0,0.0,7.0,0.0,0.0,1.0,0.0,1,1,4.0,2.0,2.0,1.0,0.0,58.0,1,0.0,1.0,1,1,1,1,0,1,0,1,0,0,2,0,0,0,1,1,0,0,0,1,0,3,16,55
201100015818,11,4,24,1,2,2,1.0,3.0,0.0,32.0,0.0,0.0,2.0,1.0,1,2,4.0,1.0,3.0,3.0,0.0,0.0,1,0.0,1.0,2,2,4,0,0,0,0,4,0,0,4,0,0,2,0,2,0,1,0,1,0,2,21,33
200700021101,7,4,12,1,2,1,1.0,7.0,0.0,7.0,0.0,0.0,1.0,4.0,1,1,4.0,1.0,1.0,1.0,0.0,0.0,1,6.0,4.0,1,1,0,2,0,1,0,1,2,0,0,0,0,0,0,1,1,0,0,0,0,2,18,20
200800057058,8,10,29,5,2,1,1.0,6.0,0.0,7.0,0.0,14.0,0.0,2.0,1,-1,9.0,3.0,2.0,1.0,0.0,0.0,1,5.0,4.0,1,3,2,0,0,0,1,1,0,1,0,1,0,2,0,0,0,1,0,0,0,3,22,8
201700030951,17,11,8,1,2,1,1.0,7.0,0.0,33.0,0.0,16.0,0.0,1.0,1,2,9.0,0.0,0.0,0.0,0.0,0.0,-1,0.0,1.0,1,2,1,0,0,0,0,1,0,1,0,0,0,1,0,0,0,0,0,0,0,2,17,14
200800055719,8,10,19,1,1,1,1.0,4.0,0.0,7.0,0.0,0.0,2.0,23.0,1,1,2.0,3.0,0.0,1.0,0.0,0.0,1,0.0,1.0,4,1,8,12,0,0,4,16,0,4,16,0,0,8,0,12,0,1,1,0,0,2,15,30
200900007457,9,2,22,1,1,1,1.0,6.0,0.0,7.0,0.0,2.0,0.0,13.0,1,1,3.0,2.0,2.0,1.0,0.0,70.0,1,0.0,3.0,1,3,1,1,0,0,0,2,0,1,1,0,0,0,0,0,2,1,0,0,0,4,14,45
201500027281,15,7,30,1,2,2,1.0,3.0,0.0,7.0,0.0,0.0,2.0,19.0,1,1,3.0,2.0,1.0,1.0,0.0,0.0,1,0.0,1.0,2,2,2,2,0,0,0,4,2,2,0,0,0,0,0,2,2,1,0,1,0,3,10,19
201000023945,10,6,16,1,2,1,2.0,1.0,0.0,7.0,0.0,0.0,2.0,1.0,1,1,4.0,2.0,2.0,2.0,0.0,70.0,1,0.0,1.0,2,1,2,4,0,0,2,4,0,6,0,0,0,0,0,6,0,1,0,0,0,2,18,55
200700008552,7,2,10,5,2,2,2.0,2.0,1.0,7.0,0.0,0.0,2.0,1.0,1,-1,4.0,2.0,2.0,1.0,0.0,68.0,1,0.0,1.0,2,2,2,0,0,0,0,2,0,2,0,0,0,2,0,0,0,0,0,1,0,2,21,15
201100016588,11,5,14,1,2,1,8.0,3.0,0.0,7.0,0.0,0.0,2.0,1.0,1,1,3.0,2.0,2.0,2.0,0.0,92.0,1,0.0,1.0,2,2,2,6,0,0,4,4,0,4,4,0,0,4,2,2,0,1,0,1,0,4,15,30
201000043768,10,4,24,1,2,3,1.0,3.0,0.0,7.0,0.0,0.0,2.0,1.0,1,1,4.0,4.0,3.0,1.0,0.0,0.0,1,5.0,1.0,2,1,2,8,2,0,4,4,0,0,10,0,0,6,0,4,0,1,0,0,0,2,20,15
201400046658,14,7,18,1,1,1,1.0,7.0,0.0,7.0,0.0,0.0,0.0,0.0,1,1,1.0,3.0,3.0,1.0,70.0,105.0,1,0.0,3.0,1,2,1,1,0,0,1,1,0,0,2,0,0,1,0,0,1,0,0,0,1,2,16,0
200500065610,5,10,7,5,2,7,1.0,3.0,0.0,7.0,0.0,0.0,2.0,1.0,1,1,4.0,3.0,4.0,1.0,14.0,132.0,1,5.0,1.0,2,1,2,2,0,0,0,4,0,0,2,0,2,0,0,4,0,1,0,0,0,3,3,45
200800044029,8,8,10,1,2,1,1.0,6.0,0.0,33.0,0.0,0.0,2.0,17.0,1,2,3.0,2.0,2.0,1.0,0.0,72.0,1,0.0,1.0,2,3,2,4,0,0,2,4,0,2,4,0,0,6,0,0,0,1,0,1,0,3,18,0
201400016592,14,8,30,1,2,1,1.0,3.0,0.0,32.0,0.0,0.0,2.0,2.0,1,-1,3.0,0.0,1.0,1.0,0.0,25.0,1,0.0,1.0,2,2,4,0,0,0,0,4,0,2,2,0,0,4,0,0,0,1,0,0,0,2,12,40
201100048649,11,9,22,1,2,1,1.0,3.0,0.0,2.0,0.0,0.0,2.0,13.0,1,-1,3.0,2.0,2.0,1.0,0.0,60.0,1,0.0,1.0,2,2,2,0,0,0,0,2,0,0,0,0,2,0,0,2,0,1,0,1,0,2,10,30
201500047168,15,6,5,1,1,1,1.0,7.0,0.0,33.0,0.0,0.0,0.0,21.0,1,2,2.0,3.0,4.0,1.0,15.0,140.0,1,0.0,1.0,1,2,1,0,0,0,0,1,0,1,0,0,0,1,0,0,0,0,0,0,0,2,17,30
201700019868,17,6,1,1,2,1,1.0,6.0,0.0,10.0,0.0,0.0,1.0,1.0,1,-1,4.0,2.0,2.0,1.0,0.0,0.0,1,0.0,1.0,1,1,2,0,0,1,0,1,0,0,1,1,0,0,0,0,2,0,1,0,0,3,10,0
201000041887,10,6,14,1,2,1,1.0,2.0,0.0,7.0,0.0,0.0,2.0,2.0,1,-1,4.0,2.0,2.0,1.0,0.0,63.0,1,0.0,1.0,2,1,2,2,0,0,0,4,0,4,0,0,0,2,0,2,0,1,1,0,0,2,18,15
201000052024,10,6,26,1,2,1,1.0,7.0,0.0,7.0,0.0,1.0,0.0,1.0,1,0,4.0,2.0,2.0,1.0,0.0,0.0,1,0.0,1.0,1,2,0,1,0,0,0,1,1,0,0,0,0,1,0,0,0,1,0,0,0,2,14,20
201500051065,15,4,18,5,2,1,1.0,6.0,0.0,1.0,0.0,1.0,0.0,14.0,1,-1,4.0,2.0,2.0,1.0,0.0,0.0,1,0.0,3.0,1,2,1,0,0,0,0,1,0,0,1,0,0,0,0,1,0,1,0,0,0,2,2,9
200700000619,7,1,2,1,2,1,9.0,1.0,0.0,3.0,0.0,0.0,2.0,15.0,1,0,3.0,2.0,3.0,2.0,0.0,166.0,1,5.0,1.0,2,3,0,6,0,0,2,4,0,2,2,2,0,2,0,0,4,1,0,0,0,4,14,30
201600041217,16,6,16,1,2,1,2.0,6.0,0.0,7.0,0.0,0.0,1.0,4.0,1,1,9.0,0.0,0.0,1.0,0.0,0.0,1,0.0,0.0,1,1,1,1,0,1,0,1,2,0,0,0,0,1,0,0,1,0,1,0,0,3,17,51
201700035182,17,12,1,3,1,1,4.0,6.0,2.0,7.0,0.0,2.0,1.0,1.0,1,1,3.0,3.0,4.0,1.0,0.0,0.0,0,0.0,3.0,1,1,2,0,0,1,0,1,0,0,1,1,0,2,0,0,0,1,0,0,0,2,1,0
200700007392,7,2,9,3,1,1,1.0,2.0,0.0,10.0,0.0,0.0,2.0,1.0,1,1,1.0,1.0,2.0,3.0,80.0,70.0,1,0.0,1.0,2,3,4,0,0,0,0,4,0,0,0,4,0,4,0,0,0,1,1,0,0,3,5,30
200900063966,9,11,3,1,2,2,1.0,3.0,0.0,7.0,0.0,0.0,4.0,1.0,1,-1,3.0,2.0,2.0,3.0,0.0,60.0,1,4.0,1.0,2,4,4,0,0,0,0,4,0,0,2,2,0,2,0,0,2,1,0,0,0,4,8,30
201400044889,14,12,12,5,2,6,2.0,7.0,0.0,7.0,0.0,0.0,2.0,16.0,1,1,2.0,2.0,2.0,1.0,0.0,0.0,1,0.0,1.0,2,1,4,0,0,0,0,4,2,2,0,0,0,4,0,0,0,1,0,0,0,2,22,50
200800046505,8,8,1,1,1,1,2.0,1.0,0.0,7.0,0.0,0.0,2.0,13.0,1,1,2.0,2.0,3.0,2.0,0.0,109.0,1,0.0,1.0,2,3,4,2,0,0,2,4,0,4,2,0,0,0,0,2,4,1,0,0,0,3,20,0
200700051483,7,8,9,1,2,1,1.0,2.0,0.0,7.0,0.0,0.0,2.0,2.0,1,1,3.0,2.0,0.0,2.0,0.0,80.0,1,0.0,1.0,2,1,4,0,0,0,0,4,2,0,0,0,2,0,0,2,2,1,1,0,0,2,19,15
201500037058,15,11,17,1,1,1,2.0,2.0,0.0,7.0,0.0,0.0,2.0,2.0,1,1,2.0,3.0,4.0,1.0,0.0,0.0,1,0.0,1.0,2,1,4,2,0,0,2,4,0,6,0,0,0,2,0,0,4,1,1,0,0,2,13,50
201700025634,17,2,8,1,2,3,1.0,6.0,1.0,7.0,0.0,0.0,1.0,1.0,1,-1,4.0,2.0,2.0,1.0,0.0,0.0,1,0.0,1.0,1,1,2,0,0,1,0,1,0,2,0,0,0,1,0,1,0,1,0,0,0,2,15,45
201200018811,12,6,13,1,1,1,1.0,5.0,0.0,15.0,0.0,0.0,2.0,1.0,1,1,2.0,2.0,2.0,0.0,0.0,74.0,-1,0.0,1.0,3,2,9,3,0,0,3,9,0,6,3,3,0,0,0,0,12,0,0,0,0,4,13,50
200800014934,8,3,18,1,2,1,1.0,2.0,0.0,7.0,0.0,0.0,2.0,2.0,1,1,4.0,1.0,2.0,1.0,0.0,120.0,1,0.0,1.0,2,1,4,0,0,0,0,4,0,0,0,2,2,2,0,0,2,1,1,0,0,2,12,5
200800038818,8,7,21,5,2,1,1.0,6.0,0.0,30.0,0.0,1.0,0.0,0.0,1,-1,4.0,2.0,2.0,1.0,0.0,0.0,1,0.0,1.0,1,1,2,0,0,0,1,1,0,1,1,0,0,0,0,2,0,1,0,0,0,2,5,40
201400044990,14,6,20,1,2,1,1.0,3.0,0.0,33.0,0.0,0.0,2.0,1.0,1,2,3.0,2.0,2.0,4.0,0.0,100.0,1,0.0,1.0,2,2,0,4,0,0,0,4,0,0,2,0,2,4,0,0,0,0,0,1,0,2,19,5
200500013760,5,3,24,1,1,1,1.0,1.0,0.0,7.0,0.0,0.0,2.0,5.0,1,1,3.0,2.0,2.0,1.0,0.0,57.0,1,0.0,1.0,2,4,4,0,0,0,0,4,0,0,2,2,0,2,0,0,2,1,0,0,0,4,15,30
200600047200,6,8,11,1,2,3,1.0,3.0,0.0,32.0,0.0,0.0,2.0,1.0,1,2,3.0,3.0,7.0,1.0,46.0,204.0,1,0.0,1.0,2,2,4,0,0,0,0,4,0,0,0,0,4,2,0,2,0,1,0,0,0,2,9,0
200700065858,7,10,21,5,2,1,1.0,3.0,0.0,7.0,0.0,0.0,2.0,0.0,1,1,3.0,2.0,2.0,1.0,0.0,60.0,1,0.0,1.0,2,2,2,2,0,0,0,4,0,0,2,2,0,2,0,2,0,1,0,0,0,2,1,55
200900067081,9,9,28,1,2,1,1.0,5.0,0.0,7.0,0.0,0.0,2.0,16.0,1,1,4.0,2.0,2.0,1.0,0.0,80.0,1,0.0,1.0,3,1,6,3,0,0,0,9,0,0,0,6,3,6,0,3,0,1,1,0,0,2,13,5
201000019807,10,5,15,1,2,1,1.0,2.0,0.0,7.0,0.0,0.0,2.0,0.0,1,1,4.0,2.0,1.0,1.0,0.0,40.0,1,0.0,1.0,2,1,4,2,0,0,2,4,0,0,6,0,0,6,0,0,0,1,1,0,0,2,20,10
201200020830,12,10,24,1,2,1,1.0,2.0,0.0,7.0,0.0,0.0,2.0,17.0,1,1,4.0,2.0,2.0,0.0,0.0,0.0,-1,0.0,1.0,2,1,4,2,2,0,0,4,0,2,0,4,0,4,0,2,0,1,1,0,0,2,8,5
200700038114,7,6,22,1,1,1,1.0,6.0,0.0,7.0,0.0,0.0,0.0,1.0,1,1,1.0,3.0,2.0,1.0,15.0,75.0,1,0.0,1.0,1,2,0,1,0,0,0,1,0,0,1,0,0,0,0,1,0,0,0,0,1,2,18,45
201400011209,14,7,8,1,2,1,1.0,6.0,0.0,7.0,0.0,0.0,1.0,1.0,1,1,4.0,3.0,4.0,1.0,0.0,0.0,1,0.0,1.0,1,1,1,1,0,1,0,1,0,2,0,0,0,1,0,1,0,0,0,1,0,2,14,55
201400010055,14,6,24,1,2,1,1.0,3.0,0.0,7.0,0.0,0.0,0.0,15.0,1,-1,4.0,2.0,2.0,1.0,30.0,30.0,1,0.0,1.0,2,1,4,0,0,0,0,4,2,2,0,0,0,0,0,2,2,1,0,0,0,3,12,0