Num_Acc,an,mois,jour,lum,agg,int,atm,col,senc,catv,occutc,obs,obsm,manv,catu,secu,catr,circ,nbv,prof,lartpc,larrout,surf,infra,situ,nb_veh,grav_simpl,Homme,Femme,Arrière,Autre_x,Avant,Conducteur,Autre_y,Inconnu,Loisirs,Professionnel,Travail,Adulte,Enfant,Jeune,Senior,choc_avant,choc_arriere,choc_lateral,choc_multiple,grav_order_max,heure,minute
201400028708,14,6,25,1,2,1,1.0,6.0,0.0,30.0,0.0,0.0,1.0,1.0,1,2,4.0,2.0,2.0,1.0,0.0,60.0,1,0.0,1.0,1,1,0,2,0,1,0,1,0,1,0,0,1,1,0,1,0,1,0,0,0,2,17,5
200600027034,6,5,31,1,2,1,1.0,6.0,0.0,30.0,0.0,0.0,2.0,17.0,1,2,4.0,2.0,2.0,1.0,0.0,0.0,1,0.0,1.0,2,2,4,0,0,0,0,4,2,0,0,2,0,4,0,0,0,1,0,0,0,2,14,45
200800018116,8,4,23,1,1,1,1.0,3.0,0.0,7.0,0.0,0.0,2.0,1.0,1,1,3.0,2.0,0.0,1.0,0.0,49.0,1,0.0,1.0,2,1,2,4,0,0,2,4,2,4,0,0,0,0,0,0,6,1,0,1,0,3,18,45
200500042264,5,7,24,1,1,1,1.0,7.0,0.0,5.0,0.0,0.0,0.0,1.0,1,2,9.0,1.0,1.0,1.0,0.0,40.0,1,3.0,1.0,1,3,1,0,0,0,0,1,0,0,1,0,0,0,0,1,0,0,0,1,0,3,9,0
201300054011,13,2,5,1,2,4,1.0,6.0,0.0,7.0,0.0,1.0,0.0,14.0,1,1,4.0,1.0,1.0,1.0,0.0,60.0,1,0.0,1.0,1,2,0,1,0,0,0,1,0,0,1,0,0,0,0,0,1,1,0,0,0,2,13,15
200500045844,5,7,7,5,2,1,1.0,6.0,0.0,7.0,0.0,0.0,1.0,1.0,1,-1,4.0,1.0,4.0,1.0,0.0,120.0,1,0.0,1.0,1,1,1,1,0,1,0,1,0,0,1,1,0,0,0,2,0,1,0,0,0,3,1,30
200600056854,6,9,6,1,2,1,1.0,6.0,0.0,7.0,0.0,0.0,1.0,1.0,1,1,4.0,1.0,1.0,1.0,0.0,60.0,1,0.0,1.0,1,1,1,1,0,1,0,1,0,0,2,0,0,1,1,0,0,1,0,0,0,2,16,45
200500032996,5,6,24,1,2,1,1.0,6.0,0.0,7.0,0.0,0.0,1.0,1.0,1,1,6.0,0.0,2.0,1.0,0.0,40.0,1,0.0,1.0,1,1,1,1,0,1,0,1,2,0,0,0,0,0,0,0,2,1,0,0,0,2,18,0
201200021241,12,5,7,1,2,3,1.0,3.0,0.0,2.0,0.0,0.0,2.0,1.0,1,2,4.0,2.0,3.0,2.0,21.0,120.0,1,0.0,1.0,2,3,2,2,0,0,0,4,0,0,2,0,2,2,0,2,0,1,0,0,0,3,13,40
200900005647,9,5,18,1,2,1,1.0,2.0,0.0,7.0,0.0,0.0,2.0,2.0,1,-1,4.0,2.0,1.0,1.0,0.0,35.0,1,0.0,1.0,2,1,2,4,2,0,0,4,4,0,2,0,0,4,2,0,0,1,1,0,0,2,9,30
200900022849,9,3,4,5,2,1,2.0,1.0,0.0,7.0,0.0,0.0,2.0,2.0,1,1,4.0,2.0,2.0,2.0,0.0,0.0,1,0.0,1.0,2,2,2,4,0,0,2,4,0,6,0,0,0,0,0,6,0,1,0,0,0,2,19,45
200900022577,9,2,3,1,2,1,1.0,6.0,0.0,7.0,0.0,1.0,0.0,0.0,2,-1,4.0,0.0,2.0,1.0,70.0,30.0,1,0.0,1.0,1,2,2,0,0,0,1,1,1,1,0,0,0,0,0,2,0,0,1,0,0,2,7,0
200800010565,8,2,16,2,1,1,1.0,5.0,0.0,15.0,0.0,0.0,2.0,12.0,1,1,1.0,3.0,6.0,1.0,5.0,210.0,1,0.0,1.0,3,1,3,6,0,0,0,9,3,0,0,3,3,9,0,0,0,1,0,1,0,2,17,30
201500030346,15,8,1,1,1,4,1.0,3.0,0.0,7.0,0.0,0.0,2.0,15.0,1,1,3.0,1.0,0.0,1.0,0.0,60.0,1,5.0,1.0,2,1,6,2,4,0,0,4,0,2,6,0,0,2,2,4,0,1,0,0,0,2,18,5
200900032195,9,9,22,1,2,2,1.0,1.0,0.0,10.0,0.0,0.0,2.0,9.0,1,1,4.0,2.0,2.0,1.0,0.0,73.0,1,0.0,1.0,2,1,4,0,0,0,0,4,0,0,0,4,0,2,0,2,0,1,0,0,0,2,16,15
201700008006,17,7,18,1,2,1,1.0,6.0,1.0,7.0,0.0,0.0,9.0,22.0,1,-1,4.0,2.0,2.0,1.0,0.0,70.0,1,0.0,1.0,2,1,2,2,0,0,0,4,0,4,0,0,0,4,0,0,0,1,0,0,0,3,18,40
201000019313,10,9,19,3,1,1,1.0,2.0,0.0,7.0,0.0,0.0,0.0,0.0,1,1,3.0,0.0,2.0,0.0,40.0,30.0,1,0.0,1.0,2,2,2,2,0,0,0,4,0,4,0,0,0,0,0,4,0,0,1,0,0,2,1,5
200700073775,7,11,29,1,1,1,2.0,1.0,0.0,7.0,0.0,0.0,2.0,1.0,1,1,3.0,2.0,2.0,2.0,0.0,54.0,0,0.0,1.0,2,3,0,4,0,0,0,4,0,0,4,0,0,4,0,0,0,1,0,0,0,3,9,45
201300035858,13,10,10,2,2,2,2.0,7.0,0.0,30.0,0.0,0.0,0.0,16.0,1,2,3.0,2.0,2.0,1.0,0.0,55.0,1,0.0,0.0,1,2,0,1,0,0,0,1,1,0,0,0,0,0,1,0,0,0,0,1,0,2,7,50
200600061924,6,10,3,1,2,6,1.0,2.0,1.0,7.0,0.0,0.0,2.0,2.0,1,1,4.0,2.0,2.0,2.0,0.0,0.0,1,0.0,1.0,2,2,0,2,0,0,0,2,0,0,2,0,0,0,0,2,0,1,1,0,0,2,15,35
201400010777,14,5,21,1,1,3,1.0,3.0,0.0,32.0,0.0,0.0,2.0,0.0,1,2,4.0,2.0,2.0,2.0,25.0,50.0,1,0.0,1.0,2,2,2,2,0,0,0,4,0,0,4,0,0,4,0,0,0,1,0,1,0,2,13,0
201200045954,12,10,23,2,2,1,1.0,6.0,0.0,7.0,0.0,0.0,1.0,1.0,1,1,4.0,2.0,2.0,1.0,0.0,0.0,1,0.0,1.0,1,1,1,1,0,1,0,1,1,1,0,0,0,1,1,0,0,1,0,0,0,2,8,15
200600067669,6,11,13,1,2,1,1.0,4.0,0.0,7.0,0.0,0.0,2.0,2.0,1,1,4.0,2.0,3.0,1.0,0.0,0.0,1,0.0,1.0,3,1,12,3,6,0,0,9,0,6,3,0,6,9,6,0,0,1,1,0,0,2,8,15
200900011868,9,1,30,1,2,3,1.0,1.0,0.0,2.0,0.0,0.0,2.0,1.0,1,2,4.0,2.0,2.0,1.0,0.0,96.0,1,0.0,1.0,2,2,4,0,0,0,0,4,4,0,0,0,0,0,2,2,0,1,0,0,0,2,15,0
201200049631,12,9,29,3,1,1,3.0,6.0,0.0,10.0,0.0,4.0,0.0,1.0,1,1,1.0,1.0,2.0,2.0,0.0,-1.0,0,0.0,2.0,1,2,0,1,0,0,0,1,0,0,1,0,0,0,0,1,0,1,0,0,0,2,0,15
201200018340,12,9,14,5,2,2,1.0,3.0,0.0,7.0,0.0,0.0,2.0,15.0,1,1,3.0,2.0,2.0,2.0,0.0,0.0,1,0.0,1.0,2,1,6,2,2,0,2,4,0,0,6,0,2,2,2,4,0,0,0,1,0,2,20,45
201000017991,10,9,12,1,1,1,1.0,2.0,0.0,7.0,0.0,13.0,2.0,1.0,1,1,1.0,3.0,3.0,1.0,15.0,210.0,1,0.0,1.0,2,3,0,4,0,0,0,4,0,0,4,0,0,0,0,2,2,1,1,0,0,3,15,30
200500000975,5,1,15,1,1,1,1.0,1.0,0.0,7.0,0.0,1.0,2.0,1.0,1,1,3.0,2.0,2.0,4.0,0.0,69.0,1,0.0,1.0,2,1,2,2,0,0,0,4,0,0,2,0,2,0,0,4,0,1,1,0,0,3,14,30
200700062597,7,10,4,5,2,2,1.0,6.0,0.0,7.0,0.0,0.0,1.0,1.0,1,1,3.0,3.0,2.0,2.0,0.0,175.0,1,5.0,1.0,3,1,3,6,0,0,0,9,6,0,3,0,0,3,0,3,3,1,0,1,0,4,20,35
200900022508,9,5,2,2,1,1,1.0,7.0,0.0,7.0,0.0,13.0,0.0,13.0,1,1,3.0,2.0,2.0,2.0,0.0,70.0,1,0.0,3.0,1,3,1,0,0,0,0,1,0,0,1,0,0,1,0,0,0,1,0,0,0,3,5,15
201400003329,14,1,2,1,1,2,1.0,3.0,0.0,7.0,0.0,0.0,2.0,19.0,1,1,3.0,2.0,2.0,1.0,0.0,53.0,1,5.0,1.0,2,3,2,2,0,0,0,4,0,0,4,0,0,0,0,0,4,1,0,0,0,3,10,30
201000000736,10,11,11,2,2,1,2.0,6.0,0.0,36.0,0.0,8.0,0.0,13.0,1,2,4.0,2.0,1.0,1.0,0.0,35.0,1,0.0,3.0,1,2,1,1,0,0,1,1,0,1,1,0,0,0,0,2,0,1,0,0,0,3,17,15
201600007275,16,8,19,1,1,1,1.0,1.0,0.0,7.0,0.0,0.0,2.0,1.0,1,1,4.0,2.0,1.0,4.0,0.0,60.0,1,0.0,1.0,2,3,2,2,0,0,0,4,0,0,4,0,0,0,0,2,2,1,0,0,0,3,15,0
200900000941,9,2,19,1,2,2,1.0,3.0,0.0,7.0,0.0,0.0,2.0,10.0,1,1,4.0,2.0,2.0,1.0,0.0,140.0,1,0.0,1.0,2,1,4,0,0,0,0,4,0,0,2,2,0,2,0,0,2,1,0,0,0,2,10,50
201500041779,15,9,17,1,2,2,1.0,6.0,0.0,7.0,0.0,0.0,1.0,1.0,1,1,4.0,1.0,1.0,1.0,0.0,60.0,1,0.0,1.0,1,1,1,1,0,1,0,1,0,0,1,0,1,1,0,1,0,1,0,0,0,2,9,30
201000011869,10,5,27,1,2,1,1.0,3.0,0.0,7.0,0.0,0.0,2.0,15.0,1,1,3.0,2.0,0.0,1.0,0.0,62.0,-1,0.0,1.0,2,1,4,0,0,0,0,4,0,0,0,0,4,2,0,2,0,1,1,0,0,4,7,30
201200000554,12,4,29,3,1,1,1.0,7.0,0.0,7.0,0.0,0.0,0.0,21.0,1,1,3.0,2.0,2.0,1.0,0.0,70.0,1,0.0,1.0,1,2,1,0,0,0,0,1,0,0,1,0,0,0,0,0,1,0,0,0,0,2,2,45
201600010471,16,11,4,5,2,1,2.0,3.0,0.0,7.0,0.0,0.0,2.0,15.0,1,1,4.0,2.0,2.0,1.0,0.0,0.0,1,0.0,1.0,2,1,4,0,0,0,0,4,0,0,2,2,0,2,0,2,0,1,0,0,0,2,21,39
200800023029,8,1,16,1,2,1,1.0,2.0,0.0,7.0,0.0,0.0,0.0,1.0,1,1,2.0,2.0,2.0,1.0,0.0,60.0,1,5.0,1.0,2,1,0,4,0,0,0,4,0,0,2,2,0,0,0,4,0,1,1,0,0,2,16,50
201700028277,17,1,26,1,2,1,1.0,6.0,0.0,7.0,0.0,0.0,2.0,0.0,1,1,4.0,0.0,0.0,0.0,0.0,0.0,-1,0.0,0.0,2,2,2,0,0,0,0,2,0,2,0,0,0,0,0,2,0,0,0,0,0,2,18,0
201500043037,15,3,29,2,2,9,2.0,2.0,0.0,7.0,0.0,0.0,0.0,2.0,1,1,2.0,0.0,2.0,1.0,15.0,140.0,1,0.0,1.0,2,1,6,4,2,0,4,4,2,0,8,0,0,0,0,6,4,1,1,0,0,2,7,30
201500049267,15,1,28,5,1,1,2.0,7.0,0.0,7.0,0.0,6.0,0.0,9.0,1,1,4.0,1.0,1.0,1.0,0.0,32.0,1,0.0,1.0,1,2,0,1,0,0,0,1,0,0,1,0,0,0,0,0,1,1,0,0,0,2,18,0
200600078415,6,12,9,1,2,3,8.0,3.0,0.0,7.0,0.0,0.0,2.0,10.0,1,1,4.0,1.0,1.0,1.0,0.0,30.0,1,0.0,1.0,2,1,2,2,0,0,0,4,0,0,4,0,0,0,0,4,0,1,0,1,0,2,16,20
200600063572,6,10,20,1,2,1,2.0,3.0,0.0,5.0,0.0,0.0,2.0,3.0,1,2,4.0,2.0,6.0,1.0,0.0,180.0,1,0.0,1.0,2,2,4,0,0,0,0,4,0,0,0,4,0,4,0,0,0,1,1,0,0,2,8,50
200800013116,8,3,2,1,2,1,1.0,2.0,0.0,33.0,0.0,0.0,2.0,2.0,1,2,2.0,2.0,2.0,2.0,0.0,75.0,1,0.0,1.0,2,3,4,0,0,0,0,4,0,0,4,0,0,4,0,0,0,1,1,0,0,3,14,38
201400017893,14,8,30,1,2,1,1.0,3.0,0.0,7.0,0.0,0.0,2.0,1.0,1,1,3.0,2.0,2.0,1.0,12.0,89.0,1,0.0,1.0,2,2,2,2,0,0,0,4,0,0,4,0,0,0,0,0,4,1,0,0,0,3,10,45
200600060498,6,10,29,5,2,1,1.0,5.0,0.0,7.0,0.0,0.0,0.0,19.0,1,-1,4.0,3.0,7.0,1.0,0.0,0.0,1,0.0,1.0,3,1,9,0,0,0,0,9,3,3,3,0,0,3,0,3,3,1,1,0,0,2,23,30
201500004597,15,12,27,3,1,1,5.0,6.0,0.0,7.0,0.0,6.0,0.0,1.0,1,1,3.0,2.0,2.0,1.0,0.0,80.0,-1,0.0,1.0,1,2,1,0,0,0,0,1,0,1,0,0,0,0,0,1,0,1,0,0,0,2,5,30
201100009962,11,9,26,1,1,1,1.0,6.0,0.0,2.0,0.0,8.0,0.0,13.0,1,2,3.0,2.0,2.0,1.0,0.0,65.0,1,0.0,3.0,1,3,1,0,0,0,0,1,0,0,1,0,0,0,0,1,0,1,0,0,0,3,13,15
201300026897,13,11,12,1,2,3,1.0,3.0,0.0,7.0,0.0,0.0,2.0,9.0,1,-1,4.0,2.0,2.0,1.0,0.0,60.0,1,0.0,1.0,2,2,2,2,0,0,0,4,2,2,0,0,0,4,0,0,0,1,0,1,0,2,12,0
201400016677,14,12,17,5,2,1,1.0,6.0,0.0,7.0,0.0,0.0,1.0,1.0,1,1,4.0,2.0,2.0,2.0,0.0,70.0,1,0.0,1.0,1,1,1,1,0,1,0,1,0,0,2,0,0,0,1,0,1,1,0,0,0,3,18,45
200900031540,9,9,15,1,2,1,2.0,7.0,0.0,1.0,0.0,0.0,0.0,1.0,1,-1,4.0,1.0,3.0,1.0,0.0,77.0,1,0.0,1.0,1,2,0,1,0,0,0,1,0,0,1,0,0,0,0,0,1,0,0,0,0,2,11,2
200800032605,8,6,6,1,2,2,1.0,3.0,0.0,7.0,0.0,0.0,9.0,1.0,1,1,4.0,2.0,2.0,1.0,0.0,0.0,1,0.0,1.0,2,1,4,0,0,0,0,4,0,4,0,0,0,0,2,0,2,1,0,1,0,2,18,20
201000020138,10,10,23,5,2,2,1.0,3.0,0.0,7.0,0.0,0.0,2.0,0.0,1,1,3.0,3.0,2.0,1.0,0.0,52.0,1,5.0,1.0,2,2,6,2,4,0,0,4,2,2,0,4,0,4,0,2,2,1,0,1,0,2,1,46
200800011309,8,3,5,1,2,1,1.0,3.0,0.0,30.0,0.0,0.0,2.0,1.0,1,2,3.0,2.0,2.0,1.0,0.0,89.0,1,0.0,1.0,2,2,2,2,0,0,0,4,0,0,4,0,0,0,2,0,2,1,0,0,0,2,13,30
201400053214,14,5,14,5,2,1,1.0,6.0,0.0,32.0,0.0,15.0,0.0,1.0,1,2,4.0,1.0,0.0,1.0,0.0,50.0,1,0.0,4.0,1,3,1,0,0,0,0,1,0,1,0,0,0,1,0,0,0,1,0,0,0,3,1,23
201200027721,12,12,13,2,2,2,2.0,6.0,0.0,7.0,0.0,0.0,1.0,1.0,1,1,4.0,2.0,2.0,1.0,0.0,69.0,1,5.0,1.0,1,1,0,2,0,1,0,1,1,0,0,1,0,1,1,0,0,1,0,0,0,3,8,50
201600041409,16,4,1,5,2,1,1.0,3.0,0.0,7.0,0.0,0.0,2.0,2.0,1,1,3.0,2.0,4.0,1.0,0.0,0.0,1,0.0,1.0,2,1,4,2,2,0,0,4,0,6,0,0,0,4,2,0,0,1,0,1,0,2,23,10
201300007496,13,8,20,1,2,1,1.0,6.0,0.0,13.0,0.0,0.0,1.0,20.0,1,0,4.0,2.0,1.0,1.0,0.0,60.0,1,0.0,1.0,1,1,2,0,0,1,0,1,0,0,1,1,0,1,0,0,1,0,0,0,0,3,8,30
201300036335,13,6,23,1,1,3,1.0,3.0,0.0,1.0,0.0,0.0,2.0,15.0,1,0,3.0,2.0,2.0,1.0,105.0,77.0,1,0.0,1.0,2,3,4,0,0,0,0,4,0,0,2,2,0,4,0,0,0,0,0,1,0,3,14,0
200800071380,8,12,16,1,2,3,5.0,5.0,0.0,7.0,0.0,0.0,2.0,9.0,1,1,4.0,2.0,2.0,3.0,0.0,0.0,1,0.0,1.0,3,1,9,0,0,0,0,9,3,0,3,3,0,3,0,3,3,1,0,0,0,3,10,3
200900006896,9,4,28,1,2,3,1.0,6.0,0.0,7.0,0.0,0.0,2.0,1.0,1,-1,4.0,2.0,2.0,1.0,0.0,70.0,1,0.0,1.0,2,2,2,4,0,2,0,4,0,0,6,0,0,0,2,0,4,1,1,0,0,2,16,25
200700051713,7,8,15,5,2,1,1.0,6.0,0.0,30.0,0.0,11.0,0.0,0.0,1,2,4.0,2.0,2.0,1.0,0.0,120.0,1,0.0,1.0,1,3,1,0,0,0,0,1,0,0,1,0,0,0,0,1,0,1,0,0,0,3,2,40
200600008186,6,2,10,5,2,1,1.0,6.0,0.0,7.0,0.0,0.0,0.0,1.0,1,-1,4.0,2.0,2.0,1.0,0.0,70.0,1,0.0,1.0,1,3,1,0,0,0,0,1,0,0,1,0,0,0,0,1,0,1,0,0,0,3,23,40
200700013658,7,3,6,5,2,1,2.0,3.0,0.0,7.0,0.0,0.0,2.0,9.0,1,1,2.0,2.0,2.0,1.0,0.0,70.0,1,0.0,1.0,2,1,4,0,0,0,0,4,0,4,0,0,0,4,0,0,0,1,0,0,0,2,18,45
201700017595,17,11,8,1,1,1,4.0,3.0,1.0,7.0,0.0,0.0,2.0,13.0,1,1,3.0,2.0,2.0,1.0,0.0,0.0,0,0.0,1.0,2,1,2,2,0,0,0,4,0,4,0,0,0,2,0,2,0,1,1,0,0,2,7,35
200800042726,8,7,24,1,2,1,1.0,3.0,0.0,20.0,0.0,0.0,2.0,10.0,1,-1,4.0,2.0,2.0,1.0,0.0,104.0,1,0.0,1.0,2,1,4,0,0,0,0,4,0,0,2,2,0,2,0,2,0,1,0,0,0,3,16,40
200800061909,8,10,17,1,2,3,1.0,6.0,0.0,7.0,0.0,0.0,2.0,1.0,1,1,4.0,2.0,2.0,1.0,0.0,0.0,1,0.0,1.0,2,1,2,2,0,0,0,4,2,0,0,2,0,2,0,2,0,1,0,1,0,2,8,40
201100023743,11,5,17,1,2,3,1.0,6.0,0.0,7.0,0.0,0.0,1.0,15.0,1,1,4.0,1.0,1.0,1.0,0.0,52.0,1,0.0,1.0,1,1,2,0,0,1,0,1,0,0,1,0,1,1,0,0,1,1,0,0,0,3,20,0
201200037127,12,9,25,1,2,2,1.0,3.0,0.0,7.0,0.0,0.0,2.0,1.0,1,1,3.0,2.0,2.0,2.0,0.0,68.0,1,0.0,1.0,2,1,4,4,2,0,2,4,2,0,6,0,0,2,0,6,0,1,0,1,0,2,17,50
201000001801,10,5,4,1,1,1,1.0,1.0,0.0,7.0,0.0,0.0,2.0,1.0,1,1,3.0,2.0,0.0,3.0,0.0,68.0,1,5.0,1.0,2,3,2,2,0,0,0,4,0,0,0,0,4,4,0,0,0,1,0,0,0,3,8,0
200500077177,5,11,7,1,1,1,8.0,6.0,0.0,4.0,0.0,0.0,0.0,2.0,1,2,1.0,3.0,6.0,2.0,25.0,210.0,1,0.0,1.0,2,3,4,0,0,0,0,4,0,0,0,0,4,2,0,2,0,0,0,1,0,3,8,4
201700000857,17,6,27,1,2,3,1.0,3.0,2.0,33.0,0.0,0.0,2.0,1.0,1,2,3.0,2.0,2.0,1.0,0.0,10.0,1,0.0,1.0,2,3,4,0,0,0,0,4,0,0,0,2,2,4,0,0,0,1,0,0,0,3,12,20
201700021986,17,9,29,1,2,1,1.0,6.0,0.0,38.0,7.0,0.0,1.0,1.0,1,1,9.0,2.0,2.0,1.0,0.0,0.0,1,0.0,1.0,1,1,1,1,0,1,0,1,0,0,0,1,1,1,0,0,1,1,0,0,0,3,7,45
201400028435,14,7,7,1,2,1,1.0,4.0,0.0,7.0,0.0,0.0,2.0,1.0,1,1,4.0,2.0,1.0,1.0,0.0,68.0,1,0.0,1.0,3,2,3,12,3,0,3,9,3,0,6,0,6,6,3,6,0,1,1,0,0,2,17,16
201500031896,15,1,26,3,2,1,1.0,2.0,0.0,7.0,0.0,0.0,2.0,2.0,1,1,4.0,2.0,1.0,1.0,0.0,80.0,1,0.0,1.0,2,2,4,0,0,0,0,4,0,0,4,0,0,2,0,2,0,1,1,0,0,2,1,10
201200010553,12,11,6,1,2,6,1.0,3.0,0.0,7.0,0.0,0.0,2.0,16.0,1,1,4.0,1.0,2.0,1.0,0.0,0.0,1,0.0,0.0,2,1,4,0,0,0,0,4,0,0,4,0,0,2,0,0,2,1,0,1,0,2,15,20
200900025529,9,6,7,2,1,1,1.0,6.0,0.0,7.0,0.0,8.0,0.0,13.0,1,1,3.0,2.0,2.0,2.0,0.0,42.0,1,0.0,3.0,1,3,1,0,0,0,0,1,0,0,1,0,0,0,0,1,0,1,0,0,0,3,7,0
201200032586,12,12,9,5,2,3,2.0,3.0,0.0,30.0,0.0,0.0,2.0,1.0,1,2,4.0,2.0,2.0,1.0,0.0,0.0,1,0.0,1.0,2,2,4,0,0,0,0,4,0,4,0,0,0,0,0,4,0,1,0,0,0,2,20,10
200900010446,9,4,25,1,1,1,1.0,2.0,0.0,7.0,0.0,0.0,2.0,1.0,1,-1,4.0,3.0,2.0,1.0,0.0,100.0,1,0.0,1.0,2,1,4,0,0,0,0,4,0,2,2,0,0,2,0,0,2,1,1,0,0,2,19,30
201000048824,10,6,24,1,2,3,1.0,6.0,0.0,7.0,0.0,0.0,1.0,0.0,1,1,4.0,1.0,0.0,1.0,0.0,0.0,1,0.0,1.0,1,1,0,2,0,1,0,1,1,1,0,0,0,1,1,0,0,0,0,0,0,2,10,45
201100001211,11,1,5,2,2,1,1.0,6.0,0.0,7.0,0.0,0.0,1.0,1.0,1,1,3.0,3.0,2.0,1.0,0.0,0.0,1,0.0,1.0,1,1,2,0,0,1,0,1,1,0,1,0,0,0,0,1,1,1,0,0,0,2,7,45
200600064201,6,10,25,1,2,1,1.0,3.0,0.0,7.0,0.0,0.0,2.0,16.0,1,1,3.0,2.0,2.0,1.0,42.0,122.0,1,0.0,1.0,2,1,4,0,0,0,0,4,0,2,0,0,2,4,0,0,0,0,1,1,0,3,17,25
201100023575,11,6,1,1,1,1,1.0,6.0,0.0,33.0,0.0,3.0,0.0,16.0,1,2,1.0,1.0,1.0,2.0,0.0,35.0,1,3.0,1.0,1,3,1,0,0,0,0,1,0,0,0,0,1,1,0,0,0,0,0,1,0,3,11,45
201400004566,14,10,14,1,2,1,1.0,6.0,0.0,10.0,0.0,0.0,1.0,1.0,1,1,3.0,2.0,2.0,1.0,15.0,82.0,1,0.0,1.0,1,1,2,0,0,1,0,1,0,1,0,0,1,1,0,0,1,1,0,0,0,3,18,0
201100003043,11,10,6,3,1,1,1.0,1.0,0.0,7.0,0.0,0.0,2.0,1.0,1,1,3.0,2.0,0.0,2.0,0.0,66.0,1,0.0,1.0,2,3,4,0,0,0,0,4,0,0,2,0,2,2,0,2,0,1,0,0,0,3,22,30
201600044576,16,1,4,5,1,1,8.0,2.0,1.0,7.0,0.0,0.0,2.0,1.0,1,1,1.0,3.0,6.0,1.0,0.0,210.0,1,0.0,1.0,2,1,4,0,0,0,0,4,0,0,2,0,2,2,0,2,0,1,1,0,0,3,7,0
200900021794,9,4,17,1,2,9,1.0,6.0,0.0,7.0,0.0,0.0,1.0,4.0,3,-1,6.0,0.0,0.0,1.0,0.0,0.0,1,0.0,1.0,1,2,0,2,0,1,0,1,2,0,0,0,0,2,0,0,0,0,1,0,0,2,16,45
200900036558,9,7,21,1,2,2,1.0,3.0,0.0,31.0,0.0,0.0,2.0,1.0,1,2,4.0,2.0,2.0,2.0,0.0,0.0,1,5.0,1.0,2,2,4,0,0,0,0,4,0,2,0,2,0,4,0,0,0,1,0,0,0,2,11,45
200800044953,8,8,28,1,2,1,1.0,3.0,0.0,7.0,0.0,0.0,9.0,15.0,1,-1,4.0,2.0,4.0,1.0,0.0,120.0,1,0.0,5.0,2,1,2,2,0,0,0,4,2,0,0,0,2,4,0,0,0,1,0,0,0,2,14,35
201000034410,10,8,27,5,2,1,2.0,7.0,0.0,2.0,0.0,0.0,0.0,0.0,1,2,4.0,0.0,2.0,1.0,0.0,45.0,1,0.0,1.0,1,2,1,0,0,0,0,1,0,1,0,0,0,1,0,0,0,0,0,0,0,2,4,44
200900064235,9,11,9,5,2,2,2.0,6.0,0.0,30.0,0.0,0.0,1.0,21.0,1,2,4.0,1.0,3.0,1.0,0.0,0.0,1,0.0,1.0,1,1,2,0,0,1,0,1,0,1,1,0,0,1,1,0,0,0,0,1,0,3,20,10
201400050776,14,7,6,1,1,1,1.0,3.0,0.0,7.0,0.0,0.0,2.0,1.0,1,1,1.0,1.0,3.0,1.0,25.0,105.0,1,0.0,1.0,2,1,6,0,0,0,2,4,0,0,6,0,0,4,0,2,0,1,0,0,0,2,17,30
200700038884,7,6,22,2,2,1,1.0,6.0,2.0,7.0,0.0,8.0,0.0,0.0,2,-1,4.0,1.0,2.0,3.0,0.0,72.0,1,3.0,0.0,1,2,2,0,1,0,1,0,0,2,0,0,0,0,0,2,0,0,1,0,0,2,4,50
201100000356,11,5,22,3,1,1,1.0,6.0,0.0,7.0,0.0,0.0,0.0,1.0,1,-1,3.0,2.0,2.0,1.0,40.0,0.0,1,0.0,1.0,1,3,1,0,0,0,0,1,0,0,1,0,0,0,0,1,0,0,0,0,0,3,4,30
200700002465,7,1,24,2,2,1,1.0,6.0,0.0,7.0,0.0,0.0,1.0,1.0,1,1,4.0,2.0,1.0,1.0,0.0,48.0,1,0.0,1.0,1,1,2,0,0,1,0,1,0,0,2,0,0,1,1,0,0,1,0,0,0,3,17,20
201400047847,14,12,12,3,1,1,1.0,6.0,0.0,7.0,0.0,0.0,6.0,1.0,1,1,2.0,3.0,4.0,1.0,0.0,-1.0,1,0.0,2.0,1,2,0,1,0,0,0,1,0,0,1,0,0,1,0,0,0,1,0,0,0,2,1,10
200600045955,6,8,1,1,1,1,2.0,1.0,0.0,7.0,0.0,0.0,2.0,1.0,1,1,2.0,2.0,2.0,1.0,0.0,74.0,1,0.0,1.0,2,3,6,0,0,0,2,4,0,2,0,4,0,0,0,4,2,1,0,0,0,3,11,30
201200037600,12,10,2,1,2,2,1.0,2.0,0.0,10.0,0.0,0.0,2.0,2.0,1,1,3.0,1.0,4.0,1.0,0.0,120.0,1,0.0,1.0,2,3,4,0,0,0,0,4,0,0,0,4,0,4,0,0,0,1,1,0,0,3,11,30
200500025507,5,5,27,1,1,1,1.0,6.0,0.0,7.0,0.0,0.0,1.0,1.0,1,1,3.0,2.0,2.0,1.0,0.0,43.0,1,0.0,1.0,1,1,2,0,0,1,0,1,0,0,1,1,0,1,0,0,1,1,0,0,0,4,7,45
200600044025,6,7,1,3,1,1,1.0,6.0,0.0,33.0,0.0,0.0,6.0,1.0,1,2,3.0,2.0,2.0,1.0,0.0,45.0,1,0.0,1.0,1,4,1,0,0,0,0,1,0,0,1,0,0,1,0,0,0,1,0,0,0,4,23,45