Num_Acc,an,mois,jour,lum,agg,int,atm,col,senc,catv,occutc,obs,obsm,manv,catu,secu,catr,circ,nbv,prof,lartpc,larrout,surf,infra,situ,nb_veh,grav_simpl,Homme,Femme,Arrière,Autre_x,Avant,Conducteur,Autre_y,Inconnu,Loisirs,Professionnel,Travail,Adulte,Enfant,Jeune,Senior,choc_avant,choc_arriere,choc_lateral,choc_multiple,grav_order_max,heure,minute
201400054805,14,3,25,5,2,1,2.0,6.0,1.0,10.0,0.0,0.0,2.0,1.0,1,1,4.0,1.0,2.0,1.0,0.0,90.0,1,0.0,1.0,2,2,0,2,0,0,0,2,0,0,2,0,0,0,0,0,2,1,1,0,0,2,20,0
200500053706,5,8,20,1,1,1,1.0,6.0,0.0,5.0,0.0,4.0,0.0,16.0,1,2,1.0,3.0,4.0,4.0,15.0,155.0,0,0.0,2.0,1,2,2,0,1,0,0,1,0,1,1,0,0,1,0,1,0,1,0,0,0,3,13,0
201000001976,10,11,1,3,1,3,1.0,3.0,0.0,7.0,0.0,0.0,2.0,1.0,1,1,3.0,2.0,2.0,1.0,0.0,67.0,1,0.0,1.0,2,1,2,2,0,0,0,4,0,0,2,0,2,2,0,2,0,1,0,1,0,3,0,30
201100061414,11,12,13,1,2,3,3.0,6.0,0.0,7.0,0.0,6.0,2.0,1.0,1,1,4.0,2.0,2.0,1.0,0.0,60.0,1,0.0,1.0,2,2,0,4,0,0,0,4,0,0,2,0,2,4,0,0,0,1,0,0,1,2,9,4
201000053902,10,10,30,1,2,2,1.0,3.0,0.0,7.0,0.0,0.0,2.0,1.0,1,1,3.0,3.0,4.0,1.0,100.0,62.0,1,5.0,1.0,2,2,2,4,0,0,2,4,4,0,2,0,0,4,0,0,2,1,0,0,0,2,18,0
201300015574,13,9,6,1,2,1,1.0,6.0,0.0,7.0,0.0,0.0,1.0,0.0,1,1,4.0,2.0,2.0,2.0,20.0,60.0,1,1.0,1.0,1,1,1,1,0,1,0,1,0,2,0,0,0,1,1,0,0,0,0,0,0,3,12,15
200500033381,5,6,15,5,2,1,1.0,7.0,0.0,5.0,0.0,0.0,2.0,1.0,1,-1,4.0,1.0,3.0,1.0,0.0,102.0,1,0.0,1.0,1,3,1,0,0,0,0,1,1,0,0,0,0,1,0,0,0,0,0,1,0,3,22,10
201500009784,15,10,30,3,1,1,1.0,6.0,0.0,2.0,0.0,0.0,1.0,1.0,1,2,3.0,2.0,2.0,1.0,0.0,0.0,1,0.0,1.0,1,2,2,0,0,1,0,1,0,0,2,0,0,1,1,0,0,1,0,0,0,3,21,30
200600017717,6,4,13,1,1,1,1.0,6.0,0.0,14.0,0.0,13.0,0.0,13.0,1,1,3.0,2.0,2.0,1.0,0.0,50.0,1,0.0,1.0,1,2,1,0,0,0,0,1,0,0,0,1,0,0,0,0,1,0,0,1,0,2,11,30
200600020580,6,4,29,5,2,1,1.0,6.0,0.0,7.0,0.0,2.0,0.0,14.0,1,1,4.0,2.0,2.0,2.0,0.0,90.0,1,0.0,1.0,1,2,1,1,0,0,1,1,0,1,1,0,0,1,0,1,0,1,0,0,0,2,22,15
201200057395,12,1,19,1,2,1,9.0,2.0,0.0,34.0,0.0,0.0,2.0,17.0,1,2,4.0,0.0,1.0,1.0,0.0,0.0,1,0.0,1.0,2,2,4,0,0,0,0,4,0,0,0,0,4,4,0,0,0,1,0,0,0,2,9,40
201300041280,13,8,16,1,2,4,1.0,3.0,2.0,7.0,0.0,0.0,2.0,1.0,1,-1,4.0,2.0,3.0,1.0,0.0,80.0,1,0.0,0.0,2,3,6,4,2,2,2,4,0,8,0,2,0,0,2,8,0,1,0,0,0,3,20,25
200600025530,6,5,30,1,2,1,1.0,3.0,0.0,7.0,0.0,0.0,2.0,15.0,1,1,4.0,2.0,2.0,1.0,22.0,60.0,1,5.0,1.0,2,1,4,0,0,0,0,4,0,2,0,0,2,2,0,2,0,1,0,0,0,2,14,45
200500066650,5,10,14,1,2,1,1.0,3.0,0.0,2.0,0.0,0.0,0.0,1.0,1,2,4.0,1.0,2.0,1.0,0.0,70.0,1,0.0,1.0,2,2,2,2,0,0,0,4,0,4,0,0,0,2,0,2,0,1,0,0,0,2,8,45
201100004309,11,9,16,1,1,1,1.0,7.0,0.0,31.0,0.0,0.0,0.0,0.0,1,2,3.0,2.0,2.0,1.0,0.0,0.0,1,0.0,1.0,1,3,1,0,0,0,0,1,1,0,0,0,0,1,0,0,0,1,0,0,0,3,17,45
201700032983,17,11,15,3,2,3,1.0,1.0,0.0,7.0,0.0,0.0,2.0,15.0,1,1,4.0,2.0,2.0,1.0,0.0,80.0,1,0.0,1.0,2,1,4,0,0,0,0,4,0,0,0,0,4,4,0,0,0,1,0,0,0,3,18,40
201500021201,15,3,25,1,1,1,1.0,6.0,0.0,7.0,0.0,3.0,0.0,1.0,1,-1,3.0,2.0,2.0,1.0,0.0,0.0,1,2.0,1.0,1,2,0,1,0,0,0,1,0,1,0,0,0,0,0,1,0,1,0,0,0,2,15,20
201600020960,16,8,5,1,2,1,1.0,6.0,1.0,7.0,0.0,0.0,1.0,4.0,1,1,4.0,2.0,2.0,1.0,0.0,96.0,1,0.0,1.0,1,1,1,1,0,1,0,1,2,0,0,0,0,0,0,0,2,1,0,0,0,4,9,0
200800016726,8,3,15,3,1,1,5.0,1.0,0.0,7.0,0.0,0.0,2.0,13.0,1,0,2.0,2.0,2.0,1.0,0.0,73.0,1,0.0,1.0,2,4,38,24,2,54,2,4,0,58,2,2,0,20,0,38,4,1,0,0,0,4,5,0
201700035403,17,10,28,1,2,1,1.0,2.0,1.0,7.0,0.0,0.0,9.0,23.0,1,0,4.0,3.0,2.0,2.0,0.0,0.0,1,0.0,5.0,2,1,4,0,0,0,0,4,0,0,2,0,2,0,0,2,2,1,0,0,0,3,12,5
200800036519,8,7,25,1,1,1,1.0,2.0,0.0,7.0,0.0,0.0,2.0,2.0,1,1,3.0,2.0,2.0,1.0,0.0,59.0,1,0.0,1.0,2,1,2,2,0,0,0,4,2,0,2,0,0,2,0,0,2,1,1,0,0,3,16,0
201200030892,12,12,13,5,2,1,2.0,2.0,0.0,10.0,0.0,0.0,2.0,2.0,1,1,4.0,2.0,2.0,4.0,0.0,0.0,1,0.0,1.0,2,1,2,4,2,0,0,4,0,0,4,0,2,2,0,4,0,1,1,0,0,2,19,40
200700076541,7,12,24,1,2,3,1.0,3.0,0.0,32.0,0.0,0.0,2.0,1.0,1,2,4.0,2.0,2.0,1.0,0.0,80.0,1,0.0,1.0,2,3,4,0,0,0,0,4,0,2,2,0,0,4,0,0,0,1,0,0,0,3,14,20
201200058480,12,6,9,5,2,2,2.0,6.0,0.0,32.0,0.0,0.0,1.0,1.0,1,2,4.0,2.0,4.0,2.0,0.0,120.0,1,0.0,1.0,1,1,2,1,0,1,1,1,0,3,0,0,0,2,0,0,1,1,0,0,0,2,23,45
200800069296,8,12,25,1,1,1,1.0,1.0,0.0,7.0,0.0,0.0,2.0,13.0,1,1,3.0,2.0,2.0,1.0,0.0,73.0,1,0.0,1.0,2,3,6,4,2,0,4,4,0,6,2,0,2,4,4,2,0,1,0,0,0,4,12,45
200800020496,8,4,27,1,2,3,1.0,6.0,0.0,2.0,0.0,0.0,1.0,1.0,1,2,4.0,1.0,0.0,1.0,0.0,0.0,1,0.0,0.0,1,2,2,0,0,1,0,1,0,0,2,0,0,0,2,0,0,1,0,0,0,3,16,30
200500072860,5,11,29,2,2,1,1.0,6.0,1.0,7.0,0.0,0.0,1.0,0.0,3,-1,4.0,2.0,4.0,1.0,0.0,0.0,1,0.0,1.0,1,2,1,0,0,1,0,0,0,1,0,0,0,0,0,0,1,1,0,0,0,2,16,0
201500015298,15,9,29,1,2,2,1.0,2.0,0.0,7.0,0.0,0.0,2.0,2.0,1,1,4.0,2.0,2.0,1.0,20.0,170.0,1,5.0,1.0,2,1,4,0,0,0,0,4,0,0,2,0,2,2,0,2,0,1,1,0,0,2,8,0
200600060792,6,10,30,5,2,3,1.0,7.0,0.0,33.0,0.0,0.0,0.0,1.0,1,2,3.0,2.0,6.0,1.0,0.0,251.0,1,0.0,0.0,2,3,2,4,0,0,2,4,0,2,4,0,0,2,0,4,0,0,0,1,0,3,18,45
200600076988,6,12,26,1,2,1,1.0,6.0,0.0,33.0,0.0,1.0,0.0,12.0,1,2,4.0,1.0,3.0,1.0,0.0,120.0,1,0.0,1.0,1,2,1,0,0,0,0,1,0,1,0,0,0,0,0,1,0,1,0,0,0,2,14,50
200900010352,9,4,1,3,1,1,1.0,1.0,0.0,7.0,0.0,0.0,9.0,13.0,1,1,3.0,0.0,0.0,1.0,0.0,60.0,1,0.0,1.0,2,2,10,0,2,0,4,4,0,6,2,2,0,2,6,2,0,1,0,0,0,3,20,45
201300006940,13,6,26,1,1,1,1.0,2.0,0.0,7.0,0.0,0.0,0.0,1.0,1,1,3.0,2.0,0.0,1.0,0.0,0.0,1,0.0,1.0,2,2,4,2,0,0,2,4,0,6,0,0,0,2,4,0,0,1,1,0,0,3,14,45
201500016516,15,5,19,1,1,1,1.0,3.0,0.0,7.0,0.0,0.0,0.0,1.0,1,1,3.0,2.0,0.0,0.0,60.0,0.0,1,0.0,1.0,2,1,0,4,0,0,0,4,0,0,0,0,4,4,0,0,0,1,0,0,0,3,17,15
201400047648,14,10,8,4,1,1,2.0,6.0,0.0,7.0,0.0,3.0,0.0,0.0,1,1,1.0,3.0,3.0,2.0,15.0,105.0,1,2.0,1.0,1,2,0,1,0,0,0,1,0,0,1,0,0,0,0,1,0,1,0,0,0,2,22,10
201700050973,17,8,8,5,1,1,1.0,1.0,1.0,7.0,0.0,0.0,2.0,1.0,1,-1,4.0,0.0,2.0,1.0,0.0,110.0,1,0.0,1.0,2,2,2,4,0,0,2,4,0,2,4,0,0,2,2,2,0,1,0,0,0,2,1,10
201600006857,16,5,23,5,2,3,2.0,6.0,0.0,30.0,0.0,10.0,0.0,1.0,1,2,4.0,2.0,2.0,1.0,0.0,80.0,1,0.0,0.0,1,3,1,0,0,0,0,1,0,0,1,0,0,1,0,0,0,0,0,1,0,3,0,30
201300053820,13,8,17,1,2,1,1.0,6.0,0.0,38.0,0.0,0.0,1.0,1.0,1,1,4.0,1.0,1.0,1.0,0.0,0.0,1,0.0,1.0,1,1,2,0,0,1,0,1,0,2,0,0,0,2,0,0,0,1,0,0,0,2,19,15
201600053197,16,9,23,2,2,1,1.0,4.0,1.0,1.0,0.0,0.0,2.0,1.0,1,0,4.0,2.0,2.0,1.0,0.0,140.0,1,0.0,1.0,3,2,0,9,0,0,0,9,0,6,0,0,3,9,0,0,0,0,0,1,0,2,18,20
200800004334,8,1,8,5,2,1,1.0,3.0,0.0,15.0,0.0,0.0,2.0,1.0,1,1,4.0,1.0,2.0,1.0,5.0,66.0,1,5.0,1.0,2,1,2,2,0,0,0,4,0,2,0,2,0,4,0,0,0,1,0,1,0,2,0,5
201000027866,10,3,3,3,1,1,2.0,6.0,0.0,7.0,0.0,6.0,0.0,1.0,1,1,2.0,2.0,2.0,1.0,0.0,0.0,1,2.0,3.0,1,1,2,0,1,0,0,1,0,0,2,0,0,1,0,1,0,1,0,0,0,2,22,10
201500026868,15,9,3,1,2,1,1.0,3.0,0.0,7.0,0.0,0.0,2.0,15.0,1,1,4.0,2.0,2.0,1.0,0.0,0.0,1,0.0,1.0,2,1,2,4,0,0,2,4,0,6,0,0,0,0,4,2,0,1,0,0,0,2,13,25
201100027049,11,4,29,1,2,1,1.0,6.0,0.0,33.0,0.0,0.0,2.0,13.0,1,2,3.0,2.0,2.0,1.0,0.0,70.0,1,0.0,1.0,2,3,4,0,0,0,0,4,0,0,2,0,2,4,0,0,0,0,0,1,0,3,17,55
200500021801,5,4,19,1,2,1,3.0,6.0,0.0,7.0,0.0,0.0,1.0,1.0,1,1,4.0,2.0,2.0,1.0,0.0,0.0,1,0.0,1.0,2,1,6,0,0,2,0,4,4,2,0,0,0,4,2,0,0,1,0,0,0,3,19,15
200700054278,7,9,30,3,2,1,1.0,6.0,0.0,7.0,0.0,0.0,1.0,2.0,1,1,4.0,2.0,2.0,2.0,0.0,0.0,1,0.0,3.0,1,1,1,1,0,1,0,1,0,0,2,0,0,1,0,1,0,0,0,1,0,4,5,45
200600002926,6,1,9,1,1,3,1.0,3.0,0.0,7.0,0.0,0.0,2.0,1.0,1,1,3.0,2.0,2.0,1.0,0.0,500.0,1,5.0,1.0,2,1,4,2,0,0,2,4,0,2,2,2,0,2,0,4,0,1,0,0,0,3,16,0
200900007708,9,2,7,1,2,1,4.0,6.0,0.0,7.0,0.0,0.0,1.0,1.0,1,1,4.0,2.0,2.0,1.0,0.0,60.0,1,0.0,1.0,1,1,0,2,0,1,0,1,2,0,0,0,0,0,0,1,1,1,0,0,0,3,11,15
201300052905,13,10,30,1,2,1,1.0,7.0,0.0,32.0,0.0,0.0,0.0,3.0,1,2,4.0,1.0,2.0,1.0,0.0,60.0,1,0.0,1.0,1,2,1,0,0,0,0,1,0,0,0,0,1,1,0,0,0,0,0,0,0,2,13,45
201100044461,11,7,17,1,2,2,1.0,3.0,0.0,7.0,0.0,0.0,2.0,1.0,1,1,4.0,2.0,2.0,1.0,0.0,55.0,1,0.0,1.0,2,1,2,2,0,0,0,4,2,2,0,0,0,2,0,2,0,1,0,1,0,3,20,16
200900051311,9,4,12,1,1,1,1.0,2.0,0.0,7.0,0.0,0.0,2.0,0.0,1,1,1.0,3.0,3.0,1.0,10.0,105.0,1,0.0,1.0,2,2,2,0,0,0,0,2,0,0,0,2,0,0,0,0,2,1,0,0,0,2,9,20
200900044887,9,11,15,3,1,1,2.0,5.0,0.0,7.0,0.0,0.0,2.0,13.0,2,1,3.0,2.0,2.0,2.0,0.0,96.0,1,0.0,1.0,3,1,6,9,0,0,6,9,6,6,3,0,0,6,0,0,9,1,0,0,0,3,18,30
200700058674,7,9,10,2,2,1,1.0,2.0,0.0,2.0,0.0,0.0,2.0,1.0,1,2,4.0,1.0,4.0,1.0,0.0,0.0,1,0.0,1.0,2,2,2,2,0,0,0,4,0,2,0,0,2,4,0,0,0,1,1,0,0,2,6,30
200700019000,7,4,12,1,1,1,1.0,3.0,0.0,10.0,0.0,0.0,9.0,2.0,1,1,2.0,2.0,2.0,2.0,70.0,0.0,1,0.0,1.0,2,1,2,2,0,0,0,4,0,0,0,2,2,4,0,0,0,0,1,1,0,3,13,30
201000055417,10,12,1,4,1,1,4.0,7.0,0.0,7.0,0.0,4.0,0.0,1.0,1,1,1.0,1.0,0.0,1.0,30.0,50.0,0,3.0,1.0,1,1,1,1,0,0,1,1,0,0,2,0,0,0,0,2,0,1,0,0,0,2,23,55
201000020146,10,2,12,3,1,1,1.0,3.0,0.0,7.0,0.0,1.0,2.0,14.0,1,1,2.0,2.0,2.0,3.0,0.0,70.0,1,0.0,1.0,2,1,4,0,0,0,0,4,2,0,0,0,2,2,0,2,0,1,0,0,0,3,19,35
201200052104,12,3,5,5,2,2,3.0,3.0,0.0,7.0,0.0,0.0,2.0,1.0,1,1,4.0,2.0,4.0,1.0,0.0,0.0,1,0.0,1.0,2,1,4,0,0,0,0,4,0,0,0,0,4,4,0,0,0,1,0,1,0,2,22,30
201600033060,16,6,17,5,2,1,1.0,6.0,1.0,7.0,0.0,2.0,0.0,1.0,1,1,4.0,2.0,2.0,1.0,0.0,70.0,1,0.0,3.0,1,2,1,0,0,0,0,1,0,0,1,0,0,0,0,1,0,1,0,0,0,2,1,40
200600073969,6,12,16,3,1,6,1.0,7.0,0.0,31.0,0.0,0.0,0.0,0.0,1,2,3.0,4.0,0.0,0.0,0.0,40.0,1,5.0,0.0,1,3,1,0,0,0,0,1,0,0,1,0,0,1,0,0,0,0,0,0,0,3,0,1
200600079835,6,12,19,5,1,1,1.0,2.0,0.0,7.0,0.0,0.0,2.0,0.0,1,1,2.0,1.0,2.0,1.0,0.0,50.0,1,0.0,1.0,2,1,2,4,0,0,2,4,0,4,2,0,0,2,2,0,2,1,1,0,0,2,18,15
200800046506,8,8,8,5,2,1,1.0,6.0,0.0,7.0,0.0,1.0,0.0,19.0,1,1,3.0,2.0,2.0,1.0,0.0,0.0,1,0.0,1.0,1,1,2,2,2,0,1,1,0,3,1,0,0,0,0,4,0,1,0,0,0,3,21,30
200800016036,8,3,21,2,2,1,1.0,1.0,0.0,30.0,0.0,0.0,2.0,13.0,1,2,3.0,2.0,2.0,1.0,0.0,57.0,1,0.0,1.0,2,3,4,0,0,0,0,4,0,0,4,0,0,0,0,4,0,1,0,0,0,3,18,45
201500006182,15,6,18,1,1,1,1.0,1.0,0.0,21.0,0.0,0.0,2.0,1.0,1,0,9.0,0.0,0.0,2.0,0.0,0.0,1,0.0,0.0,2,1,4,0,0,0,0,4,0,0,0,2,2,4,0,0,0,1,0,0,0,3,11,30
200600049627,6,8,7,1,2,2,2.0,3.0,0.0,10.0,0.0,0.0,2.0,16.0,1,1,4.0,2.0,5.0,1.0,0.0,240.0,1,0.0,1.0,2,1,2,2,0,0,0,4,0,4,0,0,0,2,0,2,0,1,1,0,0,2,13,40
201000055964,10,11,5,2,1,1,1.0,3.0,0.0,33.0,0.0,0.0,2.0,1.0,1,2,1.0,3.0,3.0,1.0,15.0,105.0,1,0.0,1.0,2,3,4,2,0,0,2,4,0,2,0,0,4,2,0,4,0,1,0,1,0,3,18,0
201600044120,16,5,15,5,2,1,1.0,6.0,1.0,33.0,0.0,11.0,0.0,1.0,1,2,3.0,3.0,4.0,1.0,0.0,-1.0,1,0.0,1.0,1,2,1,1,0,0,1,1,0,0,2,0,0,2,0,0,0,1,0,0,0,2,22,40
200500014682,5,3,15,1,2,2,1.0,3.0,0.0,7.0,0.0,0.0,2.0,1.0,1,1,4.0,1.0,1.0,2.0,0.0,52.0,1,0.0,1.0,2,1,0,4,0,0,0,4,2,2,0,0,0,4,0,0,0,1,0,0,0,2,11,50
200500062158,5,8,10,1,2,1,1.0,7.0,0.0,14.0,0.0,0.0,1.0,1.0,1,-1,4.0,2.0,3.0,2.0,0.0,0.0,1,0.0,1.0,1,1,2,0,0,1,0,1,0,1,0,1,0,2,0,0,0,1,0,0,0,3,16,45
201700017229,17,9,15,1,1,1,3.0,6.0,1.0,7.0,0.0,7.0,0.0,1.0,1,1,3.0,2.0,2.0,1.0,0.0,64.0,1,0.0,3.0,1,3,0,1,0,0,0,1,0,0,0,0,1,0,0,1,0,0,1,0,0,3,12,15
200600046677,6,8,17,1,2,9,1.0,3.0,0.0,7.0,0.0,0.0,2.0,1.0,1,1,3.0,2.0,2.0,2.0,0.0,71.0,1,5.0,1.0,2,3,4,2,0,0,2,4,0,4,2,0,0,2,0,2,2,1,0,0,0,3,11,30
201600002430,16,12,17,3,1,1,1.0,6.0,0.0,7.0,0.0,2.0,0.0,1.0,1,1,4.0,2.0,0.0,1.0,0.0,34.0,1,0.0,3.0,1,3,1,0,0,0,0,1,0,0,1,0,0,1,0,0,0,1,0,0,0,3,1,15
200800045984,8,8,24,1,2,3,1.0,6.0,0.0,7.0,0.0,0.0,1.0,1.0,1,0,4.0,1.0,1.0,2.0,0.0,37.0,1,0.0,1.0,1,1,1,1,0,1,0,1,0,2,0,0,0,0,1,1,0,1,0,0,0,2,19,40
201700053757,17,5,12,1,2,3,1.0,2.0,1.0,30.0,0.0,0.0,2.0,2.0,1,2,4.0,2.0,4.0,1.0,0.0,200.0,1,0.0,1.0,2,2,2,2,0,0,0,4,0,0,2,2,0,2,0,2,0,1,1,0,0,2,16,0
201000047111,10,10,26,1,2,2,1.0,3.0,0.0,7.0,0.0,0.0,2.0,1.0,1,1,4.0,2.0,1.0,1.0,0.0,0.0,1,0.0,1.0,2,2,4,0,0,0,0,4,0,0,4,0,0,2,0,2,0,1,0,1,0,2,12,20
200700022086,7,4,25,1,2,1,1.0,6.0,0.0,7.0,0.0,0.0,1.0,9.0,1,1,4.0,1.0,1.0,1.0,0.0,69.0,1,0.0,4.0,1,1,0,2,0,1,0,1,1,0,1,0,0,1,0,1,0,1,0,0,0,2,17,0
201700031706,17,12,25,1,1,2,2.0,3.0,1.0,31.0,0.0,0.0,2.0,1.0,1,2,3.0,2.0,2.0,1.0,0.0,132.0,1,0.0,1.0,2,3,2,2,0,0,0,4,0,0,0,0,4,2,0,2,0,1,0,0,0,3,11,35
201000013849,10,10,10,3,1,1,1.0,6.0,0.0,7.0,0.0,2.0,0.0,1.0,1,1,3.0,0.0,2.0,0.0,0.0,40.0,1,0.0,3.0,1,3,1,0,0,0,0,1,0,0,1,0,0,0,0,1,0,1,0,0,0,3,6,0
200900032413,9,11,21,1,2,1,1.0,6.0,0.0,7.0,0.0,0.0,1.0,1.0,3,-1,4.0,2.0,0.0,1.0,0.0,0.0,1,0.0,1.0,1,2,2,0,0,1,0,1,0,0,2,0,0,0,0,1,1,0,0,1,0,2,12,50
200600052867,6,9,17,1,1,1,1.0,6.0,0.0,7.0,0.0,8.0,0.0,0.0,1,1,2.0,2.0,3.0,1.0,0.0,95.0,1,0.0,3.0,1,3,1,0,0,0,0,1,0,0,1,0,0,0,0,1,0,0,0,1,0,3,19,15
200900032208,9,2,25,2,2,2,1.0,3.0,0.0,33.0,0.0,0.0,2.0,1.0,2,2,4.0,2.0,2.0,1.0,0.0,87.0,1,5.0,1.0,2,3,4,2,2,0,0,4,0,0,6,0,0,4,2,0,0,1,0,0,0,3,19,0
201500003664,15,7,8,1,2,1,1.0,7.0,0.0,33.0,0.0,16.0,0.0,1.0,1,0,4.0,1.0,1.0,2.0,0.0,60.0,1,0.0,1.0,1,3,1,0,0,0,0,1,0,0,1,0,0,0,0,1,0,0,0,0,1,3,19,0
201500015200,15,9,27,5,2,3,1.0,1.0,0.0,34.0,0.0,0.0,2.0,1.0,1,2,4.0,2.0,2.0,1.0,0.0,60.0,1,0.0,1.0,2,2,2,0,0,0,0,2,0,0,2,0,0,2,0,0,0,1,0,0,0,2,20,43
200500035144,5,6,6,1,2,1,1.0,3.0,0.0,4.0,0.0,0.0,2.0,21.0,1,2,4.0,2.0,4.0,1.0,0.0,120.0,1,0.0,1.0,2,2,4,0,0,0,0,4,0,0,0,4,0,4,0,0,0,1,0,0,0,2,18,10
200500064367,5,10,9,1,2,1,1.0,1.0,0.0,4.0,0.0,0.0,2.0,15.0,1,2,3.0,2.0,0.0,1.0,0.0,0.0,1,0.0,1.0,2,3,4,0,0,0,0,4,0,2,2,0,0,2,2,0,0,1,0,0,0,3,14,45
200700032560,7,6,2,1,1,1,1.0,1.0,0.0,33.0,0.0,0.0,2.0,2.0,1,2,3.0,2.0,0.0,1.0,0.0,55.0,1,0.0,1.0,2,1,4,0,0,0,0,4,0,0,4,0,0,4,0,0,0,1,0,1,0,2,16,30
200600075133,6,12,2,1,2,1,1.0,3.0,0.0,7.0,0.0,0.0,2.0,18.0,1,1,4.0,2.0,2.0,1.0,0.0,80.0,1,0.0,1.0,2,1,4,0,0,0,0,4,0,4,0,0,0,2,0,2,0,1,0,1,0,2,12,0
201400001060,14,1,29,3,2,1,3.0,6.0,0.0,7.0,0.0,0.0,1.0,1.0,1,1,3.0,2.0,2.0,2.0,50.0,0.0,1,0.0,1.0,1,1,0,2,0,1,0,1,0,0,2,0,0,0,0,0,2,1,0,0,0,3,18,45
200500067234,5,10,1,5,2,2,1.0,3.0,0.0,7.0,0.0,0.0,2.0,1.0,1,1,4.0,2.0,2.0,1.0,0.0,54.0,1,0.0,1.0,2,1,4,2,0,0,2,4,0,2,2,0,2,2,0,4,0,1,0,0,0,2,5,45
201700047558,17,6,8,1,1,1,1.0,4.0,1.0,7.0,0.0,0.0,2.0,2.0,1,1,1.0,3.0,6.0,1.0,0.0,-1.0,1,0.0,1.0,4,1,8,8,0,0,0,16,4,0,4,4,4,8,0,4,4,1,1,0,0,2,9,40
201200038369,12,11,5,1,2,2,1.0,2.0,0.0,7.0,0.0,0.0,2.0,1.0,1,1,4.0,2.0,2.0,1.0,0.0,61.0,1,0.0,1.0,2,1,2,2,0,0,0,4,0,4,0,0,0,2,0,2,0,1,1,0,0,2,7,30
200700079781,7,12,22,5,2,1,9.0,6.0,0.0,7.0,0.0,1.0,0.0,13.0,1,1,2.0,2.0,0.0,1.0,0.0,0.0,1,0.0,1.0,1,3,3,0,1,0,1,1,0,2,1,0,0,0,2,1,0,1,0,0,0,3,2,18
200600018059,6,4,9,1,2,1,1.0,7.0,0.0,7.0,0.0,0.0,0.0,1.0,1,0,4.0,2.0,0.0,0.0,0.0,40.0,1,0.0,1.0,1,3,4,0,2,0,1,1,0,3,1,0,0,1,2,1,0,0,0,0,1,4,17,30
200500010903,5,2,6,1,1,1,1.0,6.0,0.0,7.0,0.0,2.0,0.0,1.0,1,1,3.0,2.0,2.0,2.0,0.0,74.0,1,0.0,1.0,1,3,1,1,0,0,1,1,0,1,1,0,0,1,0,0,1,0,0,1,0,3,15,15
201500025233,15,12,24,1,2,1,1.0,6.0,0.0,7.0,0.0,0.0,1.0,1.0,1,1,4.0,1.0,1.0,1.0,0.0,0.0,-1,0.0,1.0,1,1,0,2,0,1,0,1,0,0,2,0,0,0,0,0,2,1,0,0,0,3,11,45
201700026232,17,7,16,1,2,1,7.0,2.0,1.0,33.0,0.0,0.0,2.0,2.0,1,2,4.0,1.0,2.0,1.0,0.0,60.0,1,0.0,1.0,2,1,2,2,0,0,0,4,0,0,4,0,0,2,0,0,2,0,1,1,0,3,17,10
201200006732,12,10,21,5,2,1,1.0,2.0,0.0,33.0,0.0,1.0,0.0,1.0,1,0,4.0,2.0,2.0,2.0,0.0,70.0,1,0.0,1.0,2,4,4,0,0,0,0,4,0,2,2,0,0,2,0,2,0,1,1,0,0,4,4,0
200600004872,6,1,12,1,1,2,1.0,3.0,0.0,5.0,0.0,0.0,2.0,1.0,1,2,2.0,2.0,2.0,0.0,0.0,71.0,1,0.0,1.0,2,4,4,6,4,0,2,4,0,6,4,0,0,0,0,2,8,1,1,0,0,4,17,0
200500024064,5,4,8,1,1,1,2.0,3.0,0.0,7.0,0.0,0.0,2.0,1.0,1,-1,2.0,2.0,2.0,1.0,0.0,72.0,1,0.0,1.0,2,4,4,0,0,0,0,4,0,0,2,2,0,4,0,0,0,0,0,1,0,4,17,45
201400015785,14,10,31,1,2,1,1.0,2.0,0.0,37.0,1.0,0.0,2.0,23.0,1,1,4.0,1.0,0.0,1.0,0.0,0.0,1,0.0,1.0,2,1,4,0,0,0,0,4,0,0,2,2,0,4,0,0,0,1,1,0,0,2,17,55
201700044255,17,5,23,1,2,3,1.0,3.0,0.0,1.0,0.0,0.0,2.0,15.0,1,0,4.0,2.0,2.0,1.0,0.0,66.0,1,0.0,1.0,2,2,0,4,0,0,0,4,0,0,4,0,0,0,2,0,2,1,0,0,0,2,20,25
201000014763,10,6,29,1,1,1,1.0,3.0,0.0,7.0,0.0,0.0,2.0,9.0,1,1,2.0,3.0,2.0,1.0,0.0,72.0,1,3.0,1.0,2,1,0,4,0,0,0,4,0,0,0,0,4,4,0,0,0,1,0,1,0,3,8,30
201600001968,16,12,20,1,1,1,1.0,7.0,2.0,30.0,0.0,8.0,0.0,1.0,1,2,4.0,2.0,2.0,1.0,0.0,87.0,1,0.0,1.0,1,3,1,0,0,0,0,1,0,0,1,0,0,0,0,1,0,0,0,1,0,3,16,45
200600046380,6,8,14,1,1,1,1.0,2.0,0.0,7.0,0.0,0.0,2.0,2.0,1,-1,2.0,2.0,2.0,1.0,0.0,0.0,1,0.0,1.0,2,1,4,2,0,0,2,4,0,2,4,0,0,0,0,0,6,0,1,1,0,3,10,15
200500025365,5,5,15,3,1,1,1.0,6.0,0.0,7.0,0.0,8.0,0.0,14.0,1,0,3.0,2.0,2.0,1.0,0.0,70.0,1,0.0,3.0,1,4,1,1,0,0,1,1,0,1,1,0,0,1,0,0,1,1,0,0,0,4,21,30