Num_Acc,an,mois,jour,lum,agg,int,atm,col,senc,catv,occutc,obs,obsm,manv,catu,secu,catr,circ,nbv,prof,lartpc,larrout,surf,infra,situ,nb_veh,grav_simpl,Homme,Femme,Arrière,Autre_x,Avant,Conducteur,Autre_y,Inconnu,Loisirs,Professionnel,Travail,Adulte,Enfant,Jeune,Senior,choc_avant,choc_arriere,choc_lateral,choc_multiple,grav_order_max,heure,minute
200600020489,6,4,11,1,2,2,3.0,3.0,0.0,7.0,0.0,0.0,2.0,1.0,1,1,2.0,3.0,4.0,1.0,4.0,172.0,1,5.0,1.0,2,2,4,2,0,0,2,4,0,2,4,0,0,6,0,0,0,1,0,1,0,2,19,45
200700068193,7,11,27,1,2,1,1.0,6.0,0.0,31.0,0.0,0.0,0.0,1.0,1,2,2.0,3.0,4.0,1.0,0.0,0.0,1,0.0,1.0,2,2,4,0,0,0,0,4,0,4,0,0,0,4,0,0,0,0,0,1,0,2,10,30
200800051874,8,9,10,1,2,1,1.0,4.0,0.0,7.0,0.0,0.0,2.0,0.0,1,1,4.0,2.0,2.0,1.0,0.0,100.0,1,0.0,1.0,3,1,9,3,0,0,3,9,0,6,6,0,0,3,3,0,6,1,0,0,1,2,16,3
200700074931,7,12,15,1,2,1,1.0,1.0,0.0,7.0,0.0,0.0,2.0,13.0,1,1,4.0,2.0,0.0,1.0,0.0,50.0,1,0.0,1.0,2,1,4,0,0,0,0,4,0,0,2,0,2,0,0,4,0,1,0,0,0,3,14,45
200600026251,6,5,2,1,2,1,1.0,6.0,0.0,1.0,0.0,8.0,0.0,1.0,1,0,4.0,2.0,2.0,2.0,0.0,56.0,1,0.0,1.0,1,2,1,0,0,0,0,1,1,0,0,0,0,0,0,1,0,1,0,0,0,2,6,43
200700052206,7,8,30,5,2,1,1.0,6.0,0.0,7.0,0.0,1.0,0.0,0.0,1,-1,4.0,2.0,2.0,1.0,20.0,20.0,1,0.0,1.0,1,2,1,0,0,0,0,1,0,0,1,0,0,0,0,1,0,1,0,0,0,2,1,20
201700044761,17,9,15,1,2,1,1.0,7.0,1.0,1.0,0.0,0.0,0.0,13.0,1,-1,3.0,2.0,3.0,1.0,0.0,0.0,1,0.0,1.0,1,2,1,0,0,0,0,1,0,0,0,0,1,0,0,1,0,0,0,0,0,2,9,30
201700015661,17,9,23,3,1,1,1.0,7.0,1.0,7.0,0.0,0.0,0.0,1.0,1,-1,3.0,2.0,2.0,1.0,0.0,54.0,1,0.0,0.0,1,3,1,0,0,0,0,1,0,1,0,0,0,0,0,1,0,0,0,0,0,3,22,15
200700043155,7,7,2,1,1,1,1.0,6.0,0.0,7.0,0.0,0.0,0.0,1.0,1,-1,1.0,1.0,0.0,2.0,0.0,105.0,1,0.0,1.0,1,2,0,1,0,0,0,1,0,1,0,0,0,0,0,0,1,0,0,0,0,2,15,50
201000037262,10,6,29,1,2,2,1.0,6.0,0.0,7.0,0.0,0.0,2.0,0.0,1,1,3.0,2.0,6.0,1.0,0.0,0.0,1,0.0,1.0,2,2,6,0,0,0,2,4,0,4,0,0,2,6,0,0,0,1,0,0,0,2,16,55
200800015135,8,3,5,5,2,4,1.0,3.0,0.0,7.0,0.0,0.0,2.0,15.0,1,1,4.0,1.0,1.0,1.0,0.0,70.0,1,0.0,1.0,2,1,4,0,0,0,0,4,2,0,0,0,2,2,0,2,0,1,0,1,0,2,21,20
201200051417,12,10,27,3,1,1,1.0,3.0,0.0,7.0,0.0,0.0,2.0,0.0,1,-1,1.0,3.0,6.0,1.0,10.0,150.0,1,0.0,1.0,2,3,16,2,6,4,4,4,0,8,10,0,0,4,4,10,0,1,0,0,0,4,5,50
201200055889,12,12,7,4,2,3,2.0,2.0,0.0,32.0,0.0,0.0,2.0,2.0,1,2,4.0,2.0,1.0,1.0,0.0,130.0,1,0.0,1.0,2,2,2,2,0,0,0,4,0,0,2,0,2,2,0,2,0,0,1,0,0,2,18,10
200700039930,7,7,22,3,1,1,1.0,6.0,0.0,7.0,0.0,13.0,0.0,1.0,1,1,3.0,2.0,2.0,3.0,0.0,66.0,1,0.0,3.0,1,3,1,0,0,0,0,1,0,0,0,1,0,1,0,0,0,1,0,0,0,3,3,15
200900014152,9,1,14,1,2,1,1.0,6.0,0.0,7.0,0.0,0.0,1.0,0.0,3,-1,4.0,0.0,0.0,1.0,0.0,80.0,-1,0.0,0.0,1,2,0,2,0,1,0,1,0,2,0,0,0,0,1,0,1,1,0,0,0,2,10,36
200600037763,6,7,6,1,2,1,1.0,3.0,0.0,7.0,0.0,0.0,2.0,15.0,1,1,3.0,3.0,6.0,1.0,20.0,140.0,1,0.0,1.0,2,1,4,0,0,0,0,4,0,0,2,2,0,2,0,2,0,1,0,0,0,3,12,20
201500024978,15,8,17,1,2,1,1.0,2.0,0.0,3.0,0.0,0.0,2.0,2.0,1,1,4.0,2.0,2.0,1.0,0.0,0.0,1,0.0,1.0,2,2,4,0,0,0,0,4,0,2,2,0,0,2,0,2,0,1,1,0,0,2,16,0
201700046983,17,12,2,1,1,1,1.0,6.0,1.0,7.0,0.0,4.0,0.0,13.0,1,1,1.0,3.0,1.0,2.0,0.0,35.0,1,3.0,1.0,1,3,0,1,0,0,0,1,0,0,1,0,0,1,0,0,0,1,0,0,0,3,12,30
201400014052,14,2,14,1,2,3,1.0,6.0,1.0,7.0,0.0,0.0,0.0,1.0,1,9,4.0,2.0,0.0,1.0,0.0,0.0,1,0.0,1.0,2,2,2,0,0,0,0,2,0,0,2,0,0,0,0,0,2,0,0,1,0,2,9,50
200900030634,9,6,25,1,2,2,1.0,1.0,0.0,7.0,0.0,0.0,9.0,1.0,1,1,4.0,2.0,0.0,2.0,0.0,60.0,1,0.0,1.0,2,1,0,4,0,0,0,4,0,0,4,0,0,2,0,2,0,1,0,0,0,2,21,36
201400012303,14,7,15,3,1,1,1.0,1.0,0.0,10.0,0.0,0.0,2.0,1.0,1,1,1.0,3.0,2.0,1.0,25.0,74.0,1,0.0,1.0,2,1,8,0,2,0,2,4,0,4,2,2,0,6,0,0,2,1,0,0,0,4,22,45
201100001972,11,10,12,1,1,1,1.0,6.0,0.0,31.0,0.0,13.0,0.0,1.0,1,2,4.0,2.0,2.0,2.0,0.0,0.0,1,0.0,3.0,1,3,1,0,0,0,0,1,0,0,0,1,0,1,0,0,0,1,0,0,0,3,17,0
200800031108,8,6,28,1,1,1,1.0,3.0,0.0,10.0,0.0,0.0,2.0,1.0,1,1,3.0,2.0,2.0,1.0,0.0,57.0,1,5.0,1.0,2,1,4,0,0,0,0,4,0,0,2,2,0,0,0,4,0,1,1,0,0,3,9,15
200600058448,6,10,6,2,1,1,1.0,3.0,0.0,7.0,0.0,0.0,2.0,15.0,1,-1,3.0,2.0,2.0,1.0,0.0,50.0,1,3.0,1.0,2,1,4,0,0,0,0,4,0,0,4,0,0,0,0,0,4,1,0,1,0,3,18,45
200900052529,9,6,13,1,2,1,1.0,6.0,0.0,7.0,0.0,0.0,2.0,17.0,1,-1,4.0,2.0,2.0,1.0,0.0,68.0,1,0.0,1.0,2,1,2,2,0,0,0,4,0,0,4,0,0,0,0,4,0,1,0,1,0,2,16,0
201500039698,15,10,27,1,2,1,1.0,6.0,0.0,7.0,0.0,0.0,1.0,0.0,1,0,4.0,2.0,2.0,1.0,0.0,0.0,1,0.0,1.0,1,1,1,1,0,1,0,1,1,1,0,0,0,0,0,2,0,1,0,0,0,2,11,30
200700066239,7,10,23,2,1,1,1.0,7.0,0.0,7.0,0.0,0.0,0.0,12.0,1,1,2.0,3.0,4.0,2.0,15.0,140.0,1,0.0,1.0,2,1,4,0,0,0,0,4,0,0,0,0,4,4,0,0,0,0,0,0,0,3,7,30
201700006829,17,9,7,1,1,1,8.0,6.0,2.0,7.0,0.0,3.0,0.0,13.0,1,-1,1.0,3.0,4.0,1.0,53.0,70.0,1,0.0,2.0,1,1,2,1,0,1,1,1,0,0,3,0,0,2,0,0,1,1,0,0,0,3,16,0
201200031460,12,6,4,2,2,2,1.0,6.0,0.0,7.0,0.0,0.0,2.0,1.0,1,1,3.0,2.0,2.0,1.0,0.0,73.0,1,0.0,1.0,3,1,12,6,0,0,9,9,0,0,15,0,3,15,0,3,0,1,0,0,0,4,20,40
201400037368,14,6,23,1,2,1,3.0,6.0,0.0,10.0,0.0,0.0,1.0,1.0,1,1,3.0,2.0,2.0,3.0,0.0,70.0,1,0.0,1.0,1,1,1,1,0,1,0,1,1,0,0,1,0,1,1,0,0,1,0,0,0,2,8,45
201400000073,14,9,6,3,1,1,1.0,6.0,0.0,7.0,0.0,13.0,0.0,1.0,1,-1,4.0,2.0,0.0,0.0,0.0,40.0,1,0.0,1.0,1,3,1,0,0,0,0,1,1,0,0,0,0,1,0,0,0,1,0,0,0,3,21,45
200700028348,7,5,2,1,2,3,2.0,3.0,0.0,15.0,0.0,0.0,2.0,16.0,1,1,4.0,2.0,0.0,1.0,0.0,0.0,1,0.0,1.0,2,1,2,2,0,0,0,4,0,0,2,2,0,4,0,0,0,0,0,1,1,3,15,35
201400002751,14,11,12,1,2,1,1.0,1.0,0.0,7.0,0.0,0.0,2.0,13.0,1,1,3.0,2.0,2.0,1.0,0.0,59.0,1,0.0,1.0,2,2,4,2,0,0,2,4,2,2,2,0,0,2,0,0,4,1,0,0,0,3,15,0
200500007450,5,2,4,5,2,1,1.0,6.0,0.0,7.0,0.0,0.0,2.0,2.0,1,-1,4.0,3.0,2.0,1.0,10.0,70.0,1,0.0,1.0,1,2,1,1,0,1,0,1,1,1,0,0,0,0,0,2,0,0,0,1,0,3,20,50
200500015104,5,3,1,1,1,1,1.0,6.0,0.0,5.0,0.0,0.0,1.0,1.0,1,2,1.0,2.0,2.0,1.0,0.0,60.0,1,0.0,1.0,2,2,6,0,0,2,0,4,0,0,4,0,2,4,0,0,2,1,0,0,0,2,14,25
201700003306,17,11,24,5,2,2,2.0,6.0,1.0,7.0,0.0,0.0,1.0,1.0,1,1,3.0,2.0,2.0,1.0,0.0,48.0,1,0.0,1.0,1,1,1,1,0,1,0,1,1,0,1,0,0,1,0,0,1,1,0,0,0,3,18,15
200900050615,9,10,23,2,2,1,8.0,6.0,0.0,7.0,0.0,0.0,1.0,1.0,1,1,4.0,2.0,0.0,1.0,0.0,50.0,1,0.0,1.0,1,1,1,1,0,1,0,1,1,0,0,0,1,1,1,0,0,1,0,0,0,3,7,45
201500015218,15,9,29,1,2,1,1.0,3.0,0.0,10.0,0.0,0.0,2.0,15.0,1,-1,4.0,2.0,2.0,1.0,0.0,100.0,1,0.0,1.0,2,1,2,2,0,0,0,4,0,2,0,2,0,2,0,2,0,1,0,1,0,3,18,0
201400035163,14,6,4,1,2,2,2.0,2.0,0.0,10.0,0.0,0.0,2.0,2.0,1,1,3.0,3.0,4.0,1.0,20.0,60.0,1,0.0,1.0,2,1,2,2,0,0,0,4,0,0,0,0,4,2,0,2,0,1,1,0,0,2,16,15
201300005001,13,8,25,3,1,1,1.0,1.0,0.0,7.0,0.0,0.0,2.0,13.0,1,1,3.0,2.0,2.0,1.0,50.0,0.0,1,0.0,1.0,2,3,4,0,0,0,0,4,0,0,4,0,0,0,0,4,0,1,0,0,0,3,21,30
201300022301,13,1,31,1,2,1,1.0,6.0,0.0,7.0,0.0,0.0,1.0,0.0,1,-1,4.0,0.0,0.0,0.0,0.0,61.0,1,0.0,1.0,1,1,1,1,0,1,0,1,2,0,0,0,0,1,0,1,0,0,0,0,0,2,12,45
201400037828,14,12,5,1,2,1,1.0,6.0,0.0,33.0,0.0,13.0,0.0,0.0,1,2,4.0,3.0,4.0,0.0,30.0,120.0,1,0.0,1.0,1,2,1,0,0,0,0,1,0,0,0,0,1,0,0,1,0,0,0,0,0,2,13,17
201300046622,13,11,12,3,1,1,1.0,6.0,0.0,7.0,0.0,4.0,0.0,14.0,1,1,1.0,2.0,4.0,1.0,0.0,-1.0,1,0.0,1.0,1,2,1,0,0,0,0,1,0,0,0,0,1,1,0,0,0,1,0,0,0,2,4,55
200700065479,7,10,13,2,2,1,1.0,6.0,0.0,2.0,0.0,1.0,0.0,16.0,1,2,4.0,2.0,2.0,0.0,0.0,0.0,1,0.0,1.0,1,2,0,1,0,0,0,1,0,0,1,0,0,0,1,0,0,1,0,0,0,2,21,40
200700004259,7,1,16,5,2,2,2.0,6.0,0.0,7.0,0.0,0.0,1.0,16.0,1,1,4.0,2.0,2.0,1.0,0.0,60.0,1,0.0,1.0,1,1,0,2,0,1,0,1,0,0,2,0,0,1,0,0,1,1,0,0,0,2,21,35
201700044892,17,5,11,1,1,1,1.0,3.0,0.0,31.0,0.0,0.0,2.0,3.0,1,2,2.0,3.0,2.0,1.0,0.0,0.0,1,0.0,1.0,2,2,4,0,0,0,0,4,0,2,0,2,0,4,0,0,0,1,0,0,0,2,8,15
200600072760,6,11,22,2,1,2,9.0,3.0,0.0,38.0,0.0,0.0,2.0,19.0,1,-1,3.0,2.0,0.0,1.0,0.0,64.0,1,5.0,1.0,2,1,4,0,0,0,0,4,0,0,0,2,2,4,0,0,0,1,0,1,0,3,7,35
200700059656,7,9,19,5,2,1,1.0,3.0,0.0,7.0,0.0,0.0,2.0,2.0,1,1,4.0,0.0,3.0,1.0,0.0,100.0,1,0.0,1.0,2,1,4,0,0,0,0,4,2,0,0,0,2,2,0,2,0,1,0,1,0,2,22,30
200900050019,9,12,4,1,1,1,2.0,5.0,0.0,7.0,0.0,0.0,0.0,0.0,1,1,1.0,1.0,3.0,1.0,0.0,100.0,1,0.0,1.0,4,1,4,12,0,0,0,16,0,8,4,4,0,12,0,4,0,1,0,0,0,2,17,50
201400006040,14,4,10,1,1,1,7.0,4.0,0.0,14.0,0.0,0.0,2.0,1.0,1,1,3.0,2.0,2.0,1.0,0.0,120.0,1,0.0,1.0,6,1,18,18,0,0,0,36,0,0,18,18,0,24,0,6,6,1,1,0,0,2,17,30
200900003363,9,1,24,1,2,9,1.0,7.0,0.0,7.0,0.0,0.0,0.0,0.0,3,-1,6.0,0.0,0.0,1.0,0.0,0.0,-1,0.0,0.0,1,2,1,1,0,1,0,1,0,2,0,0,0,0,1,1,0,0,0,0,0,2,15,35
201700003874,17,6,18,1,1,1,1.0,7.0,1.0,33.0,0.0,0.0,0.0,0.0,1,2,3.0,2.0,2.0,2.0,0.0,70.0,1,0.0,1.0,1,3,1,0,0,0,0,1,0,0,1,0,0,1,0,0,0,1,0,0,0,3,18,30
201600039055,16,4,5,1,2,3,1.0,3.0,0.0,7.0,0.0,0.0,2.0,19.0,1,1,4.0,1.0,1.0,1.0,0.0,0.0,1,0.0,1.0,2,1,4,0,0,0,0,4,0,0,0,0,4,4,0,0,0,1,0,0,0,2,19,5
201100022362,11,5,20,1,1,2,1.0,3.0,0.0,7.0,0.0,0.0,2.0,15.0,1,1,3.0,2.0,0.0,1.0,0.0,120.0,1,5.0,1.0,2,3,2,4,0,0,2,4,4,2,0,0,0,2,2,0,2,1,0,1,0,3,16,15
200600040511,6,7,28,1,2,2,1.0,3.0,0.0,10.0,0.0,0.0,2.0,10.0,1,1,4.0,1.0,1.0,1.0,0.0,30.0,1,0.0,1.0,2,1,4,0,0,0,0,4,0,0,2,2,0,2,0,2,0,1,0,1,0,2,10,50
200900026957,9,10,10,1,2,1,1.0,4.0,0.0,15.0,0.0,0.0,2.0,14.0,1,1,4.0,1.0,4.0,1.0,15.0,140.0,1,0.0,1.0,3,1,15,0,3,0,3,9,0,0,3,9,3,15,0,0,0,1,1,0,0,2,12,30
201200047503,12,12,1,5,2,1,9.0,3.0,0.0,33.0,0.0,0.0,2.0,1.0,1,2,3.0,2.0,0.0,0.0,0.0,89.0,-1,0.0,1.0,2,2,4,0,0,0,0,4,0,0,0,0,4,2,0,2,0,1,0,0,0,2,20,40
200900018632,9,2,27,1,2,2,1.0,6.0,0.0,33.0,0.0,0.0,1.0,0.0,1,2,2.0,2.0,4.0,1.0,0.0,120.0,-1,0.0,1.0,1,1,2,0,0,1,0,1,1,0,1,0,0,1,0,1,0,1,0,0,0,2,14,50
201500015929,15,5,8,1,1,1,1.0,7.0,0.0,7.0,0.0,0.0,0.0,0.0,1,1,3.0,2.0,2.0,1.0,0.0,66.0,1,0.0,3.0,1,2,1,0,0,0,0,1,0,0,1,0,0,1,0,0,0,0,0,0,0,2,18,0
201100022534,11,6,25,5,2,1,1.0,7.0,0.0,7.0,0.0,6.0,0.0,1.0,1,-1,4.0,2.0,2.0,1.0,0.0,70.0,1,0.0,1.0,1,1,3,0,1,0,1,1,0,0,3,0,0,0,0,3,0,1,0,0,0,2,4,35
200900045904,9,8,18,5,2,3,1.0,3.0,0.0,7.0,0.0,0.0,2.0,15.0,1,1,4.0,2.0,2.0,1.0,0.0,0.0,1,0.0,1.0,2,1,4,0,0,0,0,4,0,0,4,0,0,2,2,0,0,1,0,1,0,2,23,50
201700005257,17,3,23,1,1,1,1.0,3.0,1.0,7.0,0.0,0.0,9.0,17.0,1,1,3.0,2.0,2.0,1.0,0.0,0.0,1,0.0,1.0,2,1,4,0,0,0,0,4,0,0,2,2,0,4,0,0,0,1,1,0,0,2,13,5
200700005685,7,1,31,1,1,1,1.0,2.0,0.0,7.0,0.0,0.0,2.0,0.0,1,1,1.0,1.0,2.0,0.0,0.0,105.0,1,0.0,1.0,2,2,2,2,0,0,0,4,0,0,0,4,0,4,0,0,0,1,1,0,0,2,8,0
201100025025,11,5,3,1,2,1,1.0,6.0,0.0,7.0,0.0,0.0,1.0,1.0,1,1,4.0,1.0,1.0,1.0,0.0,47.0,1,0.0,1.0,1,1,0,2,0,1,0,1,0,2,0,0,0,1,0,0,1,1,0,0,0,3,10,30
201300027777,13,6,25,1,2,1,1.0,1.0,0.0,1.0,0.0,0.0,2.0,1.0,1,-1,4.0,2.0,2.0,1.0,0.0,85.0,1,0.0,4.0,2,1,0,4,0,0,0,4,0,0,2,0,2,2,0,2,0,1,0,0,0,2,13,18
201000020190,10,11,4,1,2,2,1.0,3.0,0.0,7.0,0.0,0.0,0.0,15.0,1,1,4.0,2.0,0.0,1.0,0.0,33.0,1,0.0,1.0,2,1,6,0,0,0,2,4,0,0,4,2,0,6,0,0,0,1,0,0,0,3,14,20
201300017980,13,2,10,3,1,1,1.0,6.0,0.0,7.0,0.0,3.0,0.0,16.0,1,1,3.0,3.0,4.0,1.0,45.0,130.0,-1,3.0,3.0,1,3,1,0,0,0,0,1,0,0,1,0,0,0,0,1,0,1,0,0,0,3,2,0
201100042519,11,3,4,1,2,7,1.0,3.0,0.0,7.0,0.0,0.0,2.0,15.0,1,1,4.0,2.0,2.0,1.0,0.0,0.0,1,0.0,1.0,2,1,4,0,0,0,0,4,2,0,2,0,0,2,0,2,0,1,0,1,0,3,17,15
200600077134,6,12,8,1,2,1,3.0,6.0,0.0,37.0,5.0,6.0,0.0,13.0,1,9,4.0,1.0,2.0,1.0,0.0,0.0,1,0.0,4.0,1,3,1,5,0,5,0,1,0,5,0,1,0,5,0,1,0,1,0,0,0,3,15,6
201300021489,13,10,21,1,2,3,1.0,3.0,0.0,7.0,0.0,0.0,2.0,15.0,1,1,3.0,2.0,2.0,1.0,0.0,0.0,1,0.0,1.0,2,1,4,0,0,0,0,4,2,2,0,0,0,2,2,0,0,1,0,0,0,2,8,55
201100035234,11,1,25,2,2,1,2.0,6.0,0.0,1.0,0.0,0.0,2.0,1.0,1,2,4.0,2.0,2.0,1.0,0.0,97.0,1,0.0,1.0,2,2,0,4,0,0,0,4,0,0,0,0,4,2,0,2,0,1,0,0,0,2,8,0
201400012063,14,10,6,1,1,1,2.0,7.0,0.0,17.0,0.0,0.0,0.0,1.0,1,1,3.0,2.0,2.0,2.0,0.0,70.0,1,0.0,1.0,1,3,0,1,0,0,0,1,0,0,0,1,0,1,0,0,0,0,0,0,0,3,15,15
201400029087,14,7,3,1,2,2,1.0,3.0,0.0,33.0,0.0,6.0,2.0,0.0,1,2,4.0,2.0,2.0,1.0,0.0,70.0,1,5.0,1.0,2,3,4,0,0,0,0,4,2,0,0,0,2,2,0,0,2,1,0,0,0,3,11,30
201500045554,15,6,9,1,1,1,1.0,2.0,0.0,17.0,0.0,0.0,2.0,2.0,1,1,1.0,1.0,3.0,1.0,0.0,135.0,1,0.0,1.0,2,1,4,0,0,0,0,4,0,0,0,2,2,4,0,0,0,1,1,0,0,2,14,5
201100029586,11,12,15,5,2,1,2.0,3.0,0.0,33.0,0.0,0.0,2.0,1.0,1,2,4.0,2.0,4.0,1.0,0.0,0.0,1,0.0,1.0,2,2,2,4,0,0,2,4,0,0,6,0,0,4,2,0,0,1,0,1,0,2,18,30
201200035596,12,6,17,1,2,2,1.0,5.0,0.0,32.0,0.0,0.0,2.0,1.0,1,2,4.0,3.0,5.0,1.0,0.0,0.0,1,0.0,1.0,3,2,9,0,0,0,0,9,0,6,3,0,0,9,0,0,0,1,0,1,0,2,17,20
200900037778,9,8,1,1,2,1,1.0,2.0,0.0,7.0,0.0,0.0,2.0,2.0,1,1,4.0,2.0,2.0,1.0,0.0,70.0,1,0.0,1.0,2,1,2,2,0,0,0,4,2,2,0,0,0,2,0,2,0,1,1,0,0,2,16,35
201500008289,15,4,14,1,1,1,1.0,6.0,0.0,7.0,0.0,2.0,2.0,13.0,1,1,3.0,2.0,2.0,1.0,0.0,59.0,1,0.0,1.0,1,4,0,1,0,0,0,1,1,0,0,0,0,0,0,1,0,1,0,0,0,4,10,30
201100049475,11,4,14,1,2,1,1.0,2.0,0.0,1.0,0.0,0.0,2.0,3.0,1,0,3.0,3.0,2.0,1.0,0.0,90.0,1,0.0,1.0,2,2,2,4,0,0,2,4,0,0,0,4,2,4,0,2,0,1,1,0,0,2,16,25
201600049639,16,1,2,1,1,1,2.0,6.0,1.0,7.0,0.0,4.0,0.0,2.0,1,1,1.0,1.0,1.0,2.0,0.0,35.0,1,3.0,1.0,1,2,0,1,0,0,0,1,0,0,1,0,0,0,0,1,0,1,0,0,0,2,15,25
200700079175,7,12,17,1,2,1,1.0,2.0,0.0,7.0,0.0,0.0,2.0,2.0,1,1,4.0,2.0,2.0,1.0,0.0,0.0,1,0.0,1.0,2,1,2,2,0,0,0,4,0,0,2,2,0,0,0,4,0,1,1,0,0,2,12,25
200600053659,6,9,26,1,2,3,1.0,3.0,0.0,7.0,0.0,0.0,0.0,0.0,1,-1,4.0,2.0,2.0,1.0,0.0,0.0,1,0.0,1.0,2,2,0,4,0,0,0,4,0,4,0,0,0,2,0,2,0,1,0,0,0,2,14,10
201500032259,15,5,28,2,2,1,1.0,1.0,0.0,7.0,0.0,0.0,2.0,9.0,1,1,4.0,2.0,2.0,1.0,0.0,100.0,1,0.0,1.0,2,1,0,4,0,0,0,4,0,0,2,0,2,4,0,0,0,1,0,0,0,2,5,20
201000032031,10,8,19,1,2,6,1.0,3.0,1.0,7.0,0.0,0.0,2.0,1.0,1,0,4.0,2.0,4.0,1.0,42.0,165.0,1,0.0,0.0,2,3,2,0,0,0,0,2,0,0,2,0,0,0,0,2,0,1,0,0,0,3,6,55
201200037754,12,5,21,1,1,1,1.0,7.0,0.0,7.0,0.0,2.0,0.0,1.0,1,1,3.0,3.0,2.0,2.0,0.0,76.0,1,0.0,3.0,1,2,1,1,0,0,1,1,1,0,0,1,0,2,0,0,0,1,0,0,0,3,10,40
200700047972,7,8,3,1,1,1,1.0,5.0,0.0,10.0,0.0,1.0,0.0,17.0,1,1,3.0,2.0,0.0,2.0,0.0,90.0,1,0.0,1.0,3,4,9,0,0,0,0,9,3,0,3,3,0,6,0,0,3,1,1,1,0,4,10,45
200500058176,5,9,8,5,2,1,1.0,6.0,0.0,7.0,0.0,1.0,0.0,14.0,1,-1,4.0,1.0,1.0,1.0,0.0,67.0,1,0.0,1.0,1,3,2,0,0,0,1,1,0,2,0,0,0,0,0,2,0,0,0,0,1,3,2,0
200800012695,8,3,21,1,2,2,1.0,3.0,0.0,1.0,0.0,0.0,2.0,19.0,1,-1,4.0,0.0,0.0,0.0,0.0,0.0,-1,0.0,0.0,2,2,2,2,0,0,0,4,0,4,0,0,0,0,0,2,2,1,0,1,0,2,16,2
201100042667,11,5,5,1,1,1,1.0,5.0,0.0,7.0,0.0,0.0,2.0,1.0,1,1,3.0,2.0,2.0,1.0,0.0,0.0,1,0.0,1.0,3,1,0,9,0,0,0,9,0,9,0,0,0,9,0,0,0,1,1,0,0,2,7,50
200600053703,6,9,7,3,1,1,1.0,7.0,0.0,7.0,0.0,0.0,0.0,1.0,1,0,4.0,2.0,2.0,1.0,0.0,0.0,1,0.0,1.0,1,1,2,0,0,0,1,1,0,1,1,0,0,0,0,2,0,0,0,0,1,3,23,0
200800039469,8,7,10,1,2,1,1.0,6.0,0.0,7.0,0.0,0.0,1.0,15.0,1,1,4.0,2.0,2.0,1.0,0.0,60.0,1,0.0,1.0,1,1,1,1,0,1,0,1,0,0,2,0,0,1,0,1,0,1,0,0,0,2,17,40
200600007635,6,2,17,5,2,2,1.0,1.0,0.0,2.0,0.0,0.0,2.0,1.0,1,2,4.0,2.0,2.0,2.0,0.0,108.0,1,5.0,1.0,2,2,4,0,0,0,0,4,2,0,0,0,2,2,2,0,0,1,0,1,0,2,17,5
200800028063,8,5,24,1,2,1,1.0,1.0,0.0,7.0,0.0,0.0,1.0,16.0,1,1,4.0,1.0,1.0,2.0,0.0,30.0,1,5.0,1.0,2,1,4,2,0,2,0,4,0,0,4,2,0,4,0,0,2,1,0,1,0,3,15,30
201600015119,16,7,9,1,1,1,1.0,3.0,0.0,7.0,0.0,0.0,2.0,0.0,1,1,4.0,1.0,1.0,1.0,0.0,60.0,1,0.0,1.0,2,1,4,0,0,0,0,4,0,0,2,0,2,2,0,2,0,1,1,0,0,2,18,45
200700056353,7,9,16,1,2,1,1.0,2.0,0.0,7.0,0.0,0.0,2.0,1.0,1,-1,4.0,1.0,1.0,1.0,0.0,0.0,1,0.0,1.0,2,1,4,0,0,0,0,4,0,4,0,0,0,0,0,2,2,1,1,0,0,2,12,50
201400052460,14,6,24,5,2,2,1.0,6.0,0.0,2.0,0.0,0.0,1.0,1.0,1,2,4.0,1.0,1.0,1.0,0.0,0.0,1,0.0,1.0,1,1,1,1,0,1,0,1,0,2,0,0,0,0,0,2,0,0,0,0,0,2,23,30
201100056324,11,12,6,1,2,1,2.0,7.0,0.0,30.0,0.0,0.0,0.0,1.0,1,2,4.0,1.0,3.0,1.0,0.0,0.0,1,0.0,1.0,1,2,1,0,0,0,0,1,0,0,0,0,1,0,0,1,0,0,0,0,0,2,8,50
201300005094,13,12,26,1,2,1,1.0,6.0,0.0,10.0,0.0,0.0,1.0,1.0,1,1,3.0,3.0,2.0,1.0,10.0,60.0,1,0.0,1.0,1,1,1,1,0,1,0,1,1,0,0,1,0,0,0,1,1,1,0,0,0,3,9,45
201400025931,14,11,9,1,2,2,1.0,6.0,0.0,30.0,0.0,0.0,2.0,1.0,1,2,4.0,2.0,2.0,1.0,0.0,0.0,1,0.0,1.0,2,1,2,2,0,0,0,4,0,0,2,2,0,0,0,4,0,1,0,0,0,2,12,40
200900022480,9,7,2,1,2,1,1.0,6.0,0.0,7.0,0.0,0.0,1.0,4.0,1,1,4.0,0.0,1.0,1.0,0.0,0.0,1,0.0,1.0,1,1,0,2,0,1,0,1,0,0,2,0,0,0,0,0,2,1,0,0,0,3,17,35
200500055587,5,9,10,1,1,1,1.0,1.0,0.0,7.0,0.0,13.0,0.0,1.0,1,1,3.0,2.0,0.0,0.0,0.0,80.0,1,0.0,1.0,2,3,4,2,0,0,2,4,0,2,4,0,0,4,0,0,2,1,0,0,0,3,18,15