Num_Acc,an,mois,jour,lum,agg,int,atm,col,senc,catv,occutc,obs,obsm,manv,catu,secu,catr,circ,nbv,prof,lartpc,larrout,surf,infra,situ,nb_veh,grav_simpl,Homme,Femme,Arrière,Autre_x,Avant,Conducteur,Autre_y,Inconnu,Loisirs,Professionnel,Travail,Adulte,Enfant,Jeune,Senior,choc_avant,choc_arriere,choc_lateral,choc_multiple,grav_order_max,heure,minute
201700006626,17,3,28,5,1,1,1.0,6.0,2.0,7.0,0.0,14.0,0.0,1.0,1,1,1.0,3.0,5.0,1.0,0.0,0.0,1,7.0,1.0,1,1,2,0,0,0,1,1,1,0,0,1,0,1,0,0,1,1,0,0,0,3,6,30
200500032542,5,6,8,1,1,1,1.0,6.0,0.0,7.0,0.0,0.0,9.0,16.0,1,1,4.0,2.0,2.0,1.0,0.0,150.0,1,0.0,0.0,2,1,4,0,0,0,0,4,0,0,4,0,0,2,0,0,2,1,1,0,0,2,14,50
201500053845,15,10,2,1,2,3,1.0,3.0,0.0,30.0,0.0,0.0,2.0,17.0,1,2,4.0,2.0,2.0,1.0,0.0,0.0,1,0.0,1.0,2,2,6,0,0,0,2,4,4,0,0,2,0,4,2,0,0,1,0,1,0,2,9,0
200700056535,7,9,30,5,2,4,3.0,7.0,0.0,7.0,0.0,8.0,0.0,14.0,1,1,2.0,3.0,4.0,1.0,0.0,0.0,1,0.0,1.0,1,2,0,1,0,0,0,1,0,0,1,0,0,0,0,1,0,0,0,1,0,2,21,30
200900044429,9,11,28,1,2,1,1.0,2.0,0.0,7.0,0.0,0.0,2.0,2.0,1,1,4.0,2.0,2.0,1.0,0.0,0.0,1,0.0,1.0,2,1,4,2,0,0,2,4,0,0,6,0,0,0,0,2,4,1,1,0,0,2,13,30
201100045882,11,6,30,1,2,1,1.0,2.0,0.0,10.0,0.0,0.0,2.0,1.0,1,1,3.0,2.0,2.0,1.0,0.0,0.0,1,0.0,1.0,2,1,6,0,0,0,2,4,0,0,0,2,4,6,0,0,0,1,1,0,0,2,7,15
201100049030,11,10,19,1,2,2,1.0,6.0,0.0,7.0,0.0,0.0,1.0,15.0,1,1,4.0,2.0,2.0,1.0,0.0,60.0,1,0.0,1.0,1,1,1,1,0,1,0,1,0,0,1,0,1,1,0,1,0,1,0,0,0,2,11,50
200500071485,5,11,30,3,1,1,1.0,1.0,0.0,15.0,0.0,0.0,2.0,1.0,1,1,2.0,2.0,2.0,1.0,0.0,72.0,1,0.0,1.0,2,1,4,0,0,0,0,4,0,0,2,2,0,2,0,2,0,1,0,0,0,3,23,30
200900008286,9,4,7,2,2,1,1.0,1.0,0.0,10.0,0.0,1.0,1.0,13.0,1,1,2.0,2.0,2.0,1.0,0.0,73.0,1,0.0,1.0,2,1,4,0,0,2,0,2,0,0,0,4,0,2,0,2,0,1,0,1,0,4,6,30
200700033337,7,6,25,1,1,1,1.0,7.0,0.0,7.0,0.0,13.0,0.0,1.0,1,1,1.0,3.0,3.0,1.0,25.0,100.0,1,0.0,3.0,1,3,1,1,0,0,1,1,0,1,1,0,0,0,0,0,2,1,0,0,0,3,16,0
201500034869,15,3,26,1,2,1,1.0,1.0,0.0,38.0,3.0,0.0,2.0,1.0,1,1,3.0,2.0,2.0,2.0,0.0,0.0,1,0.0,1.0,2,1,6,2,2,0,2,4,4,0,0,2,2,2,2,4,0,1,0,0,0,3,7,50
201500011313,15,12,3,1,2,1,7.0,7.0,0.0,7.0,0.0,0.0,1.0,1.0,1,1,3.0,2.0,0.0,2.0,0.0,0.0,1,0.0,1.0,1,1,1,1,0,1,0,1,1,0,1,0,0,1,1,0,0,1,0,0,0,3,13,15
201000057556,10,11,7,2,1,1,2.0,7.0,0.0,7.0,0.0,3.0,0.0,0.0,1,1,2.0,1.0,2.0,1.0,100.0,70.0,1,3.0,1.0,1,2,1,0,0,0,0,1,1,0,0,0,0,1,0,0,0,0,0,1,0,2,19,45
200900014017,9,4,27,5,1,1,2.0,7.0,0.0,7.0,0.0,3.0,0.0,12.0,1,1,1.0,1.0,1.0,2.0,30.0,35.0,1,3.0,1.0,1,2,1,1,0,0,1,1,0,0,2,0,0,0,0,2,0,1,0,0,0,2,5,55
201600014143,16,2,24,1,2,1,1.0,3.0,2.0,7.0,0.0,0.0,2.0,19.0,1,1,3.0,2.0,2.0,1.0,0.0,60.0,1,0.0,1.0,2,3,4,0,0,0,0,4,0,4,0,0,0,0,0,4,0,1,0,0,0,3,7,45
201100038348,11,10,18,1,2,1,1.0,6.0,0.0,1.0,0.0,1.0,0.0,1.0,1,0,4.0,2.0,2.0,1.0,0.0,60.0,1,0.0,1.0,2,2,0,4,0,0,0,4,0,0,4,0,0,0,0,2,2,1,0,1,0,2,18,25
201200012337,12,1,13,5,2,1,8.0,1.0,0.0,34.0,0.0,0.0,2.0,1.0,1,2,3.0,2.0,2.0,1.0,0.0,70.0,1,0.0,1.0,2,2,2,2,0,0,0,4,2,0,2,0,0,4,0,0,0,1,0,0,0,2,18,0
200700070932,7,11,22,5,2,1,1.0,3.0,0.0,7.0,0.0,0.0,2.0,10.0,1,1,3.0,2.0,2.0,1.0,0.0,40.0,1,0.0,1.0,2,1,4,0,0,0,0,4,0,2,2,0,0,0,0,4,0,1,0,1,0,2,18,40
201000008212,10,6,29,1,2,2,1.0,3.0,0.0,1.0,0.0,0.0,2.0,19.0,1,1,3.0,2.0,2.0,2.0,0.0,65.0,1,5.0,1.0,1,1,1,1,0,0,0,2,0,0,2,0,0,1,1,0,0,0,0,1,0,3,11,15
200800065135,8,11,11,5,2,1,2.0,6.0,1.0,7.0,0.0,0.0,2.0,12.0,1,2,3.0,3.0,4.0,4.0,0.0,74.0,1,2.0,1.0,2,2,0,2,0,0,0,2,0,0,2,0,0,0,0,2,0,1,0,1,0,2,18,45
201100052746,11,8,29,1,2,1,1.0,6.0,0.0,7.0,0.0,1.0,0.0,1.0,1,1,4.0,1.0,2.0,1.0,0.0,105.0,1,0.0,1.0,1,2,1,0,0,0,0,1,0,1,0,0,0,0,0,0,1,1,0,0,0,2,15,0
201200010048,12,7,8,1,1,1,2.0,7.0,0.0,31.0,0.0,14.0,0.0,1.0,1,2,9.0,2.0,2.0,1.0,0.0,35.0,-1,0.0,1.0,1,3,1,0,0,0,0,1,0,0,1,0,0,0,0,0,1,0,1,0,0,3,9,45
201000050672,10,12,31,5,2,9,1.0,6.0,0.0,7.0,0.0,1.0,0.0,2.0,1,1,4.0,2.0,2.0,1.0,0.0,0.0,1,0.0,1.0,1,2,0,1,0,0,0,1,0,0,1,0,0,1,0,0,0,1,0,0,0,2,21,20
201400047223,14,5,22,1,1,1,1.0,2.0,0.0,33.0,0.0,0.0,2.0,2.0,1,2,1.0,3.0,3.0,1.0,15.0,105.0,1,0.0,1.0,2,2,4,0,0,0,0,4,4,0,0,0,0,4,0,0,0,1,1,0,0,2,9,25
201000054082,10,6,22,1,2,3,1.0,7.0,1.0,31.0,0.0,0.0,0.0,1.0,1,0,3.0,2.0,2.0,2.0,0.0,0.0,1,0.0,1.0,1,3,1,0,0,0,0,1,1,0,0,0,0,0,0,1,0,0,0,0,1,3,17,0
201100034995,11,9,18,1,2,1,1.0,6.0,0.0,7.0,0.0,0.0,1.0,1.0,1,1,4.0,2.0,2.0,1.0,0.0,64.0,1,0.0,1.0,1,1,2,0,0,1,0,1,0,0,2,0,0,0,1,1,0,1,0,0,0,3,19,30
201300054009,13,2,3,5,2,3,3.0,6.0,0.0,7.0,0.0,0.0,1.0,15.0,1,1,4.0,1.0,1.0,1.0,0.0,0.0,1,0.0,1.0,1,1,2,0,0,1,0,1,0,1,1,0,0,0,0,1,1,1,0,0,0,2,21,20
200600045887,6,8,10,1,1,1,1.0,3.0,0.0,2.0,0.0,0.0,2.0,17.0,1,2,3.0,2.0,2.0,1.0,0.0,69.0,1,0.0,1.0,2,1,6,0,0,0,2,4,0,2,4,0,0,0,4,2,0,0,0,1,0,2,17,45
201500027327,15,7,13,1,1,3,1.0,2.0,0.0,33.0,0.0,0.0,2.0,2.0,1,2,3.0,2.0,2.0,1.0,0.0,60.0,1,0.0,1.0,2,3,6,4,4,0,2,4,0,0,8,0,2,4,4,0,2,1,0,0,0,3,18,10
200500015143,5,3,18,5,2,2,5.0,3.0,0.0,2.0,0.0,0.0,2.0,1.0,1,0,9.0,2.0,0.0,1.0,0.0,60.0,1,5.0,1.0,2,3,2,2,0,0,0,4,0,0,4,0,0,4,0,0,0,1,0,0,0,3,23,55
200900054981,9,9,23,1,2,1,1.0,1.0,0.0,7.0,0.0,0.0,2.0,1.0,2,1,4.0,2.0,2.0,2.0,0.0,50.0,1,0.0,1.0,2,2,4,2,0,0,2,4,0,0,6,0,0,0,0,6,0,1,0,0,0,2,9,50
201000059782,10,3,9,2,1,1,1.0,5.0,0.0,7.0,0.0,0.0,2.0,2.0,1,1,1.0,1.0,3.0,1.0,50.0,135.0,1,0.0,1.0,4,1,16,0,0,0,0,16,0,0,0,8,8,12,0,4,0,1,1,0,0,2,7,30
201100061553,11,4,22,1,2,1,1.0,3.0,0.0,37.0,20.0,0.0,2.0,7.0,1,-1,4.0,2.0,3.0,1.0,20.0,84.0,1,0.0,1.0,2,2,4,0,0,0,0,4,0,0,2,2,0,2,0,2,0,0,0,1,0,2,10,30
201300002061,13,5,3,1,2,1,1.0,3.0,0.0,2.0,0.0,0.0,2.0,1.0,1,2,9.0,1.0,1.0,0.0,0.0,50.0,1,0.0,1.0,2,3,4,0,0,0,0,4,0,0,4,0,0,0,0,4,0,0,0,1,0,3,15,0
200800024267,8,5,26,1,2,1,2.0,7.0,0.0,7.0,0.0,12.0,1.0,1.0,1,1,4.0,1.0,2.0,1.0,0.0,60.0,1,4.0,4.0,1,1,1,1,0,1,0,1,0,0,1,0,1,0,0,2,0,0,0,1,0,2,8,23
201500040811,15,5,18,1,1,2,8.0,6.0,0.0,7.0,0.0,0.0,1.0,16.0,1,1,1.0,1.0,1.0,2.0,0.0,50.0,1,0.0,1.0,1,1,1,1,0,1,0,1,0,1,1,0,0,1,1,0,0,1,0,0,0,2,20,35
201200010855,12,7,6,1,2,1,1.0,6.0,0.0,7.0,0.0,0.0,1.0,0.0,1,1,4.0,0.0,2.0,0.0,0.0,0.0,-1,0.0,1.0,1,1,1,1,0,1,0,1,0,1,0,0,1,1,0,0,1,0,0,0,0,2,18,48
201700042211,17,10,7,5,2,3,2.0,6.0,1.0,7.0,0.0,0.0,1.0,15.0,1,1,4.0,2.0,2.0,1.0,0.0,0.0,1,0.0,1.0,1,1,1,1,0,1,0,1,0,0,2,0,0,1,0,1,0,0,0,1,0,3,21,20
201100041740,11,8,18,1,2,3,1.0,7.0,0.0,33.0,0.0,12.0,0.0,2.0,1,2,4.0,2.0,2.0,1.0,0.0,48.0,1,0.0,1.0,1,3,1,0,0,0,0,1,0,0,1,0,0,1,0,0,0,0,0,0,1,3,19,15
201400027002,14,5,6,1,2,3,1.0,4.0,0.0,7.0,0.0,0.0,2.0,2.0,1,1,3.0,2.0,2.0,1.0,0.0,0.0,1,5.0,1.0,3,2,0,12,0,0,3,9,0,12,0,0,0,6,0,6,0,1,1,0,0,2,14,5
201600042572,16,7,2,1,2,1,1.0,6.0,0.0,7.0,0.0,0.0,1.0,1.0,1,1,4.0,0.0,2.0,0.0,0.0,60.0,-1,0.0,0.0,1,1,1,1,0,1,0,1,0,2,0,0,0,0,1,0,1,1,0,0,0,2,11,35
200600072957,6,11,16,1,1,1,2.0,3.0,0.0,7.0,0.0,0.0,2.0,19.0,1,1,3.0,3.0,4.0,1.0,2.0,0.0,1,5.0,1.0,2,3,4,2,0,0,2,4,0,2,0,2,2,2,0,4,0,1,0,0,0,3,14,5
201000060896,10,4,2,1,2,3,8.0,7.0,0.0,34.0,0.0,0.0,0.0,1.0,1,2,4.0,2.0,2.0,1.0,0.0,140.0,1,0.0,1.0,1,2,0,1,0,0,0,1,0,0,0,1,0,1,0,0,0,0,0,0,0,2,10,0
200500014729,5,3,17,1,2,1,1.0,3.0,0.0,7.0,0.0,0.0,2.0,20.0,1,1,3.0,2.0,2.0,1.0,0.0,73.0,1,0.0,1.0,2,1,2,2,0,0,0,4,0,0,2,0,2,4,0,0,0,1,0,1,0,2,15,40
200800008928,8,2,27,1,2,3,1.0,6.0,0.0,7.0,0.0,0.0,2.0,16.0,1,1,4.0,1.0,1.0,1.0,0.0,0.0,1,0.0,1.0,2,1,0,6,0,0,2,4,4,2,0,0,0,0,0,6,0,1,0,0,0,2,16,10
201400008685,14,3,11,3,1,6,1.0,7.0,0.0,7.0,0.0,0.0,0.0,1.0,1,1,3.0,3.0,0.0,1.0,90.0,110.0,1,0.0,1.0,1,3,1,1,0,0,1,1,0,1,1,0,0,0,0,2,0,1,0,0,0,3,1,0
201000054652,10,3,12,1,2,1,1.0,2.0,0.0,7.0,0.0,0.0,0.0,1.0,1,1,4.0,0.0,0.0,0.0,0.0,0.0,-1,0.0,1.0,2,1,0,4,0,0,0,4,0,4,0,0,0,2,0,2,0,0,0,0,0,2,9,10
201100040671,11,8,12,1,2,1,1.0,6.0,0.0,7.0,0.0,0.0,1.0,1.0,1,1,4.0,3.0,4.0,1.0,33.0,740.0,1,0.0,1.0,1,1,0,2,0,1,0,1,1,0,1,0,0,1,1,0,0,1,0,0,0,2,13,55
201300009300,13,7,1,3,1,9,1.0,7.0,0.0,7.0,0.0,0.0,0.0,12.0,1,-1,2.0,3.0,2.0,2.0,5.0,79.0,1,3.0,1.0,1,3,1,0,0,0,0,1,1,0,0,0,0,1,0,0,0,0,0,0,1,3,0,15
201700032866,17,8,1,1,2,1,1.0,6.0,2.0,10.0,0.0,0.0,1.0,1.0,1,1,4.0,2.0,2.0,1.0,0.0,105.0,1,6.0,1.0,1,1,2,0,0,1,0,1,1,0,0,0,1,1,0,0,1,1,0,0,0,4,8,20
200700025024,7,4,5,1,2,2,1.0,3.0,0.0,2.0,0.0,0.0,2.0,1.0,1,2,4.0,2.0,3.0,1.0,0.0,100.0,1,0.0,1.0,2,2,4,0,0,0,0,4,0,4,0,0,0,2,2,0,0,1,0,0,0,2,15,50
201000014214,10,12,26,2,1,1,9.0,2.0,0.0,7.0,0.0,0.0,0.0,23.0,1,1,3.0,2.0,2.0,2.0,0.0,0.0,0,0.0,3.0,2,1,4,2,0,0,2,4,0,2,4,0,0,4,2,0,0,1,1,0,0,3,16,45
201300043159,13,6,7,1,2,9,1.0,6.0,0.0,7.0,0.0,0.0,1.0,1.0,1,1,3.0,3.0,2.0,1.0,0.0,85.0,1,0.0,1.0,1,1,1,1,0,1,0,1,0,2,0,0,0,0,0,2,0,1,0,0,0,2,17,25
200900037769,9,8,13,1,2,6,1.0,7.0,0.0,2.0,0.0,0.0,0.0,1.0,1,2,4.0,1.0,2.0,1.0,0.0,0.0,1,0.0,1.0,1,2,1,0,0,0,0,1,0,0,0,0,1,0,1,0,0,0,0,1,0,2,10,0
201100029192,11,2,25,5,2,3,1.0,3.0,0.0,1.0,0.0,0.0,2.0,1.0,1,2,4.0,2.0,2.0,3.0,0.0,0.0,1,0.0,1.0,2,2,4,0,0,0,0,4,2,0,2,0,0,2,0,2,0,1,0,0,0,2,18,40
200700061505,7,10,31,1,2,1,1.0,3.0,0.0,30.0,0.0,0.0,2.0,18.0,1,2,4.0,2.0,2.0,1.0,0.0,50.0,1,0.0,1.0,2,2,6,0,0,0,2,4,0,2,2,0,2,2,4,0,0,1,0,1,0,2,16,15
201100046799,11,11,12,1,2,2,9.0,3.0,0.0,37.0,7.0,0.0,2.0,1.0,1,-1,2.0,1.0,3.0,4.0,0.0,90.0,1,0.0,1.0,2,1,12,12,8,8,4,4,16,0,0,8,0,18,0,2,4,1,0,1,0,2,13,40
201300011494,13,11,1,5,2,6,1.0,6.0,0.0,7.0,0.0,15.0,0.0,14.0,1,1,4.0,3.0,1.0,1.0,10.0,40.0,1,0.0,4.0,1,3,2,0,0,0,1,1,0,0,2,0,0,0,1,1,0,1,0,0,0,3,2,40
200700032014,7,6,18,1,1,1,1.0,3.0,0.0,7.0,0.0,0.0,2.0,19.0,1,1,3.0,2.0,2.0,1.0,0.0,70.0,1,5.0,1.0,2,3,4,4,0,0,4,4,0,4,4,0,0,0,0,0,8,1,0,1,0,4,10,30
200500036181,5,6,24,1,2,2,1.0,3.0,0.0,4.0,0.0,0.0,2.0,1.0,1,2,3.0,2.0,2.0,1.0,0.0,63.0,1,0.0,1.0,2,3,4,2,2,0,0,4,0,2,4,0,0,2,2,0,2,1,0,1,0,3,19,10
200800052014,8,9,23,1,1,1,1.0,3.0,0.0,33.0,0.0,0.0,2.0,1.0,1,2,3.0,2.0,0.0,0.0,0.0,70.0,1,0.0,1.0,2,2,4,0,0,0,0,4,0,0,0,2,2,4,0,0,0,1,0,0,0,2,7,35
201300044968,13,9,26,1,2,1,1.0,3.0,0.0,33.0,0.0,0.0,2.0,1.0,1,2,6.0,0.0,0.0,1.0,0.0,-1.0,1,0.0,1.0,2,3,2,2,0,0,0,4,4,0,0,0,0,2,0,0,2,1,1,0,0,3,11,20
200900036784,9,9,10,1,2,1,1.0,7.0,0.0,33.0,0.0,8.0,0.0,0.0,1,2,3.0,2.0,2.0,1.0,0.0,77.0,1,0.0,3.0,1,4,1,0,0,0,0,1,0,0,1,0,0,1,0,0,0,1,0,0,0,4,19,15
201200020505,12,6,20,1,1,6,1.0,3.0,0.0,7.0,0.0,0.0,2.0,2.0,1,1,3.0,1.0,1.0,1.0,10.0,70.0,1,5.0,1.0,2,1,4,0,0,0,0,4,0,0,0,2,2,0,2,0,2,1,0,0,0,3,8,15
201200023801,12,7,18,1,2,1,1.0,3.0,0.0,2.0,0.0,0.0,0.0,17.0,1,2,3.0,2.0,2.0,1.0,0.0,64.0,1,0.0,1.0,2,2,2,2,0,0,0,4,2,0,0,0,2,4,0,0,0,1,0,0,0,2,14,30
201500035339,15,7,28,1,2,3,1.0,3.0,0.0,32.0,0.0,0.0,2.0,17.0,1,2,3.0,2.0,2.0,1.0,0.0,0.0,1,0.0,1.0,2,3,2,2,0,0,0,4,0,0,2,0,2,0,0,4,0,1,0,0,0,3,8,45
200900008886,9,6,5,1,2,1,1.0,3.0,0.0,30.0,0.0,0.0,2.0,7.0,1,2,4.0,1.0,3.0,1.0,0.0,150.0,1,0.0,1.0,2,2,2,2,0,0,0,4,0,2,0,2,0,2,0,2,0,1,0,1,0,2,18,25
201400007137,14,10,11,1,1,1,2.0,6.0,0.0,7.0,0.0,10.0,0.0,1.0,1,1,3.0,2.0,0.0,1.0,0.0,61.0,1,0.0,3.0,1,3,1,0,0,0,0,1,0,0,1,0,0,0,0,1,0,0,0,0,1,3,8,30
201600054952,16,5,16,1,2,1,1.0,6.0,0.0,1.0,0.0,0.0,1.0,1.0,1,2,4.0,1.0,2.0,1.0,0.0,0.0,1,0.0,5.0,1,2,1,1,0,1,0,1,0,0,2,0,0,1,0,1,0,1,0,0,0,2,12,15
200500002316,5,1,18,1,2,2,1.0,3.0,0.0,2.0,0.0,0.0,2.0,1.0,1,2,4.0,2.0,2.0,1.0,0.0,70.0,1,0.0,1.0,2,3,4,0,0,0,0,4,0,0,4,0,0,0,0,2,2,1,0,0,0,3,16,5
201700011154,17,6,15,1,1,1,1.0,7.0,0.0,33.0,0.0,4.0,0.0,1.0,1,2,3.0,2.0,2.0,1.0,0.0,0.0,-1,0.0,1.0,1,3,1,0,0,0,0,1,0,0,1,0,0,1,0,0,0,1,0,0,0,3,17,55
200700007705,7,2,8,1,2,1,1.0,6.0,0.0,7.0,0.0,0.0,1.0,4.0,1,-1,4.0,1.0,1.0,1.0,0.0,0.0,1,0.0,1.0,1,1,1,1,0,1,0,1,1,1,0,0,0,1,1,0,0,0,1,0,0,2,8,25
201400015593,14,10,1,1,2,1,1.0,4.0,0.0,7.0,0.0,0.0,2.0,23.0,1,-1,4.0,2.0,0.0,1.0,0.0,0.0,1,0.0,1.0,3,2,6,6,0,0,3,9,0,0,12,0,0,3,0,9,0,1,1,0,0,2,13,10
200700069563,7,11,20,5,2,1,2.0,6.0,0.0,10.0,0.0,6.0,0.0,17.0,1,1,3.0,2.0,2.0,1.0,23.0,93.0,1,0.0,1.0,1,2,1,0,0,0,0,1,0,0,1,0,0,0,0,1,0,1,0,0,0,2,6,30
201000046624,10,3,19,3,2,1,1.0,6.0,0.0,33.0,0.0,-1.0,1.0,1.0,1,2,3.0,2.0,2.0,1.0,0.0,65.0,1,0.0,1.0,1,1,1,2,0,1,1,1,0,1,2,0,0,2,1,0,0,1,0,0,0,3,19,50
201500023938,15,10,30,1,2,1,1.0,3.0,0.0,10.0,0.0,0.0,2.0,15.0,1,-1,4.0,2.0,4.0,1.0,0.0,110.0,1,0.0,1.0,2,1,2,2,0,0,0,4,0,0,2,2,0,0,0,2,2,1,0,0,0,2,17,38
200500070403,5,11,20,3,1,1,5.0,1.0,0.0,7.0,0.0,0.0,2.0,1.0,1,1,3.0,2.0,2.0,2.0,0.0,0.0,1,0.0,1.0,2,2,4,0,0,0,2,2,0,2,2,0,0,2,0,2,0,1,0,0,0,2,22,45
200500020317,5,4,3,5,2,9,1.0,6.0,0.0,7.0,0.0,8.0,0.0,1.0,1,-1,4.0,2.0,2.0,1.0,0.0,57.0,1,0.0,3.0,1,2,1,0,0,0,0,1,0,0,1,0,0,1,0,0,0,1,0,0,0,2,22,20
200900071353,9,12,22,5,2,2,2.0,3.0,0.0,33.0,0.0,0.0,2.0,1.0,1,2,2.0,2.0,4.0,1.0,0.0,0.0,1,0.0,1.0,2,3,4,0,0,0,0,4,0,0,0,4,0,4,0,0,0,1,0,0,0,3,6,15
200500057009,5,9,6,1,2,1,1.0,2.0,0.0,5.0,0.0,0.0,2.0,2.0,1,2,4.0,2.0,4.0,1.0,0.0,100.0,1,0.0,1.0,2,2,4,0,0,0,0,4,4,0,0,0,0,2,0,2,0,1,1,0,0,2,16,30
200600072467,6,11,20,1,1,1,1.0,1.0,0.0,7.0,0.0,0.0,2.0,13.0,1,1,2.0,2.0,2.0,0.0,0.0,111.0,1,0.0,1.0,2,3,4,0,0,0,0,4,0,0,0,0,4,4,0,0,0,1,0,0,0,3,16,15
200600076940,6,12,20,1,2,1,1.0,7.0,0.0,7.0,0.0,0.0,1.0,4.0,1,1,6.0,2.0,2.0,2.0,0.0,29.0,1,0.0,1.0,1,1,2,0,0,1,0,1,0,0,2,0,0,1,0,1,0,0,1,0,0,3,15,0
200900024500,9,7,18,1,1,1,1.0,6.0,0.0,7.0,0.0,2.0,0.0,17.0,1,-1,3.0,2.0,2.0,1.0,0.0,53.0,1,0.0,3.0,1,4,1,0,0,0,0,1,1,0,0,0,0,0,0,1,0,1,0,0,0,4,12,15
201100029666,11,2,2,5,2,1,1.0,6.0,0.0,7.0,0.0,6.0,0.0,1.0,1,1,4.0,2.0,2.0,1.0,0.0,0.0,0,0.0,1.0,1,2,1,0,0,0,0,1,0,0,0,0,1,1,0,0,0,1,0,0,0,2,5,40
201400029542,14,10,7,1,2,1,1.0,3.0,0.0,30.0,0.0,0.0,2.0,1.0,1,2,4.0,2.0,3.0,2.0,0.0,0.0,1,0.0,1.0,2,2,4,0,0,0,0,4,0,4,0,0,0,0,0,2,2,1,0,1,0,2,14,20
200800007983,8,2,20,1,2,1,2.0,6.0,1.0,30.0,0.0,0.0,0.0,0.0,3,-1,4.0,1.0,0.0,1.0,0.0,0.0,1,0.0,1.0,1,3,0,1,0,1,0,0,0,0,1,0,0,0,0,0,1,0,0,0,0,3,17,35
201000033487,10,7,28,1,2,6,1.0,3.0,0.0,7.0,0.0,0.0,2.0,1.0,1,1,4.0,2.0,2.0,1.0,0.0,0.0,1,0.0,1.0,2,1,4,0,0,0,0,4,0,4,0,0,0,2,0,0,2,1,0,0,0,2,11,50
200500034623,5,6,25,1,2,1,1.0,6.0,0.0,7.0,0.0,0.0,1.0,1.0,1,1,4.0,2.0,2.0,1.0,0.0,0.0,1,0.0,1.0,1,1,2,0,0,1,0,1,1,0,1,0,0,0,1,1,0,1,0,0,0,2,18,5
201600023287,16,12,11,1,2,1,1.0,3.0,0.0,7.0,0.0,0.0,2.0,1.0,1,1,4.0,2.0,2.0,1.0,0.0,0.0,1,0.0,1.0,2,1,2,2,0,0,0,4,2,2,0,0,0,2,0,2,0,1,0,1,0,2,10,10
201500007760,15,2,25,1,1,1,8.0,7.0,0.0,7.0,0.0,16.0,0.0,1.0,1,1,2.0,2.0,3.0,2.0,0.0,0.0,1,0.0,3.0,1,2,0,2,0,0,1,1,0,0,2,0,0,1,0,0,1,1,0,0,0,2,16,45
200900058250,9,12,9,5,2,1,1.0,6.0,0.0,7.0,0.0,0.0,1.0,1.0,1,1,4.0,2.0,0.0,1.0,0.0,70.0,1,0.0,1.0,1,1,2,0,0,1,0,1,0,0,2,0,0,0,0,0,2,1,0,0,0,2,18,45
201100022187,11,7,19,1,2,1,1.0,6.0,0.0,31.0,0.0,1.0,1.0,1.0,1,2,3.0,2.0,2.0,1.0,0.0,0.0,1,0.0,1.0,1,2,2,0,0,1,0,1,0,0,2,0,0,1,0,1,0,0,0,0,1,2,18,10
200700040196,7,7,22,1,1,3,1.0,3.0,0.0,7.0,0.0,0.0,0.0,0.0,1,1,4.0,2.0,1.0,1.0,0.0,38.0,1,0.0,1.0,2,1,8,0,2,0,2,4,0,4,4,0,0,4,2,2,0,1,0,0,0,3,17,15
201300034713,13,12,19,5,2,1,1.0,6.0,0.0,1.0,0.0,0.0,1.0,17.0,1,-1,3.0,2.0,2.0,1.0,0.0,60.0,1,0.0,1.0,1,1,2,0,0,1,0,1,0,0,0,0,2,1,0,1,0,1,0,0,0,2,19,0
201100049555,11,7,21,1,2,1,2.0,3.0,0.0,32.0,0.0,0.0,2.0,5.0,1,2,4.0,2.0,4.0,1.0,82.0,80.0,1,0.0,1.0,2,3,2,2,0,0,0,4,4,0,0,0,0,4,0,0,0,1,0,0,0,3,8,0
200800072350,8,12,17,1,1,1,2.0,7.0,0.0,7.0,0.0,6.0,0.0,1.0,1,1,3.0,2.0,3.0,1.0,0.0,120.0,1,0.0,0.0,1,4,1,0,0,0,0,1,0,0,0,0,1,0,0,1,0,1,0,0,0,4,12,25
201100061138,11,1,6,1,2,1,2.0,2.0,0.0,7.0,0.0,0.0,2.0,2.0,1,1,4.0,2.0,4.0,1.0,0.0,120.0,1,0.0,1.0,2,1,2,2,0,0,0,4,0,0,0,0,4,4,0,0,0,1,1,0,0,2,9,5
200600060538,6,10,2,1,1,1,1.0,1.0,0.0,7.0,0.0,0.0,2.0,1.0,1,1,3.0,2.0,2.0,2.0,0.0,95.0,1,0.0,1.0,2,1,4,2,0,0,2,4,0,2,4,0,0,0,0,2,4,1,0,0,0,3,11,10
201200053959,12,10,20,1,2,2,2.0,7.0,0.0,2.0,0.0,0.0,0.0,21.0,1,2,4.0,1.0,2.0,0.0,0.0,160.0,-1,0.0,1.0,1,2,0,1,0,0,0,1,0,1,0,0,0,0,0,1,0,0,0,0,0,2,15,25
200900070709,9,12,21,1,1,1,8.0,6.0,0.0,7.0,0.0,4.0,0.0,0.0,1,1,1.0,1.0,1.0,2.0,0.0,35.0,1,0.0,1.0,1,2,0,1,0,0,0,1,1,0,0,0,0,0,0,1,0,1,0,0,0,2,13,40
201300000873,13,4,25,1,1,1,1.0,2.0,0.0,7.0,0.0,0.0,0.0,9.0,1,1,3.0,2.0,2.0,0.0,0.0,63.0,1,0.0,1.0,2,2,4,0,0,0,0,4,0,0,0,0,4,2,0,2,0,1,1,0,0,3,7,45
200800054535,8,9,23,1,2,1,1.0,6.0,0.0,33.0,0.0,0.0,1.0,1.0,1,2,4.0,2.0,4.0,1.0,0.0,0.0,1,0.0,1.0,1,1,2,1,0,1,0,2,0,2,1,0,0,1,0,2,0,1,0,0,0,2,17,30