Num_Acc,an,mois,jour,lum,agg,int,atm,col,senc,catv,occutc,obs,obsm,manv,catu,secu,catr,circ,nbv,prof,lartpc,larrout,surf,infra,situ,nb_veh,grav_simpl,Homme,Femme,Arrière,Autre_x,Avant,Conducteur,Autre_y,Inconnu,Loisirs,Professionnel,Travail,Adulte,Enfant,Jeune,Senior,choc_avant,choc_arriere,choc_lateral,choc_multiple,grav_order_max,heure,minute
200500028600,5,5,28,1,2,2,1.0,3.0,0.0,4.0,0.0,0.0,2.0,1.0,1,2,4.0,2.0,2.0,2.0,0.0,60.0,1,0.0,1.0,2,2,4,0,0,0,0,4,0,0,4,0,0,0,0,2,2,1,1,0,0,2,9,0
201500017388,15,6,23,1,1,1,1.0,1.0,0.0,7.0,0.0,0.0,2.0,15.0,1,1,3.0,2.0,2.0,1.0,0.0,100.0,1,0.0,1.0,2,1,2,2,0,0,0,4,0,4,0,0,0,4,0,0,0,1,0,1,0,3,8,45
200800000336,8,1,11,3,1,1,6.0,6.0,0.0,7.0,0.0,0.0,1.0,1.0,1,1,3.0,2.0,2.0,1.0,0.0,65.0,1,0.0,1.0,1,1,1,1,0,1,0,1,0,0,2,0,0,0,0,1,1,1,0,0,0,3,22,30
200700036413,7,6,18,5,2,1,1.0,2.0,0.0,2.0,0.0,0.0,2.0,2.0,1,2,4.0,2.0,2.0,1.0,0.0,80.0,1,5.0,1.0,2,2,4,0,0,0,0,4,0,0,4,0,0,2,0,2,0,1,1,0,0,2,22,30
201100064620,11,5,27,1,2,1,1.0,6.0,0.0,17.0,0.0,0.0,0.0,1.0,1,1,4.0,1.0,4.0,1.0,15.0,140.0,1,2.0,1.0,2,1,6,0,0,2,0,4,0,0,4,2,0,6,0,0,0,1,0,1,0,2,18,5
200800064229,8,11,17,1,2,3,1.0,6.0,0.0,7.0,0.0,0.0,0.0,4.0,1,1,4.0,2.0,2.0,1.0,0.0,0.0,1,0.0,0.0,2,1,4,0,0,0,0,4,0,2,0,0,2,4,0,0,0,1,1,0,0,2,14,20
201000001351,10,10,31,1,1,1,1.0,2.0,0.0,7.0,0.0,0.0,2.0,11.0,1,1,2.0,3.0,4.0,1.0,15.0,140.0,1,0.0,1.0,2,1,4,0,0,0,0,4,0,0,4,0,0,2,0,2,0,1,1,0,0,3,11,0
201300024922,13,10,18,1,2,1,1.0,6.0,0.0,7.0,0.0,0.0,1.0,4.0,1,1,4.0,1.0,1.0,1.0,0.0,30.0,1,0.0,1.0,1,1,2,0,0,1,0,1,0,0,2,0,0,2,0,0,0,0,1,0,0,2,9,5
201500027684,15,11,28,4,2,1,1.0,2.0,0.0,7.0,0.0,0.0,2.0,1.0,1,1,4.0,1.0,2.0,1.0,0.0,35.0,1,0.0,1.0,2,2,0,4,0,0,0,4,0,0,4,0,0,0,0,2,2,1,1,0,0,2,18,50
200800022214,8,4,27,1,2,1,1.0,1.0,0.0,7.0,0.0,0.0,0.0,1.0,1,1,4.0,1.0,2.0,1.0,0.0,60.0,1,0.0,1.0,2,1,4,0,0,0,0,4,0,0,4,0,0,2,0,2,0,1,1,0,0,2,20,0
201000023384,10,7,29,1,1,1,1.0,4.0,0.0,7.0,0.0,0.0,2.0,2.0,1,1,2.0,1.0,4.0,1.0,0.0,0.0,1,0.0,1.0,3,1,3,9,0,0,3,9,0,3,9,0,0,6,0,6,0,1,1,0,0,3,16,10
201300026396,13,11,5,5,2,3,2.0,7.0,0.0,7.0,0.0,6.0,0.0,1.0,1,1,3.0,2.0,2.0,1.0,0.0,0.0,1,0.0,4.0,1,1,1,1,0,0,1,1,2,0,0,0,0,0,0,1,1,1,0,0,0,4,17,0
200700054858,7,9,15,1,2,1,1.0,3.0,0.0,7.0,0.0,0.0,2.0,9.0,1,1,4.0,2.0,2.0,2.0,0.0,0.0,1,0.0,1.0,2,1,2,2,0,0,0,4,0,0,2,0,2,2,0,0,2,1,0,0,0,2,10,45
200500075071,5,11,3,1,2,2,1.0,6.0,0.0,10.0,0.0,0.0,1.0,15.0,1,1,4.0,1.0,2.0,1.0,0.0,60.0,1,0.0,1.0,1,1,1,1,0,1,0,1,0,0,2,0,0,1,0,0,1,1,0,0,0,2,11,15
200800015347,8,3,20,5,2,1,1.0,2.0,0.0,7.0,0.0,12.0,2.0,1.0,1,-1,4.0,2.0,6.0,1.0,0.0,60.0,1,0.0,1.0,2,2,6,0,0,0,2,4,0,4,0,2,0,4,0,2,0,1,1,0,0,2,21,40
201000056683,10,6,2,1,1,1,1.0,2.0,0.0,14.0,0.0,0.0,0.0,0.0,1,1,1.0,1.0,2.0,1.0,15.0,35.0,1,0.0,1.0,2,1,2,2,0,0,0,4,0,0,0,0,4,4,0,0,0,1,1,0,0,2,12,10
201000065951,10,6,3,1,2,2,2.0,6.0,0.0,7.0,0.0,0.0,2.0,10.0,1,1,4.0,0.0,2.0,1.0,0.0,100.0,1,0.0,1.0,3,1,12,0,0,0,3,9,0,0,0,12,0,12,0,0,0,1,1,0,0,2,11,0
200600032276,6,6,24,1,2,1,1.0,1.0,0.0,7.0,0.0,0.0,9.0,1.0,1,1,3.0,0.0,0.0,1.0,0.0,0.0,1,0.0,1.0,2,2,4,0,0,0,0,4,2,0,2,0,0,0,0,4,0,1,0,0,0,2,19,0
200500018043,5,3,23,1,1,1,1.0,3.0,0.0,7.0,0.0,0.0,9.0,12.0,1,1,1.0,3.0,6.0,1.0,15.0,210.0,1,0.0,1.0,2,2,4,0,0,0,0,4,0,0,0,0,4,2,0,2,0,0,0,1,0,2,16,45
201600021895,16,6,26,1,2,6,1.0,3.0,0.0,7.0,0.0,0.0,2.0,1.0,1,1,4.0,2.0,2.0,0.0,0.0,0.0,-1,0.0,1.0,2,2,2,2,0,0,0,4,0,2,2,0,0,2,0,0,2,1,0,1,0,2,12,10
201700024627,17,3,27,1,2,1,1.0,6.0,1.0,7.0,0.0,0.0,1.0,1.0,1,1,4.0,2.0,0.0,1.0,0.0,0.0,1,0.0,1.0,1,1,1,1,0,1,0,1,0,1,0,1,0,1,1,0,0,1,0,0,0,2,9,9
201100026813,11,9,13,1,2,3,1.0,3.0,0.0,2.0,0.0,0.0,2.0,13.0,1,2,4.0,2.0,2.0,1.0,0.0,85.0,1,0.0,1.0,2,2,4,0,0,0,0,4,2,0,2,0,0,0,2,2,0,1,0,1,0,2,17,0
200500068900,5,10,13,1,1,1,1.0,5.0,0.0,7.0,0.0,14.0,0.0,2.0,1,1,3.0,2.0,2.0,1.0,0.0,65.0,1,0.0,1.0,3,2,3,6,0,0,0,9,0,0,6,3,0,9,0,0,0,1,1,0,0,2,10,15
200600023363,6,5,21,1,2,1,3.0,1.0,0.0,33.0,0.0,0.0,2.0,2.0,1,2,2.0,2.0,2.0,0.0,0.0,72.0,1,0.0,1.0,2,3,4,0,0,0,0,4,0,0,4,0,0,4,0,0,0,0,0,1,0,3,20,30
200700039875,7,7,13,1,1,1,1.0,1.0,0.0,7.0,0.0,0.0,2.0,9.0,1,1,4.0,2.0,2.0,0.0,0.0,60.0,1,0.0,1.0,2,2,4,0,0,0,0,4,0,0,0,0,4,0,0,4,0,1,1,0,0,3,13,45
200800063180,8,11,30,1,1,1,2.0,6.0,0.0,7.0,0.0,8.0,0.0,1.0,1,1,3.0,2.0,2.0,1.0,0.0,65.0,1,0.0,3.0,1,4,1,0,0,0,0,1,1,0,0,0,0,1,0,0,0,1,0,0,0,4,11,0
200900044322,9,11,4,5,2,1,1.0,7.0,0.0,7.0,0.0,15.0,0.0,14.0,1,1,4.0,2.0,2.0,1.0,0.0,70.0,1,0.0,4.0,1,2,1,0,0,0,0,1,0,1,0,0,0,1,0,0,0,1,0,0,0,2,19,50
201300001239,13,4,5,1,1,1,8.0,6.0,0.0,7.0,0.0,13.0,0.0,1.0,1,1,3.0,2.0,2.0,1.0,0.0,51.0,1,0.0,1.0,1,1,3,0,1,0,1,1,0,2,1,0,0,0,0,3,0,0,1,0,0,3,17,15
201400056890,14,10,4,5,2,1,1.0,1.0,0.0,7.0,0.0,0.0,2.0,1.0,1,-1,4.0,2.0,2.0,1.0,0.0,0.0,1,0.0,1.0,2,1,0,4,0,0,0,4,0,4,0,0,0,0,0,2,2,1,0,0,0,2,22,25
200900009782,9,5,24,2,1,1,5.0,6.0,0.0,7.0,0.0,2.0,0.0,14.0,2,-1,3.0,2.0,2.0,1.0,0.0,82.0,1,0.0,0.0,1,3,1,1,0,0,1,1,0,1,1,0,0,1,0,1,0,1,0,0,0,3,7,45
200700065166,7,10,30,5,2,1,2.0,4.0,0.0,7.0,0.0,0.0,2.0,2.0,1,1,4.0,2.0,2.0,0.0,0.0,60.0,1,0.0,1.0,5,1,10,20,0,0,5,25,0,5,20,5,0,5,0,20,5,1,1,0,0,2,18,38
200700040865,7,7,1,3,2,9,8.0,6.0,0.0,7.0,0.0,13.0,0.0,1.0,1,1,4.0,2.0,0.0,0.0,0.0,30.0,-1,0.0,1.0,1,3,1,0,0,0,0,1,0,0,1,0,0,1,0,0,0,1,0,0,0,3,23,30
201700022844,17,1,30,1,2,3,1.0,3.0,0.0,1.0,0.0,0.0,2.0,0.0,1,-1,4.0,1.0,1.0,2.0,0.0,0.0,1,0.0,1.0,2,3,2,2,0,0,0,4,0,4,0,0,0,2,0,0,2,1,1,0,0,3,7,35
200500002238,5,1,16,1,2,1,1.0,2.0,0.0,7.0,0.0,0.0,2.0,1.0,1,1,2.0,3.0,3.0,1.0,48.0,93.0,1,0.0,1.0,2,1,4,0,0,0,0,4,0,0,2,2,0,2,0,0,2,1,1,0,0,3,9,10
201400010635,14,7,8,2,2,1,1.0,6.0,0.0,33.0,0.0,0.0,0.0,2.0,1,2,4.0,2.0,2.0,3.0,0.0,0.0,1,0.0,1.0,2,2,0,4,0,0,0,4,0,2,0,0,2,2,0,2,0,1,0,1,0,2,20,35
200600067196,6,11,27,1,2,6,1.0,3.0,0.0,7.0,0.0,0.0,2.0,9.0,1,1,4.0,2.0,2.0,2.0,0.0,0.0,1,5.0,1.0,2,2,2,2,0,0,0,4,0,2,2,0,0,2,0,2,0,1,0,1,0,3,15,55
201300056582,13,8,31,1,2,1,1.0,3.0,0.0,34.0,0.0,0.0,0.0,3.0,1,2,4.0,1.0,4.0,1.0,70.0,140.0,1,0.0,1.0,2,2,4,2,0,0,2,4,0,0,6,0,0,0,0,6,0,1,1,0,0,2,11,45
201100039511,11,7,25,1,2,1,2.0,6.0,0.0,7.0,0.0,0.0,1.0,4.0,1,-1,4.0,2.0,2.0,1.0,0.0,52.0,1,0.0,1.0,1,1,1,1,0,1,0,1,0,0,1,1,0,0,0,1,1,0,1,0,0,3,16,5
201700000265,17,4,8,3,2,1,1.0,6.0,2.0,2.0,0.0,1.0,0.0,13.0,1,2,4.0,2.0,2.0,1.0,0.0,165.0,1,0.0,1.0,1,3,1,0,0,0,0,1,0,0,1,0,0,1,0,0,0,0,0,1,0,3,0,25
200600075746,6,12,15,1,2,1,1.0,4.0,0.0,7.0,0.0,0.0,2.0,1.0,1,1,4.0,1.0,2.0,1.0,0.0,60.0,1,0.0,1.0,3,1,9,0,0,0,0,9,3,0,0,3,3,9,0,0,0,1,1,0,0,2,14,25
201000007391,10,8,7,1,1,1,1.0,3.0,0.0,2.0,0.0,0.0,0.0,13.0,1,-1,3.0,2.0,2.0,2.0,0.0,80.0,1,0.0,1.0,2,3,4,0,0,0,0,4,0,0,4,0,0,2,2,0,0,1,0,1,0,3,14,15
201000048005,10,6,28,1,2,1,1.0,6.0,0.0,33.0,0.0,0.0,1.0,1.0,1,2,3.0,3.0,4.0,1.0,0.0,0.0,1,0.0,1.0,1,2,1,2,0,2,0,1,0,0,0,0,3,1,0,2,0,1,0,0,0,3,11,40
200500044036,5,7,26,3,1,1,1.0,7.0,0.0,7.0,0.0,13.0,0.0,1.0,1,1,2.0,3.0,4.0,2.0,10.0,140.0,1,0.0,3.0,1,2,0,2,0,0,1,1,0,1,1,0,0,0,0,2,0,1,0,0,0,3,3,40
201400024737,14,10,31,1,2,3,1.0,3.0,0.0,7.0,0.0,0.0,2.0,15.0,1,-1,4.0,2.0,1.0,1.0,0.0,0.0,1,0.0,1.0,2,1,4,0,0,0,0,4,0,4,0,0,0,2,0,2,0,1,0,1,0,2,17,30
200900054803,9,10,5,1,2,1,1.0,2.0,0.0,7.0,0.0,0.0,2.0,2.0,1,1,4.0,2.0,2.0,2.0,0.0,0.0,1,0.0,1.0,2,1,2,4,0,0,2,4,0,6,0,0,0,2,0,4,0,1,1,0,0,3,9,25
200500003470,5,1,18,2,2,2,1.0,3.0,0.0,2.0,0.0,0.0,2.0,1.0,1,2,4.0,2.0,2.0,1.0,0.0,80.0,1,0.0,1.0,2,2,4,0,0,0,0,4,0,0,4,0,0,0,2,2,0,1,0,0,0,2,19,50
200500045889,5,7,2,5,2,2,8.0,3.0,0.0,7.0,0.0,0.0,2.0,1.0,1,1,4.0,2.0,2.0,1.0,0.0,60.0,1,0.0,1.0,2,1,2,2,0,0,0,4,0,0,4,0,0,0,0,4,0,1,0,0,0,2,2,0
200500031671,5,5,10,2,2,1,1.0,3.0,0.0,7.0,0.0,0.0,2.0,21.0,1,-1,3.0,2.0,2.0,1.0,0.0,72.0,1,0.0,1.0,2,3,0,6,0,0,2,4,2,4,0,0,0,4,0,0,2,1,0,0,0,3,19,25
201600053246,16,10,31,5,2,1,1.0,3.0,2.0,7.0,0.0,0.0,2.0,9.0,1,1,4.0,2.0,1.0,1.0,0.0,120.0,1,0.0,1.0,2,1,2,2,0,0,0,4,0,0,4,0,0,4,0,0,0,1,0,0,0,2,18,5
200700077224,7,12,2,5,2,1,3.0,1.0,0.0,7.0,0.0,0.0,2.0,0.0,1,1,4.0,2.0,3.0,1.0,0.0,0.0,1,0.0,1.0,2,1,2,2,0,0,0,4,0,0,4,0,0,2,0,2,0,1,0,0,0,2,18,15
200500024841,5,5,10,1,1,4,1.0,3.0,0.0,5.0,0.0,0.0,2.0,12.0,1,2,3.0,2.0,0.0,1.0,0.0,43.0,1,0.0,1.0,2,2,4,0,0,0,0,4,0,0,0,0,4,4,0,0,0,1,0,0,0,2,8,15
201500054938,15,6,9,1,2,3,1.0,2.0,0.0,7.0,0.0,0.0,2.0,4.0,1,1,4.0,1.0,1.0,0.0,0.0,0.0,-1,0.0,1.0,2,1,4,0,0,0,0,4,0,0,0,4,0,4,0,0,0,0,0,0,0,2,17,30
201400051759,14,6,26,5,2,2,1.0,7.0,0.0,34.0,0.0,0.0,0.0,1.0,1,2,4.0,0.0,2.0,1.0,0.0,0.0,1,0.0,1.0,1,2,0,1,0,0,0,1,0,1,0,0,0,1,0,0,0,1,0,0,0,2,22,0
201600042467,16,12,22,5,2,1,2.0,6.0,0.0,7.0,0.0,9.0,1.0,6.0,1,-1,3.0,3.0,0.0,2.0,24.0,63.0,1,2.0,4.0,1,2,1,1,0,1,0,1,0,0,1,0,1,0,0,2,0,1,0,0,0,3,18,10
201700016012,17,11,9,3,1,1,1.0,1.0,1.0,7.0,0.0,0.0,2.0,5.0,1,0,3.0,2.0,2.0,1.0,0.0,0.0,1,0.0,1.0,2,3,4,2,0,0,2,4,0,6,0,0,0,6,0,0,0,1,0,0,0,3,22,0
201600028261,16,2,18,5,2,1,2.0,6.0,2.0,7.0,0.0,0.0,1.0,1.0,1,1,4.0,3.0,2.0,1.0,0.0,56.0,1,4.0,1.0,1,1,2,0,0,1,0,1,0,0,1,0,1,1,1,0,0,1,0,0,0,2,19,0
200500056149,5,9,1,1,2,1,1.0,6.0,0.0,7.0,0.0,0.0,2.0,15.0,1,1,9.0,1.0,1.0,2.0,0.0,0.0,1,0.0,1.0,1,2,0,1,0,0,0,1,0,0,0,0,1,0,0,1,0,1,0,0,0,2,13,10
200700044436,7,7,5,1,1,1,1.0,2.0,0.0,33.0,0.0,0.0,2.0,1.0,1,2,2.0,3.0,4.0,2.0,10.0,200.0,1,0.0,1.0,2,2,2,2,0,0,0,4,4,0,0,0,0,2,0,0,2,1,1,0,0,2,8,0
201400025381,14,10,24,1,2,2,1.0,3.0,0.0,2.0,0.0,0.0,2.0,1.0,1,2,4.0,2.0,2.0,1.0,0.0,60.0,1,0.0,1.0,2,2,4,0,0,0,0,4,0,0,2,0,2,0,2,2,0,1,0,1,0,2,14,15
201500055121,15,12,31,5,2,1,1.0,1.0,0.0,7.0,0.0,0.0,2.0,13.0,1,1,4.0,0.0,4.0,1.0,0.0,0.0,1,0.0,1.0,2,2,4,0,0,0,0,4,0,4,0,0,0,4,0,0,0,1,0,0,0,2,22,50
201700005921,17,9,11,1,2,1,1.0,3.0,1.0,7.0,0.0,6.0,2.0,13.0,1,1,3.0,2.0,1.0,1.0,0.0,60.0,1,0.0,1.0,2,2,2,2,0,0,0,4,0,0,4,0,0,4,0,0,0,0,1,1,0,2,17,0
201700052835,17,10,2,1,2,4,1.0,6.0,1.0,10.0,0.0,0.0,1.0,1.0,1,1,4.0,2.0,2.0,1.0,0.0,110.0,1,0.0,1.0,1,1,1,1,0,1,0,1,0,0,0,1,1,2,0,0,0,1,0,0,0,2,13,20
201200048999,12,11,18,1,1,1,8.0,4.0,0.0,7.0,0.0,0.0,2.0,23.0,1,1,1.0,4.0,3.0,2.0,0.0,105.0,1,3.0,1.0,3,1,3,12,3,0,3,9,0,0,15,0,0,6,0,3,6,1,1,0,0,2,16,0
201700023092,17,4,10,1,2,3,1.0,3.0,0.0,2.0,0.0,0.0,2.0,1.0,1,2,4.0,2.0,2.0,1.0,0.0,-1.0,1,0.0,1.0,2,2,4,0,0,0,0,4,0,4,0,0,0,0,0,4,0,1,0,0,0,2,19,30
201300055469,13,11,14,1,2,1,2.0,3.0,0.0,7.0,0.0,0.0,2.0,14.0,1,1,4.0,1.0,2.0,1.0,30.0,90.0,1,0.0,1.0,2,1,4,0,0,0,0,4,0,4,0,0,0,4,0,0,0,0,0,1,0,2,13,5
200700024881,7,4,18,1,1,1,1.0,3.0,0.0,15.0,0.0,0.0,0.0,12.0,1,1,1.0,3.0,6.0,0.0,15.0,210.0,1,0.0,1.0,2,1,4,2,0,0,2,4,0,2,2,2,0,4,0,2,0,0,1,1,0,2,16,4
201100040988,11,6,9,1,2,1,1.0,6.0,1.0,7.0,0.0,0.0,1.0,0.0,3,-1,4.0,2.0,0.0,1.0,0.0,0.0,-1,0.0,1.0,1,2,1,0,0,1,0,0,0,0,0,1,0,1,0,0,0,0,0,0,0,2,8,30
201500022517,15,2,10,2,2,1,1.0,2.0,0.0,2.0,0.0,0.0,2.0,0.0,1,-1,4.0,0.0,0.0,0.0,0.0,0.0,-1,0.0,0.0,2,2,4,0,0,0,0,4,0,4,0,0,0,2,0,2,0,1,1,0,0,2,18,20
201600031003,16,7,12,1,2,1,1.0,5.0,2.0,37.0,0.0,0.0,2.0,13.0,1,0,3.0,2.0,2.0,2.0,0.0,80.0,1,0.0,1.0,3,1,6,15,6,3,3,9,0,12,3,6,0,18,0,3,0,1,0,0,0,3,16,50
201700043933,17,11,18,1,2,1,1.0,6.0,1.0,7.0,0.0,0.0,1.0,16.0,1,-1,4.0,2.0,2.0,1.0,0.0,0.0,1,0.0,1.0,1,2,2,0,0,1,0,1,2,0,0,0,0,1,0,1,0,1,0,0,0,2,10,20
201200015596,12,7,9,5,2,2,1.0,3.0,0.0,10.0,0.0,0.0,2.0,1.0,1,1,4.0,2.0,4.0,1.0,0.0,100.0,1,0.0,1.0,2,1,2,2,0,0,0,4,0,4,0,0,0,2,0,2,0,1,0,0,0,2,2,25
201500028503,15,4,29,1,2,1,1.0,6.0,0.0,7.0,0.0,0.0,2.0,17.0,1,1,4.0,2.0,2.0,0.0,0.0,0.0,1,0.0,1.0,2,1,4,2,0,0,2,4,0,0,6,0,0,0,0,4,2,0,0,1,0,2,16,30
201400004681,14,7,19,1,1,1,1.0,6.0,0.0,33.0,0.0,0.0,0.0,1.0,1,2,3.0,2.0,0.0,2.0,0.0,71.0,1,0.0,1.0,1,3,1,0,0,0,0,1,0,0,1,0,0,1,0,0,0,0,0,1,0,3,16,30
200500047978,5,8,9,3,1,1,1.0,6.0,0.0,5.0,0.0,0.0,0.0,19.0,1,2,3.0,2.0,2.0,1.0,0.0,0.0,1,0.0,1.0,1,2,1,0,0,0,0,1,0,0,1,0,0,1,0,0,0,1,0,0,0,2,0,15
201200048333,12,4,28,5,2,2,1.0,3.0,0.0,30.0,0.0,0.0,2.0,1.0,1,2,3.0,3.0,2.0,1.0,0.0,-1.0,1,0.0,1.0,2,2,2,2,0,0,0,4,0,0,2,0,2,2,0,2,0,1,0,0,0,2,23,12
201100010700,11,6,23,1,1,2,1.0,3.0,0.0,33.0,0.0,0.0,2.0,1.0,1,2,3.0,2.0,1.0,1.0,0.0,60.0,1,0.0,1.0,2,3,4,2,0,0,2,4,0,2,4,0,0,0,0,6,0,1,0,0,0,3,11,15
201300004682,13,8,16,1,1,1,1.0,1.0,0.0,7.0,0.0,0.0,2.0,13.0,1,1,3.0,2.0,2.0,2.0,0.0,86.0,1,0.0,1.0,2,2,4,6,4,0,2,4,0,6,4,0,0,4,4,2,0,1,0,0,0,3,19,30
200800047761,8,8,5,2,2,1,1.0,6.0,0.0,1.0,0.0,0.0,2.0,2.0,1,4,2.0,2.0,2.0,1.0,0.0,70.0,1,0.0,1.0,1,4,1,0,0,0,0,1,0,0,0,0,1,1,0,0,0,0,1,0,0,4,6,0
201700032595,17,5,7,1,2,1,1.0,6.0,1.0,7.0,0.0,15.0,0.0,13.0,1,1,3.0,2.0,2.0,2.0,0.0,91.0,-1,0.0,4.0,1,3,1,1,0,0,1,1,0,1,1,0,0,0,0,0,2,1,0,0,0,3,10,0
201000061556,10,9,11,1,2,2,1.0,3.0,0.0,32.0,0.0,0.0,2.0,1.0,1,2,4.0,1.0,1.0,1.0,0.0,60.0,1,0.0,1.0,2,2,2,2,0,0,0,4,0,4,0,0,0,4,0,0,0,1,0,1,0,2,17,5
200800021658,8,4,1,5,2,1,1.0,6.0,0.0,7.0,0.0,0.0,1.0,1.0,1,0,4.0,2.0,3.0,1.0,0.0,0.0,1,0.0,1.0,1,1,2,0,0,1,0,1,0,0,1,1,0,2,0,0,0,1,0,0,0,3,21,45
200600045778,6,8,12,1,2,1,1.0,1.0,0.0,7.0,0.0,0.0,2.0,15.0,1,1,3.0,1.0,1.0,1.0,0.0,34.0,1,5.0,1.0,2,1,4,0,0,0,0,4,0,0,4,0,0,0,0,4,0,1,0,1,0,3,17,30
201300054671,13,6,24,1,2,3,1.0,6.0,0.0,7.0,0.0,0.0,1.0,1.0,1,-1,4.0,2.0,1.0,2.0,0.0,0.0,1,0.0,1.0,1,1,1,1,0,1,0,1,0,1,0,1,0,1,0,0,1,1,0,0,0,2,19,50
200600058675,6,10,1,1,1,1,1.0,3.0,0.0,10.0,0.0,0.0,2.0,17.0,1,1,3.0,2.0,0.0,0.0,0.0,73.0,1,0.0,1.0,2,1,14,6,8,4,4,4,0,16,4,0,0,12,6,2,0,1,0,1,0,3,12,15
200800009037,8,2,4,5,2,1,1.0,3.0,0.0,7.0,0.0,0.0,2.0,1.0,1,1,4.0,1.0,2.0,1.0,0.0,70.0,1,0.0,1.0,2,1,2,2,0,0,0,4,0,4,0,0,0,2,0,2,0,1,0,1,0,2,20,30
201100001060,11,5,7,1,1,1,1.0,7.0,0.0,7.0,0.0,0.0,0.0,4.0,1,1,4.0,0.0,1.0,2.0,0.0,0.0,1,0.0,3.0,1,3,0,1,0,0,0,1,0,0,1,0,0,0,0,0,1,0,0,0,0,3,16,0
201300013839,13,12,20,1,2,1,3.0,6.0,0.0,7.0,0.0,0.0,1.0,0.0,1,-1,4.0,2.0,2.0,2.0,0.0,82.0,1,0.0,1.0,1,2,2,0,0,1,0,1,1,1,0,0,0,0,0,0,2,1,0,0,0,2,8,5
200700076660,7,12,7,1,2,9,1.0,7.0,0.0,7.0,0.0,0.0,0.0,14.0,1,0,3.0,2.0,2.0,2.0,16.0,90.0,1,0.0,1.0,1,4,0,1,0,0,0,1,0,1,0,0,0,1,0,0,0,0,0,0,1,4,16,10
201400015683,14,10,17,5,2,1,1.0,2.0,0.0,33.0,0.0,0.0,2.0,1.0,1,2,4.0,2.0,0.0,1.0,0.0,0.0,1,0.0,1.0,2,2,4,0,0,0,2,2,0,0,0,0,4,2,0,2,0,1,1,0,0,2,0,1
201000050984,10,3,23,1,2,5,1.0,3.0,0.0,7.0,0.0,0.0,2.0,1.0,1,1,4.0,2.0,2.0,1.0,0.0,0.0,1,0.0,1.0,2,3,4,0,0,0,0,4,0,2,2,0,0,2,0,0,2,1,0,1,0,3,7,13
201400040911,14,2,2,5,2,1,1.0,7.0,0.0,33.0,0.0,11.0,0.0,17.0,1,2,3.0,3.0,2.0,1.0,10.0,62.0,1,0.0,1.0,1,3,1,0,0,0,0,1,0,0,0,0,1,1,0,0,0,1,0,0,0,3,18,45
200800058796,8,10,21,1,2,2,1.0,3.0,0.0,7.0,0.0,0.0,2.0,1.0,1,1,4.0,2.0,2.0,1.0,0.0,0.0,1,0.0,1.0,2,1,4,2,0,0,2,4,0,2,2,0,2,2,0,2,2,1,0,0,0,2,12,40
201400042755,14,6,16,1,2,1,1.0,6.0,0.0,7.0,0.0,0.0,1.0,1.0,1,1,4.0,1.0,1.0,1.0,0.0,0.0,1,0.0,1.0,1,1,1,1,0,1,0,1,0,0,2,0,0,1,1,0,0,1,0,0,0,2,17,25
200900031611,9,8,11,1,2,1,1.0,1.0,0.0,2.0,0.0,0.0,2.0,1.0,1,2,4.0,2.0,2.0,1.0,0.0,72.0,1,0.0,1.0,2,3,6,0,2,0,0,4,2,2,2,0,0,4,0,2,0,1,0,0,0,3,12,15
200900069458,9,11,21,4,2,7,1.0,6.0,0.0,37.0,0.0,0.0,1.0,2.0,1,-1,3.0,2.0,2.0,1.0,0.0,0.0,1,0.0,1.0,1,1,1,1,0,1,0,1,0,0,1,1,0,1,0,0,1,0,1,0,0,2,17,10
200500031945,5,5,15,1,1,1,1.0,2.0,0.0,5.0,0.0,0.0,2.0,3.0,1,2,1.0,3.0,3.0,1.0,20.0,130.0,1,0.0,1.0,2,3,8,2,4,0,2,4,0,6,4,0,0,4,4,2,0,1,1,0,0,3,15,55
200600065908,6,11,3,1,1,1,1.0,2.0,0.0,2.0,0.0,0.0,2.0,2.0,1,2,4.0,3.0,4.0,1.0,20.0,80.0,1,0.0,1.0,2,2,2,2,0,0,0,4,0,4,0,0,0,0,2,2,0,1,1,0,0,2,16,45
201700023314,17,1,25,1,1,1,1.0,2.0,1.0,14.0,0.0,0.0,2.0,2.0,1,-1,2.0,3.0,4.0,3.0,20.0,140.0,1,0.0,1.0,2,3,4,0,0,0,0,4,0,0,0,4,0,4,0,0,0,1,1,0,0,3,12,30
200900015188,9,6,8,1,2,1,8.0,2.0,0.0,10.0,0.0,4.0,2.0,17.0,1,-1,3.0,3.0,4.0,2.0,0.0,0.0,1,0.0,1.0,2,1,6,0,0,0,2,4,0,0,0,6,0,6,0,0,0,1,1,0,0,2,17,30
200700073856,7,11,2,3,1,1,8.0,3.0,0.0,7.0,0.0,0.0,2.0,15.0,1,1,3.0,2.0,2.0,1.0,0.0,64.0,1,0.0,1.0,2,1,4,2,0,0,2,4,2,2,2,0,0,6,0,0,0,1,0,1,0,3,18,0
200500018207,5,3,28,2,1,1,1.0,6.0,0.0,7.0,0.0,5.0,0.0,13.0,1,1,1.0,1.0,2.0,1.0,15.0,100.0,1,2.0,1.0,1,3,1,1,0,0,1,1,0,1,1,0,0,2,0,0,0,1,0,0,0,3,6,37