Num_Acc,an,mois,jour,lum,agg,int,atm,col,senc,catv,occutc,obs,obsm,manv,catu,secu,catr,circ,nbv,prof,lartpc,larrout,surf,infra,situ,nb_veh,grav_simpl,Homme,Femme,Arrière,Autre_x,Avant,Conducteur,Autre_y,Inconnu,Loisirs,Professionnel,Travail,Adulte,Enfant,Jeune,Senior,choc_avant,choc_arriere,choc_lateral,choc_multiple,grav_order_max,heure,minute
200500021400,5,4,17,2,2,1,1.0,6.0,0.0,7.0,0.0,3.0,0.0,1.0,1,1,4.0,2.0,2.0,1.0,0.0,50.0,1,0.0,1.0,1,1,0,2,0,0,1,1,0,1,1,0,0,0,0,2,0,1,0,0,0,2,6,15
200600009515,6,2,15,2,2,2,1.0,6.0,1.0,7.0,0.0,0.0,2.0,0.0,1,2,4.0,1.0,1.0,1.0,0.0,30.0,1,0.0,1.0,2,2,2,0,0,0,0,2,0,0,2,0,0,2,0,0,0,1,1,0,0,2,17,45
200800059209,8,10,8,5,2,3,2.0,3.0,0.0,7.0,0.0,0.0,2.0,15.0,1,1,4.0,2.0,3.0,1.0,0.0,89.0,1,0.0,1.0,2,1,2,2,0,0,0,4,0,0,4,0,0,0,0,4,0,1,0,0,0,2,22,0
201600017809,16,4,16,1,2,1,1.0,3.0,2.0,7.0,0.0,0.0,2.0,17.0,1,1,3.0,2.0,2.0,1.0,0.0,0.0,1,0.0,1.0,2,1,2,2,0,0,0,4,0,0,2,0,2,2,0,2,0,0,0,1,0,2,17,50
200600035868,6,6,27,5,2,1,1.0,6.0,0.0,2.0,0.0,0.0,1.0,1.0,3,-1,4.0,2.0,1.0,2.0,0.0,38.0,-1,0.0,1.0,1,3,2,0,0,1,0,1,2,0,0,0,0,1,0,1,0,0,0,0,0,3,23,40
201500035065,15,7,5,5,2,1,1.0,1.0,0.0,7.0,0.0,0.0,2.0,1.0,1,-1,3.0,2.0,2.0,1.0,0.0,71.0,1,0.0,1.0,2,3,8,0,2,0,2,4,0,8,0,0,0,4,0,4,0,1,0,0,0,3,0,55
201700036574,17,3,26,1,2,6,1.0,1.0,2.0,1.0,0.0,0.0,2.0,15.0,1,-1,3.0,2.0,2.0,0.0,0.0,0.0,-1,0.0,1.0,2,2,4,0,0,0,0,4,2,2,0,0,0,2,0,2,0,1,0,0,0,2,19,10
200500072036,5,11,5,1,2,1,1.0,6.0,0.0,2.0,0.0,0.0,0.0,1.0,1,2,6.0,1.0,2.0,1.0,0.0,70.0,1,0.0,1.0,1,1,2,0,0,0,1,1,1,1,0,0,0,0,2,0,0,0,0,1,0,3,10,0
201000055327,10,10,8,3,1,1,1.0,2.0,0.0,7.0,0.0,0.0,2.0,2.0,1,1,1.0,3.0,2.0,1.0,20.0,150.0,1,0.0,1.0,2,1,2,2,0,0,0,4,0,0,2,0,2,2,0,2,0,1,1,0,0,2,3,10
200500067095,5,10,23,5,2,9,2.0,7.0,0.0,7.0,0.0,0.0,0.0,1.0,1,-1,3.0,2.0,3.0,1.0,30.0,70.0,1,0.0,0.0,1,3,2,0,0,0,1,1,0,1,1,0,0,0,0,2,0,1,0,0,0,4,2,20
200900070052,9,11,28,4,1,1,2.0,7.0,0.0,33.0,0.0,15.0,0.0,1.0,1,2,3.0,2.0,2.0,1.0,240.0,210.0,1,0.0,1.0,1,3,1,0,0,0,0,1,0,0,1,0,0,1,0,0,0,1,0,0,0,3,23,50
200800031568,8,6,12,1,2,1,1.0,6.0,0.0,30.0,0.0,0.0,1.0,0.0,1,0,4.0,0.0,1.0,1.0,0.0,0.0,1,0.0,1.0,1,1,1,1,0,1,0,1,0,2,0,0,0,0,0,2,0,1,0,0,0,3,18,0
201400005724,14,2,6,5,2,1,6.0,6.0,0.0,7.0,0.0,6.0,0.0,1.0,1,1,3.0,2.0,2.0,2.0,0.0,45.0,1,0.0,3.0,1,2,2,1,1,0,1,1,0,0,3,0,0,0,0,3,0,1,0,0,0,3,19,30
201400020712,14,2,15,1,2,7,2.0,6.0,0.0,3.0,0.0,0.0,1.0,1.0,1,1,4.0,2.0,4.0,1.0,0.0,0.0,1,5.0,1.0,1,1,1,2,0,1,1,1,1,0,2,0,0,0,1,2,0,1,0,0,0,3,14,35
201500031125,15,8,16,1,2,1,1.0,3.0,0.0,7.0,0.0,0.0,2.0,1.0,1,1,3.0,2.0,2.0,1.0,0.0,0.0,1,5.0,1.0,2,1,4,0,0,0,0,4,2,2,0,0,0,2,0,0,2,1,0,0,0,4,11,30
200900062783,9,8,31,1,2,2,7.0,2.0,0.0,7.0,0.0,0.0,2.0,2.0,1,1,3.0,3.0,0.0,1.0,0.0,62.0,1,0.0,1.0,2,2,0,4,0,0,0,4,0,2,2,0,0,2,0,2,0,1,1,0,0,2,12,40
201100006045,11,6,7,1,1,1,1.0,1.0,0.0,7.0,0.0,3.0,2.0,1.0,1,1,3.0,2.0,1.0,4.0,0.0,124.0,1,5.0,1.0,2,1,2,4,0,0,2,4,0,2,2,2,0,2,0,0,4,1,0,1,0,3,9,45
201400056543,14,10,11,5,2,2,1.0,1.0,0.0,7.0,0.0,0.0,2.0,15.0,1,1,4.0,2.0,4.0,1.0,0.0,160.0,1,0.0,1.0,2,1,2,2,0,0,0,4,0,2,2,0,0,4,0,0,0,1,0,1,0,2,20,15
201000014380,10,8,6,2,1,1,1.0,1.0,0.0,7.0,0.0,0.0,2.0,1.0,1,1,3.0,2.0,2.0,2.0,0.0,50.0,1,0.0,1.0,2,3,4,0,0,0,0,4,0,2,0,0,2,4,0,0,0,1,0,0,0,3,21,30
201200044344,12,9,21,5,2,4,2.0,6.0,0.0,3.0,0.0,12.0,0.0,0.0,1,1,4.0,1.0,1.0,2.0,0.0,60.0,1,0.0,1.0,1,3,1,0,0,0,0,1,1,0,0,0,0,0,0,1,0,1,0,0,0,3,21,0
201400053279,14,10,31,1,2,2,1.0,3.0,0.0,7.0,0.0,0.0,2.0,1.0,1,1,4.0,1.0,2.0,1.0,0.0,0.0,1,0.0,1.0,2,1,4,2,0,0,2,4,0,0,4,2,0,0,0,4,2,1,0,0,0,2,15,5
200600023211,6,4,15,1,2,3,1.0,3.0,0.0,7.0,0.0,0.0,2.0,9.0,1,1,4.0,2.0,2.0,0.0,0.0,60.0,1,0.0,5.0,2,1,2,2,0,0,0,4,0,0,2,2,0,2,0,0,2,1,0,0,0,2,11,50
201400047126,14,4,15,1,1,1,1.0,2.0,0.0,7.0,0.0,0.0,2.0,2.0,1,1,1.0,1.0,3.0,1.0,0.0,0.0,1,2.0,1.0,2,2,2,2,0,0,0,4,0,0,0,0,4,4,0,0,0,1,1,0,0,2,7,30
200900024944,9,7,2,1,2,1,1.0,2.0,0.0,7.0,0.0,0.0,2.0,2.0,1,1,4.0,2.0,2.0,1.0,0.0,60.0,1,0.0,1.0,2,2,2,6,2,0,2,4,0,6,0,2,0,0,2,6,0,1,1,0,0,2,15,30
201100057331,11,1,6,2,1,1,2.0,7.0,0.0,7.0,0.0,0.0,0.0,11.0,1,1,1.0,3.0,2.0,1.0,22.0,70.0,1,0.0,1.0,2,1,4,0,0,0,0,4,0,0,2,0,2,2,0,2,0,0,0,1,0,3,18,40
201300030005,13,12,14,5,2,1,1.0,6.0,1.0,7.0,0.0,0.0,1.0,9.0,1,-1,4.0,2.0,2.0,1.0,0.0,0.0,1,0.0,1.0,1,1,2,0,0,1,0,1,0,0,2,0,0,2,0,0,0,1,0,0,0,3,19,20
200600045271,6,8,12,1,1,1,1.0,1.0,0.0,7.0,0.0,0.0,2.0,11.0,1,1,2.0,2.0,0.0,1.0,0.0,70.0,1,0.0,1.0,2,3,6,2,2,0,2,4,0,4,4,0,0,2,0,6,0,1,1,0,0,3,18,45
200800000751,8,1,25,1,2,1,1.0,6.0,0.0,10.0,0.0,0.0,1.0,4.0,1,1,4.0,2.0,0.0,1.0,0.0,65.0,1,0.0,1.0,1,1,1,1,0,1,0,1,0,1,1,0,0,1,0,0,1,1,0,0,0,3,15,0
201600003407,16,8,26,1,1,2,1.0,3.0,2.0,1.0,0.0,0.0,2.0,1.0,1,2,3.0,2.0,2.0,1.0,0.0,70.0,1,5.0,1.0,2,3,2,2,0,0,0,4,0,0,2,0,2,2,0,0,2,1,0,0,0,3,10,45
201100061803,11,12,15,1,2,7,1.0,3.0,0.0,32.0,0.0,0.0,2.0,15.0,1,2,4.0,2.0,6.0,1.0,0.0,210.0,1,5.0,1.0,2,2,4,0,0,0,0,4,0,0,0,2,2,4,0,0,0,1,1,0,0,2,12,30
201000045090,10,12,8,1,2,3,8.0,3.0,0.0,2.0,0.0,0.0,2.0,1.0,1,2,4.0,2.0,2.0,1.0,0.0,30.0,1,5.0,1.0,2,3,2,2,0,0,0,4,0,0,4,0,0,2,0,2,0,0,0,1,0,3,16,35
201200019871,12,7,22,1,2,2,1.0,3.0,0.0,33.0,0.0,0.0,2.0,1.0,1,2,3.0,0.0,1.0,1.0,0.0,100.0,1,5.0,1.0,2,4,6,0,0,0,2,4,0,2,4,0,0,2,0,4,0,1,0,1,0,4,13,30
200900056679,9,11,17,1,2,2,1.0,3.0,0.0,7.0,0.0,0.0,2.0,15.0,1,1,4.0,0.0,2.0,0.0,0.0,60.0,-1,0.0,0.0,2,2,2,2,0,0,0,4,0,0,0,0,4,2,0,0,2,0,0,1,0,2,9,5
201500017608,15,9,10,1,1,1,1.0,3.0,0.0,3.0,0.0,0.0,0.0,19.0,1,1,3.0,2.0,2.0,2.0,0.0,120.0,1,5.0,1.0,2,1,4,0,0,0,0,4,0,4,0,0,0,0,0,2,2,1,0,0,0,3,10,45
201700034059,17,4,8,1,2,1,1.0,3.0,1.0,33.0,0.0,0.0,2.0,15.0,1,2,4.0,2.0,2.0,1.0,0.0,80.0,1,0.0,1.0,2,3,2,0,0,0,0,2,0,0,2,0,0,2,0,0,0,1,0,1,0,3,11,45
200600040940,6,7,20,2,2,5,1.0,2.0,0.0,7.0,0.0,0.0,2.0,1.0,1,-1,4.0,2.0,6.0,1.0,0.0,220.0,1,0.0,1.0,2,1,2,6,2,0,2,4,0,4,4,0,0,4,0,4,0,1,1,0,0,2,21,40
201300036161,13,8,5,1,2,3,1.0,5.0,0.0,7.0,0.0,8.0,2.0,21.0,1,1,3.0,2.0,2.0,1.0,0.0,115.0,1,0.0,1.0,3,2,6,9,0,0,6,9,0,0,9,6,0,12,0,3,0,1,0,0,1,2,16,45
201600046843,16,5,29,1,1,1,2.0,5.0,2.0,7.0,0.0,0.0,2.0,2.0,1,1,1.0,1.0,3.0,1.0,0.0,0.0,1,0.0,1.0,3,1,9,0,0,0,0,9,0,3,6,0,0,9,0,0,0,1,1,0,0,2,17,32
201300015996,13,11,18,5,2,1,2.0,3.0,0.0,7.0,0.0,0.0,2.0,1.0,1,1,4.0,0.0,2.0,2.0,0.0,0.0,1,0.0,1.0,2,1,4,0,0,0,0,4,0,2,0,0,2,2,0,2,0,0,0,0,0,2,6,0
200900051316,9,11,30,3,1,1,2.0,7.0,0.0,30.0,0.0,0.0,0.0,1.0,1,2,3.0,2.0,2.0,1.0,0.0,52.0,1,0.0,3.0,1,3,1,0,0,0,0,1,0,0,0,0,1,0,1,0,0,0,0,0,0,3,7,15
200700034064,7,6,25,1,1,9,1.0,6.0,0.0,7.0,0.0,5.0,2.0,2.0,1,1,1.0,3.0,2.0,1.0,25.0,70.0,1,0.0,2.0,2,3,2,2,0,0,0,4,0,2,2,0,0,2,0,0,2,1,1,0,0,3,14,15
201500015933,15,5,9,3,1,1,1.0,7.0,0.0,33.0,0.0,0.0,0.0,0.0,1,2,3.0,0.0,0.0,1.0,0.0,0.0,1,0.0,0.0,1,2,1,0,0,0,0,1,0,0,1,0,0,1,0,0,0,1,0,0,0,2,21,23
200700058356,7,9,26,1,2,1,2.0,3.0,0.0,32.0,0.0,0.0,2.0,1.0,1,2,2.0,1.0,3.0,1.0,0.0,0.0,1,0.0,1.0,2,2,2,2,0,0,0,4,0,0,0,0,4,2,0,2,0,1,0,1,0,2,9,15
201400005359,14,3,1,3,1,1,1.0,6.0,0.0,7.0,0.0,6.0,0.0,0.0,1,1,3.0,0.0,2.0,0.0,0.0,50.0,1,0.0,3.0,1,3,2,0,0,0,1,1,0,1,1,0,0,1,0,1,0,0,0,1,0,3,23,15
201000040378,10,8,21,1,1,1,1.0,3.0,0.0,1.0,0.0,0.0,2.0,1.0,1,2,4.0,2.0,2.0,1.0,53.0,26.0,1,0.0,5.0,2,2,4,0,0,0,0,4,0,0,4,0,0,2,0,0,2,1,0,1,0,2,9,29
201000060688,10,1,26,1,2,2,1.0,6.0,0.0,7.0,0.0,0.0,1.0,1.0,1,1,4.0,2.0,0.0,2.0,10.0,200.0,1,0.0,1.0,1,1,2,0,0,1,0,1,0,0,1,1,0,1,1,0,0,1,0,0,0,2,17,10
201200044548,12,9,24,1,2,1,1.0,6.0,0.0,10.0,0.0,0.0,1.0,1.0,1,1,4.0,2.0,2.0,1.0,0.0,0.0,1,0.0,1.0,1,1,1,1,0,1,0,1,1,0,0,1,0,0,1,1,0,1,0,0,0,3,17,0
201000001943,10,8,22,3,2,1,1.0,7.0,0.0,2.0,0.0,0.0,0.0,1.0,1,2,4.0,2.0,0.0,1.0,0.0,0.0,1,0.0,1.0,1,1,2,0,0,0,1,1,0,1,1,0,0,0,0,2,0,0,0,1,0,3,1,15
201000033434,10,6,4,1,1,1,1.0,3.0,0.0,31.0,0.0,0.0,2.0,1.0,1,2,3.0,3.0,4.0,1.0,0.0,0.0,1,0.0,1.0,2,2,4,0,0,0,0,4,0,2,0,2,0,4,0,0,0,1,1,0,0,2,17,30
201400036663,14,12,1,4,2,1,2.0,6.0,0.0,34.0,0.0,0.0,1.0,1.0,1,-1,3.0,2.0,2.0,1.0,0.0,85.0,1,0.0,1.0,1,1,1,1,0,1,0,1,0,0,2,0,0,1,0,0,1,1,0,0,0,3,18,43
201100045176,11,2,15,1,2,1,1.0,6.0,0.0,7.0,0.0,8.0,0.0,0.0,1,1,4.0,1.0,1.0,2.0,0.0,0.0,1,5.0,4.0,1,2,0,1,0,0,0,1,1,0,0,0,0,0,0,0,1,1,0,0,0,2,15,11
200800036833,8,7,13,3,1,1,1.0,1.0,0.0,7.0,0.0,0.0,2.0,13.0,1,1,3.0,2.0,2.0,1.0,0.0,80.0,1,0.0,1.0,2,3,2,2,0,0,0,4,4,0,0,0,0,4,0,0,0,1,0,0,0,3,23,45
201400031297,14,2,6,1,2,1,3.0,6.0,0.0,7.0,0.0,0.0,1.0,1.0,1,1,4.0,1.0,1.0,0.0,0.0,0.0,1,5.0,1.0,1,1,1,1,0,1,0,1,0,1,1,0,0,1,0,1,0,1,0,0,0,3,14,55
200800055384,8,10,31,1,1,1,1.0,3.0,0.0,7.0,0.0,0.0,2.0,13.0,1,1,2.0,2.0,2.0,1.0,0.0,70.0,1,0.0,1.0,2,3,2,2,0,0,0,4,0,0,2,0,2,2,0,0,2,1,0,1,0,3,7,15
201600021499,16,4,10,1,1,1,1.0,3.0,2.0,7.0,0.0,0.0,2.0,1.0,1,1,3.0,2.0,2.0,1.0,0.0,54.0,1,0.0,1.0,2,2,4,4,0,0,4,4,0,4,4,0,0,2,0,0,6,1,0,0,0,3,12,20
201000061157,10,7,26,5,2,1,2.0,7.0,0.0,32.0,0.0,0.0,0.0,1.0,1,2,4.0,2.0,3.0,1.0,0.0,0.0,-1,0.0,1.0,1,2,1,0,0,0,0,1,0,1,0,0,0,0,0,1,0,0,0,0,0,2,23,10
201700025643,17,2,10,2,2,1,1.0,6.0,2.0,37.0,50.0,0.0,1.0,1.0,1,-1,4.0,2.0,2.0,1.0,0.0,0.0,1,0.0,1.0,1,1,1,1,0,1,0,1,1,0,0,1,0,0,1,0,1,1,0,0,0,3,18,20
200500003801,5,1,8,1,2,1,1.0,2.0,0.0,1.0,0.0,14.0,0.0,1.0,1,-1,4.0,1.0,3.0,2.0,0.0,0.0,1,2.0,1.0,2,2,2,2,0,0,0,4,0,0,2,2,0,2,0,2,0,1,1,0,0,2,11,40
200800001694,8,1,30,1,2,1,1.0,1.0,0.0,33.0,0.0,0.0,2.0,1.0,1,2,3.0,2.0,2.0,2.0,0.0,62.0,1,0.0,1.0,2,4,4,0,0,0,0,4,2,2,0,0,0,2,0,2,0,1,0,1,0,4,16,10
200500049355,5,8,1,3,1,1,1.0,6.0,0.0,7.0,0.0,2.0,0.0,1.0,1,1,3.0,2.0,0.0,1.0,0.0,60.0,1,0.0,3.0,1,3,1,0,0,0,0,1,0,0,1,0,0,0,0,1,0,0,0,1,0,3,0,15
200900016870,9,6,20,1,1,1,1.0,1.0,0.0,13.0,0.0,0.0,2.0,13.0,1,1,2.0,2.0,0.0,1.0,0.0,74.0,1,0.0,1.0,2,3,4,0,0,0,0,4,2,0,2,0,0,4,0,0,0,1,0,0,0,4,12,0
200500043234,5,7,28,1,2,1,1.0,3.0,0.0,7.0,0.0,0.0,2.0,15.0,1,1,3.0,2.0,0.0,2.0,0.0,53.0,1,0.0,0.0,2,3,2,2,0,0,0,4,2,0,2,0,0,2,0,2,0,1,0,0,0,3,19,0
200800034250,8,6,2,1,2,1,1.0,3.0,0.0,7.0,0.0,0.0,2.0,6.0,1,1,3.0,2.0,6.0,2.0,0.0,0.0,1,0.0,1.0,2,1,4,0,0,0,0,4,0,0,2,2,0,2,0,2,0,1,0,1,0,2,15,10
200800017493,8,4,15,1,1,1,1.0,6.0,0.0,7.0,0.0,13.0,0.0,2.0,1,1,3.0,2.0,2.0,1.0,0.0,0.0,1,0.0,3.0,1,3,1,0,0,0,0,1,0,0,1,0,0,0,0,0,1,1,0,0,0,3,8,0
200600020154,6,4,30,1,2,2,1.0,3.0,0.0,7.0,0.0,0.0,2.0,19.0,1,1,4.0,2.0,2.0,1.0,0.0,60.0,1,0.0,1.0,2,1,4,2,0,0,2,4,0,6,0,0,0,2,0,4,0,1,0,1,0,3,16,0
200800000622,8,1,8,1,1,1,1.0,1.0,0.0,7.0,0.0,0.0,9.0,1.0,1,1,3.0,2.0,0.0,1.0,0.0,56.0,1,0.0,1.0,2,1,0,4,0,0,0,4,0,0,4,0,0,2,0,0,2,1,1,0,0,3,11,30
200900018603,9,2,19,2,2,1,1.0,6.0,0.0,34.0,0.0,0.0,1.0,1.0,1,2,3.0,2.0,2.0,1.0,0.0,0.0,1,0.0,1.0,1,1,2,0,0,1,0,1,0,0,1,0,1,1,0,1,0,1,0,0,0,2,17,25
200500011727,5,2,17,5,1,1,1.0,6.0,0.0,7.0,0.0,0.0,0.0,1.0,1,-1,3.0,2.0,2.0,1.0,20.0,80.0,1,0.0,1.0,1,2,1,0,0,0,0,1,0,0,1,0,0,0,1,0,0,0,0,1,0,2,22,15
200800006896,8,2,14,3,1,1,1.0,6.0,0.0,7.0,0.0,0.0,1.0,1.0,1,1,4.0,2.0,0.0,1.0,0.0,0.0,1,0.0,1.0,1,2,2,0,0,1,0,1,1,0,0,0,1,1,0,1,0,1,0,0,0,4,19,30
200800054282,8,9,1,1,2,1,1.0,3.0,0.0,31.0,0.0,0.0,2.0,17.0,1,2,3.0,2.0,2.0,1.0,0.0,60.0,1,0.0,1.0,2,3,6,2,2,0,2,4,0,4,0,0,4,0,0,8,0,1,0,1,0,3,18,30
200500063224,5,10,8,5,2,1,1.0,1.0,0.0,7.0,0.0,2.0,2.0,13.0,1,1,3.0,2.0,2.0,1.0,0.0,66.0,1,0.0,3.0,2,3,4,0,0,0,0,4,0,0,2,0,2,0,2,2,0,1,0,0,0,3,0,45
201400007589,14,2,21,3,1,1,3.0,6.0,0.0,7.0,0.0,2.0,0.0,1.0,1,1,3.0,2.0,0.0,1.0,0.0,65.0,0,0.0,1.0,1,3,1,0,0,0,0,1,0,0,0,0,1,1,0,0,0,1,0,0,0,3,5,46
200800043205,8,8,24,1,2,2,2.0,6.0,0.0,30.0,0.0,0.0,1.0,1.0,1,-1,4.0,1.0,2.0,1.0,0.0,60.0,1,0.0,1.0,1,1,2,0,0,1,0,1,0,0,2,0,0,1,1,0,0,1,0,0,0,2,15,0
201000015634,10,3,20,1,2,1,1.0,6.0,0.0,7.0,0.0,0.0,2.0,5.0,1,1,4.0,2.0,2.0,2.0,0.0,50.0,1,0.0,1.0,2,1,2,2,0,0,0,4,0,2,2,0,0,2,0,0,2,1,0,0,0,2,17,30
200600040024,6,7,7,1,2,1,1.0,3.0,0.0,7.0,0.0,0.0,2.0,11.0,1,1,4.0,3.0,4.0,1.0,15.0,120.0,1,0.0,1.0,2,1,2,2,0,0,0,4,0,0,2,0,2,2,0,0,2,1,0,0,0,3,14,45
201700027014,17,10,3,1,2,1,1.0,7.0,2.0,30.0,0.0,0.0,2.0,1.0,1,2,3.0,2.0,2.0,1.0,0.0,80.0,1,0.0,1.0,2,2,2,2,0,0,0,4,4,0,0,0,0,2,2,0,0,1,1,0,0,2,13,25
200800025563,8,5,15,1,2,1,1.0,5.0,0.0,7.0,0.0,14.0,2.0,6.0,1,1,4.0,3.0,2.0,2.0,28.0,72.0,1,0.0,1.0,4,2,8,8,0,0,0,16,0,12,0,0,4,4,0,12,0,1,1,0,0,2,18,30
200500057977,5,9,7,1,1,1,1.0,6.0,0.0,7.0,0.0,1.0,0.0,1.0,1,1,4.0,3.0,1.0,1.0,0.0,39.0,1,0.0,1.0,1,1,0,2,0,1,0,1,0,2,0,0,0,1,0,0,1,1,0,0,0,2,9,37
200700004181,7,1,10,5,2,2,1.0,3.0,0.0,7.0,0.0,0.0,2.0,1.0,1,1,4.0,1.0,1.0,1.0,0.0,30.0,1,0.0,1.0,2,1,4,0,0,0,0,4,0,0,0,4,0,4,0,0,0,1,0,0,0,2,6,50
201000033831,10,11,6,3,1,1,3.0,5.0,1.0,99.0,0.0,0.0,2.0,14.0,1,1,3.0,2.0,3.0,1.0,0.0,105.0,1,0.0,1.0,3,2,3,9,3,0,3,6,0,0,9,3,0,9,3,0,0,1,1,0,0,2,18,0
200600048311,6,8,28,1,2,1,3.0,3.0,0.0,7.0,0.0,0.0,2.0,15.0,1,1,2.0,2.0,2.0,2.0,0.0,0.0,1,0.0,1.0,2,1,4,0,0,0,0,4,0,2,0,2,0,2,2,0,0,1,0,0,0,2,10,45
201000010599,10,9,14,3,1,1,5.0,7.0,0.0,7.0,0.0,13.0,0.0,1.0,1,1,3.0,2.0,2.0,2.0,0.0,30.0,-1,0.0,1.0,1,3,0,2,0,0,1,1,0,1,0,0,1,2,0,0,0,1,0,0,0,3,4,45
201400055432,14,2,19,1,2,1,2.0,6.0,0.0,32.0,0.0,0.0,1.0,3.0,1,2,4.0,2.0,6.0,1.0,0.0,0.0,1,0.0,1.0,1,1,1,1,0,1,0,1,0,0,1,0,1,1,0,1,0,1,0,0,0,2,10,30
200700018202,7,3,7,1,2,2,1.0,3.0,0.0,7.0,0.0,0.0,2.0,1.0,1,1,4.0,2.0,2.0,1.0,0.0,98.0,1,0.0,1.0,2,1,6,0,0,0,2,4,0,2,0,2,2,6,0,0,0,1,0,0,0,3,12,5
201400011459,14,11,12,1,2,1,2.0,2.0,0.0,7.0,0.0,0.0,2.0,1.0,1,1,4.0,1.0,3.0,2.0,0.0,0.0,1,0.0,1.0,2,2,2,4,0,0,2,4,0,4,2,0,0,4,2,0,0,1,1,0,0,2,14,0
200800034725,8,6,27,1,2,9,1.0,6.0,0.0,1.0,0.0,0.0,1.0,1.0,1,-1,9.0,0.0,1.0,1.0,0.0,150.0,1,0.0,0.0,1,1,0,2,0,1,0,1,1,0,1,0,0,1,1,0,0,1,0,0,0,4,8,20
200600019043,6,4,5,1,2,1,1.0,6.0,0.0,39.0,0.0,0.0,1.0,1.0,1,1,3.0,2.0,2.0,1.0,0.0,0.0,1,0.0,1.0,1,1,1,1,0,1,0,1,1,0,0,1,0,2,0,0,0,1,0,0,0,2,7,50
200700056218,7,9,30,1,2,1,1.0,3.0,0.0,7.0,0.0,0.0,2.0,0.0,1,1,4.0,2.0,2.0,1.0,0.0,68.0,1,0.0,1.0,2,2,2,2,0,0,0,4,0,0,4,0,0,0,0,2,2,0,0,1,1,3,16,30
201600014251,16,2,26,1,2,1,1.0,7.0,1.0,7.0,0.0,0.0,0.0,1.0,1,1,4.0,1.0,1.0,1.0,0.0,0.0,1,0.0,1.0,1,2,1,0,0,0,0,1,0,0,1,0,0,0,0,0,1,0,0,1,0,2,10,45
200900066783,9,8,11,1,1,1,1.0,7.0,0.0,33.0,0.0,11.0,0.0,15.0,1,2,3.0,2.0,0.0,0.0,0.0,0.0,1,0.0,1.0,1,3,1,0,0,0,0,1,0,0,1,0,0,0,0,1,0,0,0,1,0,3,19,45
201200031506,12,10,16,5,2,2,1.0,1.0,0.0,1.0,0.0,0.0,2.0,1.0,1,0,4.0,2.0,2.0,1.0,0.0,0.0,1,0.0,1.0,2,3,4,0,0,0,0,4,0,0,2,0,2,2,0,2,0,1,0,0,0,3,21,55
201300040603,13,9,13,1,2,1,2.0,3.0,0.0,7.0,0.0,0.0,2.0,9.0,1,1,3.0,2.0,3.0,1.0,0.0,0.0,1,0.0,1.0,2,1,4,0,0,0,0,4,0,0,0,0,4,2,0,2,0,1,0,0,0,2,9,0
201100006621,11,10,16,3,1,1,1.0,7.0,0.0,7.0,0.0,8.0,0.0,1.0,1,1,4.0,2.0,2.0,1.0,0.0,0.0,1,0.0,3.0,1,3,1,0,0,0,0,1,0,0,1,0,0,0,0,1,0,1,0,0,0,3,6,30
201000061865,10,9,25,5,2,5,1.0,3.0,0.0,7.0,0.0,0.0,2.0,1.0,1,1,4.0,1.0,0.0,1.0,0.0,0.0,1,0.0,1.0,2,2,4,0,0,0,0,4,0,2,0,2,0,2,0,2,0,1,0,0,0,2,22,30
201000032658,10,1,15,3,1,1,1.0,6.0,0.0,7.0,0.0,0.0,2.0,13.0,1,1,3.0,2.0,2.0,1.0,0.0,70.0,1,0.0,1.0,3,1,18,0,3,0,6,9,0,3,12,0,3,12,0,6,0,1,0,0,0,3,19,55
201400005372,14,9,12,5,1,1,1.0,6.0,0.0,7.0,0.0,1.0,0.0,1.0,1,1,3.0,2.0,0.0,2.0,0.0,60.0,1,0.0,1.0,1,3,0,1,0,0,0,1,0,0,0,0,1,1,0,0,0,1,0,0,0,3,0,30
200500041327,5,7,24,1,1,1,1.0,7.0,0.0,7.0,0.0,13.0,0.0,1.0,1,1,4.0,2.0,0.0,1.0,0.0,60.0,1,0.0,1.0,1,1,2,0,0,0,1,1,0,1,1,0,0,2,0,0,0,1,0,0,0,2,16,30
201000008194,10,7,11,1,1,1,1.0,6.0,0.0,7.0,0.0,15.0,0.0,1.0,1,1,3.0,2.0,0.0,1.0,0.0,90.0,1,0.0,1.0,1,3,1,1,0,0,1,1,0,1,1,0,0,0,0,0,2,1,0,0,0,3,9,45
200500054368,5,9,25,1,1,9,2.0,3.0,0.0,5.0,0.0,0.0,0.0,17.0,1,2,2.0,2.0,0.0,0.0,0.0,0.0,1,0.0,1.0,2,3,4,0,0,0,0,4,4,0,0,0,0,2,0,2,0,1,1,0,0,3,9,15
201700033810,17,10,11,1,1,1,1.0,6.0,1.0,7.0,0.0,5.0,0.0,1.0,1,1,2.0,3.0,4.0,1.0,0.0,80.0,1,0.0,3.0,1,3,0,1,0,0,0,1,1,0,0,0,0,0,0,1,0,1,0,0,0,3,19,0
201600000313,16,7,10,1,1,1,1.0,6.0,2.0,7.0,0.0,13.0,0.0,1.0,1,1,3.0,2.0,2.0,0.0,0.0,53.0,1,0.0,1.0,1,4,1,0,0,0,0,1,0,0,1,0,0,1,0,0,0,1,0,0,0,4,19,0
201200047028,12,10,1,3,2,9,1.0,6.0,0.0,7.0,0.0,0.0,0.0,0.0,1,-1,9.0,0.0,0.0,1.0,0.0,0.0,1,0.0,1.0,1,3,0,1,0,0,0,1,0,1,0,0,0,1,0,0,0,0,0,0,0,3,21,15