Num_Acc,an,mois,jour,lum,agg,int,atm,col,senc,catv,occutc,obs,obsm,manv,catu,secu,catr,circ,nbv,prof,lartpc,larrout,surf,infra,situ,nb_veh,grav_simpl,Homme,Femme,Arrière,Autre_x,Avant,Conducteur,Autre_y,Inconnu,Loisirs,Professionnel,Travail,Adulte,Enfant,Jeune,Senior,choc_avant,choc_arriere,choc_lateral,choc_multiple,grav_order_max,heure,minute
200700072604,7,11,29,1,2,1,8.0,3.0,0.0,33.0,0.0,0.0,2.0,1.0,1,-1,4.0,3.0,4.0,1.0,0.0,100.0,1,0.0,1.0,2,2,2,2,0,0,0,4,0,2,0,0,2,2,0,2,0,1,0,1,0,2,9,15
201400037746,14,9,28,1,2,1,1.0,6.0,0.0,33.0,0.0,6.0,0.0,1.0,1,2,4.0,2.0,2.0,1.0,0.0,60.0,1,0.0,1.0,1,2,1,0,0,0,0,1,0,0,1,0,0,1,0,0,0,1,0,0,0,2,8,10
200900042748,9,9,14,1,2,1,1.0,1.0,0.0,7.0,0.0,0.0,2.0,24.0,1,1,4.0,2.0,2.0,1.0,0.0,70.0,1,0.0,1.0,2,1,2,2,0,0,0,4,2,0,2,0,0,2,2,0,0,1,0,0,0,2,17,30
200700035868,7,6,29,1,2,6,1.0,6.0,0.0,7.0,0.0,0.0,2.0,9.0,1,-1,4.0,2.0,2.0,1.0,0.0,101.0,1,0.0,1.0,2,1,4,0,0,0,0,4,2,0,0,0,2,2,0,2,0,1,0,0,0,2,17,43
201300032228,13,3,7,1,2,1,1.0,1.0,0.0,7.0,0.0,0.0,2.0,1.0,1,1,4.0,2.0,2.0,1.0,0.0,60.0,1,0.0,1.0,2,2,2,2,0,0,0,4,0,0,2,2,0,4,0,0,0,1,0,0,0,2,8,5
201600028475,16,11,13,1,2,1,8.0,2.0,1.0,7.0,0.0,0.0,2.0,2.0,1,1,3.0,2.0,6.0,1.0,0.0,200.0,1,0.0,1.0,2,3,2,2,0,0,0,4,0,4,0,0,0,4,0,0,0,1,1,0,0,3,14,55
200700063249,7,10,26,4,2,1,1.0,4.0,0.0,10.0,0.0,0.0,2.0,13.0,1,-1,4.0,2.0,2.0,1.0,0.0,106.0,1,0.0,1.0,3,1,9,3,0,0,3,9,0,12,0,0,0,3,0,9,0,1,1,0,1,3,20,0
201000054411,10,4,14,2,1,1,1.0,6.0,0.0,7.0,0.0,0.0,0.0,21.0,1,1,4.0,2.0,2.0,1.0,0.0,50.0,1,0.0,1.0,1,1,2,0,0,1,0,1,0,0,1,0,1,0,1,1,0,1,0,0,0,2,21,0
201300006244,13,8,26,1,1,1,1.0,1.0,0.0,7.0,0.0,0.0,2.0,13.0,1,1,3.0,2.0,2.0,1.0,0.0,91.0,1,0.0,1.0,2,3,4,0,0,0,0,4,0,0,2,0,2,2,2,0,0,1,0,0,0,3,18,45
201300026941,13,11,21,1,2,1,4.0,2.0,0.0,7.0,0.0,0.0,2.0,23.0,1,1,3.0,2.0,2.0,1.0,0.0,70.0,1,0.0,1.0,2,2,4,4,0,0,4,4,0,0,8,0,0,2,2,0,4,1,1,0,0,2,14,25
201600009638,16,1,9,5,2,1,1.0,6.0,2.0,7.0,0.0,0.0,1.0,1.0,1,1,3.0,2.0,2.0,1.0,0.0,-1.0,1,0.0,1.0,1,1,2,0,0,1,0,1,0,0,2,0,0,1,0,0,1,1,0,0,0,3,18,45
201600034706,16,9,5,1,2,2,2.0,2.0,1.0,99.0,0.0,0.0,2.0,0.0,1,1,4.0,2.0,2.0,1.0,0.0,109.0,1,0.0,1.0,2,2,6,4,2,0,4,4,2,8,0,0,0,6,2,2,0,1,1,0,0,2,9,30
201300020045,13,6,22,1,1,1,1.0,6.0,0.0,7.0,0.0,0.0,0.0,1.0,1,1,1.0,3.0,2.0,0.0,22.0,70.0,1,3.0,1.0,1,3,1,0,0,0,0,1,0,0,1,0,0,1,0,0,0,1,0,0,0,3,21,0
201100043489,11,10,30,1,2,1,1.0,3.0,0.0,2.0,0.0,0.0,2.0,15.0,1,2,4.0,2.0,2.0,1.0,63.0,70.0,1,0.0,1.0,2,2,2,2,0,0,0,4,0,2,2,0,0,2,0,2,0,1,0,0,0,2,13,10
201500024719,15,1,5,1,2,2,1.0,3.0,0.0,7.0,0.0,0.0,2.0,1.0,1,1,4.0,2.0,2.0,3.0,0.0,0.0,1,5.0,1.0,2,1,2,2,0,0,0,4,0,0,2,0,2,0,0,2,2,1,0,1,0,2,9,30
200800066847,8,11,17,1,2,1,1.0,2.0,0.0,7.0,0.0,0.0,0.0,2.0,1,-1,4.0,2.0,0.0,1.0,0.0,0.0,1,5.0,1.0,2,1,2,2,0,0,0,4,0,4,0,0,0,0,0,4,0,1,1,0,0,3,9,30
201000045457,10,7,5,1,2,3,1.0,6.0,1.0,3.0,0.0,0.0,1.0,11.0,1,-1,4.0,2.0,2.0,1.0,0.0,110.0,1,5.0,4.0,1,1,1,1,0,1,0,1,0,0,0,0,2,1,0,0,1,1,0,0,0,3,18,35
201200033193,12,6,25,1,1,1,1.0,6.0,0.0,7.0,0.0,0.0,2.0,0.0,1,1,3.0,2.0,2.0,1.0,0.0,70.0,1,0.0,1.0,2,2,2,2,0,0,0,4,0,4,0,0,0,4,0,0,0,1,0,0,0,2,7,30
200500053366,5,8,16,1,2,6,1.0,6.0,0.0,7.0,0.0,0.0,2.0,15.0,1,1,2.0,1.0,2.0,1.0,0.0,100.0,1,5.0,1.0,2,1,4,6,0,2,4,4,0,4,6,0,0,6,0,2,2,1,0,0,0,3,17,40
201700039744,17,5,17,1,2,3,1.0,6.0,0.0,10.0,0.0,0.0,1.0,16.0,1,1,4.0,1.0,2.0,1.0,0.0,0.0,1,0.0,1.0,1,1,2,0,0,1,0,1,1,0,0,0,1,1,0,1,0,1,0,0,0,2,18,40
201600034797,16,3,1,1,2,1,1.0,6.0,0.0,7.0,0.0,0.0,1.0,1.0,1,1,4.0,2.0,2.0,1.0,0.0,100.0,1,0.0,1.0,1,1,1,1,0,1,0,1,1,0,0,0,1,1,1,0,0,1,0,0,0,2,8,50
200500074524,5,11,9,3,2,1,2.0,2.0,0.0,7.0,0.0,0.0,2.0,2.0,1,1,4.0,2.0,3.0,1.0,0.0,100.0,1,0.0,1.0,2,1,2,2,0,0,0,4,4,0,0,0,0,2,0,2,0,1,1,0,0,2,17,50
200500049052,5,8,14,1,1,1,2.0,4.0,0.0,7.0,0.0,0.0,2.0,1.0,1,1,3.0,0.0,0.0,0.0,0.0,0.0,-1,0.0,0.0,3,1,3,9,3,0,3,6,0,6,6,0,0,6,3,3,0,1,1,0,1,3,11,15
200700013023,7,3,23,1,2,1,1.0,6.0,0.0,7.0,0.0,0.0,1.0,1.0,1,1,4.0,0.0,0.0,0.0,0.0,0.0,-1,0.0,0.0,1,1,1,1,0,1,0,1,0,0,2,0,0,1,0,0,1,0,0,1,0,3,17,30
201500000433,15,10,2,1,1,1,1.0,6.0,0.0,3.0,0.0,8.0,0.0,14.0,1,1,3.0,2.0,2.0,1.0,0.0,67.0,-1,0.0,1.0,1,4,1,1,0,0,1,1,1,1,0,0,0,0,0,0,2,1,0,0,0,4,10,0
200900059504,9,1,19,1,2,1,2.0,6.0,0.0,14.0,0.0,0.0,1.0,1.0,4,-1,4.0,2.0,2.0,1.0,0.0,69.0,1,0.0,1.0,1,3,1,2,0,2,0,1,2,0,0,1,0,1,1,1,0,1,0,0,0,3,8,30
200500025419,5,5,24,1,1,1,1.0,1.0,0.0,7.0,0.0,0.0,2.0,0.0,1,1,2.0,2.0,2.0,1.0,0.0,63.0,1,0.0,1.0,2,4,2,2,0,0,0,4,2,0,0,2,0,0,0,2,2,1,0,0,0,4,18,30
200800007102,8,2,9,3,1,1,1.0,3.0,0.0,7.0,0.0,0.0,2.0,17.0,1,1,1.0,3.0,0.0,1.0,35.0,135.0,1,0.0,1.0,2,1,10,6,8,0,4,4,0,12,4,0,0,2,6,8,0,1,1,0,0,3,18,45
200800008524,8,2,22,1,2,2,1.0,3.0,0.0,7.0,0.0,0.0,2.0,15.0,1,1,4.0,2.0,2.0,1.0,0.0,79.0,1,0.0,0.0,2,1,2,2,0,0,0,4,0,0,0,0,4,0,0,4,0,1,0,0,0,2,17,15
201300029619,13,2,12,1,2,2,1.0,6.0,1.0,7.0,0.0,0.0,1.0,15.0,1,1,4.0,2.0,2.0,1.0,0.0,108.0,1,5.0,1.0,1,1,0,2,0,1,0,1,1,0,0,0,1,1,1,0,0,1,0,0,0,2,16,30
201700034607,17,6,25,5,2,1,1.0,6.0,1.0,7.0,0.0,2.0,0.0,13.0,1,1,4.0,2.0,2.0,1.0,20.0,30.0,1,0.0,0.0,1,3,1,1,0,0,1,1,0,0,2,0,0,1,0,1,0,1,0,0,0,3,5,0
200600010661,6,2,3,1,1,1,1.0,2.0,0.0,13.0,0.0,0.0,2.0,23.0,1,1,1.0,3.0,0.0,1.0,0.0,0.0,-1,0.0,1.0,2,1,4,0,0,0,0,4,0,0,0,2,2,4,0,0,0,1,1,0,0,2,16,0
200900065404,9,11,30,1,2,1,8.0,6.0,0.0,7.0,0.0,0.0,1.0,1.0,1,1,4.0,2.0,2.0,1.0,0.0,120.0,1,0.0,1.0,1,1,2,0,0,1,0,1,0,0,2,0,0,1,0,1,0,1,0,0,0,2,11,15
201600030981,16,5,31,1,1,1,2.0,1.0,0.0,7.0,0.0,0.0,2.0,0.0,1,1,3.0,2.0,2.0,1.0,0.0,70.0,1,0.0,1.0,2,2,4,0,0,0,0,4,0,4,0,0,0,2,0,2,0,1,0,0,0,3,17,45
201400038042,14,6,22,1,2,1,1.0,3.0,0.0,1.0,0.0,0.0,2.0,0.0,1,2,3.0,1.0,2.0,1.0,0.0,0.0,1,0.0,1.0,2,2,0,4,0,0,0,4,0,4,0,0,0,4,0,0,0,1,0,0,0,2,17,47
201000021751,10,8,2,1,2,1,1.0,3.0,0.0,32.0,0.0,0.0,2.0,5.0,1,-1,4.0,0.0,2.0,1.0,0.0,60.0,1,5.0,1.0,2,2,4,0,0,0,0,4,0,0,0,2,2,2,0,2,0,1,0,0,0,2,11,35
201700006280,17,7,6,1,2,1,1.0,1.0,2.0,7.0,0.0,0.0,2.0,1.0,1,1,4.0,2.0,2.0,2.0,0.0,0.0,1,0.0,1.0,2,1,2,2,0,0,0,4,0,0,4,0,0,4,0,0,0,1,0,0,0,2,16,30
201300018067,13,11,12,3,1,1,8.0,7.0,0.0,31.0,0.0,13.0,0.0,1.0,1,2,3.0,2.0,2.0,2.0,0.0,57.0,1,0.0,3.0,1,1,2,1,0,0,2,1,0,2,1,0,0,0,1,2,0,0,0,1,0,4,21,0
200500006508,5,1,26,1,2,1,1.0,6.0,0.0,7.0,0.0,0.0,1.0,1.0,1,1,4.0,2.0,2.0,1.0,0.0,515.0,1,0.0,1.0,1,1,2,0,0,1,0,1,0,0,2,0,0,0,0,0,2,1,0,0,0,2,9,33
201100031699,11,9,22,1,2,1,1.0,2.0,0.0,7.0,0.0,0.0,2.0,23.0,1,1,4.0,2.0,3.0,1.0,0.0,60.0,1,0.0,1.0,2,1,2,4,0,0,2,4,4,0,0,0,2,2,0,4,0,1,1,0,0,2,17,30
200700015703,7,3,9,5,2,9,1.0,3.0,0.0,2.0,0.0,0.0,0.0,15.0,1,2,4.0,2.0,2.0,1.0,0.0,110.0,1,0.0,1.0,2,2,2,2,0,0,0,4,4,0,0,0,0,2,0,2,0,1,0,1,0,2,20,15
201400011413,14,10,18,1,2,1,1.0,3.0,0.0,2.0,0.0,0.0,2.0,1.0,1,2,3.0,3.0,3.0,1.0,0.0,100.0,1,0.0,1.0,2,2,2,2,0,0,0,4,0,2,0,2,0,4,0,0,0,1,1,0,0,2,14,40
201000007359,10,4,24,1,1,1,1.0,6.0,0.0,7.0,0.0,6.0,0.0,14.0,1,1,3.0,2.0,2.0,1.0,0.0,60.0,1,0.0,3.0,1,3,1,0,0,0,0,1,0,0,1,0,0,0,0,0,1,1,0,0,0,3,17,45
200500050422,5,8,4,1,2,3,1.0,3.0,0.0,1.0,0.0,0.0,2.0,1.0,1,-1,4.0,3.0,4.0,1.0,0.0,0.0,1,0.0,1.0,2,2,2,2,0,0,0,4,0,0,0,0,4,4,0,0,0,1,0,1,0,2,9,0
200800032639,8,6,3,1,2,1,1.0,6.0,0.0,7.0,0.0,0.0,1.0,1.0,1,1,4.0,1.0,1.0,1.0,0.0,60.0,1,6.0,1.0,1,1,1,1,0,1,0,1,0,0,2,0,0,1,0,0,1,1,0,0,0,2,9,30
200800052745,8,9,21,1,2,2,1.0,6.0,0.0,7.0,0.0,0.0,1.0,1.0,1,1,4.0,2.0,2.0,1.0,0.0,70.0,1,0.0,1.0,1,1,2,0,0,1,0,1,0,2,0,0,0,2,0,0,0,1,0,0,0,3,18,45
201400014452,14,4,1,1,2,1,1.0,6.0,0.0,7.0,0.0,0.0,2.0,9.0,1,1,4.0,1.0,0.0,1.0,0.0,0.0,1,0.0,1.0,2,1,4,0,0,0,0,4,0,2,0,2,0,2,0,2,0,1,0,0,0,2,19,30
200600057835,6,9,20,1,1,1,1.0,5.0,0.0,15.0,0.0,0.0,0.0,2.0,1,1,1.0,1.0,2.0,1.0,0.0,70.0,1,0.0,1.0,3,1,9,0,0,0,0,9,0,3,0,6,0,9,0,0,0,1,1,0,0,3,11,0
201400041834,14,4,14,1,2,8,1.0,6.0,2.0,7.0,0.0,0.0,1.0,1.0,3,-1,9.0,2.0,0.0,1.0,0.0,0.0,1,0.0,1.0,1,3,1,0,0,1,0,0,0,0,1,0,0,0,0,0,1,1,0,0,0,3,19,9
201600033497,16,6,15,1,2,2,1.0,7.0,0.0,7.0,0.0,0.0,1.0,0.0,1,1,4.0,1.0,1.0,3.0,0.0,38.0,1,0.0,1.0,1,1,1,1,0,1,0,1,1,1,0,0,0,0,0,0,2,1,0,0,0,3,14,40
201000059491,10,11,2,1,1,1,1.0,7.0,1.0,7.0,0.0,0.0,0.0,17.0,1,1,1.0,3.0,2.0,1.0,15.0,70.0,1,0.0,3.0,2,1,2,2,0,0,0,4,0,0,4,0,0,0,0,4,0,1,0,0,0,2,13,5
200500062784,5,10,29,3,1,1,1.0,3.0,0.0,7.0,0.0,0.0,9.0,1.0,1,1,3.0,2.0,0.0,1.0,0.0,60.0,1,0.0,1.0,2,1,4,0,0,0,0,4,0,0,4,0,0,2,0,0,2,1,0,1,0,3,19,45
201700024503,17,1,7,5,2,1,1.0,2.0,2.0,2.0,0.0,0.0,2.0,2.0,1,-1,3.0,2.0,0.0,1.0,0.0,0.0,1,0.0,1.0,2,2,4,0,0,0,0,4,4,0,0,0,0,0,0,4,0,1,1,0,0,2,21,15
201300026028,13,9,26,5,2,1,1.0,7.0,0.0,1.0,0.0,0.0,0.0,0.0,1,0,9.0,0.0,1.0,1.0,0.0,70.0,1,0.0,1.0,1,3,1,0,0,0,0,1,0,0,1,0,0,1,0,0,0,0,0,1,0,3,21,0
201600056988,16,10,31,5,2,1,1.0,6.0,0.0,7.0,0.0,0.0,1.0,1.0,1,1,4.0,2.0,2.0,1.0,0.0,105.0,1,0.0,1.0,1,1,2,0,0,1,0,1,0,0,1,0,1,1,1,0,0,1,0,0,0,3,17,20
200800055222,8,10,27,3,1,1,2.0,1.0,0.0,7.0,0.0,13.0,2.0,13.0,1,1,2.0,2.0,2.0,1.0,0.0,76.0,1,0.0,1.0,2,3,2,2,0,0,0,4,0,0,0,2,2,0,0,0,4,1,0,0,0,3,19,30
201100015215,11,5,2,1,2,6,1.0,3.0,0.0,2.0,0.0,0.0,2.0,0.0,1,2,3.0,1.0,1.0,2.0,0.0,0.0,1,0.0,1.0,2,2,4,0,0,0,0,4,0,4,0,0,0,2,0,2,0,1,1,0,0,2,7,55
201700053897,17,10,17,1,2,2,1.0,3.0,1.0,33.0,0.0,0.0,2.0,18.0,1,2,4.0,1.0,1.0,1.0,0.0,0.0,1,0.0,1.0,2,2,4,0,0,0,0,4,0,4,0,0,0,2,0,2,0,1,0,0,0,2,16,30
200600051519,6,9,29,1,1,1,1.0,1.0,0.0,31.0,0.0,0.0,2.0,13.0,1,2,4.0,2.0,0.0,1.0,0.0,50.0,1,0.0,1.0,2,3,4,0,0,0,0,4,0,0,4,0,0,2,2,0,0,1,0,1,0,3,14,50
200700061658,7,10,20,2,1,1,1.0,7.0,0.0,33.0,0.0,16.0,0.0,1.0,1,2,1.0,3.0,0.0,1.0,20.0,190.0,1,0.0,3.0,1,3,1,0,0,0,0,1,0,0,1,0,0,1,0,0,0,1,0,0,0,3,7,45
201600056952,16,9,17,1,2,1,1.0,4.0,2.0,7.0,0.0,0.0,2.0,1.0,1,1,4.0,1.0,4.0,1.0,15.0,140.0,1,0.0,1.0,3,1,12,0,0,0,3,9,0,0,9,3,0,3,0,6,3,1,1,0,0,2,8,30
201100022482,11,7,9,5,2,1,1.0,6.0,0.0,2.0,0.0,13.0,0.0,1.0,1,0,4.0,2.0,2.0,1.0,0.0,47.0,1,0.0,1.0,1,3,1,0,0,0,0,1,0,0,1,0,0,0,0,1,0,1,0,0,0,3,2,45
201100053078,11,7,8,3,1,1,1.0,6.0,0.0,7.0,0.0,3.0,0.0,12.0,1,1,1.0,3.0,6.0,1.0,15.0,195.0,1,0.0,3.0,1,1,3,0,1,0,1,1,0,0,3,0,0,0,0,3,0,1,0,0,0,2,2,50
201500030962,15,5,5,2,2,1,1.0,6.0,0.0,7.0,0.0,9.0,0.0,21.0,1,1,4.0,3.0,2.0,1.0,0.0,0.0,1,0.0,1.0,1,2,1,0,0,0,0,1,0,1,0,0,0,0,0,1,0,0,0,1,0,2,21,15
200900066290,9,10,7,1,2,1,1.0,6.0,0.0,7.0,0.0,0.0,1.0,1.0,1,1,2.0,1.0,0.0,1.0,0.0,25.0,1,0.0,1.0,1,1,2,0,0,1,0,1,0,0,1,1,0,0,1,1,0,1,0,0,0,2,18,10
201100058894,11,10,12,1,2,1,1.0,2.0,0.0,7.0,0.0,0.0,2.0,2.0,1,1,4.0,2.0,4.0,1.0,0.0,100.0,1,0.0,1.0,2,1,4,0,0,0,0,4,0,0,2,2,0,2,2,0,0,1,1,0,0,2,14,10
201000013825,10,6,28,1,2,1,1.0,1.0,0.0,7.0,0.0,0.0,2.0,1.0,1,1,3.0,2.0,1.0,2.0,0.0,30.0,1,2.0,1.0,2,1,4,2,0,0,2,4,0,0,6,0,0,0,0,4,2,1,0,0,0,3,9,30
201700028532,17,2,23,1,2,2,1.0,3.0,0.0,7.0,0.0,0.0,2.0,0.0,1,1,4.0,2.0,2.0,1.0,0.0,0.0,1,0.0,1.0,2,2,4,0,0,0,0,4,0,4,0,0,0,4,0,0,0,1,0,0,0,2,12,50
200500016685,5,3,28,1,2,1,1.0,3.0,0.0,1.0,0.0,0.0,2.0,1.0,1,2,4.0,1.0,2.0,1.0,0.0,60.0,1,0.0,1.0,2,2,2,2,0,0,0,4,0,0,4,0,0,4,0,0,0,1,0,1,0,2,13,55
201200040948,12,2,3,5,2,1,1.0,1.0,0.0,10.0,0.0,0.0,2.0,1.0,1,1,3.0,2.0,2.0,1.0,0.0,61.0,1,0.0,1.0,2,2,2,4,2,0,0,4,2,0,4,0,0,4,2,0,0,1,0,0,0,2,18,20
200600024139,6,5,14,1,1,1,1.0,7.0,0.0,31.0,0.0,0.0,0.0,1.0,1,0,3.0,2.0,2.0,1.0,0.0,49.0,1,0.0,1.0,1,3,1,0,0,0,0,1,0,0,1,0,0,1,0,0,0,0,0,1,0,3,18,45
201200043346,12,6,29,1,2,1,2.0,7.0,0.0,32.0,0.0,0.0,0.0,2.0,1,2,3.0,2.0,3.0,1.0,0.0,87.0,1,0.0,1.0,2,2,2,2,0,0,0,4,0,0,0,2,2,4,0,0,0,0,0,1,0,2,8,45
200600018585,6,4,14,1,1,1,1.0,1.0,0.0,33.0,0.0,0.0,2.0,17.0,1,2,3.0,2.0,2.0,1.0,0.0,0.0,1,0.0,1.0,2,3,2,2,0,0,0,4,2,0,2,0,0,0,0,4,0,1,0,0,0,3,18,45
201100007922,11,11,4,1,1,1,5.0,6.0,0.0,14.0,0.0,0.0,0.0,13.0,1,1,3.0,2.0,0.0,1.0,0.0,0.0,1,0.0,1.0,1,3,1,0,0,0,0,1,0,0,0,1,0,1,0,0,0,1,0,0,0,3,11,45
201200037786,12,5,11,1,2,1,1.0,7.0,0.0,7.0,0.0,0.0,1.0,1.0,1,1,4.0,2.0,2.0,1.0,60.0,60.0,1,0.0,1.0,1,1,2,0,0,1,0,1,0,0,2,0,0,1,0,0,1,1,0,0,0,2,17,5
200900001332,9,1,31,5,2,2,1.0,3.0,0.0,2.0,0.0,0.0,2.0,1.0,1,2,4.0,2.0,2.0,3.0,0.0,0.0,1,0.0,1.0,2,3,2,4,0,0,2,4,0,2,4,0,0,2,0,4,0,0,0,1,1,3,6,10
200800060881,8,10,28,1,2,1,1.0,3.0,0.0,33.0,0.0,0.0,2.0,1.0,1,2,3.0,3.0,2.0,1.0,16.0,135.0,1,0.0,1.0,2,4,2,4,0,0,2,4,0,4,2,0,0,0,0,4,2,1,0,1,0,4,12,30
201100062157,11,8,13,1,2,2,8.0,3.0,0.0,7.0,0.0,8.0,2.0,1.0,1,1,4.0,2.0,2.0,1.0,0.0,80.0,1,0.0,0.0,2,2,4,0,0,0,0,4,0,0,4,0,0,4,0,0,0,1,0,0,0,2,14,30
201600010063,16,5,7,1,2,1,1.0,3.0,0.0,7.0,0.0,0.0,2.0,15.0,1,-1,4.0,0.0,0.0,0.0,68.0,0.0,1,5.0,1.0,2,1,2,2,0,0,0,4,0,0,4,0,0,2,0,2,0,1,0,1,0,3,13,30
201300006008,13,4,14,1,1,1,1.0,6.0,0.0,33.0,0.0,2.0,0.0,1.0,1,0,4.0,2.0,2.0,3.0,0.0,30.0,1,0.0,3.0,1,4,1,0,0,0,0,1,0,0,1,0,0,1,0,0,0,1,0,0,0,4,16,30
200800056303,8,10,1,1,1,1,1.0,4.0,0.0,7.0,0.0,0.0,2.0,17.0,1,1,2.0,2.0,0.0,0.0,0.0,103.0,1,0.0,1.0,3,3,6,6,0,0,3,9,0,3,6,0,3,3,0,0,9,1,0,1,0,3,11,45
200500042304,5,7,30,1,2,1,1.0,1.0,0.0,7.0,0.0,0.0,2.0,1.0,1,-1,3.0,2.0,2.0,0.0,0.0,79.0,1,0.0,1.0,2,1,4,0,0,0,2,2,0,0,4,0,0,0,2,0,2,1,0,0,0,3,11,30
201600012028,16,8,18,1,1,1,1.0,4.0,2.0,7.0,0.0,0.0,2.0,0.0,1,1,1.0,3.0,3.0,1.0,0.0,120.0,1,2.0,1.0,3,3,9,9,3,0,6,9,0,18,0,0,0,12,3,3,0,1,1,0,0,3,11,45
201000038344,10,11,12,5,1,1,2.0,6.0,0.0,7.0,0.0,0.0,1.0,1.0,1,1,4.0,1.0,2.0,1.0,0.0,65.0,1,0.0,1.0,1,1,2,0,0,1,0,1,0,0,2,0,0,1,0,1,0,1,0,0,0,3,20,15
201700048906,17,11,27,2,1,1,1.0,2.0,1.0,33.0,0.0,0.0,2.0,2.0,1,2,1.0,3.0,4.0,1.0,20.0,140.0,1,0.0,1.0,2,2,4,0,0,0,0,4,0,0,0,0,4,4,0,0,0,1,1,0,0,2,7,0
201200043172,12,10,19,1,2,1,1.0,3.0,0.0,7.0,0.0,0.0,2.0,9.0,1,1,4.0,1.0,1.0,1.0,0.0,0.0,1,0.0,1.0,2,2,2,2,0,0,0,4,0,2,0,0,2,2,0,2,0,1,1,0,0,2,13,45
201300056469,13,6,19,1,2,1,8.0,2.0,0.0,32.0,0.0,0.0,2.0,3.0,1,2,4.0,1.0,4.0,1.0,15.0,140.0,1,0.0,1.0,2,3,4,0,0,0,0,4,0,0,2,2,0,4,0,0,0,0,1,0,0,3,15,30
201600018979,16,3,12,1,1,1,7.0,4.0,1.0,33.0,0.0,0.0,2.0,1.0,1,2,3.0,2.0,0.0,1.0,0.0,77.0,1,0.0,1.0,4,3,12,4,0,0,0,16,0,4,12,0,0,16,0,0,0,1,1,1,0,3,15,30
201500025235,15,12,16,1,2,1,1.0,6.0,0.0,7.0,0.0,0.0,1.0,1.0,1,1,4.0,2.0,2.0,1.0,0.0,80.0,1,0.0,1.0,1,1,1,2,0,2,0,1,2,1,0,0,0,0,0,1,2,1,0,0,0,2,10,6
201200023689,12,3,4,5,2,1,2.0,3.0,0.0,7.0,0.0,0.0,2.0,1.0,1,1,2.0,3.0,2.0,2.0,35.0,109.0,1,0.0,1.0,2,2,6,0,0,0,2,4,0,0,0,6,0,0,0,6,0,1,0,1,0,2,22,0
201200058811,12,6,23,1,2,5,1.0,1.0,0.0,2.0,0.0,0.0,2.0,0.0,1,2,4.0,2.0,2.0,2.0,0.0,0.0,1,0.0,0.0,2,2,4,0,0,0,0,4,0,0,2,2,0,4,0,0,0,1,1,0,0,2,19,15
200800025836,8,5,29,1,2,1,1.0,3.0,1.0,7.0,0.0,0.0,2.0,13.0,1,2,4.0,2.0,2.0,1.0,20.0,20.0,1,0.0,1.0,2,2,0,2,0,0,0,2,0,0,2,0,0,2,0,0,0,1,0,1,0,2,15,20
200600015731,6,3,5,1,1,1,1.0,7.0,0.0,31.0,0.0,0.0,0.0,1.0,1,2,3.0,2.0,0.0,1.0,0.0,45.0,1,0.0,1.0,1,4,1,0,0,0,0,1,0,1,0,0,0,0,0,1,0,0,0,0,0,4,15,0
200700068958,7,11,11,1,2,1,1.0,5.0,0.0,10.0,0.0,0.0,2.0,1.0,1,1,4.0,2.0,4.0,1.0,8.0,120.0,1,0.0,1.0,3,2,6,3,0,0,0,9,0,0,3,3,3,6,0,3,0,1,1,0,0,2,9,15
201200014974,12,2,27,1,2,1,1.0,3.0,0.0,34.0,0.0,0.0,2.0,1.0,1,2,4.0,2.0,2.0,1.0,0.0,60.0,1,0.0,1.0,2,2,4,0,0,0,0,4,0,0,4,0,0,0,0,2,2,1,0,0,0,2,8,35
201200051044,12,12,18,1,1,1,1.0,6.0,1.0,7.0,0.0,0.0,0.0,0.0,1,2,2.0,3.0,4.0,2.0,15.0,70.0,1,0.0,1.0,2,2,2,0,0,0,0,2,0,2,0,0,0,2,0,0,0,0,0,1,0,2,16,40
201300038367,13,2,6,5,2,2,1.0,3.0,0.0,7.0,0.0,6.0,2.0,1.0,1,1,4.0,2.0,2.0,1.0,0.0,0.0,1,0.0,1.0,2,2,2,4,0,0,2,4,2,2,2,0,0,4,0,0,2,1,0,1,0,2,18,15
200800069958,8,12,11,5,2,1,1.0,6.0,0.0,30.0,0.0,0.0,2.0,15.0,1,2,3.0,2.0,2.0,1.0,0.0,60.0,-1,5.0,1.0,1,3,1,0,0,0,0,1,0,0,1,0,0,0,0,1,0,0,0,1,0,3,19,0
201200050348,12,10,6,3,1,1,1.0,6.0,0.0,33.0,0.0,0.0,0.0,2.0,1,2,2.0,1.0,2.0,2.0,10.0,35.0,1,0.0,1.0,1,3,1,0,0,0,0,1,0,1,0,0,0,0,0,1,0,0,0,1,0,3,23,54
200800069266,8,12,19,3,1,1,8.0,3.0,0.0,7.0,0.0,0.0,2.0,1.0,1,1,2.0,2.0,2.0,0.0,0.0,70.0,1,2.0,1.0,2,3,4,2,0,0,2,4,0,2,2,0,2,2,0,4,0,1,0,0,0,3,19,0
200600076792,6,12,28,5,2,1,1.0,6.0,0.0,30.0,0.0,0.0,1.0,1.0,1,2,4.0,2.0,2.0,1.0,0.0,0.0,1,0.0,1.0,1,2,2,0,0,1,0,1,1,0,1,0,0,1,1,0,0,1,0,0,0,3,18,20