Num_Acc,an,mois,jour,lum,agg,int,atm,col,senc,catv,occutc,obs,obsm,manv,catu,secu,catr,circ,nbv,prof,lartpc,larrout,surf,infra,situ,nb_veh,grav_simpl,Homme,Femme,Arrière,Autre_x,Avant,Conducteur,Autre_y,Inconnu,Loisirs,Professionnel,Travail,Adulte,Enfant,Jeune,Senior,choc_avant,choc_arriere,choc_lateral,choc_multiple,grav_order_max,heure,minute
200500015402,5,3,18,1,2,1,1.0,6.0,0.0,7.0,0.0,0.0,1.0,1.0,1,-1,4.0,2.0,0.0,1.0,0.0,0.0,1,0.0,1.0,1,1,1,1,0,1,0,1,0,1,0,0,1,1,1,0,0,1,0,0,0,2,8,25
201700031427,17,7,4,1,2,1,1.0,2.0,1.0,7.0,0.0,0.0,2.0,2.0,1,1,4.0,2.0,2.0,1.0,0.0,60.0,1,5.0,1.0,2,1,2,2,0,0,0,4,4,0,0,0,0,2,0,0,2,1,1,0,0,2,19,5
201100057749,11,12,27,1,1,1,1.0,3.0,0.0,10.0,0.0,0.0,2.0,1.0,1,1,1.0,1.0,3.0,2.0,15.0,105.0,1,0.0,1.0,2,1,2,4,0,0,2,4,0,0,6,0,0,2,0,0,4,0,0,1,0,2,14,5
201500050836,15,10,10,1,2,3,1.0,6.0,0.0,7.0,0.0,0.0,1.0,15.0,1,1,4.0,2.0,1.0,1.0,0.0,50.0,1,0.0,1.0,1,1,0,2,0,1,0,1,0,0,2,0,0,1,0,0,1,1,0,0,0,2,13,30
201300014284,13,2,16,1,2,2,1.0,3.0,0.0,30.0,0.0,0.0,2.0,1.0,1,-1,4.0,1.0,1.0,1.0,0.0,0.0,1,0.0,1.0,2,1,2,4,0,0,2,4,0,4,2,0,0,0,2,2,2,1,0,0,0,3,16,40
201300053916,13,11,9,5,2,2,1.0,6.0,0.0,7.0,0.0,7.0,0.0,13.0,1,-1,4.0,0.0,0.0,2.0,0.0,0.0,1,0.0,0.0,1,2,1,0,0,0,0,1,0,1,0,0,0,0,0,1,0,1,0,0,0,2,4,35
201400032413,14,9,14,1,2,1,1.0,6.0,0.0,33.0,0.0,14.0,0.0,6.0,1,2,4.0,2.0,2.0,2.0,0.0,0.0,1,0.0,1.0,1,1,1,1,0,0,1,1,0,0,2,0,0,1,0,0,1,0,0,1,0,3,16,10
200500049938,5,8,27,3,1,1,1.0,1.0,0.0,7.0,0.0,0.0,2.0,13.0,1,1,3.0,2.0,2.0,2.0,0.0,64.0,1,2.0,1.0,2,1,10,0,4,0,2,4,0,6,4,0,0,2,2,6,0,1,0,0,0,3,4,0
200700009609,7,2,8,1,2,1,1.0,1.0,0.0,5.0,0.0,0.0,2.0,21.0,1,2,4.0,2.0,4.0,1.0,0.0,120.0,1,0.0,1.0,2,2,4,0,0,0,0,4,2,0,0,2,0,2,0,2,0,1,0,0,0,2,9,18
200600026701,6,5,14,1,1,1,1.0,2.0,0.0,7.0,0.0,0.0,2.0,12.0,1,1,2.0,4.0,3.0,1.0,0.0,112.0,1,3.0,1.0,2,1,4,4,2,0,2,4,0,8,0,0,0,6,2,0,0,1,1,0,0,2,18,15
201200047258,12,11,8,1,2,1,1.0,6.0,0.0,34.0,0.0,0.0,1.0,1.0,1,2,3.0,2.0,4.0,1.0,0.0,0.0,1,0.0,1.0,1,1,2,0,0,1,0,1,1,1,0,0,0,1,0,0,1,1,0,0,0,2,10,40
201300055878,13,3,5,1,2,2,1.0,3.0,0.0,7.0,0.0,0.0,2.0,1.0,1,-1,4.0,1.0,4.0,1.0,0.0,103.0,1,5.0,1.0,2,1,2,2,0,0,0,4,0,2,0,2,0,0,0,4,0,1,1,0,0,2,12,27
201200042873,12,4,2,1,1,1,9.0,6.0,0.0,33.0,0.0,0.0,2.0,1.0,1,2,4.0,2.0,2.0,2.0,0.0,61.0,1,0.0,1.0,1,1,2,0,0,1,0,1,0,0,0,0,2,2,0,0,0,1,0,0,0,2,20,10
200600019974,6,4,29,1,2,3,1.0,3.0,0.0,7.0,0.0,0.0,2.0,1.0,1,1,4.0,2.0,2.0,1.0,0.0,55.0,1,0.0,1.0,2,1,4,2,0,0,2,4,0,2,4,0,0,4,2,0,0,1,0,1,0,2,19,0
201100043829,11,7,5,1,2,1,1.0,6.0,0.0,7.0,0.0,0.0,1.0,1.0,1,1,4.0,2.0,1.0,1.0,0.0,70.0,1,0.0,1.0,1,1,2,0,0,1,0,1,1,0,1,0,0,1,1,0,0,1,0,0,0,2,16,15
201400007045,14,6,6,1,1,1,1.0,3.0,0.0,7.0,0.0,0.0,2.0,17.0,1,1,3.0,2.0,2.0,1.0,0.0,60.0,1,0.0,1.0,2,1,4,0,0,0,0,4,0,2,0,0,2,2,0,2,0,1,0,1,0,3,12,30
201400040357,14,5,16,2,2,2,1.0,3.0,0.0,7.0,0.0,0.0,2.0,1.0,1,1,3.0,2.0,2.0,1.0,0.0,0.0,1,0.0,1.0,2,1,2,2,0,0,0,4,0,4,0,0,0,2,0,2,0,1,0,1,0,2,21,20
201300022237,13,9,1,5,2,1,1.0,4.0,0.0,7.0,0.0,0.0,2.0,6.0,1,1,3.0,1.0,2.0,1.0,0.0,0.0,1,0.0,1.0,3,2,0,9,0,0,0,9,0,0,9,0,0,6,0,0,3,1,1,0,0,2,20,55
200700054557,7,9,7,1,1,1,1.0,1.0,0.0,17.0,0.0,0.0,2.0,1.0,1,-1,1.0,3.0,4.0,1.0,29.0,140.0,1,0.0,1.0,2,1,2,2,0,0,0,4,0,0,0,4,0,4,0,0,0,1,0,0,0,2,8,45
201700045521,17,2,16,5,2,1,2.0,6.0,1.0,7.0,0.0,0.0,1.0,1.0,1,-1,2.0,2.0,4.0,1.0,0.0,0.0,1,0.0,1.0,1,1,2,0,0,1,0,1,0,0,2,0,0,0,1,1,0,1,0,0,0,2,23,15
201700049397,17,8,11,3,1,1,1.0,6.0,2.0,7.0,0.0,4.0,0.0,13.0,1,-1,1.0,3.0,6.0,3.0,15.0,210.0,1,0.0,1.0,1,3,1,0,0,0,0,1,0,0,0,0,1,1,0,0,0,1,0,0,0,3,22,55
201000004532,10,3,3,1,2,1,1.0,6.0,0.0,14.0,0.0,0.0,1.0,16.0,1,1,4.0,1.0,1.0,1.0,0.0,78.0,1,0.0,1.0,1,1,2,0,0,1,0,1,1,0,0,1,0,2,0,0,0,0,0,1,0,4,12,0
200600001496,6,1,27,5,2,2,1.0,3.0,0.0,7.0,0.0,0.0,2.0,1.0,1,1,4.0,0.0,0.0,0.0,0.0,0.0,-1,0.0,0.0,2,1,2,2,0,0,0,4,0,0,4,0,0,2,0,2,0,1,0,0,0,3,18,49
200600065577,6,10,4,5,2,1,1.0,3.0,0.0,7.0,0.0,5.0,2.0,19.0,1,1,4.0,1.0,3.0,1.0,0.0,0.0,1,0.0,1.0,2,2,4,6,4,0,2,4,0,8,2,0,0,0,0,10,0,1,0,1,0,2,23,45
200700059523,7,9,11,1,2,1,1.0,6.0,0.0,7.0,0.0,0.0,0.0,2.0,1,-1,4.0,1.0,3.0,1.0,4.0,95.0,1,0.0,1.0,1,1,2,0,0,1,0,1,0,0,2,0,0,2,0,0,0,1,0,0,0,2,14,38
200600009241,6,2,1,2,2,4,1.0,6.0,0.0,7.0,0.0,0.0,1.0,1.0,1,1,4.0,2.0,4.0,1.0,0.0,120.0,1,0.0,1.0,1,1,2,0,0,1,0,1,0,0,0,2,0,2,0,0,0,1,0,0,0,2,7,45
200600038096,6,7,22,1,2,1,1.0,2.0,0.0,7.0,0.0,0.0,2.0,1.0,1,-1,4.0,3.0,3.0,1.0,35.0,98.0,1,0.0,1.0,2,1,4,2,0,0,2,4,2,2,0,2,0,4,0,0,2,1,1,0,0,2,14,45
201200052483,12,2,22,1,1,1,1.0,2.0,0.0,17.0,0.0,0.0,2.0,2.0,1,1,1.0,1.0,4.0,2.0,15.0,140.0,1,0.0,1.0,2,1,4,0,0,0,0,4,0,0,0,2,2,2,0,2,0,1,1,0,0,2,18,20
201200038587,12,12,30,1,2,1,1.0,5.0,0.0,7.0,0.0,0.0,2.0,1.0,1,-1,2.0,3.0,4.0,1.0,0.0,148.0,1,0.0,1.0,5,2,20,10,5,0,0,25,0,25,5,0,0,20,5,5,0,0,1,0,1,3,13,30
200800000222,8,1,9,3,1,1,1.0,1.0,0.0,7.0,0.0,0.0,2.0,1.0,1,1,2.0,2.0,2.0,1.0,0.0,71.0,1,0.0,1.0,2,3,6,0,0,0,2,4,0,4,0,0,2,2,0,2,2,1,0,0,0,3,19,45
200900069209,9,1,4,1,2,1,1.0,6.0,0.0,7.0,0.0,0.0,1.0,0.0,1,1,6.0,1.0,1.0,1.0,0.0,0.0,1,0.0,1.0,1,1,2,0,0,1,0,1,0,0,2,0,0,1,0,0,1,0,0,0,0,2,14,50
201200013031,12,1,15,1,1,1,1.0,1.0,0.0,7.0,0.0,0.0,2.0,5.0,1,1,3.0,3.0,4.0,1.0,30.0,140.0,1,0.0,1.0,2,1,4,0,0,0,0,4,0,0,2,0,2,2,0,0,2,1,0,0,0,2,16,45
201600002504,16,1,25,2,1,1,1.0,6.0,1.0,7.0,0.0,0.0,5.0,5.0,1,1,3.0,2.0,0.0,2.0,0.0,50.0,1,0.0,1.0,1,4,1,0,0,0,0,1,0,0,1,0,0,0,0,0,1,1,0,0,0,4,7,45
200800011243,8,2,29,1,2,2,1.0,6.0,0.0,30.0,0.0,0.0,1.0,0.0,1,2,4.0,1.0,2.0,1.0,0.0,0.0,1,0.0,1.0,1,2,2,0,0,1,0,1,0,1,1,0,0,0,1,0,1,1,0,0,0,3,14,35
201100062056,11,5,31,1,2,1,1.0,3.0,0.0,7.0,0.0,0.0,2.0,22.0,1,-1,4.0,1.0,2.0,1.0,20.0,80.0,1,0.0,1.0,2,1,4,2,0,0,2,4,0,0,4,2,0,6,0,0,0,0,1,1,0,2,19,25
200800034025,8,6,11,1,2,2,1.0,6.0,0.0,7.0,0.0,0.0,2.0,1.0,1,1,4.0,2.0,2.0,1.0,0.0,67.0,1,0.0,1.0,2,2,2,2,0,0,0,4,2,0,0,2,0,2,0,2,0,1,0,0,0,2,15,30
200500001840,5,1,1,3,1,1,1.0,7.0,0.0,7.0,0.0,13.0,0.0,14.0,1,0,3.0,2.0,0.0,0.0,0.0,71.0,1,0.0,1.0,1,2,2,0,0,0,1,1,0,1,1,0,0,1,0,1,0,1,0,0,0,2,7,0
201600005640,16,12,18,1,1,6,1.0,6.0,1.0,7.0,0.0,5.0,0.0,1.0,1,1,3.0,0.0,0.0,2.0,0.0,0.0,1,5.0,3.0,1,2,1,0,0,0,0,1,1,0,0,0,0,1,0,0,0,1,0,0,0,2,10,45
201200039342,12,7,5,1,2,1,1.0,6.0,0.0,7.0,0.0,0.0,1.0,1.0,1,1,4.0,2.0,1.0,1.0,0.0,0.0,1,0.0,1.0,1,1,2,0,0,1,0,1,0,0,2,0,0,0,0,0,2,1,0,0,0,2,10,10
200700055984,7,9,25,1,2,1,2.0,3.0,0.0,10.0,0.0,0.0,2.0,10.0,1,-1,4.0,2.0,2.0,1.0,0.0,60.0,1,0.0,1.0,2,1,4,0,0,0,0,4,0,2,0,0,2,2,0,2,0,1,0,0,0,2,18,20
201300026760,13,1,24,1,2,1,1.0,6.0,0.0,7.0,0.0,0.0,1.0,1.0,1,-1,4.0,4.0,3.0,1.0,0.0,90.0,1,0.0,1.0,1,1,2,0,0,1,0,1,0,1,1,0,0,1,0,0,1,1,0,0,0,2,15,45
201400013964,14,1,16,1,2,1,3.0,7.0,0.0,30.0,0.0,0.0,0.0,2.0,1,-1,4.0,2.0,2.0,1.0,0.0,80.0,1,0.0,1.0,1,3,0,1,0,0,0,1,0,1,0,0,0,0,0,1,0,0,0,0,0,3,8,30
201600020546,16,7,31,3,1,1,1.0,6.0,1.0,7.0,0.0,8.0,0.0,0.0,1,-1,3.0,2.0,0.0,0.0,0.0,0.0,-1,0.0,1.0,1,4,1,0,0,0,0,1,0,1,0,0,0,1,0,0,0,1,0,0,0,4,0,40
200600056305,6,9,29,1,2,1,1.0,6.0,0.0,2.0,0.0,0.0,1.0,21.0,1,2,4.0,1.0,3.0,1.0,0.0,90.0,1,0.0,1.0,1,3,1,0,0,0,0,1,0,0,0,1,0,0,0,1,0,1,0,0,0,3,15,50
201700033789,17,8,3,2,1,1,1.0,7.0,0.0,33.0,0.0,0.0,0.0,1.0,1,2,3.0,2.0,2.0,2.0,0.0,0.0,1,0.0,3.0,1,3,1,0,0,0,0,1,0,1,0,0,0,1,0,0,0,0,0,0,0,3,20,25
201500011925,15,4,10,3,1,1,1.0,2.0,0.0,10.0,0.0,0.0,2.0,2.0,1,1,1.0,3.0,4.0,1.0,30.0,140.0,1,0.0,1.0,2,1,10,0,4,0,2,4,0,0,8,2,0,2,0,8,0,1,1,0,0,4,6,15
200600011213,6,3,18,2,2,1,1.0,7.0,0.0,7.0,0.0,9.0,0.0,0.0,1,1,4.0,1.0,1.0,1.0,0.0,60.0,1,0.0,1.0,1,2,1,0,0,0,0,1,0,1,0,0,0,1,0,0,0,1,0,0,0,2,5,50
201000033866,10,2,16,1,2,1,1.0,6.0,0.0,7.0,0.0,0.0,1.0,4.0,1,1,3.0,2.0,2.0,1.0,0.0,55.0,1,0.0,1.0,1,1,2,1,0,1,1,1,1,1,1,0,0,1,0,0,2,0,1,0,0,2,17,5
200800011044,8,2,18,1,2,1,1.0,2.0,0.0,32.0,0.0,0.0,2.0,2.0,1,2,4.0,2.0,4.0,1.0,0.0,0.0,1,0.0,1.0,2,2,4,0,0,0,0,4,0,0,0,0,4,4,0,0,0,1,1,0,0,2,8,40
201300026942,13,11,25,1,2,1,1.0,6.0,0.0,7.0,0.0,15.0,0.0,1.0,1,1,3.0,2.0,2.0,1.0,0.0,70.0,1,0.0,1.0,1,2,1,0,0,0,0,1,1,0,0,0,0,1,0,0,0,1,0,0,0,2,15,45
200600019962,6,4,28,1,2,1,1.0,6.0,0.0,7.0,0.0,0.0,0.0,1.0,1,1,4.0,2.0,1.0,0.0,0.0,80.0,0,0.0,1.0,2,1,2,2,0,0,0,4,0,0,0,0,4,4,0,0,0,1,0,1,0,2,14,30
201500045571,15,6,13,1,1,1,1.0,2.0,0.0,7.0,0.0,0.0,2.0,0.0,1,1,1.0,1.0,4.0,2.0,15.0,100.0,1,0.0,1.0,2,1,4,6,2,0,4,4,0,10,0,0,0,4,6,0,0,1,1,0,0,2,18,0
201500001843,15,9,22,1,1,1,2.0,3.0,0.0,7.0,0.0,0.0,2.0,10.0,1,1,3.0,0.0,2.0,0.0,0.0,0.0,1,0.0,1.0,2,1,2,2,0,0,0,4,2,0,0,0,2,4,0,0,0,1,0,1,0,3,8,15
200900027078,9,10,15,1,2,1,1.0,3.0,0.0,7.0,0.0,0.0,2.0,9.0,1,-1,4.0,2.0,0.0,1.0,123.0,120.0,1,0.0,1.0,2,1,0,4,0,0,0,4,0,4,0,0,0,4,0,0,0,1,0,0,0,2,11,25
200600076297,6,12,25,5,2,1,1.0,6.0,0.0,7.0,0.0,12.0,2.0,14.0,1,-1,4.0,1.0,2.0,1.0,0.0,127.0,1,0.0,1.0,1,2,0,1,0,0,0,1,0,1,0,0,0,1,0,0,0,1,0,0,0,2,2,45
200600039034,6,7,9,1,1,2,1.0,3.0,0.0,7.0,0.0,0.0,2.0,15.0,1,1,2.0,3.0,0.0,1.0,15.0,150.0,1,5.0,1.0,2,2,4,2,0,0,2,4,4,2,0,0,0,0,0,2,4,1,0,0,1,2,18,25
201400057838,14,5,5,1,2,1,1.0,2.0,0.0,34.0,0.0,0.0,2.0,2.0,1,2,4.0,1.0,4.0,1.0,15.0,140.0,1,0.0,1.0,2,2,4,0,0,0,0,4,0,0,4,0,0,4,0,0,0,1,1,0,0,2,19,0
200700012575,7,3,12,5,2,1,1.0,6.0,0.0,7.0,0.0,6.0,0.0,13.0,1,-1,3.0,2.0,0.0,0.0,0.0,60.0,1,0.0,1.0,1,3,1,0,0,0,0,1,0,0,1,0,0,1,0,0,0,1,0,0,0,3,0,40
200700021710,7,4,12,1,2,2,1.0,3.0,0.0,7.0,0.0,0.0,2.0,1.0,1,1,2.0,2.0,2.0,1.0,0.0,64.0,1,0.0,1.0,2,1,2,2,0,0,0,4,0,0,2,2,0,2,0,2,0,1,0,1,0,3,9,15
200600023701,6,5,25,1,1,1,1.0,7.0,0.0,7.0,0.0,0.0,0.0,0.0,1,1,3.0,0.0,0.0,0.0,0.0,0.0,-1,0.0,0.0,1,4,1,0,0,0,0,1,0,0,1,0,0,1,0,0,0,0,0,0,0,4,11,0
200700069990,7,11,20,1,2,3,1.0,3.0,1.0,7.0,0.0,0.0,2.0,1.0,1,2,4.0,2.0,2.0,0.0,0.0,62.0,1,0.0,1.0,2,2,0,2,0,0,0,2,0,0,0,0,2,2,0,0,0,1,0,0,0,2,13,45
200700012589,7,3,16,1,1,1,1.0,7.0,0.0,33.0,0.0,0.0,0.0,1.0,1,2,3.0,2.0,2.0,1.0,0.0,63.0,1,0.0,1.0,1,3,1,0,0,0,0,1,0,0,1,0,0,0,0,1,0,0,0,0,0,3,17,30
201100050664,11,10,4,1,2,1,1.0,3.0,0.0,34.0,0.0,0.0,2.0,1.0,1,2,4.0,2.0,0.0,1.0,60.0,60.0,1,0.0,1.0,2,2,4,0,0,0,0,4,0,0,0,4,0,2,0,2,0,1,0,0,0,2,8,45
200700056497,7,9,28,5,2,1,1.0,7.0,0.0,30.0,0.0,0.0,0.0,1.0,1,-1,4.0,2.0,2.0,1.0,0.0,107.0,1,0.0,1.0,1,2,1,0,0,0,0,1,0,0,1,0,0,0,0,1,0,1,0,0,0,2,19,54
201700033544,17,11,24,1,2,1,1.0,6.0,1.0,7.0,0.0,0.0,1.0,1.0,1,1,4.0,1.0,1.0,1.0,0.0,108.0,1,0.0,1.0,1,1,2,0,0,1,0,1,1,0,1,0,0,1,0,0,1,1,0,0,0,2,10,20
201600002855,16,7,26,1,1,1,1.0,3.0,1.0,10.0,0.0,0.0,2.0,15.0,1,1,3.0,2.0,2.0,0.0,0.0,60.0,1,0.0,1.0,2,1,4,2,0,0,2,4,0,0,6,0,0,4,0,2,0,1,0,1,0,3,11,15
201600042657,16,11,10,4,1,1,2.0,6.0,0.0,7.0,0.0,0.0,1.0,15.0,1,1,4.0,0.0,1.0,0.0,0.0,60.0,-1,0.0,0.0,1,1,2,0,0,1,0,1,0,2,0,0,0,1,0,0,1,1,0,0,0,2,18,45
201200006083,12,10,17,2,2,1,1.0,6.0,0.0,2.0,0.0,0.0,1.0,1.0,1,2,4.0,2.0,2.0,1.0,0.0,84.0,1,0.0,1.0,1,1,2,0,0,1,0,1,0,1,1,0,0,1,0,1,0,1,0,0,0,3,18,40
201100055664,11,1,30,5,1,1,1.0,5.0,0.0,7.0,0.0,0.0,0.0,17.0,1,1,3.0,3.0,4.0,1.0,15.0,70.0,1,0.0,1.0,3,1,12,3,3,0,3,9,0,0,15,0,0,9,6,0,0,1,1,1,0,3,20,45
200700075725,7,12,7,3,1,1,2.0,6.0,0.0,7.0,0.0,0.0,0.0,21.0,1,1,3.0,2.0,0.0,2.0,0.0,55.0,1,0.0,1.0,1,2,1,0,0,0,0,1,0,0,1,0,0,0,0,1,0,1,0,0,0,2,21,45
200900052398,9,6,21,5,2,1,1.0,6.0,0.0,7.0,0.0,2.0,0.0,1.0,2,1,9.0,1.0,2.0,1.0,0.0,40.0,1,0.0,4.0,1,3,2,0,0,0,1,1,0,0,2,0,0,0,0,2,0,1,0,0,0,3,3,30
201200047184,12,11,26,5,2,1,1.0,6.0,0.0,7.0,0.0,1.0,0.0,14.0,1,1,4.0,2.0,2.0,1.0,0.0,70.0,1,0.0,1.0,1,1,1,1,1,0,0,1,0,0,2,0,0,2,0,0,0,1,0,0,0,2,0,30
201300027345,13,7,26,1,2,2,1.0,7.0,0.0,7.0,0.0,0.0,1.0,15.0,1,1,4.0,2.0,2.0,1.0,0.0,0.0,1,0.0,1.0,1,1,0,2,0,1,0,1,0,0,2,0,0,2,0,0,0,1,0,0,0,2,15,45
201300033369,13,4,25,1,2,1,1.0,6.0,0.0,7.0,0.0,0.0,1.0,1.0,1,-1,4.0,2.0,2.0,1.0,0.0,68.0,1,0.0,1.0,1,1,1,1,0,1,0,1,0,0,2,0,0,0,1,1,0,1,0,0,0,3,19,28
201500046321,15,3,30,1,1,1,8.0,3.0,0.0,7.0,0.0,0.0,0.0,1.0,1,1,1.0,1.0,5.0,1.0,15.0,200.0,1,0.0,1.0,2,1,4,0,0,0,0,4,0,0,0,0,4,2,0,0,2,1,1,0,0,3,9,17
201400002621,14,3,20,1,2,1,1.0,3.0,0.0,1.0,0.0,0.0,2.0,19.0,1,0,3.0,2.0,1.0,1.0,0.0,61.0,1,0.0,1.0,2,3,4,0,0,0,0,4,2,0,2,0,0,0,0,2,2,1,0,1,0,3,16,45
200600006076,6,2,15,1,2,1,1.0,1.0,0.0,7.0,0.0,0.0,2.0,13.0,1,1,3.0,2.0,2.0,1.0,0.0,55.0,1,0.0,1.0,2,1,8,2,2,0,4,4,0,6,2,2,0,4,0,6,0,1,0,0,0,3,12,45
201700042415,17,8,2,2,2,1,1.0,5.0,2.0,7.0,0.0,0.0,9.0,22.0,1,1,3.0,1.0,3.0,1.0,0.0,30.0,1,0.0,1.0,3,1,6,3,0,0,0,9,0,9,0,0,0,3,0,6,0,0,1,1,0,2,21,0
200800034930,8,6,11,1,2,1,1.0,7.0,0.0,10.0,0.0,0.0,0.0,2.0,1,1,4.0,2.0,2.0,3.0,0.0,30.0,1,1.0,1.0,2,2,4,2,2,0,0,4,0,4,0,2,0,4,2,0,0,1,0,0,0,2,11,24
201500023056,15,1,4,3,1,1,1.0,5.0,0.0,38.0,1.0,0.0,2.0,21.0,1,1,1.0,3.0,3.0,1.0,30.0,105.0,1,0.0,1.0,3,1,9,3,0,0,3,9,0,3,6,3,0,9,0,3,0,1,0,1,0,2,18,15
201700016791,17,10,2,1,1,1,1.0,3.0,1.0,17.0,0.0,0.0,2.0,1.0,1,1,2.0,3.0,4.0,1.0,0.0,0.0,1,0.0,1.0,2,1,4,0,0,0,0,4,0,0,0,4,0,2,0,2,0,1,1,0,0,3,15,20
200600071172,6,11,2,2,2,1,2.0,5.0,0.0,7.0,0.0,0.0,2.0,19.0,1,1,3.0,2.0,0.0,1.0,0.0,85.0,1,0.0,1.0,3,3,6,3,0,0,0,9,0,0,6,0,3,9,0,0,0,1,0,1,0,3,17,15
200700062689,7,10,23,1,2,1,1.0,3.0,0.0,2.0,0.0,0.0,2.0,3.0,1,2,4.0,2.0,2.0,2.0,0.0,68.0,1,0.0,1.0,2,3,4,0,0,0,0,4,2,0,0,0,2,2,0,2,0,1,0,0,0,3,13,22
201000027838,10,11,27,2,2,3,2.0,3.0,0.0,7.0,0.0,15.0,2.0,1.0,1,1,4.0,1.0,1.0,1.0,0.0,43.0,1,0.0,1.0,2,3,8,0,2,0,2,4,0,2,0,6,0,6,0,2,0,1,0,0,0,3,22,35
201000028712,10,1,9,5,2,2,1.0,3.0,0.0,2.0,0.0,0.0,0.0,1.0,1,-1,4.0,2.0,2.0,1.0,0.0,88.0,1,0.0,1.0,2,3,2,2,0,0,0,4,0,4,0,0,0,0,0,4,0,1,0,0,0,3,20,45
201500002595,15,2,7,3,1,1,1.0,6.0,0.0,7.0,0.0,0.0,1.0,1.0,1,1,3.0,2.0,2.0,0.0,0.0,71.0,1,0.0,1.0,1,1,1,1,0,1,0,1,0,1,0,0,1,0,0,1,1,1,0,0,0,4,20,15
200800000998,8,1,22,1,1,1,1.0,6.0,0.0,7.0,0.0,11.0,0.0,1.0,1,1,3.0,2.0,2.0,3.0,0.0,48.0,1,0.0,1.0,1,2,0,1,0,0,0,1,0,0,1,0,0,1,0,0,0,1,0,0,0,2,8,30
200800017426,8,4,7,1,2,1,1.0,2.0,0.0,7.0,0.0,0.0,2.0,15.0,1,1,3.0,2.0,2.0,1.0,0.0,51.0,1,0.0,1.0,2,1,4,0,0,0,0,4,0,0,4,0,0,2,0,2,0,1,1,0,0,3,19,30
201300036433,13,9,7,1,2,2,1.0,6.0,0.0,2.0,0.0,0.0,0.0,1.0,1,2,3.0,2.0,3.0,3.0,0.0,72.0,1,0.0,1.0,2,3,2,4,0,0,2,4,0,0,6,0,0,4,2,0,0,1,1,0,0,3,15,57
200600009621,6,2,22,1,2,1,1.0,3.0,0.0,7.0,0.0,0.0,2.0,9.0,1,1,4.0,2.0,2.0,1.0,0.0,60.0,1,0.0,1.0,2,1,4,0,0,0,0,4,0,0,2,2,0,2,0,2,0,1,0,1,0,3,14,15
201300037576,13,5,27,1,2,1,1.0,3.0,0.0,7.0,0.0,0.0,2.0,0.0,1,1,3.0,0.0,1.0,1.0,0.0,0.0,1,0.0,1.0,2,1,0,4,0,0,0,4,0,0,2,0,2,4,0,0,0,1,0,0,0,2,13,20
200500024712,5,5,12,1,1,9,1.0,3.0,0.0,7.0,0.0,0.0,2.0,1.0,1,1,3.0,2.0,2.0,1.0,0.0,55.0,1,0.0,1.0,2,2,6,2,0,0,4,4,2,4,0,0,2,4,0,4,0,1,0,1,0,3,7,30
200700070739,7,11,8,1,2,2,2.0,3.0,0.0,33.0,0.0,0.0,2.0,16.0,1,2,2.0,1.0,4.0,1.0,0.0,0.0,1,5.0,0.0,2,2,4,0,0,0,0,4,0,0,0,2,2,4,0,0,0,1,0,0,0,2,10,20
200800050792,8,9,16,1,2,1,1.0,6.0,0.0,2.0,0.0,6.0,0.0,1.0,1,-1,4.0,2.0,0.0,1.0,0.0,80.0,1,0.0,0.0,1,2,2,0,0,0,1,1,0,2,0,0,0,1,1,0,0,1,0,0,0,2,18,22
200900016758,9,5,18,1,1,1,1.0,3.0,0.0,7.0,0.0,0.0,2.0,15.0,1,1,3.0,2.0,2.0,1.0,0.0,0.0,1,5.0,1.0,2,1,4,0,0,0,0,4,0,0,2,2,0,2,0,0,2,1,0,1,0,3,9,20
201200002407,12,2,29,1,1,1,1.0,1.0,0.0,7.0,0.0,0.0,2.0,5.0,1,1,3.0,2.0,0.0,1.0,0.0,88.0,1,0.0,1.0,2,3,2,6,4,0,0,4,0,4,2,0,2,2,4,0,2,1,0,0,0,3,12,30
200700054031,7,9,22,1,1,1,1.0,6.0,0.0,33.0,0.0,6.0,0.0,1.0,1,2,3.0,2.0,2.0,1.0,0.0,56.0,1,0.0,1.0,1,3,1,0,0,0,0,1,0,0,1,0,0,1,0,0,0,1,0,0,0,3,16,15
200800052275,8,9,10,1,2,3,1.0,3.0,0.0,7.0,0.0,0.0,0.0,17.0,1,-1,4.0,2.0,2.0,1.0,0.0,0.0,1,0.0,1.0,2,1,2,2,0,0,0,4,0,0,2,0,2,2,0,2,0,1,0,0,0,2,18,30
201100041002,11,1,10,1,2,1,1.0,2.0,0.0,7.0,0.0,0.0,2.0,21.0,1,1,4.0,3.0,3.0,1.0,40.0,75.0,1,0.0,1.0,2,1,0,4,0,0,0,4,2,0,2,0,0,2,0,2,0,1,1,0,0,2,17,0
201200003930,12,8,26,1,2,1,1.0,3.0,0.0,7.0,0.0,0.0,2.0,19.0,1,1,2.0,2.0,0.0,2.0,0.0,101.0,1,0.0,1.0,2,2,4,4,2,0,2,4,4,4,0,0,0,6,2,0,0,0,0,1,0,4,9,45
201100042213,11,4,29,1,2,1,1.0,2.0,0.0,7.0,0.0,0.0,2.0,4.0,1,1,6.0,0.0,0.0,1.0,0.0,0.0,1,0.0,1.0,2,1,0,4,0,0,0,4,4,0,0,0,0,2,0,0,2,0,1,1,0,2,17,15
200500010334,5,2,21,1,2,1,4.0,6.0,0.0,7.0,0.0,0.0,1.0,1.0,1,1,4.0,2.0,3.0,1.0,0.0,0.0,1,0.0,1.0,1,1,2,0,0,1,0,1,0,0,1,1,0,1,0,1,0,1,0,0,0,2,8,40