Num_Acc,an,mois,jour,lum,agg,int,atm,col,senc,catv,occutc,obs,obsm,manv,catu,secu,catr,circ,nbv,prof,lartpc,larrout,surf,infra,situ,nb_veh,grav_simpl,Homme,Femme,Arrière,Autre_x,Avant,Conducteur,Autre_y,Inconnu,Loisirs,Professionnel,Travail,Adulte,Enfant,Jeune,Senior,choc_avant,choc_arriere,choc_lateral,choc_multiple,grav_order_max,heure,minute
201200054098,12,8,30,1,2,1,1.0,6.0,1.0,7.0,0.0,0.0,0.0,1.0,3,-1,4.0,1.0,1.0,1.0,0.0,50.0,1,0.0,1.0,1,2,1,0,0,1,0,0,0,0,0,1,0,1,0,0,0,0,0,0,0,2,13,25
201500004952,15,7,24,1,1,1,9.0,1.0,0.0,1.0,0.0,0.0,2.0,1.0,1,2,3.0,2.0,2.0,2.0,0.0,62.0,1,0.0,1.0,2,4,4,0,0,0,0,4,0,0,2,0,2,0,0,2,2,1,0,0,0,4,9,0
201500020896,15,1,12,1,2,2,1.0,6.0,0.0,7.0,0.0,0.0,1.0,0.0,1,1,4.0,1.0,1.0,1.0,0.0,0.0,1,0.0,0.0,1,1,1,1,0,1,0,1,0,2,0,0,0,1,0,1,0,0,0,0,0,2,9,53
201700048025,17,10,24,1,1,1,2.0,6.0,1.0,7.0,0.0,4.0,0.0,1.0,1,1,1.0,3.0,8.0,2.0,0.0,-1.0,1,0.0,1.0,1,2,0,1,0,0,0,1,1,0,0,0,0,0,0,1,0,1,0,0,0,2,11,20
201600034986,16,10,30,1,2,1,1.0,6.0,0.0,7.0,0.0,9.0,0.0,0.0,1,1,4.0,2.0,2.0,1.0,0.0,0.0,1,0.0,1.0,1,2,1,0,0,0,0,1,0,0,1,0,0,1,0,0,0,1,0,0,0,2,13,15
200600068361,6,11,23,1,2,1,1.0,6.0,0.0,7.0,0.0,0.0,1.0,1.0,1,1,4.0,2.0,2.0,1.0,0.0,72.0,1,0.0,1.0,1,1,1,1,0,1,0,1,0,1,1,0,0,1,1,0,0,1,0,0,0,3,12,20
201000044742,10,9,19,5,2,1,1.0,3.0,0.0,2.0,0.0,0.0,2.0,1.0,1,2,4.0,2.0,5.0,1.0,0.0,0.0,1,0.0,1.0,2,2,2,2,0,0,0,4,2,0,0,2,0,0,0,4,0,1,0,0,0,2,21,20
201100059187,11,8,17,5,2,5,1.0,3.0,0.0,37.0,1.0,0.0,2.0,1.0,1,-1,4.0,2.0,2.0,1.0,0.0,0.0,1,0.0,1.0,2,1,4,0,0,0,0,4,0,0,2,2,0,2,0,2,0,1,1,0,0,2,21,0
201000023161,10,7,23,1,1,1,1.0,6.0,0.0,7.0,0.0,3.0,0.0,0.0,1,-1,3.0,1.0,2.0,1.0,0.0,70.0,1,0.0,3.0,1,2,1,0,0,0,0,1,0,0,0,0,1,0,0,1,0,0,1,0,0,2,9,10
200900023006,9,4,25,3,1,1,1.0,4.0,0.0,17.0,0.0,14.0,0.0,2.0,1,1,1.0,3.0,3.0,1.0,30.0,35.0,1,0.0,1.0,3,1,9,0,0,0,0,9,0,0,3,6,0,9,0,0,0,1,1,0,0,4,3,30
200600071757,6,11,1,2,1,8,1.0,6.0,0.0,7.0,0.0,6.0,0.0,1.0,1,1,4.0,2.0,2.0,4.0,0.0,40.0,1,5.0,3.0,1,2,2,0,0,0,1,1,0,1,1,0,0,0,0,2,0,1,0,0,0,3,17,45
201200016135,12,10,6,1,2,1,1.0,6.0,0.0,7.0,0.0,7.0,0.0,16.0,1,-1,4.0,2.0,2.0,1.0,0.0,60.0,1,0.0,1.0,1,2,0,1,0,0,0,1,0,0,1,0,0,0,0,1,0,0,0,0,0,2,12,25
200700037962,7,6,11,1,2,1,1.0,6.0,0.0,7.0,0.0,0.0,1.0,7.0,1,1,4.0,1.0,1.0,1.0,0.0,34.0,1,0.0,1.0,1,1,0,2,0,1,0,1,1,0,1,0,0,0,1,1,0,1,0,0,0,2,14,50
201000010017,10,9,22,2,1,1,1.0,2.0,0.0,7.0,0.0,0.0,2.0,15.0,1,1,3.0,2.0,2.0,2.0,0.0,40.0,1,0.0,1.0,2,1,4,0,0,0,0,4,0,0,4,0,0,2,0,0,2,0,1,1,0,3,18,25
200600031965,6,6,22,1,2,1,1.0,6.0,0.0,30.0,0.0,0.0,1.0,1.0,1,2,3.0,1.0,0.0,1.0,0.0,53.0,1,0.0,1.0,1,1,2,0,0,1,0,1,1,1,0,0,0,1,0,0,1,1,0,0,0,3,18,45
200900009708,9,3,31,1,1,1,1.0,2.0,0.0,7.0,0.0,0.0,0.0,1.0,1,1,2.0,2.0,2.0,1.0,0.0,80.0,1,0.0,1.0,2,1,0,4,0,0,0,4,2,0,2,0,0,2,0,2,0,1,1,0,0,2,18,43
200800069893,8,12,9,3,1,1,4.0,1.0,0.0,17.0,0.0,0.0,2.0,1.0,1,1,1.0,3.0,0.0,4.0,20.0,95.0,0,0.0,1.0,2,3,4,0,0,0,0,4,0,0,0,4,0,4,0,0,0,1,0,1,0,3,21,0
201300019468,13,5,22,1,2,2,1.0,4.0,0.0,7.0,0.0,0.0,2.0,24.0,1,-1,4.0,0.0,2.0,1.0,0.0,0.0,1,0.0,1.0,3,2,6,3,0,0,0,9,0,6,0,3,0,6,0,3,0,1,0,0,0,2,13,20
200600055139,6,9,1,4,2,1,1.0,3.0,0.0,7.0,0.0,0.0,2.0,12.0,1,1,3.0,2.0,3.0,3.0,0.0,0.0,1,0.0,1.0,2,1,4,4,0,0,4,4,0,4,4,0,0,2,0,6,0,0,0,1,0,2,21,45
201600013613,16,12,7,1,2,1,1.0,3.0,2.0,7.0,0.0,0.0,2.0,15.0,1,1,3.0,2.0,2.0,1.0,0.0,0.0,1,0.0,1.0,2,1,2,2,0,0,0,4,0,2,0,0,2,0,0,2,2,1,0,1,0,2,16,10
201100048586,11,3,8,1,2,1,1.0,2.0,0.0,33.0,0.0,0.0,2.0,2.0,1,0,4.0,0.0,2.0,1.0,0.0,80.0,1,0.0,1.0,2,3,4,0,0,0,0,4,4,0,0,0,0,2,0,2,0,1,1,0,0,3,17,10
201700054777,17,6,14,5,2,1,1.0,2.0,0.0,7.0,0.0,0.0,2.0,1.0,1,1,4.0,2.0,0.0,1.0,0.0,0.0,1,0.0,1.0,2,1,4,0,0,0,0,4,0,0,4,0,0,2,0,2,0,1,1,0,0,2,23,0
200500005627,5,1,18,5,2,1,3.0,6.0,0.0,7.0,0.0,0.0,1.0,15.0,1,-1,4.0,2.0,0.0,1.0,0.0,65.0,1,0.0,1.0,1,1,0,2,0,1,0,1,0,0,2,0,0,1,0,0,1,1,0,0,0,3,19,45
201700021367,17,5,26,1,1,1,1.0,6.0,1.0,10.0,0.0,0.0,1.0,0.0,3,-1,3.0,2.0,2.0,1.0,0.0,71.0,1,0.0,1.0,1,2,1,0,0,1,0,0,0,0,1,0,0,0,0,0,1,0,0,0,0,2,16,50
200900051923,9,11,26,5,2,1,1.0,6.0,0.0,7.0,0.0,0.0,1.0,1.0,1,1,4.0,1.0,1.0,2.0,0.0,40.0,1,0.0,4.0,1,1,1,1,0,1,0,1,0,0,2,0,0,0,0,2,0,0,0,1,0,2,21,35
201600018499,16,6,18,3,1,1,1.0,6.0,1.0,7.0,0.0,13.0,0.0,13.0,1,0,3.0,2.0,1.0,1.0,0.0,53.0,1,0.0,3.0,1,4,1,0,0,0,0,1,0,0,1,0,0,1,0,0,0,1,0,0,0,4,0,30
200700029394,7,5,23,1,2,1,1.0,1.0,2.0,7.0,0.0,0.0,2.0,0.0,1,1,4.0,2.0,2.0,1.0,0.0,83.0,1,0.0,1.0,2,1,2,2,0,0,2,2,0,4,0,0,0,2,2,0,0,1,0,0,0,2,17,45
200500031414,5,5,21,1,2,1,1.0,6.0,0.0,7.0,0.0,0.0,2.0,22.0,2,1,4.0,1.0,0.0,1.0,0.0,0.0,1,0.0,1.0,2,1,2,2,0,0,2,2,0,4,0,0,0,4,0,0,0,0,0,1,0,3,15,40
201700036269,17,8,2,1,1,1,1.0,2.0,1.0,1.0,0.0,0.0,0.0,9.0,1,-1,3.0,3.0,4.0,1.0,28.0,73.0,1,0.0,1.0,2,4,4,0,0,0,0,4,0,2,0,0,2,4,0,0,0,1,1,0,0,4,16,55
200500018839,5,4,23,1,2,1,1.0,6.0,0.0,7.0,0.0,0.0,1.0,0.0,1,-1,4.0,2.0,3.0,2.0,0.0,20.0,1,0.0,1.0,1,1,2,0,0,1,0,1,0,0,2,0,0,0,1,1,0,1,0,0,0,2,16,35
201200051101,12,3,8,1,2,1,1.0,3.0,0.0,2.0,0.0,0.0,2.0,1.0,1,2,4.0,2.0,2.0,2.0,0.0,89.0,1,0.0,1.0,2,2,2,2,0,0,0,4,4,0,0,0,0,2,0,0,2,1,0,1,0,2,17,5
201100040649,11,6,20,1,2,1,2.0,7.0,0.0,7.0,0.0,0.0,1.0,17.0,1,1,2.0,2.0,2.0,1.0,0.0,76.0,1,0.0,1.0,1,1,1,1,0,1,0,1,0,0,1,0,1,1,0,1,0,1,0,0,0,2,16,45
200600025679,6,5,5,1,2,7,1.0,3.0,0.0,5.0,0.0,0.0,2.0,21.0,1,2,6.0,0.0,1.0,1.0,0.0,0.0,1,0.0,4.0,2,2,2,2,0,0,0,4,4,0,0,0,0,4,0,0,0,1,0,1,0,2,17,1
201000033395,10,5,4,5,2,6,1.0,3.0,2.0,7.0,0.0,9.0,2.0,1.0,1,1,4.0,2.0,4.0,1.0,420.0,140.0,1,0.0,1.0,2,2,2,0,0,0,0,2,0,2,0,0,0,0,0,2,0,1,0,1,0,2,5,20
201700015721,17,5,21,1,2,3,7.0,3.0,0.0,7.0,0.0,0.0,9.0,1.0,1,-1,4.0,2.0,2.0,1.0,5.0,10.0,1,0.0,-1.0,2,1,4,0,0,0,0,4,0,0,4,0,0,0,0,4,0,1,0,1,0,2,19,10
201700003152,17,1,1,1,1,1,1.0,6.0,2.0,7.0,0.0,2.0,0.0,1.0,1,0,3.0,2.0,0.0,3.0,0.0,74.0,1,0.0,3.0,1,4,1,0,0,0,0,1,0,0,1,0,0,1,0,0,0,1,0,0,0,4,17,15
200800013354,8,3,19,1,2,1,1.0,3.0,0.0,7.0,0.0,0.0,2.0,9.0,1,1,9.0,2.0,4.0,1.0,0.0,0.0,1,0.0,1.0,2,1,2,2,0,0,0,4,2,0,0,2,0,4,0,0,0,1,0,1,0,3,9,42
201600002933,16,9,28,1,1,1,1.0,6.0,1.0,7.0,0.0,13.0,0.0,13.0,1,1,3.0,2.0,1.0,1.0,0.0,0.0,1,0.0,1.0,1,3,1,1,0,0,1,1,0,1,1,0,0,1,0,0,1,1,0,0,0,3,13,0
201100001027,11,7,16,1,1,1,3.0,6.0,0.0,7.0,0.0,0.0,2.0,1.0,1,1,3.0,2.0,2.0,1.0,0.0,0.0,1,0.0,1.0,2,1,2,4,0,0,2,4,0,0,6,0,0,2,0,2,2,1,1,0,0,2,19,0
200800074466,8,12,12,2,1,1,1.0,2.0,0.0,7.0,0.0,0.0,2.0,1.0,1,1,1.0,3.0,3.0,1.0,15.0,105.0,1,0.0,1.0,2,3,2,4,0,0,2,4,2,2,2,0,0,4,0,0,2,1,1,0,0,3,17,45
201300008044,13,6,29,1,1,1,1.0,3.0,0.0,7.0,0.0,0.0,2.0,19.0,1,1,3.0,1.0,2.0,1.0,0.0,90.0,1,0.0,1.0,2,1,2,2,0,0,0,4,0,0,2,2,0,2,0,0,2,1,0,0,0,2,18,0
200600067646,6,11,23,1,2,2,2.0,3.0,0.0,17.0,0.0,0.0,2.0,1.0,1,1,3.0,3.0,5.0,3.0,0.0,0.0,1,5.0,1.0,2,1,2,4,0,2,0,4,2,2,0,2,0,6,0,0,0,1,0,1,0,3,11,55
201200012122,12,10,15,1,1,1,1.0,6.0,0.0,7.0,0.0,4.0,0.0,13.0,1,1,1.0,3.0,4.0,1.0,30.0,140.0,1,0.0,3.0,1,3,0,1,0,0,0,1,0,0,0,0,1,1,0,0,0,1,0,0,0,3,9,45
201400020766,14,9,17,5,2,2,1.0,3.0,0.0,1.0,0.0,0.0,2.0,1.0,1,0,4.0,2.0,2.0,1.0,0.0,0.0,1,5.0,0.0,2,3,4,0,0,0,0,4,0,0,4,0,0,4,0,0,0,1,0,1,0,3,21,5
201600040639,16,11,10,5,2,1,1.0,6.0,1.0,7.0,0.0,0.0,1.0,2.0,1,-1,4.0,2.0,2.0,1.0,0.0,0.0,1,0.0,0.0,1,1,0,2,0,1,0,1,0,2,0,0,0,2,0,0,0,1,0,0,0,3,21,0
201200043269,12,11,23,2,2,3,1.0,3.0,0.0,7.0,0.0,0.0,2.0,15.0,1,1,3.0,2.0,3.0,1.0,0.0,66.0,1,0.0,1.0,2,1,0,4,0,0,0,4,0,0,2,0,2,0,0,2,2,1,0,0,0,2,17,0
201200031681,12,10,4,1,2,4,2.0,3.0,0.0,30.0,0.0,0.0,2.0,1.0,1,2,4.0,2.0,2.0,1.0,0.0,87.0,1,0.0,1.0,2,2,2,2,0,0,0,4,2,0,0,0,2,2,0,2,0,1,0,0,0,2,13,10
201100012761,11,2,12,3,1,9,1.0,6.0,0.0,7.0,0.0,0.0,1.0,1.0,1,1,3.0,1.0,2.0,1.0,0.0,70.0,1,0.0,1.0,1,1,2,0,0,1,0,1,1,0,1,0,0,1,0,1,0,1,0,0,0,3,21,30
201400029303,14,2,24,1,2,4,7.0,6.0,0.0,7.0,0.0,0.0,1.0,1.0,1,1,4.0,2.0,2.0,1.0,0.0,0.0,1,0.0,1.0,1,1,0,2,0,1,0,1,1,1,0,0,0,2,0,0,0,1,0,0,0,2,8,25
200500055616,5,9,14,1,1,1,1.0,3.0,0.0,7.0,0.0,0.0,2.0,1.0,1,1,3.0,2.0,2.0,2.0,0.0,60.0,1,0.0,1.0,2,2,4,0,0,0,0,4,0,0,4,0,0,4,0,0,0,0,0,1,0,3,17,15
200800073583,8,12,9,5,2,2,1.0,6.0,0.0,32.0,0.0,0.0,1.0,1.0,1,2,4.0,2.0,2.0,2.0,0.0,60.0,1,0.0,1.0,1,1,2,0,0,1,0,1,0,0,1,0,1,2,0,0,0,0,0,1,0,2,19,35
201400023049,14,1,24,1,1,1,3.0,2.0,0.0,7.0,0.0,0.0,2.0,2.0,1,1,1.0,3.0,0.0,1.0,0.0,0.0,1,0.0,1.0,2,1,0,4,0,0,0,4,0,4,0,0,0,4,0,0,0,1,1,0,0,2,10,15
201300027510,13,5,8,1,2,3,2.0,3.0,0.0,7.0,0.0,0.0,0.0,1.0,1,-1,3.0,2.0,3.0,1.0,0.0,80.0,1,0.0,1.0,2,2,2,2,0,0,0,4,4,0,0,0,0,2,0,2,0,1,1,0,0,2,6,40
201300019190,13,1,8,3,1,1,5.0,6.0,0.0,7.0,0.0,0.0,1.0,1.0,1,1,3.0,3.0,2.0,1.0,0.0,0.0,1,0.0,1.0,1,1,1,1,0,1,0,1,2,0,0,0,0,1,0,0,1,1,0,0,0,3,18,30
200600061848,6,10,3,1,2,2,1.0,3.0,0.0,2.0,0.0,0.0,2.0,1.0,1,2,3.0,3.0,3.0,1.0,0.0,88.0,1,5.0,1.0,2,2,4,0,0,0,0,4,4,0,0,0,0,0,2,0,2,1,0,1,0,2,15,3
201100041305,11,5,9,1,2,1,1.0,6.0,0.0,7.0,0.0,0.0,1.0,4.0,1,-1,3.0,0.0,0.0,1.0,0.0,0.0,1,0.0,0.0,1,1,2,0,0,1,0,1,0,2,0,0,0,1,0,0,1,0,1,0,0,2,13,15
201400039297,14,9,11,1,2,1,1.0,7.0,0.0,32.0,0.0,0.0,0.0,1.0,1,2,4.0,2.0,2.0,1.0,0.0,0.0,1,0.0,1.0,1,2,0,1,0,0,0,1,0,0,1,0,0,1,0,0,0,0,0,0,0,2,12,40
201600049102,16,3,30,1,2,1,1.0,6.0,1.0,7.0,0.0,0.0,1.0,0.0,1,1,9.0,1.0,1.0,1.0,0.0,45.0,1,0.0,1.0,1,1,2,0,0,1,0,1,1,1,0,0,0,1,1,0,0,0,0,1,0,3,7,40
200900032203,9,2,20,1,2,1,1.0,7.0,0.0,37.0,20.0,0.0,1.0,1.0,3,-1,3.0,3.0,6.0,1.0,0.0,0.0,1,0.0,1.0,1,2,1,1,0,1,0,1,0,0,0,1,1,1,0,1,0,0,0,1,0,2,16,30
200500059117,5,9,26,5,1,1,1.0,6.0,1.0,7.0,0.0,0.0,1.0,0.0,1,-1,4.0,2.0,2.0,1.0,0.0,0.0,1,0.0,4.0,2,3,0,2,0,0,0,2,0,0,2,0,0,2,0,0,0,0,0,1,0,3,19,50
201200024065,12,1,6,5,2,1,1.0,3.0,0.0,33.0,0.0,0.0,2.0,17.0,1,-1,4.0,2.0,3.0,1.0,0.0,150.0,1,0.0,1.0,2,3,4,0,0,0,0,4,0,2,0,0,2,2,0,2,0,1,0,0,0,3,18,30
201400021387,14,1,10,2,2,7,1.0,3.0,0.0,1.0,0.0,0.0,2.0,15.0,1,-1,9.0,1.0,1.0,1.0,0.0,0.0,-1,0.0,1.0,2,2,2,2,0,0,0,4,4,0,0,0,0,2,0,0,2,1,0,0,0,2,17,30
201400043244,14,4,17,1,2,1,1.0,3.0,0.0,10.0,0.0,0.0,2.0,16.0,1,1,4.0,3.0,2.0,1.0,0.0,0.0,1,0.0,1.0,2,1,4,0,0,0,0,4,2,0,2,0,0,2,0,2,0,1,0,1,0,2,14,10
201000029808,10,12,8,5,2,1,3.0,7.0,0.0,2.0,0.0,12.0,0.0,0.0,1,2,4.0,2.0,2.0,2.0,0.0,55.0,1,0.0,0.0,1,3,1,0,0,0,0,1,0,1,0,0,0,0,0,1,0,0,0,0,0,3,2,2
201100019821,11,4,1,1,2,1,1.0,2.0,0.0,34.0,0.0,0.0,2.0,2.0,1,-1,4.0,2.0,2.0,1.0,0.0,70.0,1,0.0,1.0,2,2,4,0,0,0,0,4,0,0,4,0,0,4,0,0,0,1,0,0,0,2,19,40
200700054964,7,9,14,1,2,2,1.0,3.0,0.0,7.0,0.0,0.0,2.0,15.0,1,1,4.0,3.0,6.0,1.0,0.0,0.0,1,0.0,1.0,2,1,4,0,0,0,0,4,0,4,0,0,0,2,0,2,0,1,0,0,0,2,12,5
200600008723,6,2,23,2,2,2,4.0,6.0,0.0,7.0,0.0,0.0,1.0,1.0,1,1,4.0,2.0,4.0,1.0,20.0,108.0,1,5.0,1.0,1,1,1,1,0,1,0,1,2,0,0,0,0,0,0,2,0,1,0,0,0,3,18,20
200600047655,6,8,31,1,2,1,1.0,2.0,0.0,2.0,0.0,0.0,2.0,2.0,1,2,4.0,2.0,2.0,1.0,0.0,70.0,1,0.0,1.0,2,2,0,4,0,0,0,4,0,0,2,0,2,2,0,2,0,1,1,0,0,2,15,7
201300052029,13,5,29,1,2,2,1.0,7.0,0.0,32.0,0.0,14.0,0.0,16.0,1,2,4.0,1.0,1.0,1.0,1.0,50.0,1,0.0,1.0,1,2,1,0,0,0,0,1,0,0,1,0,0,1,0,0,0,1,0,0,0,2,11,35
200700045733,7,7,12,1,2,1,2.0,6.0,0.0,2.0,0.0,0.0,1.0,0.0,1,-1,4.0,2.0,4.0,1.0,0.0,143.0,1,0.0,1.0,1,2,2,0,0,1,0,1,0,0,0,0,2,1,0,1,0,0,0,1,0,2,11,35
201600005416,16,9,26,1,2,1,7.0,6.0,1.0,7.0,0.0,0.0,1.0,1.0,1,1,3.0,0.0,0.0,1.0,0.0,70.0,1,0.0,1.0,1,1,1,1,0,1,0,1,0,0,1,1,0,0,0,1,1,1,0,0,0,3,8,45
201500027352,15,12,31,1,1,1,1.0,6.0,0.0,7.0,0.0,2.0,0.0,1.0,1,1,4.0,2.0,2.0,1.0,0.0,73.0,1,0.0,1.0,1,2,1,1,0,0,1,1,0,0,2,0,0,2,0,0,0,1,0,0,0,2,16,8
201400003515,14,11,6,3,1,1,2.0,7.0,0.0,33.0,0.0,0.0,0.0,2.0,1,2,4.0,2.0,1.0,4.0,0.0,62.0,1,0.0,1.0,1,3,1,0,0,0,0,1,0,0,1,0,0,0,0,0,1,0,0,0,0,3,1,30
200800011782,8,3,31,1,2,1,2.0,2.0,0.0,10.0,0.0,0.0,0.0,2.0,1,1,4.0,1.0,1.0,1.0,0.0,0.0,1,0.0,1.0,2,1,4,0,0,0,0,4,0,0,0,2,2,2,0,2,0,0,0,0,0,2,13,50
201000016983,10,9,3,1,2,1,1.0,2.0,0.0,31.0,0.0,0.0,2.0,23.0,1,2,4.0,1.0,2.0,1.0,0.0,0.0,1,0.0,1.0,2,1,2,4,0,0,2,4,0,0,6,0,0,0,0,4,2,1,1,0,0,2,17,50
201000032400,10,5,20,1,2,6,1.0,3.0,0.0,7.0,0.0,0.0,2.0,1.0,1,1,3.0,1.0,2.0,1.0,0.0,0.0,1,0.0,1.0,2,1,4,0,0,0,0,4,4,0,0,0,0,4,0,0,0,1,1,0,0,2,8,30
201500052277,15,12,10,5,2,2,1.0,3.0,0.0,2.0,0.0,0.0,2.0,1.0,1,2,4.0,2.0,4.0,1.0,0.0,120.0,1,0.0,1.0,2,2,4,0,0,0,0,4,0,0,0,2,2,4,0,0,0,1,0,1,0,2,2,9
201300011197,13,9,4,1,2,1,1.0,6.0,0.0,38.0,1.0,0.0,1.0,1.0,1,1,4.0,1.0,2.0,1.0,100.0,60.0,1,0.0,1.0,1,1,1,1,0,1,0,1,0,0,0,2,0,1,0,0,1,1,0,0,0,3,10,45
201600016195,16,12,9,3,2,3,1.0,1.0,1.0,7.0,0.0,0.0,2.0,15.0,1,1,4.0,3.0,6.0,1.0,25.0,180.0,1,0.0,1.0,2,1,4,0,0,0,0,4,0,2,0,0,2,4,0,0,0,1,0,0,0,2,18,0
201300013581,13,6,29,1,2,1,1.0,3.0,0.0,7.0,0.0,0.0,2.0,1.0,1,1,4.0,1.0,1.0,1.0,0.0,31.0,1,0.0,1.0,2,2,4,0,0,0,0,4,0,2,0,0,2,2,0,0,2,1,0,1,0,2,11,25
200800024631,8,5,16,1,2,1,1.0,6.0,0.0,7.0,0.0,0.0,1.0,1.0,1,1,4.0,2.0,2.0,1.0,0.0,60.0,1,0.0,1.0,1,1,0,2,0,1,0,1,1,0,1,0,0,0,1,0,1,0,0,1,0,2,12,15
200800062911,8,11,13,1,1,1,1.0,1.0,0.0,10.0,0.0,0.0,2.0,1.0,1,1,3.0,2.0,2.0,0.0,0.0,30.0,1,0.0,1.0,2,3,2,2,0,0,0,4,0,4,0,0,0,2,0,2,0,1,1,0,0,3,11,45
200600003677,6,1,14,1,2,4,1.0,3.0,0.0,7.0,0.0,0.0,2.0,1.0,1,1,3.0,2.0,0.0,1.0,0.0,0.0,1,3.0,1.0,2,1,6,0,0,0,2,4,0,6,0,0,0,0,2,4,0,1,0,0,0,3,15,45
200900006306,9,3,23,3,2,1,1.0,6.0,0.0,7.0,0.0,2.0,0.0,1.0,2,1,4.0,2.0,0.0,1.0,0.0,64.0,1,0.0,4.0,1,3,1,1,0,0,1,1,0,1,0,0,1,0,0,2,0,1,0,0,0,3,0,30
200600035663,6,6,29,1,2,3,1.0,6.0,0.0,4.0,0.0,0.0,1.0,1.0,1,2,4.0,1.0,1.0,1.0,0.0,30.0,1,0.0,1.0,1,1,2,0,0,1,0,1,0,0,1,1,0,1,0,0,1,1,0,0,0,2,12,25
200800059114,8,10,8,1,2,1,1.0,6.0,0.0,7.0,0.0,0.0,9.0,4.0,1,1,6.0,0.0,1.0,1.0,0.0,500.0,1,0.0,1.0,1,2,1,0,0,0,0,1,0,1,0,0,0,0,0,1,0,0,1,0,0,2,17,25
200600027094,6,5,5,1,2,1,1.0,3.0,0.0,2.0,0.0,0.0,2.0,18.0,1,2,9.0,2.0,2.0,1.0,0.0,0.0,1,0.0,1.0,2,2,2,2,0,0,0,4,2,2,0,0,0,2,0,2,0,1,0,1,0,2,15,45
200800039339,8,7,7,1,2,1,1.0,6.0,0.0,7.0,0.0,0.0,1.0,1.0,1,1,4.0,1.0,2.0,1.0,0.0,0.0,1,0.0,1.0,1,1,1,2,0,1,1,1,0,3,0,0,0,1,0,2,0,0,0,1,0,3,20,45
201000032166,10,7,6,5,2,2,1.0,3.0,0.0,1.0,0.0,0.0,2.0,1.0,1,-1,3.0,2.0,2.0,1.0,0.0,105.0,1,0.0,1.0,2,2,4,0,0,0,0,4,0,4,0,0,0,2,0,2,0,1,0,0,0,2,22,50
201500047718,15,7,7,1,2,1,1.0,6.0,0.0,7.0,0.0,0.0,9.0,0.0,1,1,4.0,2.0,2.0,2.0,0.0,89.0,1,0.0,1.0,2,1,6,0,0,0,2,4,0,0,4,0,2,2,2,2,0,1,0,0,0,2,15,0
200700012498,7,3,6,1,2,1,1.0,6.0,0.0,7.0,0.0,0.0,1.0,1.0,1,1,3.0,2.0,2.0,1.0,0.0,75.0,1,0.0,1.0,1,1,1,1,0,1,0,1,1,0,0,1,0,1,0,0,1,1,0,0,0,4,11,30
200600078803,6,12,5,2,2,1,1.0,6.0,0.0,7.0,0.0,0.0,1.0,1.0,1,-1,4.0,2.0,1.0,1.0,0.0,0.0,1,0.0,1.0,1,1,1,1,0,1,0,1,0,0,2,0,0,1,1,0,0,1,0,0,0,3,17,10
201500012807,15,4,15,1,2,1,1.0,6.0,0.0,7.0,0.0,0.0,1.0,0.0,1,1,4.0,1.0,1.0,1.0,0.0,0.0,1,0.0,1.0,1,1,1,1,0,1,0,1,0,2,0,0,0,1,1,0,0,1,0,0,0,2,18,20
200900037492,9,9,11,1,2,1,1.0,3.0,0.0,30.0,0.0,0.0,2.0,15.0,2,2,3.0,2.0,0.0,1.0,0.0,0.0,-1,0.0,1.0,2,2,4,2,0,0,2,4,0,2,4,0,0,0,4,2,0,0,0,1,0,3,17,30
201100061172,11,2,17,1,2,3,1.0,6.0,0.0,7.0,0.0,0.0,1.0,4.0,1,1,4.0,0.0,1.0,1.0,0.0,30.0,1,0.0,1.0,1,1,1,1,0,1,0,1,0,0,1,1,0,1,0,0,1,1,0,0,0,2,15,35
201400044291,14,6,25,1,2,1,1.0,6.0,0.0,7.0,0.0,0.0,1.0,1.0,1,1,4.0,1.0,1.0,1.0,0.0,60.0,1,0.0,1.0,1,1,0,3,0,2,0,1,0,0,1,0,2,2,0,0,1,1,0,0,0,2,12,40
200600007757,6,2,9,1,2,1,1.0,2.0,0.0,7.0,0.0,0.0,2.0,2.0,1,0,4.0,2.0,2.0,1.0,0.0,50.0,1,0.0,0.0,2,2,2,2,0,0,0,4,2,0,0,2,0,4,0,0,0,0,1,0,0,2,15,0
201500036684,15,4,14,1,2,1,1.0,4.0,0.0,7.0,0.0,0.0,2.0,2.0,1,-1,3.0,2.0,2.0,1.0,0.0,0.0,1,0.0,1.0,3,2,12,0,0,0,3,9,3,3,3,3,0,3,0,6,3,1,1,0,0,3,10,25
201400049678,14,6,18,1,2,1,1.0,3.0,0.0,7.0,0.0,0.0,2.0,2.0,1,-1,4.0,2.0,5.0,1.0,0.0,0.0,1,0.0,1.0,2,1,4,0,0,0,0,4,0,0,2,2,0,2,0,0,2,1,0,0,0,2,12,20
201300008168,13,6,1,1,1,1,6.0,3.0,0.0,7.0,0.0,2.0,0.0,1.0,1,1,3.0,2.0,2.0,1.0,0.0,72.0,1,0.0,1.0,2,3,4,0,0,0,0,4,0,0,4,0,0,2,0,0,2,1,0,1,0,3,15,0
201400020891,14,5,2,5,1,1,1.0,2.0,0.0,7.0,0.0,0.0,2.0,1.0,1,1,3.0,2.0,2.0,1.0,0.0,60.0,1,0.0,1.0,2,2,4,8,6,0,2,4,0,12,0,0,0,6,4,2,0,1,1,0,0,2,22,20