Num_Acc,an,mois,jour,lum,agg,int,atm,col,senc,catv,occutc,obs,obsm,manv,catu,secu,catr,circ,nbv,prof,lartpc,larrout,surf,infra,situ,nb_veh,grav_simpl,Homme,Femme,Arrière,Autre_x,Avant,Conducteur,Autre_y,Inconnu,Loisirs,Professionnel,Travail,Adulte,Enfant,Jeune,Senior,choc_avant,choc_arriere,choc_lateral,choc_multiple,grav_order_max,heure,minute
200900001654,9,3,12,5,2,2,1.0,7.0,0.0,30.0,0.0,0.0,0.0,1.0,1,2,4.0,2.0,2.0,1.0,0.0,60.0,1,0.0,1.0,1,2,0,1,0,0,0,1,0,0,1,0,0,0,0,1,0,0,0,0,0,2,19,56
201700019290,17,2,10,1,2,3,1.0,3.0,0.0,10.0,0.0,0.0,2.0,1.0,1,-1,4.0,2.0,2.0,1.0,3.0,810.0,1,0.0,-1.0,2,1,2,4,0,0,2,4,4,0,2,0,0,4,0,0,2,1,0,0,0,3,11,0
200900065470,9,12,9,1,2,6,2.0,3.0,0.0,14.0,0.0,0.0,2.0,1.0,1,1,9.0,2.0,2.0,0.0,0.0,60.0,1,0.0,1.0,2,1,4,0,0,0,0,4,0,0,0,2,2,2,2,0,0,1,0,0,0,3,12,15
201500005704,15,8,30,3,1,1,1.0,2.0,0.0,7.0,0.0,0.0,9.0,1.0,1,1,3.0,1.0,2.0,1.0,0.0,0.0,1,0.0,1.0,2,1,4,0,0,0,0,4,0,0,4,0,0,2,0,2,0,1,1,0,0,3,0,45
200600014341,6,3,5,1,1,1,2.0,6.0,0.0,7.0,0.0,13.0,0.0,1.0,1,1,1.0,3.0,4.0,2.0,20.0,120.0,1,3.0,3.0,1,2,0,1,0,0,0,1,0,0,1,0,0,0,0,1,0,1,0,0,0,2,13,53
201200046563,12,7,4,1,2,1,1.0,6.0,0.0,7.0,0.0,0.0,1.0,4.0,1,1,4.0,2.0,2.0,2.0,0.0,0.0,1,0.0,1.0,1,1,1,1,0,1,0,1,0,0,2,0,0,1,0,0,1,0,1,0,0,2,10,5
201400039350,14,12,5,5,2,1,1.0,6.0,0.0,34.0,0.0,0.0,1.0,1.0,1,2,4.0,2.0,2.0,1.0,0.0,0.0,1,0.0,1.0,1,1,1,1,0,1,0,1,0,0,1,0,1,1,0,0,1,1,0,0,0,3,19,5
200800047629,8,8,7,1,1,1,1.0,7.0,0.0,33.0,0.0,0.0,0.0,1.0,1,2,3.0,2.0,2.0,1.0,0.0,73.0,1,0.0,1.0,1,2,1,0,0,0,0,1,0,0,1,0,0,1,0,0,0,0,0,0,1,2,19,45
201500006484,15,8,27,2,1,1,2.0,6.0,0.0,7.0,0.0,13.0,0.0,0.0,1,1,3.0,2.0,2.0,2.0,0.0,76.0,1,0.0,3.0,1,3,0,1,0,0,0,1,0,0,1,0,0,0,0,0,1,1,0,0,0,3,20,0
200800001549,8,1,26,1,2,1,1.0,3.0,0.0,7.0,0.0,0.0,2.0,1.0,1,-1,2.0,2.0,2.0,1.0,0.0,92.0,1,0.0,1.0,2,2,2,2,0,0,0,4,0,0,4,0,0,2,0,0,2,1,0,1,0,2,14,15
201600039672,16,11,27,5,2,1,1.0,6.0,0.0,7.0,0.0,0.0,1.0,1.0,1,-1,4.0,2.0,2.0,1.0,150.0,70.0,1,0.0,1.0,1,1,2,0,0,1,0,1,0,2,0,0,0,1,0,0,1,1,0,0,0,2,17,10
200900049526,9,10,14,1,2,3,1.0,3.0,0.0,10.0,0.0,0.0,2.0,1.0,1,1,4.0,2.0,2.0,1.0,0.0,0.0,1,0.0,1.0,2,1,4,0,0,0,0,4,0,0,2,0,2,2,0,2,0,1,0,0,0,2,12,50
200700066878,7,10,7,2,2,2,1.0,6.0,1.0,7.0,0.0,0.0,2.0,2.0,1,2,4.0,2.0,3.0,1.0,0.0,120.0,1,0.0,1.0,2,1,2,2,0,0,2,2,0,2,2,0,0,0,0,4,0,1,1,0,0,2,6,50
201700009071,17,2,12,5,2,1,1.0,3.0,2.0,7.0,0.0,0.0,2.0,10.0,1,2,4.0,3.0,3.0,1.0,0.0,0.0,1,0.0,1.0,2,2,2,0,0,0,0,2,0,0,0,2,0,2,0,0,0,1,0,0,0,2,22,30
201000020911,10,4,20,1,2,1,1.0,6.0,0.0,33.0,0.0,0.0,0.0,1.0,1,2,4.0,2.0,3.0,1.0,0.0,80.0,1,0.0,1.0,3,2,9,0,0,0,0,9,0,6,3,0,0,3,0,6,0,0,1,1,0,2,9,30
201400024457,14,8,20,1,2,6,1.0,3.0,0.0,7.0,0.0,0.0,2.0,9.0,1,-1,4.0,2.0,0.0,1.0,0.0,0.0,1,0.0,1.0,2,1,4,0,0,0,0,4,0,4,0,0,0,2,0,0,2,1,0,1,0,3,12,0
200500001740,5,1,6,1,2,9,8.0,1.0,0.0,7.0,0.0,14.0,0.0,16.0,1,-1,3.0,2.0,3.0,1.0,0.0,78.0,1,5.0,1.0,2,1,0,4,0,0,0,4,0,0,0,0,4,2,0,2,0,1,0,0,0,2,8,30
201700023758,17,1,14,1,1,1,9.0,6.0,1.0,7.0,0.0,13.0,0.0,1.0,1,1,4.0,2.0,2.0,4.0,0.0,58.0,0,0.0,1.0,1,2,1,0,0,0,0,1,0,0,1,0,0,1,0,0,0,0,0,0,1,2,9,25
201300032426,13,11,28,1,2,1,1.0,6.0,0.0,7.0,0.0,0.0,2.0,1.0,1,1,4.0,2.0,2.0,0.0,0.0,38.0,1,0.0,1.0,3,1,9,0,0,0,0,9,0,0,9,0,0,6,0,3,0,1,1,0,0,2,8,20
201100037753,11,8,16,1,2,1,1.0,7.0,0.0,2.0,0.0,0.0,0.0,0.0,1,2,4.0,2.0,2.0,4.0,0.0,65.0,-1,0.0,1.0,1,3,1,0,0,0,0,1,0,0,0,0,1,0,0,1,0,0,0,0,0,3,18,50
200700069426,7,11,14,5,2,1,1.0,6.0,0.0,7.0,0.0,3.0,0.0,16.0,1,1,9.0,1.0,1.0,2.0,0.0,70.0,1,3.0,1.0,1,2,3,1,2,0,1,1,1,3,0,0,0,0,0,4,0,1,0,0,0,4,22,25
201700000731,17,8,20,3,2,1,1.0,6.0,2.0,7.0,0.0,0.0,1.0,1.0,1,1,3.0,2.0,2.0,1.0,55.0,0.0,1,0.0,1.0,1,1,3,0,0,2,0,1,0,0,3,0,0,1,0,2,0,1,0,0,0,3,5,43
200600032951,6,6,17,1,2,1,2.0,6.0,0.0,7.0,0.0,0.0,1.0,1.0,1,1,4.0,0.0,2.0,0.0,0.0,0.0,-1,0.0,0.0,1,1,1,1,0,1,0,1,0,2,0,0,0,0,0,0,2,1,0,0,0,3,9,45
201400008901,14,12,20,1,1,1,1.0,1.0,0.0,7.0,0.0,0.0,2.0,13.0,1,1,2.0,2.0,2.0,2.0,0.0,67.0,1,0.0,1.0,2,3,8,6,6,0,4,4,0,10,4,0,0,2,4,0,8,1,0,0,0,4,10,0
200500066263,5,10,12,2,2,3,3.0,6.0,0.0,10.0,0.0,0.0,1.0,16.0,1,-1,4.0,1.0,1.0,1.0,0.0,0.0,1,0.0,1.0,1,1,1,1,0,1,0,1,0,1,0,1,0,2,0,0,0,0,0,0,0,2,8,40
200600037119,6,6,25,3,1,1,3.0,7.0,0.0,7.0,0.0,0.0,0.0,0.0,1,1,1.0,3.0,2.0,1.0,20.0,50.0,1,0.0,1.0,1,2,0,1,0,0,0,1,0,0,1,0,0,1,0,0,0,0,0,0,0,2,4,40
201600048214,16,11,8,1,2,1,4.0,4.0,2.0,7.0,0.0,0.0,2.0,1.0,1,1,4.0,2.0,2.0,2.0,0.0,120.0,1,5.0,1.0,4,1,0,16,0,0,0,16,0,16,0,0,0,4,0,8,4,1,1,0,0,2,12,23
200900044053,9,9,12,1,1,1,8.0,3.0,0.0,7.0,0.0,0.0,2.0,1.0,1,1,3.0,2.0,2.0,2.0,0.0,0.0,1,0.0,1.0,2,2,2,2,0,0,0,4,0,0,4,0,0,4,0,0,0,1,0,1,0,3,10,30
201500047013,15,3,23,2,1,1,1.0,6.0,0.0,7.0,0.0,3.0,0.0,1.0,1,1,2.0,3.0,4.0,1.0,15.0,70.0,1,0.0,1.0,1,2,1,0,0,0,0,1,0,1,0,0,0,1,0,0,0,1,0,0,0,2,7,0
201000049744,10,8,23,5,2,2,1.0,3.0,0.0,30.0,0.0,0.0,2.0,1.0,1,2,3.0,2.0,2.0,1.0,0.0,88.0,1,0.0,1.0,2,2,0,4,0,0,0,4,0,0,2,2,0,0,0,4,0,1,0,0,0,2,23,40
200600038596,6,7,3,1,2,3,1.0,3.0,0.0,2.0,0.0,0.0,2.0,1.0,1,2,3.0,2.0,3.0,1.0,0.0,108.0,1,0.0,1.0,2,2,4,0,0,0,0,4,0,0,2,2,0,2,0,2,0,1,0,0,0,2,14,35
201700057295,17,5,18,1,2,1,1.0,3.0,2.0,33.0,0.0,0.0,2.0,17.0,1,2,4.0,2.0,2.0,2.0,0.0,0.0,-1,0.0,1.0,2,2,4,0,0,0,0,4,0,4,0,0,0,2,0,2,0,1,1,0,0,2,17,20
200800064639,8,11,29,5,2,2,1.0,5.0,0.0,7.0,0.0,0.0,2.0,15.0,1,-1,2.0,3.0,5.0,1.0,0.0,0.0,1,0.0,1.0,4,2,12,4,0,0,0,16,4,12,0,0,0,12,0,4,0,1,1,0,0,2,22,0
200500028388,5,5,20,5,2,3,1.0,3.0,0.0,7.0,0.0,0.0,2.0,15.0,1,-1,4.0,1.0,2.0,1.0,0.0,55.0,1,0.0,1.0,2,1,2,2,0,0,0,4,0,4,0,0,0,2,0,2,0,1,0,1,0,2,21,50
200800046231,8,8,21,3,1,1,1.0,1.0,0.0,7.0,0.0,0.0,2.0,1.0,1,1,3.0,2.0,2.0,1.0,0.0,70.0,1,0.0,1.0,2,3,4,2,0,0,2,4,0,2,4,0,0,4,0,0,2,1,0,0,0,3,1,0
200900052722,9,9,24,1,2,1,1.0,6.0,0.0,7.0,0.0,13.0,0.0,1.0,1,1,3.0,2.0,2.0,1.0,0.0,54.0,1,0.0,3.0,1,3,0,1,0,0,0,1,0,0,1,0,0,1,0,0,0,1,0,0,0,3,7,45
200500004340,5,1,19,1,2,3,1.0,3.0,0.0,7.0,0.0,8.0,0.0,15.0,1,0,3.0,2.0,2.0,1.0,0.0,86.0,1,5.0,1.0,2,1,0,4,0,0,0,4,2,0,2,0,0,0,2,0,2,1,0,0,0,3,14,35
200700078323,7,12,11,5,2,2,2.0,3.0,0.0,7.0,0.0,0.0,2.0,1.0,1,1,4.0,2.0,2.0,1.0,0.0,93.0,1,0.0,1.0,2,2,2,2,0,0,0,4,0,0,4,0,0,2,0,2,0,1,0,1,0,2,19,50
200600079810,6,12,14,1,1,1,1.0,3.0,0.0,7.0,0.0,0.0,2.0,11.0,1,1,1.0,1.0,3.0,1.0,0.0,105.0,1,1.0,1.0,2,1,4,0,0,0,0,4,0,4,0,0,0,2,0,2,0,1,0,0,0,2,9,30
200700054207,7,9,22,1,1,1,1.0,7.0,0.0,7.0,0.0,0.0,1.0,1.0,1,1,3.0,2.0,0.0,2.0,0.0,50.0,1,0.0,1.0,1,3,4,0,0,2,1,1,1,1,2,0,0,2,0,1,1,0,0,0,1,3,18,0
200500008757,5,2,4,5,2,3,1.0,6.0,0.0,5.0,0.0,0.0,1.0,21.0,1,2,4.0,2.0,4.0,1.0,0.0,120.0,1,0.0,1.0,1,2,2,0,0,1,0,1,0,0,1,1,0,1,0,0,1,1,0,0,0,2,5,45
201700024693,17,5,3,1,2,1,1.0,6.0,2.0,7.0,0.0,0.0,1.0,1.0,1,1,4.0,2.0,4.0,1.0,0.0,0.0,1,0.0,1.0,1,1,0,2,0,1,0,1,0,0,0,1,1,1,0,0,1,1,0,0,0,2,13,45
200500034426,5,6,16,1,2,3,1.0,4.0,0.0,7.0,0.0,0.0,2.0,2.0,1,1,3.0,2.0,2.0,1.0,0.0,85.0,-1,0.0,1.0,3,1,3,6,0,0,0,9,0,0,9,0,0,6,0,3,0,1,1,0,0,2,14,50
200600002052,6,1,4,1,2,1,1.0,1.0,0.0,7.0,0.0,0.0,2.0,13.0,1,-1,3.0,2.0,2.0,1.0,0.0,36.0,1,0.0,1.0,2,3,2,6,0,0,4,4,0,6,2,0,0,0,0,4,4,1,0,0,0,3,15,10
201200016324,12,7,29,1,2,3,1.0,6.0,0.0,7.0,0.0,0.0,1.0,0.0,1,1,4.0,2.0,2.0,3.0,0.0,40.0,1,0.0,1.0,1,1,0,2,0,1,0,1,0,0,2,0,0,0,0,0,2,0,0,1,0,3,10,0
200500038049,5,6,11,1,1,1,1.0,2.0,0.0,2.0,0.0,0.0,2.0,1.0,1,2,3.0,2.0,2.0,1.0,0.0,57.0,1,0.0,1.0,2,2,4,2,0,0,2,4,0,2,4,0,0,4,2,0,0,1,1,0,0,2,20,0
201600032730,16,12,11,5,2,2,1.0,3.0,1.0,30.0,0.0,0.0,2.0,1.0,1,2,4.0,2.0,2.0,1.0,0.0,80.0,1,0.0,1.0,2,2,4,0,0,0,0,4,0,0,2,2,0,0,0,4,0,1,0,1,0,2,20,15
201600054794,16,1,6,5,2,3,1.0,6.0,1.0,10.0,0.0,0.0,1.0,15.0,1,1,4.0,1.0,1.0,2.0,0.0,50.0,1,0.0,1.0,1,1,2,0,0,1,0,1,0,0,0,1,1,1,0,0,1,1,0,0,0,2,19,0
201200055428,12,9,17,1,2,2,1.0,6.0,0.0,7.0,0.0,0.0,1.0,15.0,1,1,4.0,2.0,2.0,1.0,0.0,80.0,1,5.0,1.0,1,1,1,2,0,2,0,1,0,0,3,0,0,1,1,1,0,1,0,0,0,2,16,15
200800002986,8,1,19,1,1,1,7.0,7.0,0.0,2.0,0.0,7.0,0.0,14.0,1,2,2.0,3.0,4.0,1.0,0.0,69.0,1,0.0,3.0,1,3,1,0,0,0,0,1,0,1,0,0,0,1,0,0,0,1,0,0,0,3,16,38
200800064608,8,11,9,4,1,1,4.0,6.0,0.0,7.0,0.0,3.0,0.0,1.0,1,1,3.0,3.0,2.0,2.0,0.0,440.0,1,3.0,1.0,1,1,2,2,2,0,1,1,0,4,0,0,0,1,0,3,0,0,0,0,1,2,1,45
200500025131,5,5,6,1,1,1,1.0,3.0,0.0,7.0,0.0,0.0,2.0,15.0,1,1,3.0,2.0,2.0,1.0,0.0,64.0,-1,0.0,1.0,2,2,4,2,0,0,2,4,0,2,4,0,0,2,2,2,0,1,0,1,0,4,17,15
201100005446,11,11,26,3,1,1,5.0,1.0,0.0,2.0,0.0,0.0,2.0,10.0,1,2,3.0,2.0,2.0,1.0,0.0,0.0,1,0.0,1.0,2,3,2,2,0,0,0,4,0,0,2,0,2,4,0,0,0,1,0,0,0,3,19,45
200800067017,8,11,17,1,2,1,1.0,6.0,0.0,32.0,0.0,0.0,1.0,0.0,1,-1,4.0,1.0,1.0,2.0,0.0,0.0,1,0.0,1.0,1,2,2,0,0,1,0,1,0,1,0,0,1,1,0,1,0,0,0,0,0,3,12,30
201100051092,11,8,20,2,2,1,1.0,7.0,0.0,7.0,0.0,1.0,0.0,1.0,1,1,4.0,2.0,0.0,1.0,0.0,0.0,1,0.0,1.0,1,2,0,1,0,0,0,1,0,0,1,0,0,0,0,1,0,0,0,0,1,2,20,50
201600011705,16,7,8,3,1,1,1.0,5.0,1.0,7.0,0.0,0.0,2.0,2.0,1,1,1.0,1.0,3.0,1.0,10.0,75.0,1,0.0,1.0,3,1,9,6,0,0,6,9,0,6,9,0,0,3,0,12,0,1,1,0,0,3,23,0
200800051867,8,9,4,1,1,1,2.0,6.0,0.0,7.0,0.0,4.0,2.0,1.0,1,1,1.0,0.0,2.0,1.0,0.0,120.0,1,0.0,1.0,1,2,0,1,0,0,0,1,0,0,1,0,0,0,0,0,1,0,0,0,1,2,12,2
201600026760,16,2,24,5,2,1,2.0,6.0,2.0,30.0,0.0,2.0,0.0,1.0,1,2,4.0,3.0,1.0,1.0,19.0,79.0,1,0.0,1.0,1,2,1,0,0,0,0,1,0,0,1,0,0,1,0,0,0,1,0,0,0,2,21,23
201400024397,14,7,18,5,2,1,1.0,3.0,0.0,7.0,0.0,0.0,2.0,1.0,1,-1,4.0,2.0,2.0,1.0,0.0,0.0,1,0.0,1.0,2,1,2,4,0,0,2,4,0,6,0,0,0,2,0,4,0,1,0,0,0,2,6,25
200500065420,5,10,24,1,2,1,1.0,6.0,0.0,7.0,0.0,0.0,1.0,1.0,1,-1,4.0,3.0,4.0,1.0,0.0,142.0,1,0.0,1.0,1,1,1,1,0,1,0,1,1,1,0,0,0,2,0,0,0,1,0,0,0,3,8,40
200800073221,8,12,14,5,2,1,2.0,6.0,2.0,7.0,0.0,0.0,0.0,0.0,2,-1,4.0,2.0,2.0,1.0,0.0,0.0,1,0.0,4.0,1,3,1,0,0,0,1,0,0,1,0,0,0,0,0,1,0,1,0,0,0,3,0,40
200900065668,9,12,4,1,2,1,1.0,6.0,0.0,7.0,0.0,0.0,1.0,15.0,3,-1,4.0,3.0,4.0,1.0,110.0,160.0,1,0.0,1.0,1,2,3,1,0,3,0,1,3,1,0,0,0,1,2,1,0,1,0,0,0,2,8,30
200700021033,7,4,7,5,2,1,1.0,6.0,0.0,31.0,0.0,0.0,2.0,14.0,1,2,4.0,2.0,2.0,1.0,0.0,0.0,1,0.0,1.0,1,3,1,0,0,0,0,1,1,0,0,0,0,0,0,1,0,1,0,0,0,3,21,25
201100036549,11,9,7,1,2,1,1.0,6.0,0.0,7.0,0.0,0.0,1.0,1.0,1,1,4.0,2.0,3.0,1.0,0.0,86.0,1,0.0,1.0,1,1,1,1,0,1,0,1,0,0,2,0,0,0,1,1,0,0,0,1,0,3,16,27
201000037503,10,11,15,5,2,1,1.0,6.0,0.0,7.0,0.0,0.0,1.0,1.0,1,1,4.0,1.0,0.0,1.0,0.0,0.0,1,0.0,1.0,1,1,2,0,0,1,0,1,1,0,0,0,1,1,1,0,0,1,0,0,0,2,18,15
200700062668,7,10,7,1,2,1,1.0,2.0,0.0,7.0,0.0,0.0,2.0,2.0,1,-1,4.0,1.0,2.0,1.0,0.0,48.0,1,0.0,1.0,2,1,12,0,6,0,2,4,0,8,4,0,0,0,0,10,2,1,1,0,0,2,11,40
200500043960,5,7,20,1,2,1,1.0,6.0,0.0,7.0,0.0,11.0,1.0,1.0,1,-1,4.0,1.0,2.0,1.0,0.0,45.0,1,0.0,1.0,1,1,1,1,0,1,0,1,0,1,1,0,0,2,0,0,0,1,0,0,0,2,8,15
201300017841,13,6,1,1,1,1,1.0,1.0,0.0,7.0,0.0,0.0,2.0,15.0,1,1,3.0,2.0,2.0,2.0,0.0,60.0,1,0.0,1.0,2,1,4,6,2,0,4,4,0,6,4,0,0,4,2,0,4,1,0,0,0,3,16,30
201300055361,13,7,12,3,2,2,1.0,3.0,0.0,7.0,0.0,0.0,2.0,10.0,1,-1,4.0,0.0,0.0,1.0,0.0,100.0,1,0.0,0.0,2,1,2,2,0,0,0,4,2,2,0,0,0,0,0,4,0,0,0,1,0,2,0,1
200800052722,8,9,13,5,2,1,6.0,6.0,1.0,7.0,0.0,0.0,0.0,0.0,3,-1,3.0,2.0,2.0,1.0,0.0,0.0,1,0.0,1.0,1,2,1,0,0,1,0,0,0,0,0,0,1,1,0,0,0,0,0,0,0,2,23,30
200600042133,6,7,17,1,2,1,1.0,4.0,0.0,7.0,0.0,0.0,2.0,1.0,1,1,4.0,2.0,2.0,1.0,0.0,60.0,1,0.0,1.0,3,3,6,3,0,0,0,9,3,3,0,3,0,3,0,3,3,1,1,0,0,3,14,55
200700032544,7,6,17,5,2,1,1.0,6.0,0.0,30.0,0.0,0.0,0.0,13.0,1,2,4.0,2.0,0.0,4.0,0.0,58.0,1,0.0,1.0,1,1,1,1,0,1,0,1,1,0,1,0,0,0,2,0,0,1,0,0,0,3,23,45
201500025095,15,11,17,1,2,1,1.0,6.0,0.0,7.0,0.0,0.0,1.0,1.0,1,1,4.0,2.0,2.0,1.0,0.0,0.0,1,0.0,1.0,1,1,1,1,0,1,0,1,1,1,0,0,0,1,0,1,0,1,0,0,0,2,14,27
201300052383,13,6,26,1,2,3,1.0,2.0,0.0,7.0,0.0,0.0,0.0,16.0,1,1,4.0,2.0,2.0,1.0,0.0,0.0,1,0.0,1.0,2,1,4,0,0,0,0,4,0,0,2,0,2,4,0,0,0,1,0,1,0,2,10,50
200500040977,5,7,11,1,1,1,1.0,7.0,0.0,7.0,0.0,13.0,0.0,14.0,1,-1,2.0,3.0,0.0,0.0,0.0,74.0,1,0.0,3.0,1,2,2,1,1,0,1,1,1,2,0,0,0,2,0,0,1,0,0,1,0,2,13,0
200900037876,9,3,3,5,2,7,3.0,7.0,0.0,31.0,0.0,16.0,0.0,1.0,1,2,3.0,3.0,7.0,1.0,0.0,0.0,1,5.0,1.0,2,2,4,0,0,0,0,4,0,0,0,2,2,2,0,2,0,0,0,0,0,2,20,10
201200043507,12,6,8,5,2,2,3.0,5.0,0.0,7.0,0.0,0.0,2.0,1.0,1,1,3.0,2.0,2.0,1.0,0.0,0.0,1,0.0,1.0,3,1,6,3,0,0,0,9,0,3,6,0,0,6,0,3,0,1,0,1,0,2,22,55
201300011712,13,9,28,3,1,1,1.0,2.0,0.0,15.0,0.0,0.0,2.0,2.0,1,1,1.0,3.0,3.0,1.0,30.0,135.0,1,0.0,1.0,2,1,6,0,0,0,2,4,0,0,2,4,0,6,0,0,0,1,1,0,0,3,2,45
201700057058,17,8,29,1,2,1,1.0,6.0,2.0,7.0,0.0,0.0,1.0,1.0,1,1,4.0,3.0,6.0,2.0,0.0,200.0,1,0.0,1.0,1,1,1,1,0,1,0,1,1,1,0,0,0,1,0,1,0,1,0,0,0,2,15,40
201400001959,14,1,17,1,1,1,1.0,2.0,0.0,10.0,0.0,0.0,2.0,24.0,1,1,3.0,0.0,2.0,0.0,0.0,55.0,1,0.0,1.0,2,1,2,2,0,0,0,4,0,0,2,0,2,2,2,0,0,1,1,0,0,3,12,45
200700014432,7,3,12,5,2,2,1.0,3.0,0.0,33.0,0.0,0.0,2.0,19.0,1,2,4.0,1.0,2.0,1.0,0.0,0.0,1,0.0,1.0,2,3,4,0,0,0,0,4,0,0,4,0,0,2,0,2,0,1,0,0,0,3,20,16
200600017028,6,3,9,5,2,1,1.0,6.0,0.0,7.0,0.0,0.0,1.0,1.0,1,1,2.0,2.0,0.0,1.0,0.0,0.0,1,0.0,1.0,1,1,0,2,0,1,0,1,0,2,0,0,0,0,0,2,0,1,0,0,0,3,22,35
200500014048,5,3,9,1,2,2,1.0,2.0,0.0,7.0,0.0,0.0,2.0,1.0,1,1,4.0,2.0,4.0,1.0,0.0,120.0,1,5.0,1.0,2,2,2,4,0,0,2,4,0,2,2,0,2,0,2,4,0,1,1,0,0,2,8,30
200900025101,9,3,26,5,2,1,1.0,7.0,0.0,7.0,0.0,8.0,0.0,6.0,2,1,4.0,3.0,2.0,1.0,12.0,0.0,1,0.0,1.0,1,2,2,0,0,0,1,1,0,0,2,0,0,0,0,2,0,1,0,0,0,2,2,21
201600026081,16,12,15,3,2,1,1.0,6.0,1.0,1.0,0.0,15.0,0.0,1.0,1,0,4.0,2.0,2.0,1.0,0.0,0.0,1,0.0,4.0,1,2,1,0,0,0,0,1,0,0,1,0,0,0,0,0,1,1,0,0,0,2,19,20
201000025651,10,3,23,2,2,1,1.0,7.0,0.0,2.0,0.0,3.0,0.0,1.0,1,2,4.0,2.0,2.0,1.0,0.0,0.0,1,0.0,1.0,1,2,1,0,0,0,0,1,0,0,1,0,0,0,1,0,0,1,0,0,0,2,19,45
200800027132,8,5,29,5,2,1,1.0,7.0,0.0,30.0,0.0,0.0,0.0,1.0,1,2,4.0,1.0,1.0,1.0,0.0,30.0,1,0.0,1.0,1,2,1,0,0,0,0,1,0,0,1,0,0,0,1,0,0,0,0,0,0,2,0,45
200900046459,9,10,7,1,2,2,1.0,3.0,0.0,7.0,0.0,0.0,2.0,0.0,1,1,4.0,2.0,2.0,1.0,20.0,82.0,1,0.0,1.0,2,2,2,2,0,0,0,4,2,0,0,2,0,4,0,0,0,0,0,1,0,2,14,3
200700006903,7,2,24,2,2,1,2.0,6.0,0.0,7.0,0.0,1.0,0.0,13.0,1,1,3.0,2.0,2.0,1.0,0.0,78.0,1,0.0,1.0,1,1,3,0,1,0,1,1,0,2,1,0,0,1,0,2,0,1,0,0,0,3,7,30
201200034980,12,4,4,1,1,3,1.0,3.0,0.0,31.0,0.0,0.0,2.0,21.0,1,2,3.0,2.0,2.0,2.0,0.0,92.0,1,0.0,1.0,2,2,2,2,0,0,0,4,0,0,4,0,0,2,0,2,0,0,0,1,0,2,17,40
200900005505,9,5,27,1,2,1,1.0,3.0,0.0,10.0,0.0,0.0,2.0,11.0,1,-1,4.0,2.0,2.0,1.0,0.0,136.0,1,0.0,1.0,2,1,4,0,0,0,0,4,0,2,0,2,0,2,0,2,0,1,0,0,0,2,13,20
200600042855,6,7,1,1,2,1,1.0,1.0,0.0,7.0,0.0,0.0,2.0,13.0,1,1,2.0,2.0,2.0,1.0,0.0,68.0,1,0.0,1.0,2,3,2,6,0,0,4,4,0,4,4,0,0,0,2,4,2,1,0,0,0,3,8,15
200800041038,8,7,17,1,2,2,1.0,6.0,0.0,33.0,0.0,0.0,2.0,1.0,1,-1,9.0,2.0,2.0,1.0,0.0,139.0,1,0.0,1.0,1,1,1,1,0,1,0,1,0,0,0,0,2,2,0,0,0,1,0,0,0,2,8,45
200900021559,9,5,17,1,1,1,1.0,1.0,0.0,7.0,0.0,0.0,2.0,13.0,1,1,3.0,2.0,0.0,1.0,0.0,61.0,1,5.0,1.0,2,1,4,0,0,0,0,4,0,0,4,0,0,2,0,0,2,1,0,0,0,2,19,0
201700050260,17,9,14,1,2,1,1.0,6.0,1.0,7.0,0.0,0.0,1.0,1.0,1,1,4.0,1.0,1.0,1.0,0.0,0.0,1,0.0,1.0,1,1,2,0,0,1,0,1,0,2,0,0,0,1,1,0,0,1,0,0,0,2,17,45
200600038762,6,7,9,3,1,1,1.0,6.0,0.0,7.0,0.0,11.0,0.0,1.0,1,-1,2.0,3.0,2.0,1.0,0.0,60.0,1,0.0,1.0,1,2,1,1,0,1,0,1,0,1,1,0,0,1,1,0,0,0,0,0,1,2,22,20
200600045682,6,8,9,1,1,1,1.0,6.0,0.0,7.0,0.0,8.0,0.0,1.0,1,1,3.0,2.0,0.0,2.0,0.0,0.0,1,0.0,1.0,1,2,0,1,0,0,0,1,0,0,1,0,0,0,0,1,0,1,0,0,0,2,18,30
201700035649,17,5,24,1,2,1,1.0,6.0,1.0,7.0,0.0,0.0,1.0,2.0,1,1,4.0,1.0,1.0,1.0,0.0,74.0,1,0.0,1.0,1,1,1,1,0,1,0,1,2,0,0,0,0,0,1,0,1,1,0,0,0,3,17,50
201200053861,12,2,15,1,2,2,1.0,2.0,0.0,33.0,0.0,0.0,2.0,2.0,1,2,4.0,1.0,0.0,1.0,0.0,120.0,1,0.0,1.0,2,2,4,0,0,0,0,4,0,0,0,2,2,4,0,0,0,1,1,0,0,2,13,0
201600047546,16,5,20,1,1,1,2.0,4.0,1.0,7.0,0.0,0.0,2.0,2.0,1,1,1.0,3.0,4.0,1.0,15.0,140.0,1,0.0,1.0,3,2,6,3,0,0,0,9,0,9,0,0,0,6,0,3,0,1,1,0,0,2,9,55
201600031829,16,5,27,1,1,1,2.0,4.0,1.0,7.0,0.0,0.0,2.0,2.0,1,1,3.0,2.0,2.0,1.0,0.0,0.0,1,2.0,1.0,3,1,15,0,3,0,3,9,0,15,0,0,0,9,3,0,3,0,1,0,0,2,19,15
201000010790,10,8,7,1,2,1,1.0,1.0,0.0,30.0,0.0,0.0,2.0,13.0,1,2,4.0,2.0,2.0,2.0,0.0,40.0,1,0.0,1.0,2,3,2,2,0,0,0,4,0,0,4,0,0,0,2,2,0,1,0,0,0,3,14,30