Num_Acc,an,mois,jour,lum,agg,int,atm,col,senc,catv,occutc,obs,obsm,manv,catu,secu,catr,circ,nbv,prof,lartpc,larrout,surf,infra,situ,nb_veh,grav_simpl,Homme,Femme,Arrière,Autre_x,Avant,Conducteur,Autre_y,Inconnu,Loisirs,Professionnel,Travail,Adulte,Enfant,Jeune,Senior,choc_avant,choc_arriere,choc_lateral,choc_multiple,grav_order_max,heure,minute
200600022276,6,4,28,4,2,1,1.0,6.0,0.0,7.0,0.0,0.0,1.0,0.0,1,1,4.0,1.0,1.0,0.0,0.0,48.0,1,0.0,1.0,1,1,1,1,0,1,0,1,2,0,0,0,0,1,1,0,0,1,0,0,0,3,19,20
201000033815,10,9,16,1,2,1,1.0,6.0,0.0,7.0,0.0,8.0,0.0,1.0,1,1,3.0,2.0,2.0,1.0,0.0,55.0,1,0.0,4.0,1,3,1,0,0,0,0,1,0,0,0,0,1,1,0,0,0,1,0,0,0,3,12,35
201600017402,16,11,26,3,1,1,1.0,1.0,1.0,7.0,0.0,0.0,2.0,1.0,1,-1,3.0,2.0,2.0,1.0,0.0,63.0,1,0.0,1.0,2,3,2,2,0,0,0,4,2,0,2,0,0,4,0,0,0,1,0,0,0,3,17,30
201200060150,12,7,27,1,2,1,8.0,4.0,0.0,32.0,0.0,0.0,2.0,3.0,1,2,4.0,1.0,4.0,1.0,15.0,140.0,1,1.0,1.0,5,2,15,10,0,0,0,25,0,0,10,10,5,10,0,15,0,1,1,0,0,2,14,20
200800028759,8,5,24,1,1,1,2.0,6.0,0.0,33.0,0.0,2.0,0.0,1.0,1,0,4.0,2.0,0.0,1.0,0.0,30.0,1,0.0,3.0,1,3,1,0,0,0,0,1,0,0,1,0,0,0,0,1,0,1,0,0,0,3,17,0
200700070856,7,11,21,1,2,1,1.0,6.0,0.0,7.0,0.0,0.0,0.0,2.0,3,-1,3.0,2.0,2.0,1.0,0.0,100.0,1,0.0,1.0,2,1,2,4,0,2,0,4,2,0,0,2,2,6,0,0,0,1,1,0,0,2,12,20
200500073270,5,11,3,1,2,1,1.0,1.0,0.0,2.0,0.0,0.0,0.0,1.0,1,2,4.0,1.0,1.0,2.0,5.0,57.0,-1,6.0,1.0,2,2,4,0,0,0,0,4,0,0,2,0,2,2,0,0,2,1,0,0,0,3,15,50
200800028165,8,5,27,1,2,1,2.0,4.0,0.0,16.0,0.0,0.0,0.0,1.0,1,1,2.0,2.0,2.0,0.0,0.0,73.0,1,0.0,0.0,3,1,9,6,0,0,6,9,0,6,6,3,0,9,0,0,6,0,1,1,0,3,12,15
200500019852,5,4,7,1,2,1,1.0,6.0,0.0,10.0,0.0,0.0,1.0,2.0,1,1,2.0,2.0,2.0,1.0,0.0,58.0,1,7.0,1.0,1,1,1,1,0,1,0,1,0,0,1,1,0,2,0,0,0,0,0,1,0,2,11,14
201600042505,16,2,18,2,2,1,2.0,3.0,1.0,31.0,0.0,0.0,2.0,1.0,1,2,2.0,3.0,3.0,1.0,120.0,120.0,1,5.0,1.0,2,2,4,0,0,0,0,4,0,0,0,0,4,4,0,0,0,0,0,1,0,2,17,50
201300011563,13,11,27,5,2,1,1.0,6.0,0.0,7.0,0.0,0.0,1.0,1.0,1,1,3.0,2.0,2.0,1.0,0.0,0.0,1,0.0,1.0,1,1,0,2,0,1,0,1,0,0,2,0,0,1,0,1,0,1,0,0,0,2,18,45
201200057852,12,11,29,1,2,2,1.0,3.0,0.0,10.0,0.0,1.0,0.0,1.0,1,1,4.0,1.0,1.0,1.0,0.0,50.0,1,0.0,1.0,2,2,4,0,0,0,0,4,0,0,0,4,0,2,0,2,0,1,0,1,0,2,14,30
200500046875,5,7,25,1,2,1,1.0,1.0,0.0,7.0,0.0,0.0,2.0,1.0,1,1,4.0,2.0,2.0,1.0,0.0,70.0,1,0.0,1.0,2,1,6,0,0,0,2,4,0,2,4,0,0,2,0,2,2,1,0,0,0,2,14,45
201100057652,11,10,4,1,1,1,1.0,6.0,0.0,7.0,0.0,4.0,0.0,1.0,1,1,1.0,3.0,3.0,1.0,20.0,105.0,1,0.0,1.0,1,2,0,1,0,0,0,1,1,0,0,0,0,0,0,1,0,1,0,0,0,2,12,0
200500033464,5,6,8,1,2,3,1.0,3.0,0.0,7.0,0.0,0.0,2.0,15.0,1,-1,4.0,2.0,2.0,1.0,0.0,0.0,1,0.0,1.0,2,1,2,2,0,0,0,4,0,4,0,0,0,4,0,0,0,1,0,0,0,2,8,30
200500021225,5,4,25,5,2,1,1.0,4.0,1.0,7.0,0.0,0.0,2.0,0.0,1,2,4.0,3.0,4.0,1.0,15.0,120.0,1,0.0,1.0,3,2,6,0,0,0,0,6,0,0,6,0,0,0,0,6,0,1,0,0,0,2,20,30
201100008522,11,8,9,1,1,1,1.0,3.0,0.0,7.0,0.0,0.0,2.0,1.0,1,1,3.0,3.0,2.0,1.0,0.0,63.0,1,0.0,1.0,2,3,0,4,0,0,0,4,0,0,4,0,0,0,0,4,0,1,0,1,0,3,20,15
200500024210,5,4,17,1,1,1,1.0,7.0,0.0,5.0,0.0,0.0,0.0,17.0,1,2,2.0,2.0,0.0,0.0,0.0,100.0,1,0.0,0.0,1,2,1,1,0,0,1,1,0,1,1,0,0,0,0,2,0,0,0,0,0,2,15,0
201500014430,15,6,9,1,2,3,1.0,4.0,0.0,7.0,0.0,0.0,2.0,0.0,1,1,4.0,0.0,2.0,1.0,0.0,80.0,1,0.0,0.0,3,1,3,9,0,0,3,9,3,0,0,0,9,9,0,3,0,1,0,0,0,2,11,45
201700021022,17,7,20,5,1,1,9.0,6.0,2.0,7.0,0.0,6.0,0.0,1.0,1,1,3.0,2.0,2.0,1.0,0.0,79.0,1,0.0,1.0,1,3,0,1,0,0,0,1,0,0,0,0,1,1,0,0,0,1,0,0,0,3,5,5
201200048760,12,5,18,1,1,1,1.0,3.0,0.0,17.0,0.0,0.0,2.0,11.0,1,1,1.0,3.0,3.0,1.0,15.0,105.0,1,0.0,1.0,2,1,4,0,0,0,2,2,2,0,0,2,0,4,0,0,0,0,0,1,0,2,14,32
201400025090,14,2,26,5,2,3,1.0,3.0,0.0,7.0,0.0,0.0,2.0,19.0,1,1,4.0,2.0,2.0,1.0,0.0,72.0,1,5.0,1.0,2,2,0,6,4,0,0,2,0,0,6,0,0,2,4,0,0,1,0,1,0,3,18,45
201600027470,16,2,22,1,2,2,1.0,7.0,0.0,32.0,0.0,0.0,0.0,1.0,1,2,4.0,2.0,2.0,1.0,0.0,70.0,1,0.0,1.0,1,2,1,0,0,0,0,1,0,0,0,0,1,1,0,0,0,0,0,0,0,2,9,15
201000063845,10,4,14,1,2,1,1.0,6.0,0.0,2.0,0.0,0.0,1.0,1.0,1,2,4.0,2.0,2.0,1.0,0.0,82.0,1,0.0,1.0,1,2,2,0,0,1,0,1,0,0,2,0,0,1,0,1,0,1,0,0,0,2,15,45
201000040184,10,7,26,1,2,2,1.0,3.0,0.0,33.0,0.0,0.0,2.0,1.0,1,2,4.0,1.0,1.0,1.0,0.0,55.0,1,0.0,1.0,2,2,2,2,0,0,0,4,4,0,0,0,0,0,0,4,0,1,0,0,0,2,19,50
200500053035,5,8,17,1,2,1,1.0,6.0,0.0,7.0,0.0,0.0,1.0,1.0,1,1,4.0,2.0,2.0,2.0,0.0,0.0,1,0.0,0.0,1,1,1,1,0,1,0,1,0,0,2,0,0,1,0,0,1,0,0,0,0,2,9,15
201500011167,15,11,27,1,2,2,1.0,3.0,0.0,1.0,0.0,0.0,2.0,1.0,1,-1,4.0,2.0,2.0,1.0,0.0,80.0,1,0.0,1.0,2,2,4,0,0,0,0,4,0,0,2,0,2,2,0,0,2,1,0,0,0,2,15,20
201400010952,14,3,16,1,2,6,1.0,3.0,0.0,7.0,0.0,0.0,2.0,1.0,1,1,4.0,1.0,1.0,1.0,0.0,0.0,1,0.0,1.0,2,1,2,2,0,0,0,4,0,2,0,0,2,2,0,2,0,1,0,0,0,2,19,0
200500010089,5,2,28,5,2,1,1.0,6.0,0.0,7.0,0.0,6.0,0.0,21.0,1,0,3.0,2.0,2.0,1.0,0.0,160.0,1,0.0,1.0,1,3,1,0,0,0,0,1,0,1,0,0,0,0,0,1,0,1,0,0,0,3,21,15
201500038801,15,4,2,1,2,1,2.0,7.0,0.0,7.0,0.0,0.0,1.0,1.0,1,1,4.0,2.0,2.0,1.0,0.0,60.0,1,0.0,1.0,1,1,1,1,0,1,0,1,0,0,2,0,0,1,1,0,0,0,0,1,0,2,16,20
200800036808,8,7,25,1,1,1,1.0,3.0,0.0,10.0,0.0,0.0,0.0,2.0,1,1,4.0,2.0,0.0,1.0,0.0,0.0,1,0.0,1.0,2,1,4,0,0,0,0,4,0,0,2,0,2,0,0,2,2,1,0,1,0,3,11,15
200800049957,8,9,3,1,2,3,3.0,6.0,0.0,7.0,0.0,0.0,2.0,13.0,1,1,3.0,2.0,2.0,1.0,0.0,78.0,1,0.0,1.0,2,2,2,2,0,0,0,4,0,0,2,2,0,2,0,2,0,1,0,0,0,2,14,20
200500054332,5,9,17,1,2,1,7.0,1.0,0.0,7.0,0.0,0.0,1.0,15.0,1,1,3.0,2.0,2.0,2.0,0.0,88.0,1,6.0,1.0,2,1,0,6,0,2,0,4,2,0,2,0,2,4,0,0,2,1,0,0,0,3,12,15
201000049833,10,1,20,5,2,3,2.0,3.0,0.0,7.0,0.0,0.0,2.0,2.0,1,-1,2.0,2.0,4.0,1.0,0.0,150.0,1,0.0,1.0,2,1,4,0,0,0,0,4,4,0,0,0,0,4,0,0,0,1,0,0,0,2,18,20
200900032001,9,10,11,3,1,1,1.0,6.0,0.0,7.0,0.0,15.0,0.0,1.0,2,1,4.0,2.0,0.0,1.0,0.0,45.0,1,0.0,3.0,1,4,2,0,0,0,1,1,0,1,1,0,0,0,0,0,2,1,0,0,0,4,23,0
200600041233,6,7,8,1,2,6,9.0,6.0,0.0,7.0,0.0,0.0,1.0,16.0,1,-1,3.0,2.0,2.0,1.0,0.0,0.0,-1,0.0,1.0,1,1,2,0,0,1,0,1,0,0,1,1,0,0,0,2,0,1,0,0,0,2,19,5
201400000099,14,4,20,1,1,1,1.0,6.0,0.0,30.0,0.0,0.0,1.0,1.0,1,2,4.0,2.0,0.0,2.0,0.0,56.0,1,0.0,1.0,1,1,2,0,0,1,0,1,0,0,2,0,0,0,2,0,0,1,0,0,0,3,19,45
201200051311,12,10,10,1,2,2,1.0,3.0,0.0,31.0,0.0,0.0,2.0,1.0,1,2,4.0,1.0,1.0,1.0,0.0,32.0,1,0.0,1.0,2,2,2,2,0,0,0,4,0,2,2,0,0,4,0,0,0,1,0,0,0,2,13,30
200500044266,5,7,28,1,2,1,1.0,2.0,0.0,5.0,0.0,0.0,2.0,1.0,1,2,4.0,2.0,2.0,1.0,0.0,0.0,1,0.0,1.0,2,2,2,2,0,0,0,4,0,0,2,2,0,2,0,2,0,1,1,0,0,2,9,30
201500038111,15,11,19,1,2,1,1.0,6.0,0.0,7.0,0.0,0.0,1.0,0.0,1,1,4.0,0.0,1.0,0.0,0.0,0.0,-1,0.0,4.0,1,1,2,0,0,1,0,1,0,2,0,0,0,0,0,2,0,1,0,0,0,2,15,40
200700069761,7,11,30,5,2,3,3.0,1.0,0.0,7.0,0.0,0.0,2.0,15.0,1,1,3.0,2.0,2.0,1.0,0.0,0.0,1,5.0,1.0,2,1,2,2,0,0,0,4,0,4,0,0,0,2,0,2,0,1,0,0,0,3,19,35
201500023360,15,4,27,1,2,3,1.0,3.0,0.0,30.0,0.0,0.0,0.0,21.0,1,-1,4.0,1.0,1.0,1.0,0.0,0.0,1,0.0,1.0,2,2,2,2,0,0,0,4,2,2,0,0,0,2,0,0,2,0,0,1,0,2,10,40
201200026436,12,5,21,1,2,1,2.0,1.0,0.0,7.0,0.0,0.0,2.0,13.0,1,1,4.0,2.0,2.0,1.0,0.0,47.0,1,0.0,1.0,2,1,4,4,4,0,0,4,8,0,0,0,0,2,4,0,2,1,0,0,0,2,8,40
201100007268,11,9,10,1,1,1,1.0,1.0,0.0,7.0,0.0,0.0,2.0,19.0,1,1,3.0,2.0,2.0,1.0,0.0,72.0,1,0.0,1.0,2,3,6,8,6,0,4,4,0,10,4,0,0,4,6,4,0,1,0,1,0,4,18,45
201000002610,10,9,20,1,1,1,1.0,7.0,0.0,33.0,0.0,16.0,0.0,9.0,1,2,4.0,1.0,1.0,1.0,0.0,50.0,1,0.0,1.0,1,2,1,0,0,0,0,1,0,0,0,0,1,1,0,0,0,0,0,1,0,2,9,20
201700029424,17,9,15,1,1,1,1.0,2.0,0.0,2.0,0.0,0.0,2.0,1.0,1,2,4.0,0.0,2.0,1.0,0.0,0.0,1,0.0,1.0,2,2,4,0,0,0,0,4,0,0,4,0,0,2,2,0,0,1,1,0,0,2,15,16
200900000099,9,1,9,1,2,1,1.0,6.0,0.0,32.0,0.0,1.0,0.0,14.0,1,2,4.0,1.0,1.0,1.0,0.0,100.0,0,0.0,1.0,1,2,1,0,0,0,0,1,0,0,0,0,1,1,0,0,0,0,0,1,0,2,15,12
200900066395,9,10,20,1,2,1,8.0,7.0,0.0,7.0,0.0,0.0,1.0,1.0,3,-1,4.0,0.0,2.0,1.0,0.0,0.0,1,0.0,1.0,1,2,0,2,0,1,0,1,1,0,0,0,1,0,1,1,0,0,0,1,0,2,17,35
201100008171,11,11,20,1,1,1,1.0,1.0,0.0,7.0,0.0,0.0,2.0,21.0,1,1,4.0,2.0,1.0,2.0,0.0,52.0,1,0.0,1.0,2,1,4,4,0,2,2,4,0,2,6,0,0,0,0,8,0,1,1,0,0,3,16,0
200800055971,8,10,26,3,1,1,1.0,6.0,0.0,7.0,0.0,2.0,0.0,1.0,1,1,3.0,2.0,2.0,1.0,0.0,70.0,1,0.0,3.0,1,3,1,0,0,0,0,1,0,0,1,0,0,0,0,1,0,1,0,0,0,3,0,15
200800045506,8,8,10,5,2,1,1.0,7.0,0.0,7.0,0.0,0.0,1.0,1.0,1,1,2.0,2.0,2.0,1.0,0.0,100.0,1,0.0,1.0,1,1,2,0,0,1,0,1,0,0,2,0,0,1,0,1,0,1,0,0,0,3,3,9
201600037157,16,5,31,1,2,1,2.0,6.0,0.0,7.0,0.0,0.0,1.0,1.0,1,1,4.0,2.0,2.0,4.0,0.0,0.0,1,0.0,1.0,1,1,1,1,0,1,0,1,0,0,2,0,0,1,0,0,1,1,0,0,0,3,15,25
201700021230,17,8,24,1,2,1,1.0,1.0,1.0,30.0,0.0,0.0,2.0,0.0,1,2,4.0,2.0,2.0,1.0,0.0,44.0,1,0.0,1.0,2,1,4,0,0,0,0,4,0,0,4,0,0,2,0,2,0,1,0,0,0,3,12,59
200600071816,6,11,4,1,1,1,1.0,3.0,0.0,7.0,0.0,0.0,2.0,17.0,1,1,2.0,2.0,2.0,2.0,0.0,73.0,1,0.0,1.0,2,1,6,4,2,0,4,4,0,6,4,0,0,8,2,0,0,0,1,1,0,3,13,30
200700019732,7,4,15,1,1,1,1.0,5.0,0.0,7.0,0.0,4.0,2.0,13.0,1,1,1.0,3.0,3.0,1.0,24.0,105.0,1,2.0,1.0,3,3,12,12,6,3,6,9,0,15,6,0,3,9,9,0,6,1,1,1,0,3,12,0
201100004355,11,11,24,1,1,1,7.0,6.0,0.0,7.0,0.0,2.0,0.0,1.0,1,1,4.0,2.0,2.0,2.0,0.0,35.0,1,0.0,3.0,1,3,1,0,0,0,0,1,0,0,1,0,0,0,0,0,1,1,0,0,0,3,14,45
201000042906,10,3,16,1,2,1,1.0,3.0,0.0,33.0,0.0,0.0,2.0,1.0,1,2,4.0,1.0,2.0,1.0,0.0,60.0,1,2.0,1.0,2,2,4,2,2,0,0,4,0,0,4,2,0,6,0,0,0,1,1,0,0,2,16,50
200600011261,6,3,2,1,2,1,1.0,4.0,0.0,7.0,0.0,0.0,2.0,1.0,1,1,3.0,3.0,3.0,1.0,0.0,99.0,1,0.0,1.0,3,1,9,3,0,0,3,9,0,6,3,0,3,9,0,0,3,1,1,0,0,2,16,55
201400057982,14,8,19,1,2,1,1.0,4.0,0.0,7.0,0.0,0.0,2.0,2.0,1,1,4.0,1.0,4.0,1.0,15.0,140.0,1,2.0,1.0,3,1,9,3,0,0,3,9,0,0,9,3,0,3,0,3,6,1,1,0,0,2,16,30
201400016563,14,7,5,1,1,1,1.0,6.0,0.0,33.0,0.0,3.0,0.0,1.0,1,2,3.0,2.0,4.0,1.0,0.0,70.0,1,0.0,1.0,1,2,1,0,0,0,0,1,0,1,0,0,0,0,0,1,0,0,0,1,0,2,20,0
200700008598,7,2,15,5,2,3,1.0,6.0,0.0,7.0,0.0,0.0,1.0,1.0,1,-1,4.0,2.0,3.0,1.0,0.0,88.0,1,0.0,1.0,1,1,2,0,0,1,0,1,0,2,0,0,0,1,0,1,0,1,0,0,0,3,19,10
200900022979,9,4,24,1,1,1,1.0,6.0,0.0,21.0,0.0,8.0,0.0,1.0,1,-1,4.0,2.0,1.0,1.0,0.0,30.0,1,0.0,3.0,1,3,1,0,0,0,0,1,1,0,0,0,0,0,0,0,1,0,0,0,0,3,14,15
200600080278,6,11,30,3,2,1,1.0,6.0,0.0,7.0,0.0,0.0,1.0,1.0,1,-1,3.0,2.0,2.0,1.0,20.0,98.0,1,0.0,1.0,1,1,2,0,0,1,0,1,0,0,2,0,0,0,1,0,1,1,0,0,0,3,17,40
201000004468,10,6,5,1,1,1,1.0,1.0,0.0,33.0,0.0,0.0,2.0,1.0,1,2,3.0,2.0,0.0,3.0,110.0,0.0,1,0.0,1.0,2,3,4,0,0,0,0,4,0,0,4,0,0,4,0,0,0,1,0,0,0,3,16,30
200700022992,7,4,11,1,2,3,1.0,3.0,0.0,7.0,0.0,0.0,2.0,16.0,1,1,4.0,1.0,4.0,1.0,0.0,120.0,1,0.0,1.0,2,1,2,2,0,0,0,4,4,0,0,0,0,0,0,4,0,1,0,0,0,2,12,30
201600001733,16,10,15,1,2,3,2.0,6.0,1.0,7.0,0.0,0.0,1.0,1.0,1,1,3.0,2.0,2.0,1.0,0.0,63.0,1,0.0,1.0,1,1,1,1,0,1,0,1,2,0,0,0,0,1,0,0,1,1,0,0,0,3,9,45
200700041135,7,7,21,1,1,1,1.0,7.0,0.0,7.0,0.0,2.0,0.0,1.0,1,-1,3.0,0.0,0.0,1.0,0.0,64.0,1,0.0,1.0,1,3,1,0,0,0,0,1,0,0,1,0,0,1,0,0,0,0,0,1,0,3,8,0
201600019389,16,1,30,3,1,1,2.0,6.0,1.0,30.0,0.0,16.0,0.0,1.0,1,2,3.0,2.0,2.0,0.0,0.0,0.0,1,0.0,3.0,1,3,1,0,0,0,0,1,0,0,1,0,0,1,0,0,0,1,0,0,0,3,3,15
201600016093,16,12,8,5,2,3,1.0,7.0,1.0,30.0,0.0,0.0,0.0,16.0,1,2,4.0,3.0,6.0,1.0,0.0,60.0,1,0.0,0.0,1,2,1,0,0,0,0,1,0,0,1,0,0,0,0,1,0,1,0,0,0,2,21,35
201100024511,11,7,22,1,2,1,2.0,6.0,0.0,7.0,0.0,0.0,1.0,1.0,1,-1,4.0,2.0,2.0,1.0,0.0,0.0,1,0.0,1.0,1,1,1,1,0,1,0,1,0,0,2,0,0,0,0,1,1,1,0,0,0,2,16,50
200500045672,5,7,9,1,2,2,1.0,3.0,0.0,7.0,0.0,0.0,2.0,15.0,1,1,3.0,2.0,2.0,1.0,0.0,80.0,1,0.0,1.0,2,1,4,2,0,0,2,4,0,2,4,0,0,0,4,2,0,1,0,0,0,2,16,5
201600044014,16,2,25,1,2,4,1.0,2.0,2.0,7.0,0.0,0.0,2.0,1.0,1,1,3.0,3.0,4.0,1.0,0.0,-1.0,1,0.0,1.0,2,1,4,0,0,0,0,4,0,0,0,0,4,4,0,0,0,1,1,0,0,2,9,30
201600029476,16,2,6,5,2,1,1.0,6.0,1.0,7.0,0.0,0.0,1.0,15.0,1,1,4.0,2.0,2.0,2.0,0.0,80.0,1,0.0,1.0,1,1,1,1,0,1,0,1,0,0,2,0,0,1,0,0,1,1,0,0,0,2,19,0
200800061599,8,10,21,1,2,1,8.0,3.0,0.0,38.0,0.0,0.0,2.0,13.0,1,-1,4.0,1.0,1.0,1.0,0.0,150.0,1,0.0,1.0,2,1,2,4,0,0,2,4,2,2,0,2,0,2,4,0,0,1,0,1,0,2,15,30
200500084316,5,12,21,1,1,1,2.0,2.0,0.0,10.0,0.0,0.0,2.0,2.0,1,1,1.0,1.0,4.0,1.0,10.0,140.0,1,0.0,1.0,2,1,2,2,0,0,0,4,0,0,0,2,2,4,0,0,0,1,1,0,0,2,9,5
200700069905,7,11,29,1,2,1,1.0,6.0,0.0,31.0,0.0,1.0,2.0,1.0,1,2,4.0,2.0,2.0,1.0,0.0,0.0,1,0.0,1.0,2,2,4,0,0,0,0,4,0,0,0,2,2,0,2,0,2,1,0,0,0,2,12,33
201200003308,12,2,17,1,1,1,1.0,6.0,0.0,7.0,0.0,2.0,0.0,1.0,1,1,3.0,2.0,2.0,2.0,0.0,64.0,1,0.0,3.0,1,4,0,1,0,0,0,1,1,0,0,0,0,0,0,1,0,0,0,1,0,4,12,0
201500005190,15,4,22,1,1,1,1.0,1.0,0.0,7.0,0.0,0.0,2.0,1.0,1,1,3.0,2.0,2.0,1.0,0.0,72.0,1,0.0,1.0,2,1,4,2,0,0,2,4,0,2,4,0,0,4,0,0,2,1,0,1,0,3,14,45
200500008748,5,2,3,5,2,1,1.0,2.0,0.0,7.0,0.0,0.0,2.0,1.0,1,1,4.0,1.0,1.0,1.0,0.0,30.0,1,0.0,1.0,2,1,4,0,0,0,0,4,0,0,2,2,0,4,0,0,0,1,1,0,0,2,20,10
200700050518,7,8,6,1,2,1,1.0,7.0,0.0,34.0,0.0,0.0,9.0,1.0,1,2,4.0,2.0,2.0,1.0,0.0,60.0,1,0.0,1.0,3,1,6,3,0,0,3,6,0,9,0,0,0,6,0,3,0,0,0,0,0,2,14,55
201600030613,16,8,25,5,2,2,1.0,3.0,0.0,7.0,0.0,0.0,2.0,1.0,1,1,3.0,2.0,2.0,1.0,0.0,0.0,1,0.0,1.0,2,1,6,2,0,0,4,4,0,0,8,0,0,4,0,4,0,1,1,0,0,3,23,30
201400050676,14,4,25,3,1,1,1.0,2.0,0.0,7.0,0.0,1.0,0.0,1.0,1,1,1.0,3.0,3.0,1.0,20.0,105.0,1,0.0,1.0,2,2,6,0,0,0,2,4,0,0,6,0,0,6,0,0,0,1,1,0,0,2,22,4
201300020299,13,12,3,1,2,1,1.0,6.0,0.0,7.0,0.0,0.0,1.0,1.0,1,1,4.0,2.0,2.0,1.0,0.0,0.0,1,0.0,1.0,1,1,0,2,0,1,0,1,0,1,1,0,0,1,0,0,1,1,0,0,0,2,10,30
201300050668,13,7,20,1,2,3,1.0,2.0,0.0,1.0,0.0,0.0,2.0,7.0,1,-1,4.0,2.0,4.0,1.0,0.0,160.0,1,0.0,1.0,2,2,2,2,0,0,0,4,0,4,0,0,0,2,0,2,0,1,1,0,0,2,15,30
201700012613,17,6,29,1,1,9,2.0,6.0,1.0,7.0,0.0,0.0,2.0,1.0,1,1,3.0,4.0,2.0,1.0,14.0,130.0,1,5.0,1.0,2,3,4,2,0,0,2,4,0,0,4,0,2,0,0,2,4,1,0,1,0,3,16,30
201400007408,14,12,18,3,2,1,3.0,6.0,0.0,7.0,0.0,0.0,1.0,1.0,1,1,3.0,2.0,2.0,0.0,0.0,65.0,1,6.0,1.0,1,1,2,0,0,1,0,1,1,0,0,0,1,1,0,0,1,1,0,0,0,4,7,30
201400032482,14,2,17,1,2,1,1.0,6.0,1.0,31.0,0.0,0.0,1.0,0.0,3,-1,4.0,2.0,2.0,1.0,17.0,155.0,1,0.0,1.0,1,2,0,1,0,1,0,0,0,1,0,0,0,0,0,1,0,1,0,0,0,2,17,45
201100050766,11,2,3,5,2,1,1.0,6.0,0.0,37.0,1.0,0.0,1.0,16.0,1,0,3.0,1.0,1.0,1.0,0.0,50.0,1,0.0,1.0,1,1,1,1,0,1,0,1,0,0,1,1,0,1,0,1,0,1,0,0,0,3,21,0
201000005701,10,3,20,5,1,1,1.0,3.0,0.0,7.0,0.0,0.0,2.0,1.0,1,1,2.0,2.0,2.0,3.0,0.0,72.0,1,0.0,1.0,2,1,6,0,0,0,2,4,0,2,4,0,0,2,0,4,0,1,0,1,0,2,0,30
201000040553,10,3,5,1,2,1,1.0,6.0,0.0,7.0,0.0,0.0,2.0,24.0,1,1,4.0,2.0,2.0,1.0,0.0,120.0,1,0.0,1.0,2,1,2,2,0,0,0,4,0,0,0,2,2,2,0,0,2,1,0,0,0,2,12,30
201200046015,12,3,12,1,1,1,1.0,7.0,0.0,7.0,0.0,13.0,0.0,1.0,1,1,3.0,2.0,0.0,1.0,0.0,0.0,1,0.0,3.0,1,3,0,1,0,0,0,1,0,0,1,0,0,1,0,0,0,1,0,0,0,3,9,0
200600063097,6,10,3,1,2,1,2.0,6.0,0.0,7.0,0.0,0.0,1.0,1.0,1,1,4.0,1.0,1.0,1.0,0.0,30.0,1,0.0,1.0,1,1,1,1,0,1,0,1,0,0,1,1,0,1,1,0,0,1,0,0,0,2,8,10
200900002034,9,3,29,5,2,2,1.0,6.0,0.0,7.0,0.0,11.0,0.0,15.0,2,1,4.0,1.0,2.0,1.0,3.0,410.0,1,2.0,1.0,1,2,2,2,2,0,1,1,0,0,4,0,0,0,0,4,0,1,0,0,0,2,0,50
200600074358,6,12,12,1,2,1,1.0,1.0,0.0,30.0,0.0,0.0,2.0,5.0,1,2,3.0,2.0,2.0,2.0,0.0,47.0,1,2.0,1.0,2,3,2,2,0,0,0,4,4,0,0,0,0,2,0,2,0,1,0,0,0,3,11,0
201400021884,14,9,4,1,2,1,1.0,7.0,0.0,7.0,0.0,0.0,0.0,11.0,1,-1,3.0,1.0,2.0,1.0,0.0,0.0,1,0.0,1.0,2,1,2,2,0,0,0,4,2,0,0,0,2,4,0,0,0,0,0,0,0,2,8,20
201100050973,11,1,27,1,2,1,1.0,6.0,0.0,7.0,0.0,0.0,1.0,1.0,1,-1,4.0,2.0,2.0,1.0,0.0,0.0,1,5.0,1.0,1,1,1,1,0,1,0,1,2,0,0,0,0,2,0,0,0,1,0,0,0,2,10,50
201200036083,12,9,28,1,2,1,1.0,3.0,0.0,7.0,0.0,0.0,2.0,15.0,1,-1,4.0,2.0,2.0,1.0,0.0,68.0,1,0.0,1.0,2,1,4,0,0,0,0,4,0,0,0,0,4,4,0,0,0,1,0,1,0,2,7,25
201000057416,10,9,2,1,1,1,1.0,2.0,0.0,14.0,0.0,0.0,2.0,23.0,1,1,2.0,3.0,4.0,1.0,15.0,140.0,1,0.0,1.0,2,1,6,0,0,0,2,4,0,0,4,2,0,2,0,4,0,1,1,0,0,3,11,30
200700045812,7,7,26,5,2,6,1.0,6.0,0.0,31.0,0.0,12.0,0.0,16.0,1,2,4.0,4.0,10.0,1.0,0.0,250.0,-1,0.0,1.0,1,2,1,0,0,0,0,1,0,1,0,0,0,1,0,0,0,1,0,0,0,2,3,10
200900038430,9,7,17,1,1,1,1.0,6.0,0.0,17.0,0.0,3.0,0.0,1.0,1,1,1.0,3.0,1.0,1.0,30.0,50.0,1,3.0,1.0,1,3,1,0,0,0,0,1,0,0,0,1,0,1,0,0,0,0,0,1,0,3,8,0
201200020784,12,9,7,1,2,1,1.0,6.0,0.0,7.0,0.0,0.0,1.0,4.0,1,1,4.0,2.0,2.0,1.0,0.0,0.0,1,0.0,1.0,1,1,1,1,0,1,0,1,0,2,0,0,0,1,0,0,1,0,1,0,0,2,13,7